Season,Age,Team,Pos,G,GS,QBrec,Cmp,Att,Cmp%,Yds,TD,TD%,Int,Int%,1D,Succ%,Lng,Y/A,AY/A,Y/C,Y/G,Rate,QBR,Sk,Yds_Lost,Sk%,NY/A,ANY/A,4QC,GWD,AV,Awards,Player,PlayerID,pass_target_yds,pass_tgt_yds_per_att,pass_air_yds,pass_air_yds_per_cmp,pass_air_yds_per_att,pass_yac,pass_yac_per_cmp,pass_batted_passes,pass_throwaways,pass_spikes,pass_drops,pass_drop_pct,pass_poor_throws,pass_poor_throw_pct,pass_on_target,pass_on_target_pct,pocket_time,pass_blitzed,pass_hurried,pass_hits,pass_pressured,pass_pressured_pct,rush_scrambles,rush_scrambles_yds_per_att,pass_rpo,pass_rpo_yds,pass_rpo_pass_att,pass_rpo_pass_yds,pass_rpo_rush_att,pass_rpo_rush_yds,pass_play_action,pass_play_action_pass_yds,Rush_Att,Rush_Yds,Rush_TD,Rush_1D,Rush_Succ%,Rush_Lng,Rush_Y/A,Rush_Y/G,Rush_A/G,Tgt,Rec,Rec_Yds,rec_yds_per_rec,Rec_TD,Rec_1D,rec_success,rec_long,Rec/G,Rec_Y/G,catch_pct,rec_yds_per_tgt,touches,yds_per_touch,yds_from_scrimmage,rush_receive_td,Fmb,Rush_YBC,Rush_YBC/A,Rush_YAC,Rush_YAC/A,Rush_BrkTkl,Rush_BrkTkl/A,Rec_AirYds,rec_air_yds_per_rec,Rec_YAC,rec_yac_per_rec,rec_adot,Rec_BrkTkl,Rec_Drops,rec_drop_pct,Rec_Int,rec_pass_rating,No.,offense,Off%,defense,Def%,special_teams,ST%,def_int,def_int_yds,def_int_td,def_int_long,pass_defended,FF,FR,FR_Yds,FR_TD,sacks,tackles_combined,tackles_solo,tackles_assists,tackles_loss,qb_hits,safety_md,Y/A+,NY/A+,AY/A+,ANY/A+,Cmp%+,TD%+,Int%+,Sack%+,Rate+,rec_broken_tackles_per_rec
2005,22,GNB,QB,3,0,,9,16,56.3,65,0,0.0,1,6.3,3,31.6,16.0,4.1,1.25,7.2,21.7,39.8,,3,28,15.79,1.95,-0.42,0,0,0,,Aaron Rodgers,RodgAa00,,,,,,,,,,,,,,,,,,,,,,,,,,,,,,,,,2.0,7.0,0.0,1.0,50.0,8.0,3.5,2.3,0.7,0.0,0.0,0.0,,0.0,0.0,,,0.0,0.0,,,2.0,3.5,7.0,0.0,2.0,,,,,,,,,,,,,,,,,,,,,,,,0.0,0.0,0.0,0.0,0.0,0.0,0.0,0.0,0.0,0.0,,,,,,0.0,,,,,,,,,,
2006,23,GNB,QB,2,0,,6,15,40.0,46,0,0.0,0,0.0,2,16.7,16.0,3.1,3.07,7.7,23.0,48.2,7.9,3,18,16.67,1.56,1.56,0,0,0,,Aaron Rodgers,RodgAa00,,,,,,,,,,,,,,,,,,,,,,,,,,,,,,,,,2.0,11.0,0.0,1.0,50.0,6.0,5.5,5.5,1.0,0.0,0.0,0.0,,0.0,0.0,,,0.0,0.0,,,2.0,5.5,11.0,0.0,1.0,,,,,,,,,,,,,,,,,,,,,,,,0.0,0.0,0.0,0.0,0.0,0.0,0.0,0.0,0.0,0.0,,,,,,0.0,,,,,,,,,,
2007,24,GNB,QB,2,0,,20,28,71.4,218,1,3.6,0,0.0,9,45.2,43.0,7.8,8.5,10.9,109.0,106.0,78.8,3,24,9.68,6.26,6.9,0,0,1,,Aaron Rodgers,RodgAa00,,,,,,,,,,,,,,,,,,,,,,,,,,,,,,,,,7.0,29.0,0.0,3.0,42.9,13.0,4.1,14.5,3.5,0.0,0.0,0.0,,0.0,0.0,,,0.0,0.0,,,7.0,4.1,29.0,0.0,0.0,,,,,,,,,,,,,,,,,,,,,,,,,,,,,,,,,,,,,,,,,,,,,,,,,
2008,25,GNB,QB,16,16,6-10-0,341,536,63.6,4038,28,5.2,13,2.4,184,45.8,71.0,7.5,7.49,11.8,252.4,93.8,62.9,34,231,5.96,6.68,6.64,1,2,15,,Aaron Rodgers,RodgAa00,,,,,,,,,,,,,,,,,,,,,,,,,,,,,,,,,56.0,207.0,4.0,21.0,48.2,21.0,3.7,12.9,3.5,0.0,0.0,0.0,,0.0,0.0,,,0.0,0.0,,,56.0,3.7,207.0,4.0,10.0,,,,,,,,,,,,,,,,,,,,,,,,0.0,0.0,0.0,0.0,0.0,0.0,5.0,-22.0,0.0,0.0,0.0,0.0,0.0,0.0,0.0,0.0,111.0,109.0,113.0,112.0,108.0,113.0,108.0,100.0,113.0,
2009,26,GNB,QB,16,16,11-5-0,350,541,64.7,4434,30,5.5,7,1.3,198,47.4,83.0,8.2,8.72,12.7,277.1,103.2,69.1,50,306,8.46,6.98,7.47,2,2,19,PB,Aaron Rodgers,RodgAa00,,,,,,,,,,,,,,,,,,,,,,,,,,,,,,,,,58.0,316.0,5.0,24.0,51.7,35.0,5.4,19.8,3.6,0.0,0.0,0.0,,0.0,0.0,,,0.0,0.0,,,58.0,5.4,316.0,5.0,10.0,,,,,,,,,,,,,,,,,,,,,,,,0.0,0.0,0.0,0.0,0.0,0.0,4.0,-8.0,0.0,0.0,0.0,0.0,0.0,0.0,0.0,0.0,123.0,114.0,127.0,121.0,113.0,118.0,123.0,81.0,124.0,
2010,27,GNB,QB,15,15,10-5-0,312,475,65.7,3922,28,5.9,11,2.3,183,51.4,86.0,8.3,8.39,12.6,261.5,101.2,69.6,31,193,6.13,7.37,7.5,0,1,15,AP OPoY-5,Aaron Rodgers,RodgAa00,,,,,,,,,,,,,,,,,,,,,,,,,,,,,,,,,64.0,356.0,4.0,22.0,48.4,27.0,5.6,23.7,4.3,0.0,0.0,0.0,,0.0,0.0,,,0.0,0.0,,,64.0,5.6,356.0,4.0,4.0,,,,,,,,,,,,,,,,,,,,,,,,0.0,0.0,0.0,0.0,0.0,0.0,1.0,-2.0,0.0,0.0,0.0,0.0,0.0,0.0,0.0,0.0,121.0,119.0,120.0,119.0,116.0,119.0,109.0,100.0,119.0,
2011,28,GNB,QB,15,15,14-1-0,343,502,68.3,4643,45,9.0,6,1.2,209,53.0,93.0,9.2,10.5,13.5,309.5,122.5,83.8,36,219,6.69,8.22,9.39,0,1,23,"PB,AP-1,AP MVP-1,AP OPoY-2",Aaron Rodgers,RodgAa00,,,,,,,,,,,,,,,,,,,,,,,,,,,,,,,,,60.0,257.0,3.0,18.0,38.3,25.0,4.3,17.1,4.0,0.0,0.0,0.0,,0.0,0.0,,,0.0,0.0,,,60.0,4.3,257.0,3.0,4.0,,,,,,,,,,,,,,,,,,,,,,,,0.0,0.0,0.0,0.0,0.0,0.0,2.0,0.0,0.0,0.0,0.0,0.0,0.0,0.0,0.0,0.0,144.0,139.0,150.0,147.0,127.0,153.0,127.0,96.0,149.0,
2012,29,GNB,QB,16,16,11-5-0,371,552,67.2,4295,39,7.1,8,1.4,215,49.8,73.0,7.8,8.54,11.6,268.4,108.0,71.2,51,293,8.46,6.64,7.33,2,3,16,"PB,AP-2,AP OPoY-3",Aaron Rodgers,RodgAa00,,,,,,,,,,,,,,,,,,,,,,,,,,,,,,,,,54.0,259.0,2.0,20.0,44.4,27.0,4.8,16.2,3.4,1.0,1.0,-1.0,-1.0,0.0,0.0,0.0,-1.0,0.1,-0.1,100.0,-1.0,55.0,4.7,258.0,2.0,5.0,,,,,,,,,,,,,,,,,,,,,,,,0.0,0.0,0.0,0.0,0.0,0.0,1.0,0.0,0.0,0.0,0.0,0.0,0.0,0.0,0.0,0.0,113.0,107.0,123.0,118.0,123.0,130.0,121.0,83.0,128.0,
2013,30,GNB,QB,9,9,6-3-0,193,290,66.6,2536,17,5.9,6,2.1,108,50.2,83.0,8.7,8.99,13.1,281.8,104.9,61.6,21,117,6.75,7.78,8.0,1,1,9,,Aaron Rodgers,RodgAa00,,,,,,,,,,,,,,,,,,,,,,,,,,,,,,,,,30.0,120.0,0.0,11.0,50.0,18.0,4.0,13.3,3.3,0.0,0.0,0.0,,0.0,0.0,,,0.0,0.0,,,30.0,4.0,120.0,0.0,4.0,,,,,,,,,,,,,,,,,12.0,582.0,92%,0.0,0%,0.0,0%,0.0,0.0,0.0,0.0,0.0,0.0,1.0,-6.0,0.0,0.0,0.0,0.0,0.0,,,0.0,138.0,132.0,130.0,127.0,119.0,117.0,110.0,97.0,124.0,
2014,31,GNB,QB,16,16,12-4-0,341,520,65.6,4381,38,7.3,5,1.0,221,52.4,80.0,8.4,9.45,12.8,273.8,112.2,77.8,28,174,5.11,7.68,8.65,1,1,22,"PB,AP-1,AP MVP-1,AP OPoY-2",Aaron Rodgers,RodgAa00,,,,,,,,,,,,,,,,,,,,,,,,,,,,,,,,,43.0,269.0,2.0,22.0,58.1,19.0,6.3,16.8,2.7,0.0,0.0,0.0,,0.0,0.0,,,0.0,0.0,,,43.0,6.3,269.0,2.0,10.0,,,,,,,,,,,,,,,,,,,,,,,,0.0,0.0,0.0,0.0,0.0,0.0,5.0,-16.0,0.0,0.0,0.0,0.0,0.0,0.0,0.0,0.0,129.0,129.0,135.0,135.0,113.0,132.0,127.0,110.0,132.0,
2015,32,GNB,QB,16,16,10-6-0,347,572,60.7,3821,31,5.4,8,1.4,177,43.0,65.0,6.7,7.13,11.0,238.8,92.7,60.0,46,314,7.44,5.67,6.1,2,2,14,PB,Aaron Rodgers,RodgAa00,,,,,,,,,,,,,,,,,,,,,,,,,,,,,,,,,58.0,344.0,1.0,20.0,48.3,18.0,5.9,21.5,3.6,0.0,0.0,0.0,,0.0,0.0,,,0.0,0.0,,,58.0,5.9,344.0,1.0,8.0,,,,,,,,,,,,,,,,,,,,,,,,0.0,0.0,0.0,0.0,0.0,0.0,3.0,0.0,0.0,0.0,0.0,0.0,0.0,0.0,0.0,0.0,87.0,84.0,102.0,98.0,91.0,112.0,118.0,89.0,105.0,
2016,33,GNB,QB,16,16,10-6-0,401,610,65.7,4428,40,6.6,7,1.1,226,49.6,66.0,7.3,8.05,11.0,276.8,104.2,72.4,35,246,5.43,6.48,7.24,0,2,18,"PB,AP MVP-5,AP OPoY-2",Aaron Rodgers,RodgAa00,,,,,,,,,,,,,,,,,,,,,,,,,,,,,,,,,67.0,369.0,4.0,26.0,49.3,23.0,5.5,23.1,4.2,0.0,0.0,0.0,,0.0,0.0,,,0.0,0.0,,,67.0,5.5,369.0,4.0,8.0,,,,,,,,,,,,,,,,,,,,,,,,0.0,0.0,0.0,0.0,0.0,0.0,1.0,-3.0,0.0,0.0,0.0,0.0,0.0,0.0,0.0,0.0,103.0,104.0,116.0,116.0,112.0,126.0,122.0,105.0,122.0,
2017,34,GNB,QB,7,7,4-3-0,154,238,64.7,1675,16,6.7,6,2.5,86,47.7,72.0,7.0,7.25,10.9,239.3,97.2,66.6,22,168,8.46,5.8,5.99,2,2,6,,Aaron Rodgers,RodgAa00,,,,,,,,,,,,,,,,,,,,,,,,,,,,,,,,,24.0,126.0,0.0,10.0,58.3,18.0,5.3,18.0,3.4,0.0,0.0,0.0,,0.0,0.0,,,0.0,0.0,,,24.0,5.3,126.0,0.0,1.0,,,,,,,,,,,,,,,,,12.0,417.0,87%,0.0,0%,0.0,0%,0.0,0.0,0.0,0.0,0.0,0.0,1.0,0.0,0.0,0.0,0.0,0.0,0.0,0.0,0.0,0.0,97.0,90.0,103.0,98.0,105.0,126.0,97.0,84.0,110.0,
2018,35,GNB,QB,16,16,6-9-1,372,597,62.3,4442,25,4.2,2,0.3,200,45.8,75.0,7.4,8.13,11.9,277.6,97.6,58.0,49,353,7.59,6.33,6.96,3,3,13,PB,Aaron Rodgers,RodgAa00,5237.0,8.8,2308.0,6.2,3.9,2134.0,5.7,0.0,48.0,2.0,27.0,4.9,106.0,19.4,,,2.5,153.0,90.0,38.0,177.0,26.0,34.0,8.3,,,,,,,,,43.0,269.0,2.0,20.0,69.8,23.0,6.3,16.8,2.7,0.0,0.0,0.0,,0.0,0.0,,,0.0,0.0,,,43.0,6.3,269.0,2.0,6.0,256.0,6.0,13.0,0.3,1.0,43.0,0.0,,0.0,,,0.0,0.0,,0.0,,,,,,,,,0.0,0.0,0.0,0.0,0.0,0.0,1.0,0.0,0.0,0.0,0.0,0.0,0.0,0.0,0.0,0.0,105.0,101.0,115.0,111.0,95.0,97.0,134.0,93.0,110.0,
2019,36,GNB,QB,16,16,13-3-0,353,569,62.0,4002,26,4.6,4,0.7,189,44.0,74.0,7.0,7.63,11.3,250.1,95.4,52.5,36,284,5.95,6.15,6.71,2,3,14,PB,Aaron Rodgers,RodgAa00,5005.0,8.8,1993.0,5.6,3.5,2009.0,5.7,3.0,31.0,1.0,24.0,4.5,114.0,21.2,401.0,74.7,2.6,154.0,57.0,45.0,138.0,21.9,26.0,7.8,32.0,107.0,30.0,107.0,0.0,0.0,124.0,966.0,46.0,183.0,1.0,9.0,34.8,17.0,4.0,11.4,2.9,0.0,0.0,0.0,,0.0,0.0,,,0.0,0.0,,,46.0,4.0,183.0,1.0,4.0,155.0,3.4,28.0,0.6,0.0,,0.0,,0.0,,,0.0,0.0,,0.0,,,,,,,,,0.0,0.0,0.0,0.0,0.0,0.0,0.0,-5.0,0.0,0.0,0.0,0.0,0.0,0.0,0.0,0.0,95.0,96.0,106.0,105.0,90.0,99.0,127.0,104.0,104.0,
2020,37,GNB,QB,16,16,13-3-0,372,526,70.7,4299,48,9.1,5,1.0,216,55.3,78.0,8.2,9.57,11.6,268.7,121.5,79.8,20,182,3.66,7.54,8.89,1,2,18,"PB,AP-1,AP MVP-1,AP OPoY-2",Aaron Rodgers,RodgAa00,4135.0,7.9,2051.0,5.5,3.9,2248.0,6.0,3.0,23.0,3.0,27.0,5.4,69.0,13.8,406.0,81.2,2.5,168.0,33.0,28.0,81.0,14.2,24.0,6.2,42.0,335.0,39.0,323.0,3.0,12.0,145.0,1210.0,38.0,149.0,3.0,15.0,55.3,14.0,3.9,9.3,2.4,1.0,1.0,-6.0,-6.0,0.0,0.0,0.0,-6.0,0.1,-0.4,100.0,-6.0,39.0,3.7,143.0,3.0,4.0,143.0,3.8,6.0,0.2,0.0,,-4.0,-4.0,-2.0,-2.0,-4.0,0.0,0.0,0.0,0.0,79.2,,,,,,,,0.0,0.0,0.0,0.0,0.0,0.0,1.0,-13.0,0.0,0.0,0.0,0.0,0.0,0.0,0.0,0.0,120.0,124.0,134.0,135.0,127.0,146.0,126.0,121.0,140.0,
2021,38,GNB,QB,16,16,13-3-0,366,531,68.9,4115,37,7.0,4,0.8,221,50.6,75.0,7.7,8.8,11.2,257.2,111.9,74.1,30,188,5.35,7.0,8.0,1,2,15,"PB,AP-1,AP MVP-1,AP OPoY-4",Aaron Rodgers,RodgAa00,4099.0,7.7,1947.0,5.3,3.7,2168.0,5.9,8.0,18.0,3.0,13.0,2.5,93.0,18.2,394.0,77.3,2.3,135.0,59.0,40.0,129.0,22.3,17.0,6.5,30.0,200.0,30.0,200.0,0.0,0.0,107.0,798.0,33.0,101.0,3.0,10.0,36.4,18.0,3.1,6.3,2.1,1.0,1.0,-4.0,-4.0,0.0,0.0,0.0,-4.0,0.1,-0.3,100.0,-4.0,34.0,2.9,97.0,3.0,3.0,84.0,2.5,17.0,0.5,0.0,,-4.0,-4.0,0.0,0.0,-4.0,0.0,0.0,0.0,0.0,79.2,,,,,,,,0.0,0.0,0.0,0.0,0.0,0.0,2.0,-2.0,0.0,0.0,0.0,0.0,0.0,0.0,0.0,0.0,113.0,114.0,124.0,123.0,117.0,124.0,130.0,106.0,128.0,
2022,39,GNB,QB,17,17,8-9-0,350,542,64.6,3695,26,4.8,12,2.2,177,45.1,58.0,6.8,6.78,10.6,217.4,91.1,41.3,32,258,5.57,5.99,5.95,3,4,13,,Aaron Rodgers,RodgAa00,4342.0,8.0,1816.0,5.2,3.4,1879.0,5.4,8.0,25.0,2.0,40.0,7.8,76.0,14.8,415.0,80.6,2.4,136.0,37.0,39.0,108.0,18.4,13.0,7.8,62.0,417.0,58.0,413.0,1.0,4.0,136.0,994.0,34.0,94.0,1.0,9.0,32.4,18.0,2.8,5.5,2.0,0.0,0.0,0.0,,0.0,0.0,,,0.0,0.0,,,34.0,2.8,94.0,1.0,8.0,82.0,2.4,12.0,0.4,0.0,,0.0,,0.0,,,0.0,0.0,,0.0,,12.0,1068.0,98%,0.0,0%,0.0,0%,0.0,0.0,0.0,0.0,0.0,0.0,0.0,11.0,0.0,0.0,0.0,0.0,0.0,0.0,0.0,0.0,94.0,96.0,98.0,99.0,100.0,106.0,102.0,106.0,102.0,
2023,40,NYJ,QB,1,1,1-0-0,0,1,0.0,0,0,0.0,0,0.0,0,,,0.0,0.0,,0.0,39.6,2.6,1,10,50.0,-5.0,-5.0,0,0,0,,Aaron Rodgers,RodgAa00,17.0,17.0,0.0,,0.0,0.0,,0.0,1.0,0.0,0.0,,0.0,,0.0,,3.2,0.0,1.0,1.0,3.0,150.0,0.0,,0.0,0.0,0.0,0.0,0.0,0.0,0.0,0.0,,,,,,,,,,,,,,,,,,,,,,,,,,,,,,,,,,,,,,,,,,,8.0,4.0,7%,0.0,0%,0.0,0%,,,,,,,,,,,,,,,,,,,,,,,,,,
2024,41,NYJ,QB,17,17,5-12-0,368,584,63.0,3897,28,4.8,11,1.9,192,43.9,71.0,6.7,6.78,10.6,229.2,90.5,44.7,40,302,6.41,5.76,5.87,2,3,12,AP CPoY-7,Aaron Rodgers,RodgAa00,3996.0,6.8,1778.0,4.8,3.0,2119.0,5.8,13.0,16.0,0.0,39.0,6.9,98.0,17.3,429.0,75.5,2.3,141.0,35.0,52.0,127.0,19.8,16.0,6.4,7.0,20.0,7.0,20.0,0.0,0.0,1.0,12.0,22.0,107.0,0.0,7.0,40.9,18.0,4.9,6.3,1.3,0.0,0.0,0.0,,0.0,0.0,,,0.0,0.0,,,22.0,4.9,107.0,0.0,5.0,102.0,4.6,5.0,0.2,1.0,22.0,0.0,,0.0,,,0.0,0.0,,0.0,,8.0,1030.0,97%,0.0,0%,0.0,0%,0.0,0.0,0.0,0.0,0.0,0.0,3.0,0.0,0.0,0.0,0.0,0.0,0.0,0.0,0.0,0.0,92.0,93.0,98.0,98.0,93.0,106.0,107.0,104.0,100.0,
2025,42,PIT,QB,16,16,10-6-0,327,498,65.7,3322,24,4.8,7,1.4,143,42.9,80.0,6.7,7.0,10.2,207.6,94.8,44.4,29,180,5.5,5.96,6.28,2,3,12,,Aaron Rodgers,RodgAa00,2990.0,6.0,1203.0,3.7,2.4,2119.0,6.5,8.0,21.0,2.0,17.0,3.6,82.0,17.3,351.0,73.9,2.2,97.0,27.0,28.0,84.0,15.6,12.0,5.7,52.0,393.0,51.0,393.0,0.0,0.0,93.0,517.0,21.0,61.0,1.0,4.0,28.6,20.0,2.9,3.8,1.3,1.0,1.0,-9.0,-9.0,0.0,0.0,0.0,-9.0,0.1,-0.6,100.0,-9.0,22.0,2.4,52.0,1.0,4.0,58.0,2.8,3.0,0.1,0.0,,-9.0,-9.0,0.0,0.0,-9.0,0.0,0.0,0.0,0.0,79.2,8.0,918.0,96%,0.0,0%,0.0,0%,0.0,0.0,0.0,0.0,0.0,0.0,2.0,0.0,0.0,0.0,0.0,0.0,0.0,0.0,0.0,0.0,91.0,96.0,100.0,103.0,103.0,103.0,113.0,109.0,105.0,
2011,24,CIN,QB,16,16,9-7-0,300,516,58.1,3398,20,3.9,13,2.5,151,39.4,84.0,6.6,6.23,11.3,212.4,80.4,49.5,24,160,4.44,6.0,5.65,4,4,11,"PB,AP ORoY-2",Andy Dalton,DaltAn00,,,,,,,,,,,,,,,,,,,,,,,,,,,,,,,,,37.0,152.0,1.0,8.0,29.7,17.0,4.1,9.5,2.3,1.0,0.0,0.0,,0.0,0.0,0.0,,0.0,0.0,0.0,0.0,37.0,4.1,152.0,1.0,4.0,,,,,,,,,,,,,,,,,,,,,,,,0.0,0.0,0.0,0.0,0.0,0.0,0.0,0.0,0.0,0.0,0.0,0.0,0.0,0.0,0.0,0.0,90.0,95.0,94.0,97.0,91.0,95.0,105.0,114.0,94.0,
2012,25,CIN,QB,16,16,10-6-0,329,528,62.3,3669,27,5.1,16,3.0,172,44.9,59.0,6.9,6.61,11.2,229.3,87.4,47.7,46,229,8.01,5.99,5.68,1,3,12,,Andy Dalton,DaltAn00,,,,,,,,,,,,,,,,,,,,,,,,,,,,,,,,,47.0,120.0,4.0,14.0,38.3,17.0,2.6,7.5,2.9,0.0,0.0,0.0,,0.0,0.0,,,0.0,0.0,,,47.0,2.6,120.0,4.0,4.0,,,,,,,,,,,,,,,,,14.0,1027.0,97%,0.0,0%,0.0,0%,0.0,0.0,0.0,0.0,0.0,0.0,0.0,0.0,0.0,0.0,0.0,0.0,0.0,,,0.0,96.0,95.0,98.0,97.0,105.0,109.0,96.0,87.0,103.0,
2013,26,CIN,QB,16,16,11-5-0,363,586,61.9,4293,33,5.6,20,3.4,206,45.7,82.0,7.3,6.92,11.8,268.3,88.8,54.8,29,182,4.72,6.68,6.29,1,3,14,,Andy Dalton,DaltAn00,,,,,,,,,,,,,,,,,,,,,,,,,,,,,,,,,61.0,183.0,2.0,15.0,39.3,12.0,3.0,11.4,3.8,0.0,0.0,0.0,,0.0,0.0,,,0.0,0.0,,,61.0,3.0,183.0,2.0,4.0,,,,,,,,,,,,,,,,,14.0,1117.0,99%,0.0,0%,2.0,0%,0.0,0.0,0.0,0.0,0.0,0.0,0.0,-14.0,0.0,0.0,0.0,0.0,0.0,0.0,0.0,0.0,105.0,109.0,101.0,104.0,101.0,114.0,86.0,113.0,103.0,
2014,27,CIN,QB,16,16,10-5-1,309,481,64.2,3398,19,4.0,17,3.5,160,45.8,81.0,7.1,6.26,11.0,212.4,83.5,49.0,21,124,4.18,6.52,5.75,4,3,11,PB,Andy Dalton,DaltAn00,,,,,,,,,,,,,,,,,,,,,,,,,,,,,,,,,60.0,169.0,4.0,21.0,46.7,20.0,2.8,10.6,3.8,1.0,1.0,18.0,18.0,1.0,1.0,100.0,18.0,0.1,1.1,100.0,18.0,61.0,3.1,187.0,5.0,3.0,,,,,,,,,,,,,,,,,,,,,,,,0.0,0.0,0.0,0.0,0.0,0.0,1.0,-5.0,0.0,0.0,0.0,0.0,0.0,0.0,0.0,0.0,97.0,104.0,91.0,95.0,108.0,94.0,83.0,117.0,93.0,
2015,28,CIN,QB,13,13,10-3-0,255,386,66.1,3250,25,6.5,7,1.8,148,51.2,80.0,8.4,8.9,12.7,250.0,106.2,72.5,20,118,4.93,7.71,8.17,3,3,13,,Andy Dalton,DaltAn00,,,,,,,,,,,,,,,,,,,,,,,,,,,,,,,,,57.0,142.0,3.0,15.0,36.8,12.0,2.5,10.9,4.4,0.0,0.0,0.0,,0.0,0.0,,,0.0,0.0,,,57.0,2.5,142.0,3.0,5.0,,,,,,,,,,,,,,,,,14.0,797.0,93%,0.0,0%,0.0,0%,0.0,0.0,0.0,0.0,0.0,0.0,3.0,-34.0,0.0,0.0,0.0,0.0,0.0,0.0,0.0,0.0,129.0,131.0,128.0,130.0,113.0,125.0,110.0,109.0,125.0,
2016,29,CIN,QB,16,16,6-9-1,364,563,64.7,4206,18,3.2,8,1.4,206,47.8,86.0,7.5,7.47,11.6,262.9,91.8,52.3,41,264,6.79,6.53,6.53,2,1,12,PB,Andy Dalton,DaltAn00,,,,,,,,,,,,,,,,,,,,,,,,,,,,,,,,,46.0,184.0,4.0,17.0,52.2,15.0,4.0,11.5,2.9,0.0,0.0,0.0,,0.0,0.0,,,0.0,0.0,,,46.0,4.0,184.0,4.0,9.0,,,,,,,,,,,,,,,,,,,,,,,,0.0,0.0,0.0,0.0,0.0,0.0,2.0,-17.0,0.0,0.0,0.0,0.0,0.0,0.0,0.0,0.0,107.0,105.0,107.0,106.0,108.0,86.0,117.0,94.0,104.0,
2017,30,CIN,QB,16,16,7-9-0,297,496,59.9,3320,25,5.0,12,2.4,163,40.9,77.0,6.7,6.61,11.2,207.5,86.6,44.6,39,255,7.29,5.73,5.65,3,3,11,,Andy Dalton,DaltAn00,,,,,,,,,,,,,,,,,,,,,,,,,,,,,,,,,38.0,99.0,0.0,10.0,26.3,25.0,2.6,6.2,2.4,0.0,0.0,0.0,,0.0,0.0,,,0.0,0.0,,,38.0,2.6,99.0,0.0,4.0,,,,,,,,,,,,,,,,,14.0,936.0,97%,0.0,0%,0.0,0%,0.0,0.0,0.0,0.0,0.0,0.0,1.0,-4.0,0.0,0.0,0.0,0.0,0.0,0.0,0.0,0.0,90.0,89.0,95.0,93.0,87.0,107.0,99.0,93.0,96.0,
2018,31,CIN,QB,11,11,5-6-0,226,365,61.9,2566,21,5.8,11,3.0,132,48.4,49.0,7.0,6.82,11.4,233.3,89.6,59.4,21,157,5.44,6.24,6.05,3,4,9,,Andy Dalton,DaltAn00,2947.0,8.1,1424.0,6.3,3.9,1142.0,5.1,0.0,9.0,3.0,18.0,5.1,55.0,15.6,,,2.3,100.0,54.0,15.0,90.0,22.6,12.0,8.3,,,,,,,,,16.0,99.0,0.0,4.0,37.5,21.0,6.2,9.0,1.5,0.0,0.0,0.0,,0.0,0.0,,,0.0,0.0,,,16.0,6.2,99.0,0.0,1.0,63.0,3.9,36.0,2.3,1.0,16.0,0.0,,0.0,,,0.0,0.0,,0.0,,14.0,627.0,91%,0.0,0%,0.0,0%,0.0,0.0,0.0,0.0,0.0,0.0,1.0,0.0,0.0,0.0,0.0,0.0,0.0,0.0,0.0,0.0,97.0,99.0,97.0,99.0,94.0,114.0,89.0,109.0,99.0,
2019,32,CIN,QB,13,13,2-11-0,314,528,59.5,3494,16,3.0,14,2.7,170,42.7,66.0,6.6,6.03,11.1,268.8,78.3,42.1,37,249,6.55,5.74,5.19,0,0,7,,Andy Dalton,DaltAn00,3991.0,7.6,1843.0,5.9,3.5,1651.0,5.3,14.0,17.0,7.0,27.0,5.4,92.0,18.3,362.0,71.8,2.3,188.0,36.0,24.0,97.0,16.9,10.0,6.0,38.0,206.0,33.0,198.0,5.0,8.0,103.0,692.0,32.0,73.0,4.0,12.0,43.8,17.0,2.3,5.6,2.5,1.0,1.0,-4.0,-4.0,0.0,0.0,0.0,-4.0,0.1,-0.3,100.0,-4.0,33.0,2.1,69.0,4.0,8.0,41.0,1.3,32.0,1.0,1.0,32.0,-8.0,-8.0,4.0,4.0,-8.0,0.0,0.0,0.0,0.0,79.2,14.0,908.0,100%,0.0,0%,0.0,0%,0.0,0.0,0.0,0.0,0.0,0.0,2.0,-8.0,0.0,0.0,0.0,0.0,0.0,0.0,0.0,0.0,87.0,88.0,85.0,86.0,80.0,84.0,93.0,99.0,81.0,
2020,33,DAL,QB,11,9,4-5-0,216,333,64.9,2170,14,4.2,8,2.4,116,48.2,69.0,6.5,6.28,10.0,197.3,87.3,46.1,24,184,6.72,5.56,5.34,2,3,5,,Andy Dalton,DaltAn00,2278.0,6.8,1127.0,5.2,3.4,1043.0,4.8,5.0,14.0,0.0,21.0,6.6,48.0,15.0,250.0,78.4,2.3,119.0,15.0,25.0,64.0,17.2,15.0,5.7,21.0,177.0,17.0,154.0,3.0,23.0,61.0,414.0,28.0,114.0,0.0,11.0,50.0,13.0,4.1,10.4,2.5,1.0,1.0,-3.0,-3.0,0.0,0.0,0.0,-3.0,0.1,-0.3,100.0,-3.0,29.0,3.8,111.0,0.0,2.0,101.0,3.6,13.0,0.5,0.0,,-7.0,-7.0,4.0,4.0,-7.0,0.0,0.0,0.0,0.0,79.2,14.0,621.0,82%,0.0,0%,0.0,0%,0.0,0.0,0.0,0.0,0.0,0.0,0.0,-2.0,0.0,0.0,0.0,0.0,0.0,0.0,0.0,0.0,86.0,85.0,89.0,89.0,101.0,96.0,97.0,96.0,94.0,
2021,34,CHI,QB,8,6,3-3-0,149,236,63.1,1515,8,3.4,9,3.8,83,42.9,60.0,6.4,5.38,10.2,189.4,76.9,39.2,18,143,7.09,5.4,4.44,1,1,3,,Andy Dalton,DaltAn00,1620.0,6.9,763.0,5.1,3.2,752.0,5.0,7.0,8.0,1.0,9.0,4.0,39.0,17.2,162.0,71.4,2.3,92.0,23.0,13.0,54.0,20.3,12.0,6.8,14.0,141.0,12.0,138.0,1.0,3.0,30.0,174.0,16.0,76.0,0.0,2.0,50.0,14.0,4.8,9.5,2.0,0.0,0.0,0.0,,0.0,0.0,,,0.0,0.0,,,16.0,4.8,76.0,0.0,1.0,72.0,4.5,4.0,0.3,0.0,,0.0,,0.0,,,0.0,0.0,,0.0,,14.0,412.0,75%,0.0,0%,0.0,0%,0.0,0.0,0.0,0.0,0.0,0.0,2.0,0.0,0.0,0.0,2.0,1.0,1.0,0.0,0.0,0.0,85.0,83.0,78.0,78.0,92.0,89.0,69.0,94.0,80.0,
2022,35,NOR,QB,14,14,6-8-0,252,378,66.7,2871,18,4.8,9,2.4,135,48.9,64.0,7.6,7.48,11.4,205.1,95.2,53.1,25,189,6.2,6.66,6.54,1,1,8,,Andy Dalton,DaltAn00,2973.0,7.9,1543.0,6.1,4.1,1328.0,5.3,10.0,14.0,0.0,25.0,6.9,45.0,12.4,284.0,78.0,2.3,99.0,15.0,21.0,61.0,14.7,11.0,4.8,9.0,63.0,8.0,60.0,1.0,3.0,61.0,611.0,30.0,54.0,0.0,6.0,33.3,14.0,1.8,3.9,2.1,0.0,0.0,0.0,,0.0,0.0,,,0.0,0.0,,,30.0,1.8,54.0,0.0,5.0,45.0,1.5,9.0,0.3,0.0,,0.0,,0.0,,,0.0,0.0,,0.0,,14.0,736.0,86%,0.0,0%,0.0,0%,0.0,0.0,0.0,0.0,0.0,0.0,4.0,1.0,0.0,0.0,1.0,0.0,1.0,0.0,0.0,0.0,113.0,110.0,109.0,108.0,110.0,105.0,98.0,102.0,108.0,
2023,36,CAR,QB,3,1,0-1-0,34,58,58.6,361,2,3.4,0,0.0,17,42.6,47.0,6.2,6.91,10.6,120.3,88.4,49.2,3,27,4.92,5.48,6.13,0,0,1,,Andy Dalton,DaltAn00,478.0,8.2,233.0,6.9,4.0,128.0,3.8,2.0,1.0,0.0,5.0,8.8,11.0,19.3,39.0,68.4,2.2,14.0,2.0,5.0,10.0,16.1,1.0,10.0,2.0,16.0,1.0,15.0,1.0,1.0,3.0,15.0,3.0,12.0,0.0,2.0,66.7,10.0,4.0,4.0,1.0,0.0,0.0,0.0,,0.0,0.0,,,0.0,0.0,,,3.0,4.0,12.0,0.0,0.0,11.0,3.7,1.0,0.3,0.0,,0.0,,0.0,,,0.0,0.0,,0.0,,14.0,81.0,39%,0.0,0%,0.0,0%,,,,,,,,,,,,,,,,,82.0,88.0,102.0,104.0,72.0,91.0,152.0,114.0,99.0,
2024,37,CAR,QB,6,5,1-4-0,106,160,66.3,989,7,4.4,6,3.8,50,40.7,39.0,6.2,5.37,9.3,164.8,82.0,52.0,7,37,4.19,5.7,4.92,0,0,1,,Andy Dalton,DaltAn00,1068.0,6.7,530.0,5.0,3.3,459.0,4.3,5.0,3.0,0.0,9.0,5.7,21.0,13.4,117.0,74.5,2.2,56.0,10.0,11.0,28.0,16.2,6.0,6.0,0.0,0.0,0.0,0.0,0.0,0.0,0.0,0.0,11.0,34.0,0.0,2.0,36.4,18.0,3.1,5.7,1.8,0.0,0.0,0.0,,0.0,0.0,,,0.0,0.0,,,11.0,3.1,34.0,0.0,2.0,15.0,1.4,19.0,1.7,1.0,11.0,0.0,,0.0,,,0.0,0.0,,0.0,,14.0,306.0,82%,0.0,0%,0.0,0%,0.0,0.0,0.0,0.0,0.0,0.0,2.0,0.0,0.0,0.0,0.0,0.0,0.0,0.0,0.0,0.0,82.0,92.0,78.0,85.0,105.0,101.0,71.0,120.0,87.0,
2025,38,CAR,QB,4,1,0-1-0,25,37,67.6,293,1,2.7,1,2.7,17,46.7,33.0,7.9,7.24,11.7,73.3,89.1,13.1,8,54,17.78,5.31,4.76,0,0,1,,Andy Dalton,DaltAn00,347.0,9.4,203.0,8.1,5.5,90.0,3.6,0.0,1.0,0.0,3.0,8.3,5.0,13.9,29.0,80.6,2.4,11.0,1.0,2.0,11.0,23.9,1.0,1.0,3.0,17.0,2.0,17.0,0.0,0.0,4.0,23.0,5.0,-2.0,0.0,0.0,0.0,1.0,-0.4,-0.5,1.3,0.0,0.0,0.0,,0.0,0.0,,,0.0,0.0,,,5.0,-0.4,-2.0,0.0,2.0,-2.0,-0.4,0.0,0.0,0.0,,0.0,,0.0,,,0.0,0.0,,0.0,,14.0,97.0,38%,0.0,0%,0.0,0%,0.0,0.0,0.0,0.0,0.0,0.0,1.0,0.0,0.0,0.0,0.0,0.0,0.0,0.0,0.0,0.0,,,,,,,,,,
2011,22,JAX,QB,15,14,4-10-0,210,413,50.8,2214,12,2.9,11,2.7,111,32.2,74.0,5.4,4.74,10.5,147.6,65.4,22.2,40,293,8.83,4.24,3.68,0,0,4,,Blaine Gabbert,GabbBl00,,,,,,,,,,,,,,,,,,,,,,,,,,,,,,,,,48.0,98.0,0.0,8.0,29.2,12.0,2.0,6.5,3.2,0.0,0.0,0.0,,0.0,0.0,,,0.0,0.0,,,48.0,2.0,98.0,0.0,14.0,,,,,,,,,,,,,,,,,,,,,,,,0.0,0.0,0.0,0.0,0.0,0.0,3.0,-39.0,0.0,0.0,0.0,0.0,0.0,0.0,0.0,0.0,65.0,61.0,75.0,71.0,66.0,84.0,103.0,79.0,75.0,
2012,23,JAX,QB,10,10,1-9-0,162,278,58.3,1662,9,3.2,6,2.2,72,37.3,80.0,6.0,5.65,10.3,166.2,77.4,36.1,22,158,7.33,5.01,4.71,1,1,3,,Blaine Gabbert,GabbBl00,,,,,,,,,,,,,,,,,,,,,,,,,,,,,,,,,18.0,56.0,0.0,7.0,55.6,10.0,3.1,5.6,1.8,0.0,0.0,0.0,,0.0,0.0,,,0.0,0.0,,,18.0,3.1,56.0,0.0,5.0,,,,,,,,,,,,,,,,,11.0,516.0,81%,0.0,0%,0.0,0%,0.0,0.0,0.0,0.0,0.0,0.0,1.0,0.0,0.0,0.0,0.0,0.0,0.0,0.0,0.0,0.0,76.0,77.0,86.0,85.0,91.0,88.0,110.0,92.0,90.0,
2013,24,JAX,QB,3,3,0-3-0,42,86,48.8,481,1,1.2,7,8.1,23,28.6,67.0,5.6,2.16,11.5,160.3,36.0,4.0,12,67,12.24,4.22,1.21,0,0,1,,Blaine Gabbert,GabbBl00,,,,,,,,,,,,,,,,,,,,,,,,,,,,,,,,,9.0,32.0,0.0,0.0,55.6,7.0,3.6,10.7,3.0,0.0,0.0,0.0,,0.0,0.0,,,0.0,0.0,,,9.0,3.6,32.0,0.0,2.0,,,,,,,,,,,,,,,,,11.0,159.0,85%,0.0,0%,0.0,0%,0.0,0.0,0.0,0.0,0.0,0.0,0.0,0.0,0.0,0.0,0.0,0.0,0.0,,,0.0,63.0,56.0,35.0,36.0,51.0,63.0,4.0,53.0,33.0,
2014,25,SFO,QB,1,0,,3,7,42.9,38,1,14.3,0,0.0,2,42.9,20.0,5.4,8.29,12.7,38.0,100.0,91.5,0,0,0.0,5.43,8.29,0,0,0,,Blaine Gabbert,GabbBl00,,,,,,,,,,,,,,,,,,,,,,,,,,,,,,,,,1.0,5.0,0.0,0.0,0.0,5.0,5.0,5.0,1.0,0.0,0.0,0.0,,0.0,0.0,,,0.0,0.0,,,1.0,5.0,5.0,0.0,0.0,,,,,,,,,,,,,,,,,2.0,9.0,12%,0.0,0%,0.0,0%,,,,,,,,,,,,,,,,,,,,,,,,,,
2015,26,SFO,QB,8,8,3-5-0,178,282,63.1,2031,10,3.5,7,2.5,85,38.4,71.0,7.2,6.79,11.4,253.9,86.2,37.6,25,164,8.14,6.08,5.71,2,2,5,,Blaine Gabbert,GabbBl00,,,,,,,,,,,,,,,,,,,,,,,,,,,,,,,,,32.0,185.0,1.0,10.0,50.0,44.0,5.8,23.1,4.0,0.0,0.0,0.0,,0.0,0.0,,,0.0,0.0,,,32.0,5.8,185.0,1.0,4.0,,,,,,,,,,,,,,,,,2.0,509.0,100%,0.0,0%,0.0,0%,0.0,0.0,0.0,0.0,0.0,0.0,1.0,-15.0,0.0,0.0,0.0,0.0,0.0,0.0,0.0,0.0,100.0,93.0,97.0,92.0,101.0,89.0,98.0,83.0,95.0,
2016,27,SFO,QB,6,5,1-4-0,91,160,56.9,925,5,3.1,6,3.8,50,40.4,75.0,5.8,4.72,10.2,154.2,68.4,54.1,11,48,6.43,5.13,4.13,0,0,0,,Blaine Gabbert,GabbBl00,,,,,,,,,,,,,,,,,,,,,,,,,,,,,,,,,40.0,173.0,2.0,16.0,52.5,24.0,4.3,28.8,6.7,1.0,1.0,-16.0,-16.0,0.0,0.0,0.0,-16.0,0.2,-2.7,100.0,-16.0,41.0,3.8,157.0,2.0,0.0,,,,,,,,,,,,,,,,,2.0,345.0,88%,0.0,0%,0.0,0%,,,,,,,,,,,,,,,,,69.0,74.0,68.0,71.0,77.0,85.0,75.0,97.0,71.0,
2017,28,ARI,QB,5,5,2-3-0,95,171,55.6,1086,6,3.5,6,3.5,55,39.2,52.0,6.4,5.47,11.4,217.2,71.9,33.2,23,149,11.86,4.83,4.06,2,2,2,,Blaine Gabbert,GabbBl00,,,,,,,,,,,,,,,,,,,,,,,,,,,,,,,,,22.0,82.0,0.0,7.0,45.5,12.0,3.7,16.4,4.4,0.0,0.0,0.0,,0.0,0.0,,,0.0,0.0,,,22.0,3.7,82.0,0.0,7.0,,,,,,,,,,,,,,,,,7.0,342.0,100%,0.0,0%,0.0,0%,0.0,0.0,0.0,0.0,0.0,0.0,3.0,-11.0,0.0,0.0,0.0,0.0,0.0,,,0.0,83.0,71.0,79.0,72.0,72.0,90.0,80.0,59.0,76.0,
2018,29,TEN,QB,8,3,2-1-0,61,101,60.4,626,4,4.0,4,4.0,32,39.6,35.0,6.2,5.21,10.3,78.3,74.9,27.0,5,37,4.72,5.56,4.61,2,2,2,,Blaine Gabbert,GabbBl00,710.0,7.0,325.0,5.3,3.2,301.0,4.9,0.0,2.0,0.0,4.0,4.0,24.0,24.2,,,2.1,28.0,9.0,2.0,16.0,15.1,0.0,,,,,,,,,,6.0,0.0,0.0,2.0,33.3,,0.0,0.0,0.8,0.0,0.0,0.0,,0.0,0.0,,,0.0,0.0,,,6.0,0.0,0.0,0.0,0.0,0.0,0.0,0.0,0.0,0.0,,0.0,,0.0,,,0.0,0.0,,0.0,,7.0,211.0,43%,0.0,0%,0.0,0%,,,,,,,,,,,,,,,,,80.0,86.0,76.0,80.0,88.0,94.0,73.0,114.0,80.0,
2020,31,TAM,QB,4,0,,9,16,56.3,143,2,12.5,0,0.0,5,41.2,35.0,8.9,11.44,15.9,35.8,125.8,53.1,1,7,5.88,8.0,10.35,0,0,1,,Blaine Gabbert,GabbBl00,108.0,6.8,63.0,7.0,3.9,80.0,8.9,0.0,0.0,0.0,1.0,6.3,5.0,31.3,11.0,68.8,1.6,8.0,1.0,0.0,2.0,10.5,2.0,9.0,0.0,0.0,0.0,0.0,0.0,0.0,2.0,30.0,9.0,16.0,0.0,0.0,11.1,16.0,1.8,4.0,2.3,0.0,0.0,0.0,,0.0,0.0,,,0.0,0.0,,,9.0,1.8,16.0,0.0,1.0,16.0,1.8,0.0,0.0,0.0,,0.0,,0.0,,,0.0,0.0,,0.0,,11.0,49.0,18%,0.0,0%,0.0,0%,0.0,0.0,0.0,0.0,0.0,0.0,1.0,0.0,0.0,0.0,0.0,0.0,0.0,0.0,0.0,0.0,,,,,,,,,,
2021,32,TAM,QB,6,0,,7,11,63.6,67,0,0.0,0,0.0,4,41.7,23.0,6.1,6.09,9.6,11.2,80.5,36.6,1,10,8.33,4.75,4.75,0,0,0,,Blaine Gabbert,GabbBl00,90.0,8.2,28.0,4.0,2.5,39.0,5.6,1.0,0.0,0.0,0.0,0.0,2.0,18.2,7.0,63.6,2.0,3.0,1.0,0.0,2.0,16.7,0.0,,1.0,14.0,1.0,14.0,0.0,0.0,1.0,14.0,9.0,-7.0,0.0,0.0,0.0,,-0.8,-1.2,1.5,0.0,0.0,0.0,,0.0,0.0,,,0.0,0.0,,,9.0,-0.8,-7.0,0.0,0.0,-7.0,-0.8,0.0,0.0,0.0,,0.0,,0.0,,,0.0,0.0,,0.0,,11.0,44.0,11%,0.0,0%,1.0,1%,,,,,,,,,,,,,,,,,,,,,,,,,,
2022,33,TAM,QB,1,0,,6,8,75.0,29,1,12.5,0,0.0,2,37.5,13.0,3.6,6.13,4.8,29.0,119.3,59.9,0,0,0.0,3.63,6.13,0,0,0,,Blaine Gabbert,GabbBl00,20.0,2.5,-8.0,-1.3,-1.0,37.0,6.2,0.0,0.0,0.0,1.0,12.5,0.0,0.0,8.0,100.0,1.7,2.0,0.0,0.0,0.0,0.0,0.0,,2.0,20.0,2.0,20.0,0.0,0.0,1.0,7.0,,,,,,,,,,,,,,,,,,,,,,,,,,,,,,,,,,,,,,,,,,,11.0,14.0,26%,0.0,0%,0.0,0%,,,,,,,,,,,,,,,,,,,,,,,,,,
2023,34,KAN,QB,2,1,1-0-0,18,35,51.4,185,0,0.0,3,8.6,8,30.6,37.0,5.3,1.43,10.3,92.5,31.2,48.0,1,9,2.78,4.89,1.14,1,1,1,,Blaine Gabbert,GabbBl00,189.0,5.4,67.0,3.7,1.9,118.0,6.6,2.0,1.0,0.0,5.0,14.7,6.0,17.6,23.0,67.6,1.9,10.0,0.0,10.0,11.0,27.5,4.0,11.8,4.0,21.0,4.0,21.0,0.0,0.0,6.0,45.0,7.0,45.0,0.0,2.0,42.9,25.0,6.4,22.5,3.5,0.0,0.0,0.0,,0.0,0.0,,,0.0,0.0,,,7.0,6.4,45.0,0.0,0.0,22.0,3.1,23.0,3.3,0.0,,0.0,,0.0,,,0.0,0.0,,0.0,,9.0,79.0,59%,0.0,0%,0.0,0%,,,,,,,,,,,,,,,,,,,,,,,,,,
2024,24,DEN,QB,17,17,10-7-0,376,567,66.3,3775,29,5.1,12,2.1,176,43.7,93.0,6.7,6.73,10.0,222.1,93.3,53.5,24,198,4.06,6.05,6.12,3,3,13,AP ORoY-3,Bo Nix,NixxBo00,4116.0,7.3,1703.0,4.5,3.0,2072.0,5.5,16.0,18.0,1.0,32.0,5.8,83.0,15.1,420.0,76.6,2.5,148.0,44.0,34.0,102.0,15.9,50.0,7.2,4.0,32.0,4.0,32.0,0.0,0.0,12.0,101.0,92.0,430.0,4.0,45.0,53.3,32.0,4.7,25.3,5.4,1.0,1.0,2.0,2.0,1.0,1.0,100.0,2.0,0.1,0.1,100.0,2.0,93.0,4.6,432.0,5.0,3.0,359.0,3.9,71.0,0.8,3.0,30.7,2.0,2.0,0.0,0.0,2.0,0.0,0.0,0.0,0.0,118.7,10.0,1088.0,99%,0.0,0%,0.0,0%,0.0,0.0,0.0,0.0,0.0,0.0,2.0,-2.0,0.0,0.0,0.0,0.0,0.0,0.0,0.0,0.0,91.0,99.0,97.0,102.0,106.0,110.0,103.0,121.0,104.0,
2025,25,DEN,QB,17,17,14-3-0,388,612,63.4,3931,25,4.1,11,1.8,196,45.6,52.0,6.4,6.43,10.1,231.2,87.8,58.3,22,119,3.47,6.01,6.02,5,7,13,,Bo Nix,NixxBo00,4498.0,7.3,1838.0,4.7,3.0,2093.0,5.4,13.0,26.0,1.0,43.0,7.4,93.0,15.9,453.0,77.4,2.4,114.0,61.0,45.0,128.0,19.1,35.0,8.8,91.0,497.0,81.0,487.0,5.0,10.0,102.0,761.0,83.0,356.0,5.0,25.0,45.8,25.0,4.3,20.9,4.9,1.0,0.0,0.0,,0.0,0.0,0.0,,0.0,0.0,0.0,0.0,83.0,4.3,356.0,5.0,4.0,294.0,3.5,62.0,0.7,0.0,,0.0,,0.0,,2.0,0.0,0.0,0.0,0.0,39.6,10.0,1136.0,100%,0.0,0%,0.0,0%,0.0,0.0,0.0,0.0,0.0,0.0,2.0,0.0,0.0,0.0,0.0,0.0,0.0,0.0,0.0,0.0,86.0,97.0,91.0,99.0,95.0,94.0,106.0,124.0,94.0,
2022,23,SFO,QB,9,5,5-0-0,114,170,67.1,1374,13,7.6,4,2.4,67,50.3,54.0,8.1,8.55,12.1,152.7,107.3,67.5,11,84,6.08,7.13,7.57,1,1,6,AP ORoY-3,Brock Purdy,PurdBr00,1119.0,6.6,668.0,5.9,3.9,706.0,6.2,7.0,5.0,0.0,13.0,7.9,20.0,12.1,127.0,77.0,2.3,54.0,5.0,15.0,31.0,16.6,6.0,4.2,9.0,102.0,9.0,102.0,0.0,0.0,37.0,288.0,22.0,13.0,1.0,5.0,27.3,13.0,0.6,1.4,2.4,0.0,0.0,0.0,,0.0,0.0,,,0.0,0.0,,,22.0,0.6,13.0,1.0,0.0,6.0,0.3,7.0,0.3,0.0,,0.0,,0.0,,,0.0,0.0,,0.0,,13.0,380.0,64%,0.0,0%,0.0,0%,,,,,,,,,,,,,,,,,124.0,121.0,127.0,123.0,111.0,140.0,99.0,103.0,128.0,
2023,24,SFO,QB,16,16,12-4-0,308,444,69.4,4280,31,7.0,11,2.5,206,54.7,76.0,9.6,9.92,13.9,267.5,113.0,73.4,28,153,5.93,8.74,9.01,0,0,18,"PB,AP MVP-4,AP OPoY-6,AP CPoY-6",Brock Purdy,PurdBr00,3623.0,8.2,2246.0,7.3,5.1,2034.0,6.6,13.0,12.0,3.0,9.0,2.1,70.0,16.3,324.0,75.5,2.6,142.0,28.0,42.0,98.0,20.1,16.0,7.8,24.0,236.0,20.0,227.0,1.0,9.0,93.0,969.0,39.0,144.0,2.0,15.0,53.8,17.0,3.7,9.0,2.4,0.0,0.0,0.0,,0.0,0.0,,,0.0,0.0,,,39.0,3.7,144.0,2.0,6.0,108.0,2.8,36.0,0.9,2.0,19.5,0.0,,0.0,,,0.0,0.0,,0.0,,,,,,,,,0.0,0.0,0.0,0.0,0.0,0.0,4.0,-1.0,0.0,0.0,0.0,0.0,0.0,0.0,0.0,0.0,157.0,152.0,149.0,146.0,124.0,137.0,96.0,107.0,142.0,
2024,25,SFO,QB,15,15,6-9-0,300,455,65.9,3864,20,4.4,12,2.6,178,49.4,76.0,8.5,8.18,12.9,257.6,96.1,64.8,31,156,6.38,7.63,7.34,1,1,13,,Brock Purdy,PurdBr00,3809.0,8.4,2220.0,7.4,4.9,1644.0,5.5,10.0,10.0,5.0,19.0,4.3,62.0,14.1,345.0,78.4,2.5,142.0,32.0,38.0,101.0,19.1,44.0,6.8,2.0,21.0,1.0,5.0,1.0,16.0,4.0,43.0,66.0,323.0,5.0,33.0,63.6,16.0,4.9,21.5,4.4,0.0,0.0,0.0,,0.0,0.0,,,0.0,0.0,,,66.0,4.9,323.0,5.0,7.0,259.0,3.9,64.0,1.0,2.0,33.0,0.0,,0.0,,,0.0,0.0,,0.0,,13.0,944.0,99%,0.0,0%,0.0,0%,0.0,0.0,0.0,0.0,0.0,0.0,0.0,-11.0,0.0,0.0,0.0,0.0,0.0,0.0,0.0,0.0,129.0,128.0,118.0,119.0,104.0,101.0,93.0,104.0,108.0,
2025,26,SFO,QB,9,9,7-2-0,197,284,69.4,2167,20,7.0,10,3.5,130,55.3,45.0,7.6,7.45,11.0,240.8,100.5,72.8,11,53,3.73,7.17,7.0,2,2,9,,Brock Purdy,PurdBr00,2126.0,7.5,1318.0,6.7,4.6,849.0,4.3,4.0,15.0,0.0,9.0,3.3,33.0,12.3,221.0,82.2,2.7,59.0,27.0,28.0,66.0,21.1,18.0,7.3,15.0,111.0,14.0,109.0,1.0,2.0,72.0,570.0,33.0,147.0,3.0,16.0,57.6,26.0,4.5,16.3,3.7,0.0,0.0,0.0,,0.0,0.0,,,0.0,0.0,,,33.0,4.5,147.0,3.0,3.0,126.0,3.8,21.0,0.6,0.0,,0.0,,0.0,,,0.0,0.0,,0.0,,13.0,576.0,98%,0.0,0%,0.0,0%,0.0,0.0,0.0,0.0,0.0,0.0,0.0,0.0,0.0,0.0,0.0,0.0,0.0,0.0,0.0,0.0,112.0,121.0,107.0,113.0,117.0,130.0,77.0,122.0,113.0,
2023,22,CAR,QB,16,16,2-14-0,315,527,59.8,2877,11,2.1,10,1.9,133,36.5,48.0,5.5,5.02,9.1,179.8,73.7,34.1,62,477,10.53,4.07,3.68,2,2,6,,Bryce Young,YounBr01,3980.0,7.6,1577.0,5.0,3.0,1300.0,4.1,6.0,46.0,1.0,23.0,4.8,103.0,21.5,352.0,73.3,2.5,166.0,38.0,50.0,150.0,24.2,31.0,8.4,31.0,149.0,26.0,145.0,1.0,4.0,81.0,589.0,39.0,253.0,0.0,18.0,64.1,26.0,6.5,15.8,2.4,0.0,0.0,0.0,,0.0,0.0,,,0.0,0.0,,,39.0,6.5,253.0,0.0,11.0,191.0,4.9,62.0,1.6,4.0,9.8,0.0,,0.0,,,0.0,0.0,,0.0,,9.0,1068.0,100%,0.0,0%,0.0,0%,0.0,0.0,0.0,0.0,0.0,0.0,4.0,0.0,0.0,0.0,0.0,0.0,0.0,0.0,0.0,0.0,66.0,61.0,72.0,67.0,78.0,74.0,109.0,74.0,73.0,
2024,23,CAR,QB,14,12,4-8-0,234,384,60.9,2403,15,3.9,9,2.3,117,39.0,83.0,6.3,5.98,10.3,171.6,82.2,50.7,29,186,7.02,5.37,5.11,1,4,8,,Bryce Young,YounBr01,3298.0,8.6,1434.0,6.1,3.7,969.0,4.1,1.0,25.0,0.0,15.0,4.2,80.0,22.3,258.0,71.9,2.3,136.0,53.0,38.0,120.0,26.7,37.0,6.9,13.0,61.0,12.0,61.0,0.0,0.0,14.0,90.0,43.0,249.0,6.0,15.0,53.5,34.0,5.8,17.8,3.1,0.0,0.0,0.0,,0.0,0.0,,,0.0,0.0,,,43.0,5.8,249.0,6.0,5.0,217.0,5.0,32.0,0.7,4.0,10.8,0.0,,0.0,,,0.0,0.0,,0.0,,9.0,728.0,88%,0.0,0%,0.0,0%,0.0,0.0,0.0,0.0,0.0,0.0,1.0,0.0,0.0,0.0,0.0,0.0,0.0,0.0,0.0,0.0,83.0,86.0,86.0,88.0,84.0,95.0,98.0,100.0,88.0,
2025,24,CAR,QB,16,16,8-8-0,304,478,63.6,3011,23,4.8,11,2.3,153,44.2,54.0,6.3,6.23,9.9,188.2,87.8,47.6,27,202,5.35,5.56,5.49,4,6,10,,Bryce Young,YounBr01,3075.0,6.4,1466.0,4.8,3.1,1545.0,5.1,9.0,32.0,2.0,18.0,4.1,73.0,16.4,346.0,77.9,2.4,127.0,54.0,48.0,129.0,24.0,33.0,6.7,49.0,399.0,44.0,371.0,5.0,28.0,91.0,633.0,54.0,216.0,2.0,16.0,44.4,24.0,4.0,13.5,3.4,0.0,0.0,0.0,,0.0,0.0,,,0.0,0.0,,,54.0,4.0,216.0,2.0,7.0,177.0,3.3,39.0,0.7,2.0,27.0,0.0,,0.0,,,0.0,0.0,,0.0,,9.0,964.0,96%,0.0,0%,0.0,0%,0.0,0.0,0.0,0.0,0.0,0.0,1.0,-11.0,0.0,0.0,0.0,0.0,0.0,0.0,0.0,0.0,83.0,88.0,88.0,91.0,95.0,103.0,98.0,111.0,94.0,
2023,22,HOU,QB,15,15,9-6-0,319,499,63.9,4108,23,4.6,5,1.0,198,46.7,75.0,8.2,8.7,12.9,273.9,100.8,58.3,38,331,7.08,7.03,7.47,1,3,14,"PB,AP MVP-8,AP ORoY-1",CJ Stroud,StroCJ00,4484.0,9.0,2346.0,7.4,4.7,1762.0,5.5,9.0,16.0,6.0,18.0,3.8,95.0,19.9,357.0,74.8,2.5,126.0,47.0,38.0,123.0,22.0,23.0,6.4,34.0,344.0,31.0,343.0,1.0,1.0,94.0,1036.0,39.0,167.0,3.0,17.0,59.0,16.0,4.3,11.1,2.6,1.0,1.0,0.0,0.0,0.0,0.0,0.0,,0.1,0.0,100.0,0.0,40.0,4.2,167.0,3.0,8.0,147.0,3.8,20.0,0.5,2.0,19.5,-1.0,-1.0,1.0,1.0,-1.0,0.0,0.0,0.0,0.0,79.2,,,,,,,,0.0,0.0,0.0,0.0,0.0,0.0,1.0,-10.0,0.0,0.0,0.0,0.0,0.0,0.0,0.0,0.0,126.0,119.0,130.0,123.0,98.0,106.0,130.0,99.0,121.0,
2024,23,HOU,QB,17,17,10-7-0,336,532,63.2,3727,20,3.8,12,2.3,211,43.0,67.0,7.0,6.74,11.1,219.2,87.0,46.4,52,408,8.9,5.68,5.44,1,2,11,,CJ Stroud,StroCJ00,4376.0,8.2,2063.0,6.1,3.9,1664.0,5.0,8.0,22.0,1.0,26.0,5.1,95.0,18.7,373.0,73.3,2.5,154.0,66.0,56.0,174.0,28.0,37.0,6.8,8.0,74.0,7.0,74.0,0.0,0.0,11.0,123.0,52.0,233.0,0.0,19.0,38.5,25.0,4.5,13.7,3.1,1.0,0.0,0.0,,0.0,0.0,0.0,,0.0,0.0,0.0,0.0,52.0,4.5,233.0,0.0,6.0,190.0,3.7,43.0,0.8,3.0,17.3,0.0,,0.0,,10.0,0.0,0.0,0.0,0.0,39.6,7.0,1035.0,94%,0.0,0%,0.0,0%,0.0,0.0,0.0,0.0,0.0,0.0,1.0,-4.0,0.0,0.0,0.0,0.0,0.0,0.0,0.0,0.0,99.0,92.0,97.0,93.0,93.0,93.0,100.0,86.0,95.0,
2025,24,HOU,QB,14,14,9-5-0,273,423,64.5,3041,19,4.5,8,1.9,136,44.4,75.0,7.2,7.24,11.1,217.2,92.9,61.7,23,189,5.16,6.39,6.44,0,2,10,,CJ Stroud,StroCJ00,3361.0,7.9,1676.0,6.1,4.0,1365.0,5.0,10.0,22.0,3.0,10.0,2.5,70.0,17.6,297.0,74.6,2.4,132.0,43.0,35.0,101.0,21.4,25.0,7.8,18.0,166.0,17.0,166.0,0.0,0.0,92.0,738.0,48.0,209.0,1.0,18.0,47.9,30.0,4.4,14.9,3.4,0.0,0.0,0.0,,0.0,0.0,,,0.0,0.0,,,48.0,4.4,209.0,1.0,2.0,182.0,3.8,27.0,0.6,0.0,,0.0,,0.0,,,0.0,0.0,,0.0,,7.0,868.0,91%,0.0,0%,0.0,0%,0.0,0.0,0.0,0.0,0.0,0.0,1.0,-11.0,0.0,0.0,0.0,0.0,0.0,0.0,0.0,0.0,102.0,105.0,103.0,105.0,99.0,99.0,105.0,112.0,102.0,
2024,23,CHI,QB,17,17,5-12-0,351,562,62.5,3541,20,3.6,6,1.1,171,40.3,47.0,6.3,6.53,10.1,208.3,87.8,43.3,68,466,10.79,4.88,5.09,2,1,12,AP ORoY-10,Caleb Williams,WillCa03,4443.0,7.9,1675.0,4.8,3.0,1866.0,5.3,9.0,36.0,4.0,20.0,3.8,110.0,21.1,378.0,72.4,2.4,174.0,52.0,40.0,160.0,23.5,51.0,7.9,0.0,0.0,0.0,0.0,0.0,0.0,0.0,0.0,81.0,489.0,0.0,27.0,51.9,24.0,6.0,28.8,4.8,0.0,0.0,0.0,,0.0,0.0,,,0.0,0.0,,,81.0,6.0,489.0,0.0,10.0,385.0,4.8,104.0,1.3,5.0,16.2,0.0,,0.0,,,0.0,0.0,,0.0,,18.0,1123.0,99%,0.0,0%,0.0,0%,0.0,0.0,0.0,0.0,0.0,0.0,4.0,-7.0,0.0,0.0,0.0,0.0,0.0,0.0,0.0,0.0,84.0,77.0,94.0,88.0,90.0,91.0,123.0,72.0,96.0,
2025,24,CHI,QB,17,17,11-6-0,330,568,58.1,3942,27,4.8,7,1.2,187,42.9,65.0,6.9,7.34,11.9,231.9,90.1,58.2,24,165,4.05,6.38,6.76,6,6,15,,Caleb Williams,WillCa03,4809.0,8.5,2107.0,6.4,3.7,1835.0,5.6,18.0,40.0,2.0,29.0,5.5,109.0,20.7,367.0,69.8,2.5,174.0,94.0,41.0,159.0,25.1,41.0,8.7,36.0,262.0,28.0,237.0,8.0,25.0,169.0,1192.0,77.0,388.0,3.0,28.0,55.8,29.0,5.0,22.8,4.5,2.0,2.0,22.0,11.0,1.0,2.0,100.0,20.0,0.1,1.3,100.0,11.0,79.0,5.2,410.0,4.0,9.0,328.0,4.3,60.0,0.8,5.0,15.4,-3.0,-1.5,25.0,12.5,-1.5,0.0,0.0,0.0,0.0,152.1,18.0,1143.0,99%,0.0,0%,0.0,0%,0.0,0.0,0.0,0.0,0.0,0.0,6.0,-37.0,0.0,0.0,0.0,0.0,0.0,0.0,0.0,0.0,97.0,105.0,105.0,110.0,74.0,102.0,116.0,120.0,97.0,
2025,23,TEN,QB,17,17,3-14-0,323,540,59.8,3169,15,2.8,7,1.3,153,38.2,47.0,5.9,5.84,9.8,186.4,80.2,33.2,55,410,9.24,4.64,4.61,1,1,7,,Cam Ward,WardCa00,3896.0,7.2,1622.0,5.0,3.0,1547.0,4.8,14.0,37.0,3.0,23.0,4.6,95.0,19.0,363.0,72.6,2.4,138.0,67.0,50.0,172.0,27.8,23.0,6.6,60.0,308.0,53.0,297.0,3.0,11.0,87.0,519.0,39.0,159.0,2.0,15.0,53.8,20.0,4.1,9.4,2.3,0.0,0.0,0.0,,0.0,0.0,,,0.0,0.0,,,39.0,4.1,159.0,2.0,11.0,97.0,2.5,62.0,1.6,3.0,13.0,0.0,,0.0,,,0.0,0.0,,0.0,,1.0,1007.0,95%,0.0,0%,0.0,0%,0.0,0.0,0.0,0.0,0.0,0.0,1.0,-2.0,0.0,0.0,0.0,0.0,0.0,0.0,0.0,0.0,74.0,69.0,82.0,79.0,81.0,78.0,115.0,83.0,82.0,
2016,23,DAL,QB,16,16,13-3-0,311,459,67.8,3667,23,5.0,4,0.9,185,52.3,83.0,8.0,8.6,11.8,229.2,104.9,77.6,25,143,5.17,7.28,7.86,5,5,15,"PB,AP MVP-6,AP ORoY-1",Dak Prescott,PresDa01,,,,,,,,,,,,,,,,,,,,,,,,,,,,,,,,,57.0,282.0,6.0,21.0,54.4,18.0,4.9,17.6,3.6,0.0,0.0,0.0,,0.0,0.0,,,0.0,0.0,,,57.0,4.9,282.0,6.0,9.0,,,,,,,,,,,,,,,,,,,,,,,,0.0,0.0,0.0,0.0,0.0,0.0,3.0,-3.0,0.0,0.0,0.0,0.0,0.0,0.0,0.0,0.0,119.0,121.0,123.0,125.0,120.0,108.0,127.0,108.0,123.0,
2017,24,DAL,QB,16,16,9-7-0,308,490,62.9,3324,22,4.5,13,2.7,162,43.3,81.0,6.8,6.49,10.8,207.8,86.6,70.0,32,185,6.13,6.01,5.74,0,4,13,,Dak Prescott,PresDa01,,,,,,,,,,,,,,,,,,,,,,,,,,,,,,,,,57.0,357.0,6.0,29.0,63.2,21.0,6.3,22.3,3.6,0.0,0.0,0.0,,0.0,0.0,,,0.0,0.0,,,57.0,6.3,357.0,6.0,4.0,,,,,,,,,,,,,,,,,4.0,1050.0,99%,0.0,0%,0.0,0%,0.0,0.0,0.0,0.0,0.0,0.0,1.0,0.0,0.0,0.0,0.0,0.0,0.0,0.0,0.0,0.0,92.0,94.0,93.0,94.0,98.0,101.0,95.0,101.0,96.0,
2018,25,DAL,QB,16,16,10-6-0,356,526,67.7,3885,22,4.2,8,1.5,184,45.2,90.0,7.4,7.54,10.9,242.8,96.9,55.2,56,347,9.62,6.08,6.22,3,5,14,PB,Dak Prescott,PresDa01,3967.0,7.5,1993.0,5.6,3.8,1892.0,5.3,0.0,13.0,0.0,22.0,4.3,89.0,17.3,,,2.4,168.0,73.0,49.0,178.0,29.1,29.0,6.7,,,,,,,,,75.0,305.0,6.0,25.0,46.7,28.0,4.1,19.1,4.7,1.0,0.0,0.0,,0.0,0.0,0.0,,0.0,0.0,0.0,0.0,75.0,4.1,305.0,6.0,12.0,186.0,2.5,119.0,1.6,2.0,37.5,0.0,,0.0,,11.0,0.0,0.0,0.0,0.0,39.6,,,,,,,,0.0,0.0,0.0,0.0,0.0,0.0,7.0,0.0,0.0,0.0,0.0,0.0,0.0,0.0,0.0,0.0,104.0,96.0,107.0,101.0,116.0,97.0,114.0,77.0,109.0,
2019,26,DAL,QB,16,16,8-8-0,388,596,65.1,4902,30,5.0,11,1.8,229,52.3,62.0,8.2,8.4,12.6,306.4,99.7,71.9,23,151,3.72,7.68,7.84,0,0,15,,Dak Prescott,PresDa01,5539.0,9.3,2984.0,7.7,5.0,1918.0,4.9,9.0,14.0,1.0,36.0,6.2,86.0,14.8,451.0,77.6,2.6,155.0,40.0,57.0,120.0,18.8,20.0,7.3,54.0,453.0,45.0,383.0,9.0,70.0,129.0,1239.0,52.0,277.0,3.0,19.0,46.2,42.0,5.3,17.3,3.3,0.0,0.0,0.0,,0.0,0.0,,,0.0,0.0,,,52.0,5.3,277.0,3.0,6.0,178.0,3.4,99.0,1.9,7.0,7.4,0.0,,0.0,,,0.0,0.0,,0.0,,4.0,1116.0,100%,0.0,0%,0.0,0%,0.0,0.0,0.0,0.0,0.0,0.0,2.0,-5.0,0.0,0.0,0.0,0.0,0.0,0.0,0.0,0.0,119.0,124.0,116.0,120.0,102.0,104.0,108.0,120.0,110.0,
2020,27,DAL,QB,5,5,2-3-0,151,222,68.0,1856,9,4.1,4,1.8,93,56.0,58.0,8.4,8.36,12.3,371.2,99.6,73.1,10,66,4.31,7.72,7.72,1,1,6,,Dak Prescott,PresDa01,1762.0,7.9,1046.0,6.9,4.7,810.0,5.4,1.0,3.0,1.0,13.0,6.0,33.0,15.1,168.0,77.1,2.5,66.0,23.0,19.0,52.0,21.7,8.0,8.0,34.0,263.0,32.0,261.0,1.0,2.0,58.0,582.0,18.0,93.0,3.0,8.0,55.6,12.0,5.2,18.6,3.6,1.0,1.0,11.0,11.0,1.0,1.0,100.0,11.0,0.2,2.2,100.0,11.0,19.0,5.5,104.0,4.0,3.0,65.0,3.6,28.0,1.6,2.0,9.0,10.0,10.0,1.0,1.0,10.0,0.0,0.0,0.0,0.0,152.1,4.0,360.0,94%,0.0,0%,0.0,0%,0.0,0.0,0.0,0.0,0.0,0.0,0.0,0.0,0.0,0.0,0.0,0.0,0.0,0.0,0.0,0.0,124.0,127.0,117.0,120.0,115.0,95.0,109.0,116.0,111.0,
2021,28,DAL,QB,16,16,11-5-0,410,596,68.8,4449,37,6.2,10,1.7,238,51.4,51.0,7.5,7.95,10.9,278.1,104.2,60.5,30,144,4.79,6.88,7.34,1,2,14,AP CPoY-2,Dak Prescott,PresDa01,4591.0,7.7,2425.0,5.9,4.1,2024.0,4.9,10.0,11.0,0.0,28.0,4.8,86.0,14.7,452.0,77.3,2.4,187.0,46.0,48.0,124.0,19.2,20.0,6.4,43.0,210.0,38.0,198.0,4.0,12.0,118.0,953.0,48.0,146.0,1.0,9.0,27.1,21.0,3.0,9.1,3.0,0.0,0.0,0.0,,0.0,0.0,,,0.0,0.0,,,48.0,3.0,146.0,1.0,14.0,121.0,2.5,25.0,0.5,0.0,,0.0,,0.0,,,0.0,0.0,,0.0,,4.0,1113.0,96%,0.0,0%,0.0,0%,0.0,0.0,0.0,0.0,0.0,0.0,7.0,17.0,0.0,0.0,0.0,0.0,0.0,0.0,0.0,0.0,107.0,111.0,112.0,115.0,116.0,117.0,111.0,110.0,117.0,
2022,29,DAL,QB,12,12,8-4-0,261,394,66.2,2860,23,5.8,15,3.8,158,51.7,68.0,7.3,6.71,11.0,238.3,91.1,59.9,20,126,4.83,6.6,6.08,2,2,11,,Dak Prescott,PresDa01,3239.0,8.2,1656.0,6.3,4.2,1204.0,4.6,4.0,6.0,0.0,24.0,6.2,67.0,17.3,296.0,76.3,2.5,102.0,29.0,37.0,86.0,20.0,15.0,5.0,46.0,324.0,40.0,288.0,5.0,36.0,94.0,663.0,45.0,182.0,1.0,21.0,51.1,25.0,4.0,15.2,3.8,0.0,0.0,0.0,,0.0,0.0,,,0.0,0.0,,,45.0,4.0,182.0,1.0,4.0,132.0,2.9,50.0,1.1,1.0,45.0,0.0,,0.0,,,0.0,0.0,,0.0,,4.0,821.0,96%,0.0,0%,0.0,0%,0.0,0.0,0.0,0.0,0.0,0.0,1.0,3.0,0.0,0.0,0.0,0.0,0.0,0.0,0.0,0.0,105.0,109.0,97.0,101.0,108.0,118.0,67.0,111.0,102.0,
2023,30,DAL,QB,17,17,12-5-0,410,590,69.5,4516,36,6.1,9,1.5,247,51.5,92.0,7.7,8.19,11.0,265.6,105.9,73.4,39,255,6.2,6.77,7.28,2,3,19,"PB,AP-2,AP MVP-2,AP OPoY-5",Dak Prescott,PresDa01,4586.0,7.8,2553.0,6.2,4.3,1963.0,4.8,10.0,10.0,0.0,38.0,6.6,68.0,11.7,479.0,82.6,2.4,163.0,26.0,47.0,112.0,17.0,28.0,6.9,89.0,696.0,80.0,671.0,5.0,25.0,100.0,613.0,55.0,242.0,2.0,25.0,52.7,22.0,4.4,14.2,3.2,0.0,0.0,0.0,,0.0,0.0,,,0.0,0.0,,,55.0,4.4,242.0,2.0,4.0,171.0,3.1,71.0,1.3,1.0,55.0,0.0,,0.0,,,0.0,0.0,,0.0,,,,,,,,,0.0,0.0,0.0,0.0,0.0,0.0,1.0,0.0,0.0,0.0,0.0,0.0,0.0,0.0,0.0,0.0,114.0,113.0,122.0,121.0,125.0,126.0,118.0,105.0,129.0,
2024,31,DAL,QB,8,8,3-5-0,185,286,64.7,1978,11,3.8,8,2.8,87,45.3,65.0,6.9,6.43,10.7,247.3,86.0,41.9,21,112,6.84,6.08,5.62,1,1,5,,Dak Prescott,PresDa01,2255.0,7.9,1039.0,5.6,3.6,939.0,5.1,6.0,5.0,2.0,6.0,2.2,50.0,17.9,199.0,71.3,2.3,62.0,31.0,28.0,80.0,25.6,6.0,7.5,4.0,26.0,3.0,26.0,0.0,0.0,4.0,23.0,13.0,54.0,1.0,5.0,61.5,22.0,4.2,6.8,1.6,0.0,0.0,0.0,,0.0,0.0,,,0.0,0.0,,,13.0,4.2,54.0,1.0,4.0,48.0,3.7,6.0,0.5,0.0,,0.0,,0.0,,,0.0,0.0,,0.0,,4.0,501.0,91%,0.0,0%,0.0,0%,0.0,0.0,0.0,0.0,0.0,0.0,2.0,0.0,0.0,0.0,0.0,0.0,0.0,0.0,0.0,0.0,97.0,99.0,93.0,95.0,99.0,95.0,90.0,101.0,93.0,
2025,32,DAL,QB,17,17,7-9-1,404,600,67.3,4552,30,5.0,10,1.7,220,48.2,86.0,7.6,7.84,11.3,267.8,99.5,70.2,31,208,4.91,6.88,7.12,4,3,15,"PB,AP CPoY-3",Dak Prescott,PresDa01,4774.0,8.0,2529.0,6.3,4.2,2023.0,5.0,18.0,14.0,3.0,25.0,4.3,73.0,12.5,436.0,74.8,2.4,163.0,55.0,56.0,142.0,21.6,26.0,6.8,56.0,507.0,55.0,507.0,0.0,0.0,122.0,1014.0,53.0,177.0,2.0,15.0,43.4,14.0,3.3,10.4,3.1,0.0,0.0,0.0,,0.0,0.0,,,0.0,0.0,,,53.0,3.3,177.0,2.0,6.0,140.0,2.6,37.0,0.7,3.0,17.7,0.0,,0.0,,,0.0,0.0,,0.0,,,,,,,,,0.0,0.0,0.0,0.0,0.0,0.0,3.0,-6.0,0.0,0.0,0.0,0.0,0.0,0.0,0.0,0.0,111.0,115.0,112.0,115.0,110.0,105.0,109.0,114.0,112.0,
2019,22,NYG,QB,13,12,3-9-0,284,459,61.9,3027,24,5.2,12,2.6,140,41.0,75.0,6.6,6.46,10.7,232.8,87.7,55.7,38,295,7.65,5.5,5.38,1,2,9,,Daniel Jones,JoneDa05,3689.0,8.0,1619.0,5.7,3.5,1408.0,5.0,6.0,12.0,0.0,17.0,3.8,80.0,17.9,318.0,71.1,2.5,131.0,48.0,66.0,152.0,29.0,27.0,8.4,37.0,325.0,28.0,297.0,5.0,28.0,75.0,639.0,45.0,279.0,2.0,21.0,66.7,26.0,6.2,21.5,3.5,0.0,0.0,0.0,,0.0,0.0,,,0.0,0.0,,,45.0,6.2,279.0,2.0,19.0,236.0,5.2,43.0,1.0,2.0,22.5,0.0,,0.0,,,0.0,0.0,,0.0,,8.0,816.0,93%,0.0,0%,0.0,0%,0.0,0.0,0.0,0.0,0.0,0.0,3.0,-15.0,0.0,0.0,0.0,0.0,0.0,0.0,0.0,0.0,87.0,84.0,90.0,88.0,89.0,106.0,94.0,91.0,94.0,
2020,23,NYG,QB,14,14,5-9-0,280,448,62.5,2943,11,2.5,10,2.2,157,42.8,53.0,6.6,6.06,10.5,210.2,80.4,54.0,45,286,9.13,5.39,4.92,0,0,9,,Daniel Jones,JoneDa05,3395.0,7.6,1827.0,6.5,4.1,1116.0,4.0,8.0,14.0,2.0,23.0,5.3,76.0,17.6,325.0,75.2,2.5,200.0,56.0,55.0,156.0,30.3,22.0,7.9,46.0,367.0,28.0,208.0,17.0,159.0,101.0,717.0,65.0,423.0,1.0,17.0,44.6,80.0,6.5,30.2,4.6,0.0,0.0,0.0,,0.0,0.0,,,0.0,0.0,,,65.0,6.5,423.0,1.0,10.0,375.0,5.8,48.0,0.7,1.0,65.0,0.0,,0.0,,,0.0,0.0,,0.0,,8.0,868.0,96%,0.0,0%,0.0,0%,0.0,0.0,0.0,0.0,0.0,0.0,3.0,-5.0,0.0,0.0,0.0,0.0,0.0,0.0,0.0,0.0,87.0,82.0,86.0,83.0,91.0,79.0,101.0,77.0,85.0,
2021,24,NYG,QB,11,11,4-7-0,232,361,64.3,2428,10,2.8,7,1.9,116,43.9,54.0,6.7,6.41,10.5,220.7,84.8,47.5,22,160,5.74,5.92,5.62,1,1,7,,Daniel Jones,JoneDa05,2616.0,7.2,1334.0,5.8,3.7,1094.0,4.7,5.0,12.0,1.0,19.0,5.5,64.0,18.4,265.0,76.1,2.4,120.0,37.0,36.0,95.0,23.3,24.0,6.4,38.0,160.0,25.0,111.0,10.0,49.0,93.0,652.0,62.0,298.0,2.0,16.0,48.4,46.0,4.8,27.1,5.6,1.0,1.0,16.0,16.0,0.0,1.0,100.0,16.0,0.1,1.5,100.0,16.0,63.0,5.0,314.0,2.0,7.0,256.0,4.1,42.0,0.7,1.0,62.0,13.0,13.0,3.0,3.0,13.0,0.0,0.0,0.0,0.0,118.7,8.0,673.0,95%,0.0,0%,0.0,0%,0.0,0.0,0.0,0.0,0.0,0.0,2.0,-11.0,0.0,0.0,0.0,0.0,0.0,0.0,0.0,0.0,91.0,93.0,92.0,93.0,97.0,83.0,106.0,103.0,91.0,
2022,25,NYG,QB,16,16,9-6-1,317,472,67.2,3205,15,3.2,5,1.1,171,45.7,65.0,6.8,6.95,10.1,200.3,92.5,62.9,44,243,8.53,5.74,5.89,4,5,15,AP CPoY-11,Daniel Jones,JoneDa05,3024.0,6.4,1609.0,5.1,3.4,1596.0,5.0,11.0,24.0,5.0,29.0,6.5,54.0,12.2,359.0,81.0,2.5,137.0,46.0,53.0,143.0,25.1,53.0,7.2,49.0,310.0,39.0,240.0,9.0,70.0,141.0,984.0,120.0,708.0,7.0,64.0,59.2,25.0,5.9,44.3,7.5,0.0,0.0,0.0,,0.0,0.0,,,0.0,0.0,,,120.0,5.9,708.0,7.0,6.0,562.0,4.7,146.0,1.2,2.0,60.0,0.0,,0.0,,,0.0,0.0,,0.0,,8.0,1040.0,97%,0.0,0%,0.0,0%,0.0,0.0,0.0,0.0,0.0,0.0,2.0,0.0,0.0,0.0,0.0,0.0,0.0,0.0,0.0,0.0,93.0,90.0,101.0,98.0,112.0,86.0,127.0,85.0,104.0,
2023,26,NYG,QB,6,6,1-5-0,108,160,67.5,909,2,1.3,6,3.8,43,37.4,58.0,5.7,4.24,8.4,151.5,70.5,37.1,30,167,15.79,3.91,2.69,1,1,0,,Daniel Jones,JoneDa05,1083.0,6.8,469.0,4.3,2.9,440.0,4.1,5.0,7.0,0.0,6.0,3.9,21.0,13.7,120.0,78.4,2.3,47.0,17.0,17.0,64.0,30.5,20.0,8.0,30.0,198.0,23.0,160.0,6.0,38.0,30.0,262.0,40.0,206.0,1.0,15.0,52.5,17.0,5.2,34.3,6.7,0.0,0.0,0.0,,0.0,0.0,,,0.0,0.0,,,40.0,5.2,206.0,1.0,4.0,177.0,4.4,29.0,0.7,0.0,,0.0,,0.0,,,0.0,0.0,,0.0,,8.0,325.0,82%,0.0,0%,0.0,0%,0.0,0.0,0.0,0.0,0.0,0.0,1.0,-2.0,0.0,0.0,0.0,0.0,0.0,0.0,0.0,0.0,71.0,57.0,59.0,53.0,115.0,63.0,67.0,36.0,68.0,
2024,27,NYG,QB,10,10,2-8-0,216,341,63.3,2070,8,2.3,7,2.1,106,43.0,43.0,6.1,5.62,9.6,207.0,79.4,44.4,29,172,7.84,5.13,4.71,0,0,5,,Daniel Jones,JoneDa05,2443.0,7.2,1126.0,5.2,3.3,944.0,4.4,7.0,17.0,4.0,24.0,7.5,40.0,12.5,254.0,79.4,2.4,89.0,21.0,44.0,94.0,24.5,14.0,5.5,7.0,62.0,5.0,49.0,2.0,13.0,5.0,18.0,67.0,265.0,2.0,26.0,59.7,24.0,4.0,26.5,6.7,0.0,0.0,0.0,,0.0,0.0,,,0.0,0.0,,,67.0,4.0,265.0,2.0,4.0,186.0,2.8,79.0,1.2,5.0,13.4,0.0,,0.0,,,0.0,0.0,,0.0,,8.0,677.0,98%,0.0,0%,0.0,0%,0.0,0.0,0.0,0.0,0.0,0.0,1.0,0.0,0.0,0.0,0.0,0.0,0.0,0.0,0.0,0.0,79.0,82.0,81.0,83.0,94.0,77.0,104.0,94.0,83.0,
2025,28,IND,QB,13,13,8-5-0,261,384,68.0,3101,19,4.9,8,2.1,149,52.0,75.0,8.1,8.13,11.9,238.5,100.2,63.0,22,158,5.42,7.25,7.3,3,3,13,,Daniel Jones,JoneDa05,3063.0,8.0,1750.0,6.7,4.6,1351.0,5.2,8.0,10.0,2.0,14.0,3.8,45.0,12.1,290.0,78.0,2.3,127.0,24.0,41.0,87.0,20.3,23.0,6.6,61.0,518.0,52.0,491.0,5.0,27.0,103.0,872.0,45.0,164.0,5.0,19.0,53.3,19.0,3.6,12.6,3.5,0.0,0.0,0.0,,0.0,0.0,,,0.0,0.0,,,45.0,3.6,164.0,5.0,9.0,137.0,3.0,27.0,0.6,1.0,45.0,0.0,,0.0,,,0.0,0.0,,0.0,,17.0,756.0,91%,0.0,0%,0.0,0%,0.0,0.0,0.0,0.0,0.0,0.0,3.0,0.0,0.0,0.0,0.0,0.0,0.0,0.0,0.0,0.0,122.0,123.0,117.0,118.0,112.0,104.0,101.0,110.0,113.0,
2024,22,NWE,QB,13,12,3-9-0,225,338,66.6,2276,15,4.4,10,3.0,112,46.0,40.0,6.7,6.29,10.1,175.1,88.1,55.2,34,229,9.14,5.5,5.1,0,0,8,"PB,AP ORoY-8",Drake Maye,MayeDr00,2442.0,7.2,1084.0,4.8,3.2,1192.0,5.3,7.0,14.0,1.0,11.0,3.4,53.0,16.4,246.0,76.2,2.3,96.0,23.0,26.0,83.0,19.9,45.0,9.0,0.0,0.0,0.0,0.0,0.0,0.0,0.0,0.0,54.0,421.0,2.0,22.0,64.8,41.0,7.8,32.4,4.2,0.0,0.0,0.0,,0.0,0.0,,,0.0,0.0,,,54.0,7.8,421.0,2.0,9.0,335.0,6.2,86.0,1.6,2.0,27.0,0.0,,0.0,,,0.0,0.0,,0.0,,,,,,,,,0.0,0.0,0.0,0.0,0.0,0.0,4.0,-26.0,0.0,0.0,0.0,0.0,0.0,0.0,0.0,0.0,93.0,89.0,91.0,88.0,107.0,102.0,86.0,84.0,96.0,
2025,23,NWE,QB,17,17,14-3-0,354,492,72.0,4394,31,6.3,8,1.6,203,54.7,72.0,8.9,9.46,12.4,258.5,113.5,77.1,47,201,8.72,7.78,8.26,1,2,18,"PB,AP-2,AP MVP-2,AP OPoY-5",Drake Maye,MayeDr00,4484.0,9.1,2648.0,7.5,5.4,1746.0,4.9,11.0,20.0,0.0,13.0,2.8,65.0,13.8,373.0,79.0,2.4,158.0,42.0,42.0,131.0,21.8,62.0,6.9,39.0,279.0,32.0,235.0,7.0,44.0,103.0,1049.0,103.0,450.0,4.0,38.0,47.6,28.0,4.4,26.5,6.1,1.0,1.0,2.0,2.0,0.0,0.0,0.0,2.0,0.1,0.1,100.0,2.0,104.0,4.3,452.0,4.0,8.0,335.0,3.3,115.0,1.1,2.0,51.5,-8.0,-8.0,10.0,10.0,-8.0,0.0,0.0,0.0,0.0,79.2,,,,,,,,0.0,0.0,0.0,0.0,0.0,0.0,5.0,-7.0,0.0,0.0,0.0,0.0,0.0,0.0,0.0,0.0,140.0,134.0,137.0,131.0,127.0,121.0,109.0,87.0,133.0,
2013,23,NYJ,QB,16,16,8-8-0,247,443,55.8,3046,12,2.7,21,4.7,148,39.5,69.0,6.9,5.28,12.3,190.4,66.5,41.0,43,315,8.85,5.62,4.17,2,5,7,,Geno Smith,SmitGe00,,,,,,,,,,,,,,,,,,,,,,,,,,,,,,,,,72.0,366.0,6.0,24.0,50.0,32.0,5.1,22.9,4.5,1.0,1.0,13.0,13.0,0.0,1.0,100.0,13.0,0.1,0.8,100.0,13.0,73.0,5.2,379.0,6.0,8.0,,,,,,,,,,,,,,,,,7.0,985.0,94%,0.0,0%,0.0,0%,0.0,0.0,0.0,0.0,0.0,0.0,3.0,-2.0,0.0,0.0,0.0,0.0,0.0,0.0,0.0,0.0,94.0,86.0,79.0,76.0,78.0,81.0,63.0,80.0,73.0,
2014,24,NYJ,QB,14,13,3-10-0,219,367,59.7,2525,13,3.5,13,3.5,119,41.8,74.0,6.9,5.99,11.5,180.4,77.5,45.8,28,175,7.09,5.95,5.13,1,2,7,,Geno Smith,SmitGe00,,,,,,,,,,,,,,,,,,,,,,,,,,,,,,,,,59.0,238.0,1.0,18.0,42.4,18.0,4.0,17.0,4.2,1.0,0.0,0.0,,0.0,0.0,0.0,,0.0,0.0,0.0,0.0,59.0,4.0,238.0,1.0,8.0,,,,,,,,,,,,,,,,,7.0,816.0,85%,0.0,0%,0.0,0%,0.0,0.0,0.0,0.0,0.0,0.0,5.0,-21.0,0.0,0.0,0.0,0.0,0.0,0.0,0.0,0.0,93.0,92.0,87.0,87.0,89.0,89.0,83.0,94.0,85.0,
2015,25,NYJ,QB,1,0,,27,42,64.3,265,2,4.8,1,2.4,14,53.3,28.0,6.3,6.19,9.8,265.0,87.9,56.9,3,19,6.67,5.47,5.36,0,0,1,,Geno Smith,SmitGe00,,,,,,,,,,,,,,,,,,,,,,,,,,,,,,,,,2.0,34.0,0.0,1.0,100.0,29.0,17.0,34.0,2.0,0.0,0.0,0.0,,0.0,0.0,,,0.0,0.0,,,2.0,17.0,34.0,0.0,0.0,,,,,,,,,,,,,,,,,7.0,65.0,89%,0.0,0%,0.0,0%,,,,,,,,,,,,,,,,,,,,,,,,,,
2016,26,NYJ,QB,2,1,1-0-0,8,14,57.1,126,1,7.1,1,7.1,3,41.2,69.0,9.0,7.21,15.8,63.0,81.2,26.2,3,19,17.65,6.29,4.82,0,0,0,,Geno Smith,SmitGe00,,,,,,,,,,,,,,,,,,,,,,,,,,,,,,,,,2.0,9.0,0.0,1.0,50.0,7.0,4.5,4.5,1.0,0.0,0.0,0.0,,0.0,0.0,,,0.0,0.0,,,2.0,4.5,9.0,0.0,1.0,,,,,,,,,,,,,,,,,7.0,33.0,27%,0.0,0%,0.0,0%,0.0,0.0,0.0,0.0,0.0,0.0,0.0,0.0,0.0,0.0,0.0,0.0,0.0,,,0.0,,,,,,,,,,
2017,27,NYG,QB,2,1,0-1-0,21,36,58.3,212,1,2.8,0,0.0,8,38.5,47.0,5.9,6.44,10.1,106.0,84.5,39.8,3,12,7.69,5.13,5.64,0,0,1,,Geno Smith,SmitGe00,,,,,,,,,,,,,,,,,,,,,,,,,,,,,,,,,4.0,12.0,0.0,2.0,50.0,10.0,3.0,6.0,2.0,0.0,0.0,0.0,,0.0,0.0,,,0.0,0.0,,,4.0,3.0,12.0,0.0,2.0,,,,,,,,,,,,,,,,,3.0,66.0,51%,0.0,0%,0.0,0%,0.0,0.0,0.0,0.0,0.0,0.0,0.0,0.0,0.0,0.0,0.0,0.0,0.0,0.0,0.0,0.0,,,,,,,,,,
2018,28,LAC,QB,5,0,,1,4,25.0,8,0,0.0,0,0.0,0,,8.0,2.0,2.0,8.0,1.6,39.6,0.7,1,16,20.0,-1.6,-1.6,0,0,0,,Geno Smith,SmitGe00,11.0,2.8,-3.0,-3.0,-0.8,11.0,11.0,0.0,1.0,0.0,0.0,0.0,0.0,0.0,,,2.6,1.0,2.0,2.0,5.0,83.3,1.0,9.0,,,,,,,,,8.0,2.0,0.0,0.0,12.5,9.0,0.3,0.4,1.6,0.0,0.0,0.0,,0.0,0.0,,,0.0,0.0,,,8.0,0.3,2.0,0.0,1.0,2.0,0.3,0.0,0.0,0.0,,0.0,,0.0,,,0.0,0.0,,0.0,,3.0,32.0,10%,0.0,0%,0.0,0%,0.0,0.0,0.0,0.0,0.0,0.0,0.0,0.0,0.0,0.0,0.0,0.0,0.0,0.0,0.0,0.0,,,,,,,,,,
2020,30,SEA,QB,1,0,,4,5,80.0,33,0,0.0,0,0.0,3,50.0,14.0,6.6,6.6,8.3,33.0,94.2,3.9,1,3,16.67,5.0,5.0,0,0,0,,Geno Smith,SmitGe00,25.0,5.0,19.0,4.8,3.8,14.0,3.5,0.0,0.0,0.0,0.0,0.0,1.0,20.0,4.0,80.0,2.1,4.0,0.0,1.0,2.0,33.3,0.0,,3.0,12.0,1.0,14.0,2.0,-2.0,1.0,14.0,2.0,-2.0,0.0,0.0,0.0,,-1.0,-2.0,2.0,0.0,0.0,0.0,,0.0,0.0,,,0.0,0.0,,,2.0,-1.0,-2.0,0.0,1.0,-2.0,-1.0,0.0,0.0,0.0,,0.0,,0.0,,,0.0,0.0,,0.0,,7.0,18.0,25%,0.0,0%,0.0,0%,0.0,0.0,0.0,0.0,0.0,0.0,0.0,-6.0,0.0,0.0,0.0,0.0,0.0,0.0,0.0,0.0,,,,,,,,,,
2021,31,SEA,QB,4,3,1-2-0,65,95,68.4,702,5,5.3,1,1.1,31,44.4,84.0,7.4,7.97,10.8,175.5,103.0,51.8,13,117,12.04,5.42,5.93,0,0,2,,Geno Smith,SmitGe00,669.0,7.0,342.0,5.3,3.6,360.0,5.5,3.0,6.0,1.0,0.0,0.0,13.0,14.8,65.0,73.9,2.5,38.0,12.0,6.0,31.0,27.7,4.0,9.3,3.0,25.0,3.0,25.0,0.0,0.0,19.0,214.0,9.0,42.0,1.0,3.0,77.8,12.0,4.7,10.5,2.3,0.0,0.0,0.0,,0.0,0.0,,,0.0,0.0,,,9.0,4.7,42.0,1.0,1.0,28.0,3.1,14.0,1.6,2.0,4.5,0.0,,0.0,,,0.0,0.0,,0.0,,7.0,203.0,84%,0.0,0%,0.0,0%,0.0,0.0,0.0,0.0,0.0,0.0,0.0,0.0,0.0,0.0,0.0,0.0,0.0,0.0,0.0,0.0,105.0,83.0,113.0,97.0,115.0,107.0,124.0,59.0,115.0,
2022,32,SEA,QB,17,17,9-8-0,399,572,69.8,4282,30,5.2,11,1.9,206,48.2,54.0,7.5,7.67,10.7,251.9,100.9,62.8,46,348,7.44,6.37,6.54,2,3,15,"PB,AP MVP-9,AP CPoY-1",Geno Smith,SmitGe00,4325.0,7.6,2506.0,6.3,4.4,1776.0,4.5,11.0,20.0,1.0,18.0,3.3,65.0,11.8,434.0,78.8,2.4,170.0,37.0,64.0,147.0,22.5,34.0,9.1,37.0,283.0,34.0,278.0,2.0,5.0,135.0,1150.0,68.0,366.0,1.0,24.0,55.9,25.0,5.4,21.5,4.0,0.0,0.0,0.0,,0.0,0.0,,,0.0,0.0,,,68.0,5.4,366.0,1.0,8.0,326.0,4.8,40.0,0.6,2.0,34.0,0.0,,0.0,,,0.0,0.0,,0.0,,,,,,,,,0.0,0.0,0.0,0.0,0.0,0.0,2.0,2.0,0.0,0.0,1.0,1.0,0.0,0.0,0.0,0.0,110.0,104.0,113.0,108.0,124.0,111.0,108.0,93.0,117.0,
2023,33,SEA,QB,15,15,8-7-0,323,499,64.7,3624,20,4.0,9,1.8,169,47.2,73.0,7.3,7.25,11.2,241.6,92.1,60.3,31,231,5.85,6.4,6.39,4,5,12,PB,Geno Smith,SmitGe00,3500.0,7.0,1910.0,5.9,3.8,1714.0,5.3,18.0,21.0,4.0,24.0,5.1,69.0,14.6,358.0,75.5,2.4,145.0,63.0,46.0,140.0,25.5,20.0,7.9,49.0,493.0,45.0,483.0,3.0,10.0,113.0,1115.0,37.0,155.0,1.0,10.0,40.5,25.0,4.2,10.3,2.5,1.0,1.0,-2.0,-2.0,0.0,0.0,0.0,-2.0,0.1,-0.1,100.0,-2.0,38.0,4.0,153.0,1.0,5.0,143.0,3.9,12.0,0.3,0.0,,-8.0,-8.0,6.0,6.0,-8.0,0.0,0.0,0.0,0.0,79.2,,,,,,,,0.0,0.0,0.0,0.0,0.0,0.0,2.0,-3.0,0.0,0.0,0.0,0.0,0.0,0.0,0.0,0.0,105.0,106.0,107.0,108.0,102.0,99.0,111.0,107.0,105.0,
2024,34,SEA,QB,17,17,10-7-0,407,578,70.4,4320,21,3.6,15,2.6,209,48.4,71.0,7.5,7.03,10.6,254.1,93.2,50.4,50,338,7.96,6.34,5.93,4,4,12,,Geno Smith,SmitGe00,3942.0,6.8,2139.0,5.3,3.7,2181.0,5.4,14.0,20.0,2.0,20.0,3.6,58.0,10.4,455.0,81.8,2.4,138.0,36.0,57.0,143.0,21.9,24.0,10.7,0.0,0.0,0.0,0.0,0.0,0.0,0.0,0.0,53.0,272.0,2.0,17.0,35.8,34.0,5.1,16.0,3.1,0.0,0.0,0.0,,0.0,0.0,,,0.0,0.0,,,53.0,5.1,272.0,2.0,9.0,254.0,4.8,18.0,0.3,0.0,,0.0,,0.0,,,0.0,0.0,,0.0,,7.0,1075.0,98%,0.0,0%,0.0,0%,0.0,0.0,0.0,0.0,0.0,0.0,6.0,-47.0,0.0,0.0,0.0,0.0,0.0,0.0,0.0,0.0,108.0,104.0,102.0,99.0,122.0,92.0,93.0,93.0,104.0,
2025,35,LVR,QB,15,15,2-13-0,302,448,67.4,3025,19,4.2,17,3.8,148,45.3,61.0,6.8,5.89,10.0,201.7,84.7,34.1,55,405,10.93,5.21,4.44,0,0,7,,Geno Smith,SmitGe00,2713.0,6.1,1312.0,4.3,2.9,1713.0,5.7,12.0,16.0,2.0,15.0,3.5,49.0,11.4,331.0,77.0,2.5,146.0,22.0,42.0,119.0,22.8,18.0,6.1,45.0,296.0,41.0,276.0,1.0,20.0,95.0,719.0,41.0,109.0,0.0,13.0,41.5,20.0,2.7,7.3,2.7,0.0,0.0,0.0,,0.0,0.0,,,0.0,0.0,,,41.0,2.7,109.0,0.0,4.0,57.0,1.4,52.0,1.3,2.0,20.5,0.0,,0.0,,,0.0,0.0,,0.0,,7.0,863.0,97%,0.0,0%,0.0,0%,0.0,0.0,0.0,0.0,0.0,0.0,3.0,-2.0,0.0,0.0,0.0,0.0,0.0,0.0,0.0,0.0,93.0,81.0,83.0,76.0,110.0,96.0,72.0,71.0,89.0,
2025,22,MIN,QB,10,10,6-4-0,140,243,57.6,1632,11,4.5,12,4.9,80,41.1,62.0,6.7,5.4,11.7,163.2,72.6,35.6,27,149,10.0,5.49,4.31,1,1,4,,JJ McCarthy,McCaJJ00,2166.0,8.9,940.0,6.7,3.9,692.0,4.9,16.0,4.0,0.0,12.0,5.0,51.0,21.3,159.0,66.5,2.5,70.0,10.0,39.0,76.0,26.5,17.0,9.2,20.0,123.0,13.0,84.0,4.0,39.0,65.0,400.0,37.0,181.0,4.0,12.0,45.9,26.0,4.9,18.1,3.7,0.0,0.0,0.0,,0.0,0.0,,,0.0,0.0,,,37.0,4.9,181.0,4.0,6.0,118.0,3.2,63.0,1.7,5.0,7.4,0.0,,0.0,,,0.0,0.0,,0.0,,9.0,523.0,91%,0.0,0%,0.0,0%,0.0,0.0,0.0,0.0,0.0,0.0,4.0,-5.0,0.0,0.0,0.0,0.0,0.0,0.0,0.0,0.0,92.0,87.0,76.0,74.0,72.0,99.0,53.0,78.0,71.0,
2016,24,NWE,QB,3,2,1-1-0,34,55,61.8,400,0,0.0,0,0.0,18,42.6,58.0,7.3,7.27,11.8,133.3,83.9,40.2,6,46,9.84,5.8,5.8,0,0,2,,Jacoby Brissett,BrisJa00,,,,,,,,,,,,,,,,,,,,,,,,,,,,,,,,,16.0,83.0,1.0,5.0,43.8,27.0,5.2,27.7,5.3,0.0,0.0,0.0,,0.0,0.0,,,0.0,0.0,,,16.0,5.2,83.0,1.0,3.0,,,,,,,,,,,,,,,,,7.0,156.0,79%,0.0,0%,0.0,0%,0.0,0.0,0.0,0.0,0.0,0.0,1.0,0.0,0.0,0.0,0.0,0.0,0.0,0.0,0.0,0.0,103.0,89.0,104.0,95.0,96.0,48.0,142.0,69.0,93.0,
2017,25,IND,QB,16,15,4-11-0,276,469,58.8,3098,13,2.8,7,1.5,146,40.1,80.0,6.6,6.49,11.2,193.6,81.7,44.0,52,305,9.98,5.36,5.26,0,1,11,,Jacoby Brissett,BrisJa00,,,,,,,,,,,,,,,,,,,,,,,,,,,,,,,,,63.0,260.0,4.0,15.0,33.3,25.0,4.1,16.3,3.9,0.0,0.0,0.0,,0.0,0.0,,,0.0,0.0,,,63.0,4.1,260.0,4.0,8.0,,,,,,,,,,,,,,,,,7.0,989.0,96%,0.0,0%,0.0,0%,0.0,0.0,0.0,0.0,0.0,0.0,5.0,-13.0,0.0,0.0,0.0,0.0,0.0,0.0,0.0,0.0,88.0,82.0,93.0,88.0,84.0,82.0,114.0,73.0,89.0,
2018,26,IND,QB,4,0,,2,4,50.0,2,0,0.0,0,0.0,1,25.0,4.0,0.5,0.5,1.0,0.5,56.2,100.0,0,0,0.0,0.5,0.5,0,0,0,,Jacoby Brissett,BrisJa00,82.0,20.5,1.0,0.5,0.3,1.0,0.5,0.0,0.0,0.0,0.0,0.0,1.0,25.0,,,2.1,2.0,1.0,1.0,2.0,50.0,0.0,,,,,,,,,,7.0,-7.0,0.0,0.0,0.0,-1.0,-1.0,-1.8,1.8,0.0,0.0,0.0,,0.0,0.0,,,0.0,0.0,,,7.0,-1.0,-7.0,0.0,0.0,-7.0,-1.0,0.0,0.0,0.0,,0.0,,0.0,,,0.0,0.0,,0.0,,7.0,18.0,7%,0.0,0%,0.0,0%,,,,,,,,,,,,,,,,,,,,,,,,,,
2019,27,IND,QB,15,15,7-8-0,272,447,60.9,2942,18,4.0,6,1.3,143,42.8,50.0,6.6,6.78,10.8,196.1,88.0,52.1,27,159,5.7,5.87,6.06,2,2,10,,Jacoby Brissett,BrisJa00,3521.0,7.9,1437.0,5.3,3.2,1505.0,5.5,12.0,21.0,3.0,24.0,5.7,78.0,18.4,315.0,74.5,2.6,135.0,56.0,54.0,137.0,27.0,33.0,6.1,60.0,343.0,50.0,305.0,9.0,38.0,110.0,827.0,56.0,228.0,4.0,20.0,55.4,24.0,4.1,15.2,3.7,1.0,1.0,2.0,2.0,0.0,0.0,0.0,2.0,0.1,0.1,100.0,2.0,57.0,4.0,230.0,4.0,7.0,186.0,3.3,42.0,0.8,1.0,56.0,0.0,0.0,2.0,2.0,0.0,0.0,0.0,0.0,0.0,79.2,7.0,947.0,94%,0.0,0%,0.0,0%,0.0,0.0,0.0,0.0,0.0,0.0,1.0,-5.0,0.0,0.0,0.0,0.0,0.0,0.0,0.0,0.0,86.0,91.0,95.0,97.0,85.0,94.0,116.0,106.0,94.0,
2020,28,IND,QB,11,0,,2,8,25.0,17,0,0.0,0,0.0,1,10.0,13.0,2.1,2.13,8.5,1.5,39.6,58.3,2,15,20.0,0.2,0.2,0,0,0,,Jacoby Brissett,BrisJa00,65.0,8.1,-1.0,-0.5,-0.1,18.0,9.0,0.0,1.0,0.0,1.0,14.3,3.0,42.9,4.0,57.1,2.8,3.0,3.0,0.0,5.0,45.5,1.0,2.0,4.0,8.0,0.0,0.0,3.0,8.0,2.0,4.0,17.0,19.0,3.0,9.0,58.8,5.0,1.1,1.7,1.5,0.0,0.0,0.0,,0.0,0.0,,,0.0,0.0,,,17.0,1.1,19.0,3.0,0.0,8.0,0.5,11.0,0.6,0.0,,0.0,,0.0,,,0.0,0.0,,0.0,,7.0,47.0,6%,0.0,0%,0.0,0%,,,,,,,,,,,,,,,,,,,,,,,,,,
2021,29,MIA,QB,11,5,2-3-0,141,225,62.7,1283,5,2.2,4,1.8,69,46.3,52.0,5.7,5.35,9.1,116.6,78.1,54.3,19,132,7.79,4.72,4.39,0,0,2,,Jacoby Brissett,BrisJa00,1691.0,7.5,775.0,5.5,3.4,508.0,3.6,1.0,7.0,1.0,17.0,7.8,37.0,17.1,158.0,72.8,2.4,63.0,27.0,24.0,70.0,27.2,13.0,5.0,23.0,156.0,21.0,152.0,1.0,4.0,33.0,243.0,19.0,70.0,1.0,9.0,63.2,19.0,3.7,6.4,1.7,0.0,0.0,0.0,,0.0,0.0,,,0.0,0.0,,,19.0,3.7,70.0,1.0,6.0,57.0,3.0,13.0,0.7,0.0,,0.0,,0.0,,,0.0,0.0,,0.0,,14.0,376.0,52%,0.0,0%,0.0,0%,0.0,0.0,0.0,0.0,0.0,0.0,2.0,-9.0,0.0,0.0,0.0,0.0,0.0,0.0,0.0,0.0,70.0,70.0,77.0,77.0,90.0,77.0,109.0,89.0,81.0,
2022,30,CLE,QB,16,11,4-7-0,236,369,64.0,2608,12,3.3,6,1.6,129,44.5,55.0,7.1,6.99,11.1,163.0,88.9,62.0,24,160,6.11,6.23,6.15,2,2,10,,Jacoby Brissett,BrisJa00,3154.0,8.5,1513.0,6.4,4.1,1095.0,4.6,5.0,16.0,3.0,25.0,7.1,48.0,13.7,265.0,75.7,2.5,101.0,39.0,39.0,102.0,24.5,23.0,8.7,11.0,36.0,11.0,36.0,0.0,0.0,76.0,700.0,49.0,243.0,2.0,28.0,65.3,22.0,5.0,15.2,3.1,0.0,0.0,0.0,,0.0,0.0,,,0.0,0.0,,,49.0,5.0,243.0,2.0,6.0,170.0,3.5,73.0,1.5,2.0,24.5,0.0,,0.0,,,0.0,0.0,,0.0,,7.0,787.0,71%,0.0,0%,0.0,0%,0.0,0.0,0.0,0.0,0.0,0.0,1.0,-1.0,0.0,0.0,1.0,0.0,1.0,0.0,0.0,0.0,100.0,101.0,102.0,102.0,97.0,87.0,115.0,102.0,98.0,
2023,31,WAS,QB,3,0,,18,23,78.3,224,3,13.0,0,0.0,10,56.5,48.0,9.7,12.35,12.4,74.7,146.8,95.7,0,0,0.0,9.74,12.35,0,0,1,,Jacoby Brissett,BrisJa00,178.0,7.7,154.0,8.6,6.7,70.0,3.9,0.0,1.0,0.0,1.0,4.5,1.0,4.5,19.0,86.4,2.5,2.0,0.0,2.0,2.0,8.0,2.0,9.5,0.0,0.0,0.0,0.0,0.0,0.0,3.0,21.0,3.0,19.0,0.0,0.0,66.7,10.0,6.3,6.3,1.0,0.0,0.0,0.0,,0.0,0.0,,,0.0,0.0,,,3.0,6.3,19.0,0.0,0.0,10.0,3.3,9.0,3.0,0.0,,0.0,,0.0,,,0.0,0.0,,0.0,,12.0,46.0,26%,0.0,0%,0.0,0%,,,,,,,,,,,,,,,,,,,,,,,,,,
2024,32,NWE,QB,8,5,1-4-0,95,161,59.0,826,2,1.2,1,0.6,41,35.8,50.0,5.1,5.1,8.7,103.3,74.2,41.5,18,119,10.06,3.95,3.92,1,1,0,,Jacoby Brissett,BrisJa00,1038.0,6.4,389.0,4.1,2.4,437.0,4.6,1.0,7.0,1.0,13.0,8.5,29.0,19.0,118.0,77.1,2.4,55.0,16.0,28.0,62.0,33.0,9.0,7.2,2.0,19.0,2.0,19.0,0.0,0.0,3.0,10.0,15.0,62.0,0.0,5.0,53.3,16.0,4.1,7.8,1.9,0.0,0.0,0.0,,0.0,0.0,,,0.0,0.0,,,15.0,4.1,62.0,0.0,4.0,49.0,3.3,13.0,0.9,0.0,,0.0,,0.0,,,0.0,0.0,,0.0,,7.0,351.0,70%,0.0,0%,0.0,0%,0.0,0.0,0.0,0.0,0.0,0.0,2.0,0.0,0.0,0.0,0.0,0.0,0.0,0.0,0.0,0.0,60.0,60.0,74.0,72.0,77.0,64.0,131.0,77.0,76.0,
2025,33,ARI,QB,14,12,1-11-0,315,485,64.9,3366,23,4.7,8,1.6,165,45.8,50.0,6.9,7.15,10.7,240.4,94.1,41.2,43,288,8.14,5.83,6.02,0,0,10,,Jacoby Brissett,BrisJa00,3691.0,7.6,1809.0,5.7,3.7,1557.0,4.9,4.0,25.0,1.0,11.0,2.4,81.0,17.6,336.0,73.2,2.4,104.0,45.0,63.0,151.0,27.5,22.0,6.8,41.0,237.0,34.0,230.0,2.0,7.0,108.0,799.0,38.0,168.0,1.0,16.0,52.6,15.0,4.4,12.0,2.7,0.0,0.0,0.0,,0.0,0.0,,,0.0,0.0,,,38.0,4.4,168.0,1.0,5.0,115.0,3.0,53.0,1.4,2.0,19.0,0.0,,0.0,,,0.0,0.0,,0.0,,7.0,812.0,87%,0.0,0%,0.0,0%,0.0,0.0,0.0,0.0,0.0,0.0,1.0,-2.0,0.0,0.0,0.0,0.0,0.0,0.0,0.0,0.0,97.0,94.0,102.0,99.0,100.0,102.0,109.0,91.0,103.0,
2020,22,PHI,QB,15,4,1-3-0,77,148,52.0,1061,6,4.1,4,2.7,45,38.5,81.0,7.2,6.76,13.8,70.7,77.6,33.8,13,59,8.07,6.22,5.85,0,0,4,,Jalen Hurts,HurtJa00,1350.0,9.1,593.0,7.7,4.0,468.0,6.1,5.0,12.0,1.0,4.0,3.0,36.0,26.7,82.0,60.7,2.3,55.0,16.0,12.0,41.0,22.2,24.0,6.9,40.0,338.0,15.0,198.0,22.0,140.0,19.0,236.0,63.0,354.0,3.0,25.0,50.8,24.0,5.6,23.6,4.2,1.0,1.0,3.0,3.0,0.0,0.0,0.0,3.0,0.1,0.2,100.0,3.0,64.0,5.6,357.0,3.0,9.0,285.0,4.5,69.0,1.1,4.0,15.8,-6.0,-6.0,9.0,9.0,-6.0,1.0,0.0,0.0,0.0,79.2,2.0,334.0,32%,0.0,0%,0.0,0%,0.0,0.0,0.0,0.0,0.0,0.0,3.0,-12.0,0.0,0.0,0.0,0.0,0.0,0.0,0.0,0.0,100.0,98.0,96.0,95.0,46.0,95.0,92.0,85.0,81.0,1.0
2021,23,PHI,QB,15,15,8-7-0,265,432,61.3,3144,16,3.7,9,2.1,153,43.9,91.0,7.3,7.08,11.9,209.6,87.2,54.6,26,150,5.68,6.54,6.35,2,2,17,,Jalen Hurts,HurtJa00,3863.0,8.9,1681.0,6.3,3.9,1463.0,5.5,11.0,22.0,2.0,22.0,5.4,57.0,14.0,319.0,78.2,2.6,124.0,76.0,32.0,134.0,26.4,50.0,8.3,154.0,1178.0,95.0,819.0,52.0,359.0,111.0,994.0,139.0,784.0,10.0,57.0,61.9,31.0,5.6,52.3,9.3,1.0,0.0,0.0,,0.0,0.0,0.0,,0.0,0.0,0.0,0.0,139.0,5.6,784.0,10.0,9.0,642.0,4.6,142.0,1.0,9.0,15.4,0.0,,0.0,,3.0,0.0,0.0,0.0,0.0,39.6,1.0,954.0,98%,0.0,0%,0.0,0%,0.0,0.0,0.0,0.0,0.0,0.0,3.0,-23.0,0.0,0.0,0.0,0.0,0.0,0.0,0.0,0.0,103.0,105.0,101.0,102.0,85.0,92.0,103.0,104.0,94.0,
2022,24,PHI,QB,15,15,14-1-0,306,460,66.5,3701,22,4.8,6,1.3,171,46.4,68.0,8.0,8.42,12.1,246.7,101.5,68.3,38,231,7.63,6.97,7.31,1,2,20,"PB,AP-2,AP MVP-2,AP OPoY-3",Jalen Hurts,HurtJa00,3734.0,8.1,1928.0,6.3,4.2,1773.0,5.8,13.0,23.0,0.0,22.0,5.0,62.0,14.2,340.0,77.8,2.3,172.0,39.0,22.0,99.0,18.3,44.0,7.8,148.0,1156.0,122.0,1068.0,21.0,88.0,133.0,1094.0,165.0,760.0,13.0,70.0,59.4,42.0,4.6,50.7,11.0,0.0,0.0,0.0,,0.0,0.0,,,0.0,0.0,,,165.0,4.6,760.0,13.0,9.0,627.0,3.8,133.0,0.8,8.0,20.6,0.0,,0.0,,,0.0,0.0,,0.0,,,,,,,,,0.0,0.0,0.0,0.0,0.0,0.0,2.0,-13.0,0.0,0.0,2.0,2.0,0.0,0.0,0.0,0.0,123.0,117.0,125.0,119.0,109.0,106.0,122.0,91.0,118.0,
2023,25,PHI,QB,17,17,11-6-0,352,538,65.4,3858,23,4.3,15,2.8,185,46.7,63.0,7.2,6.77,11.0,226.9,89.1,60.9,36,222,6.27,6.33,5.96,3,4,18,PB,Jalen Hurts,HurtJa00,4646.0,8.6,2161.0,6.1,4.0,1697.0,4.8,14.0,35.0,0.0,19.0,3.8,72.0,14.3,397.0,78.9,2.6,185.0,59.0,29.0,124.0,20.0,47.0,6.8,116.0,582.0,89.0,498.0,20.0,84.0,81.0,646.0,157.0,605.0,15.0,68.0,61.1,24.0,3.9,35.6,9.2,0.0,0.0,0.0,,0.0,0.0,,,0.0,0.0,,,157.0,3.9,605.0,15.0,9.0,485.0,3.1,120.0,0.8,3.0,52.3,0.0,,0.0,,,0.0,0.0,,0.0,,,,,,,,,0.0,0.0,0.0,0.0,0.0,0.0,4.0,-3.0,0.0,0.0,0.0,0.0,0.0,0.0,0.0,0.0,103.0,105.0,99.0,101.0,105.0,102.0,89.0,104.0,100.0,
2024,26,PHI,QB,15,15,12-3-0,248,361,68.7,2903,18,5.0,5,1.4,174,46.6,67.0,8.0,8.42,11.7,193.5,103.7,62.5,38,271,9.52,6.6,6.93,3,4,16,,Jalen Hurts,HurtJa00,2812.0,7.8,1528.0,6.2,4.2,1375.0,5.5,8.0,25.0,1.0,6.0,1.8,45.0,13.4,265.0,79.1,2.7,126.0,29.0,23.0,90.0,20.5,39.0,9.4,2.0,8.0,2.0,8.0,0.0,0.0,6.0,34.0,150.0,630.0,14.0,76.0,55.3,35.0,4.2,42.0,10.0,0.0,0.0,0.0,,0.0,0.0,,,0.0,0.0,,,150.0,4.2,630.0,14.0,9.0,449.0,3.0,181.0,1.2,11.0,13.6,0.0,,0.0,,,0.0,0.0,,0.0,,1.0,934.0,91%,0.0,0%,0.0,0%,0.0,0.0,0.0,0.0,0.0,0.0,2.0,-8.0,0.0,0.0,0.0,0.0,0.0,0.0,0.0,0.0,120.0,109.0,122.0,113.0,115.0,108.0,117.0,81.0,119.0,
2025,27,PHI,QB,16,16,11-5-0,294,454,64.8,3224,25,5.5,6,1.3,150,43.2,79.0,7.1,7.61,11.0,201.5,98.5,55.2,32,181,6.58,6.26,6.73,1,1,13,PB,Jalen Hurts,HurtJa00,4085.0,9.0,1959.0,6.7,4.3,1265.0,4.3,8.0,22.0,2.0,11.0,2.6,72.0,16.7,318.0,74.0,2.5,162.0,48.0,25.0,105.0,20.0,40.0,6.7,80.0,476.0,67.0,427.0,10.0,49.0,79.0,610.0,105.0,421.0,8.0,40.0,53.3,29.0,4.0,26.3,6.6,0.0,0.0,0.0,,0.0,0.0,,,0.0,0.0,,,105.0,4.0,421.0,8.0,8.0,347.0,3.3,74.0,0.7,3.0,35.0,0.0,,0.0,,,0.0,0.0,,0.0,,,,,,,,,0.0,0.0,0.0,0.0,0.0,0.0,3.0,-7.0,0.0,0.0,0.0,0.0,0.0,0.0,0.0,0.0,101.0,102.0,109.0,109.0,100.0,111.0,115.0,102.0,110.0,
2016,22,LAR,QB,7,7,0-7-0,112,205,54.6,1089,5,2.4,7,3.4,48,29.4,66.0,5.3,4.26,9.7,155.6,63.6,18.3,26,222,11.26,3.75,2.82,0,0,-2,,Jared Goff,GoffJa00,,,,,,,,,,,,,,,,,,,,,,,,,,,,,,,,,8.0,16.0,1.0,1.0,25.0,6.0,2.0,2.3,1.1,0.0,0.0,0.0,,0.0,0.0,,,0.0,0.0,,,8.0,2.0,16.0,1.0,5.0,,,,,,,,,,,,,,,,,16.0,392.0,94%,0.0,0%,0.0,0%,0.0,0.0,0.0,0.0,0.0,0.0,1.0,0.0,0.0,0.0,0.0,0.0,0.0,0.0,0.0,0.0,58.0,45.0,62.0,52.0,68.0,77.0,81.0,57.0,64.0,
2017,23,LAR,QB,15,15,11-4-0,296,477,62.1,3804,28,5.9,7,1.5,177,46.6,94.0,8.0,8.49,12.9,253.6,100.5,56.3,25,172,4.98,7.24,7.72,1,1,15,PB,Jared Goff,GoffJa00,,,,,,,,,,,,,,,,,,,,,,,,,,,,,,,,,28.0,51.0,1.0,3.0,25.0,22.0,1.8,3.4,1.9,0.0,0.0,0.0,,0.0,0.0,,,0.0,0.0,,,28.0,1.8,51.0,1.0,8.0,,,,,,,,,,,,,,,,,,,,,,,,0.0,0.0,0.0,0.0,0.0,0.0,0.0,0.0,0.0,0.0,0.0,0.0,0.0,0.0,0.0,0.0,116.0,118.0,120.0,121.0,95.0,116.0,115.0,110.0,114.0,
2018,24,LAR,QB,16,16,13-3-0,364,561,64.9,4688,32,5.7,12,2.1,233,50.7,70.0,8.4,8.53,12.9,293.0,101.1,63.6,33,223,5.56,7.52,7.69,4,4,18,PB,Jared Goff,GoffJa00,4865.0,8.7,2562.0,7.0,4.6,2126.0,5.8,0.0,29.0,2.0,13.0,2.5,93.0,17.5,,,2.6,151.0,66.0,34.0,133.0,21.7,18.0,6.2,,,,,,,,,43.0,108.0,2.0,9.0,32.6,16.0,2.5,6.8,2.7,0.0,0.0,0.0,,0.0,0.0,,,0.0,0.0,,,43.0,2.5,108.0,2.0,12.0,103.0,2.4,5.0,0.1,0.0,,0.0,,0.0,,,0.0,0.0,,0.0,,,,,,,,,0.0,0.0,0.0,0.0,0.0,0.0,3.0,-5.0,0.0,0.0,0.0,0.0,0.0,0.0,0.0,0.0,123.0,123.0,120.0,120.0,105.0,113.0,104.0,108.0,115.0,
2019,25,LAR,QB,16,16,9-7-0,394,626,62.9,4638,22,3.5,16,2.6,220,47.7,66.0,7.4,6.96,11.8,289.9,86.5,50.6,22,170,3.4,6.9,6.46,1,2,12,,Jared Goff,GoffJa00,4825.0,7.7,2388.0,6.1,3.8,2250.0,5.7,17.0,15.0,1.0,27.0,4.4,123.0,20.2,437.0,71.6,2.6,219.0,52.0,48.0,122.0,18.5,10.0,3.8,2.0,3.0,0.0,0.0,2.0,3.0,182.0,1564.0,33.0,40.0,2.0,5.0,30.3,8.0,1.2,2.5,2.1,0.0,0.0,0.0,,0.0,0.0,,,0.0,0.0,,,33.0,1.2,40.0,2.0,10.0,36.0,1.1,4.0,0.1,0.0,,0.0,,0.0,,,0.0,0.0,,0.0,,16.0,1096.0,99%,0.0,0%,0.0,0%,0.0,0.0,0.0,0.0,0.0,0.0,0.0,-19.0,0.0,0.0,0.0,0.0,0.0,0.0,0.0,0.0,103.0,110.0,97.0,102.0,93.0,89.0,95.0,123.0,92.0,
2020,26,LAR,QB,15,15,9-6-0,370,552,67.0,3952,20,3.6,13,2.4,194,51.8,56.0,7.2,6.82,10.7,263.5,90.0,50.8,23,161,4.0,6.59,6.27,0,1,10,,Jared Goff,GoffJa00,3579.0,6.5,1800.0,4.9,3.3,2152.0,5.8,6.0,24.0,2.0,27.0,5.1,84.0,16.0,413.0,78.5,2.5,185.0,42.0,54.0,119.0,19.9,22.0,4.5,2.0,11.0,0.0,0.0,2.0,11.0,172.0,1384.0,51.0,99.0,4.0,12.0,37.3,10.0,1.9,6.6,3.4,0.0,0.0,0.0,,0.0,0.0,,,0.0,0.0,,,51.0,1.9,99.0,4.0,7.0,93.0,1.8,6.0,0.1,0.0,,0.0,,0.0,,,0.0,0.0,,0.0,,16.0,1046.0,100%,0.0,0%,0.0,0%,0.0,0.0,0.0,0.0,0.0,0.0,1.0,0.0,0.0,0.0,0.0,0.0,0.0,0.0,0.0,0.0,99.0,105.0,97.0,101.0,111.0,90.0,98.0,118.0,98.0,
2021,27,DET,QB,14,14,3-10-1,332,494,67.2,3245,19,3.8,8,1.6,162,46.9,63.0,6.6,6.61,9.8,231.8,91.5,45.5,35,280,6.62,5.6,5.64,2,2,10,,Jared Goff,GoffJa00,3149.0,6.4,1490.0,4.5,3.0,1755.0,5.3,5.0,21.0,5.0,21.0,4.5,77.0,16.5,375.0,80.1,2.4,110.0,50.0,48.0,133.0,24.6,11.0,6.1,24.0,191.0,22.0,174.0,1.0,17.0,79.0,647.0,17.0,87.0,0.0,4.0,29.4,26.0,5.1,6.2,1.2,0.0,0.0,0.0,,0.0,0.0,,,0.0,0.0,,,17.0,5.1,87.0,0.0,9.0,85.0,5.0,2.0,0.1,0.0,,0.0,,0.0,,,0.0,0.0,,0.0,,16.0,918.0,99%,0.0,0%,0.0,0%,0.0,0.0,0.0,0.0,0.0,0.0,3.0,3.0,0.0,0.0,0.0,0.0,0.0,0.0,0.0,0.0,88.0,87.0,94.0,93.0,110.0,93.0,112.0,97.0,100.0,
2022,28,DET,QB,17,17,9-8-0,382,587,65.1,4438,29,4.9,7,1.2,227,50.3,81.0,7.6,8.01,11.6,261.1,99.3,63.3,23,156,3.77,7.02,7.45,3,3,16,"PB,AP CPoY-6",Jared Goff,GoffJa00,4106.0,7.0,2151.0,5.6,3.7,2287.0,6.0,11.0,27.0,1.0,34.0,6.1,94.0,16.8,426.0,76.2,2.4,186.0,43.0,53.0,119.0,19.1,14.0,4.6,20.0,108.0,20.0,108.0,0.0,0.0,154.0,1445.0,29.0,73.0,0.0,5.0,24.1,14.0,2.5,4.3,1.7,1.0,1.0,5.0,5.0,0.0,0.0,100.0,5.0,0.1,0.3,100.0,5.0,30.0,2.6,78.0,0.0,7.0,67.0,2.3,6.0,0.2,0.0,,0.0,0.0,5.0,5.0,0.0,0.0,0.0,0.0,0.0,87.5,,,,,,,,0.0,0.0,0.0,0.0,0.0,0.0,2.0,5.0,0.0,0.0,2.0,2.0,0.0,0.0,0.0,0.0,112.0,118.0,118.0,122.0,102.0,107.0,124.0,119.0,115.0,
2023,29,DET,QB,17,17,12-5-0,407,605,67.3,4575,30,5.0,12,2.0,261,50.9,70.0,7.6,7.66,11.2,269.1,97.9,61.1,30,197,4.72,6.89,6.99,2,3,16,,Jared Goff,GoffJa00,4064.0,6.7,2428.0,6.0,4.0,2147.0,5.3,14.0,27.0,4.0,35.0,6.1,87.0,15.2,461.0,80.3,2.3,212.0,42.0,69.0,141.0,22.0,7.0,4.4,23.0,189.0,22.0,186.0,1.0,3.0,151.0,1415.0,32.0,21.0,2.0,6.0,21.9,11.0,0.7,1.2,1.9,0.0,0.0,0.0,,0.0,0.0,,,0.0,0.0,,,32.0,0.7,21.0,2.0,6.0,13.0,0.4,8.0,0.3,0.0,,0.0,,0.0,,,0.0,0.0,,0.0,,16.0,1175.0,100%,0.0,0%,0.0,0%,0.0,0.0,0.0,0.0,0.0,0.0,2.0,0.0,0.0,0.0,0.0,0.0,0.0,0.0,0.0,0.0,112.0,116.0,114.0,116.0,114.0,111.0,107.0,116.0,115.0,
2024,30,DET,QB,17,17,15-2-0,390,539,72.4,4629,37,6.9,12,2.2,253,54.7,82.0,8.6,8.96,11.9,272.3,111.8,65.4,31,234,5.44,7.71,8.06,4,4,18,"PB,AP MVP-5,AP OPoY-9",Jared Goff,GoffJa00,3390.0,6.3,1994.0,5.1,3.7,2635.0,6.8,4.0,24.0,3.0,11.0,2.1,69.0,13.5,412.0,80.5,2.3,143.0,34.0,57.0,122.0,20.9,14.0,4.9,2.0,0.0,2.0,0.0,0.0,0.0,10.0,98.0,35.0,56.0,0.0,10.0,34.3,10.0,1.6,3.3,2.1,1.0,1.0,7.0,7.0,1.0,1.0,100.0,7.0,0.1,0.4,100.0,7.0,36.0,1.8,63.0,1.0,6.0,52.0,1.5,4.0,0.1,0.0,,5.0,5.0,2.0,2.0,5.0,0.0,0.0,0.0,0.0,135.4,,,,,,,,0.0,0.0,0.0,0.0,0.0,0.0,2.0,0.0,0.0,0.0,0.0,0.0,0.0,0.0,0.0,0.0,131.0,130.0,129.0,129.0,129.0,130.0,101.0,111.0,131.0,
2025,31,DET,QB,17,17,9-8-0,393,578,68.0,4564,34,5.9,8,1.4,223,48.7,64.0,7.9,8.45,11.6,268.5,105.5,57.3,38,259,6.17,6.99,7.51,1,3,15,PB,Jared Goff,GoffJa00,3684.0,6.4,2140.0,5.4,3.7,2424.0,6.2,15.0,31.0,2.0,25.0,4.6,86.0,15.8,427.0,78.3,2.3,152.0,38.0,76.0,152.0,24.5,5.0,9.6,13.0,65.0,12.0,65.0,0.0,0.0,160.0,1502.0,19.0,45.0,0.0,5.0,36.8,24.0,2.4,2.6,1.1,0.0,0.0,0.0,,0.0,0.0,,,0.0,0.0,,,19.0,2.4,45.0,0.0,6.0,41.0,2.2,4.0,0.2,0.0,,0.0,,0.0,,,0.0,0.0,,0.0,,,,,,,,,0.0,0.0,0.0,0.0,0.0,0.0,1.0,-23.0,0.0,0.0,0.0,0.0,0.0,0.0,0.0,0.0,118.0,117.0,121.0,121.0,112.0,116.0,113.0,105.0,121.0,
2024,24,WAS,QB,17,17,12-5-0,331,480,69.0,3568,25,5.2,9,1.9,213,47.1,86.0,7.4,7.63,10.8,209.9,100.1,67.7,47,238,8.92,6.32,6.5,4,4,20,"PB,AP MVP-7,AP OPoY-17,AP ORoY-1",Jayden Daniels,DaniJa02,3526.0,7.3,1788.0,5.4,3.7,1780.0,5.4,12.0,15.0,2.0,20.0,4.3,67.0,14.5,362.0,78.2,2.4,153.0,36.0,28.0,111.0,18.5,73.0,8.1,11.0,111.0,10.0,99.0,1.0,12.0,18.0,147.0,148.0,891.0,6.0,64.0,62.8,46.0,6.0,52.4,8.7,0.0,0.0,0.0,,0.0,0.0,,,0.0,0.0,,,148.0,6.0,891.0,6.0,5.0,653.0,4.4,238.0,1.6,9.0,16.4,0.0,,0.0,,,0.0,0.0,,0.0,,,,,,,,,0.0,0.0,0.0,0.0,0.0,0.0,0.0,-11.0,0.0,0.0,0.0,0.0,0.0,0.0,0.0,0.0,107.0,104.0,110.0,107.0,116.0,111.0,107.0,86.0,114.0,
2025,25,WAS,QB,7,7,2-5-0,114,188,60.6,1262,8,4.3,3,1.6,59,44.7,50.0,6.7,6.85,11.1,180.3,88.1,44.7,18,79,8.74,5.74,5.86,0,0,6,,Jayden Daniels,DaniJa02,1354.0,7.2,685.0,6.0,3.6,577.0,5.1,4.0,12.0,2.0,12.0,6.9,26.0,14.9,133.0,76.4,2.3,61.0,12.0,11.0,41.0,16.7,39.0,6.5,48.0,357.0,32.0,278.0,14.0,79.0,28.0,243.0,58.0,278.0,2.0,14.0,51.7,18.0,4.8,39.7,8.3,0.0,0.0,0.0,,0.0,0.0,,,0.0,0.0,,,58.0,4.8,278.0,2.0,3.0,167.0,2.9,111.0,1.9,4.0,14.5,0.0,,0.0,,,0.0,0.0,,0.0,,5.0,405.0,91%,0.0,0%,0.0,0%,0.0,0.0,0.0,0.0,0.0,0.0,1.0,-4.0,0.0,0.0,0.0,0.0,0.0,0.0,0.0,0.0,92.0,92.0,97.0,97.0,84.0,96.0,110.0,87.0,94.0,
2020,24,CIN,QB,10,10,2-7-1,264,404,65.3,2688,13,3.2,5,1.2,150,47.2,67.0,6.7,6.74,10.2,268.8,89.8,48.5,32,231,7.34,5.64,5.72,0,0,7,,Joe Burrow,BurrJo01,3438.0,8.5,1550.0,5.9,3.8,1138.0,4.3,4.0,8.0,3.0,19.0,4.8,58.0,14.8,296.0,75.3,2.3,138.0,30.0,47.0,109.0,24.1,16.0,5.2,38.0,185.0,34.0,170.0,2.0,15.0,78.0,503.0,37.0,142.0,3.0,14.0,54.1,23.0,3.8,14.2,3.7,0.0,0.0,0.0,,0.0,0.0,,,0.0,0.0,,,37.0,3.8,142.0,3.0,9.0,119.0,3.2,23.0,0.6,3.0,12.3,0.0,,0.0,,,0.0,0.0,,0.0,,9.0,709.0,97%,0.0,0%,0.0,0%,0.0,0.0,0.0,0.0,0.0,0.0,4.0,-27.0,0.0,0.0,0.0,0.0,0.0,0.0,0.0,0.0,89.0,87.0,95.0,93.0,103.0,86.0,120.0,91.0,98.0,
2021,25,CIN,QB,16,16,10-6-0,366,520,70.4,4611,34,6.5,14,2.7,250,47.6,82.0,8.9,8.96,12.6,288.2,108.3,60.2,51,370,8.93,7.43,7.51,2,3,15,AP CPoY-1,Joe Burrow,BurrJo01,4192.0,8.1,2332.0,6.4,4.5,2279.0,6.2,8.0,12.0,2.0,23.0,4.5,54.0,10.7,419.0,82.8,2.4,125.0,46.0,48.0,145.0,24.5,21.0,5.4,23.0,168.0,20.0,167.0,1.0,1.0,75.0,807.0,40.0,118.0,2.0,20.0,40.0,12.0,3.0,7.4,2.5,0.0,0.0,0.0,,0.0,0.0,,,0.0,0.0,,,40.0,3.0,118.0,2.0,5.0,84.0,2.1,34.0,0.9,2.0,20.0,0.0,,0.0,,,0.0,0.0,,0.0,,9.0,1007.0,96%,0.0,0%,0.0,0%,0.0,0.0,0.0,0.0,0.0,0.0,1.0,0.0,0.0,0.0,1.0,1.0,0.0,0.0,0.0,0.0,136.0,122.0,126.0,117.0,123.0,120.0,91.0,81.0,123.0,
2022,26,CIN,QB,16,16,12-4-0,414,606,68.3,4475,35,5.8,12,2.0,244,50.1,60.0,7.4,7.65,10.8,279.7,100.8,60.8,41,259,6.34,6.52,6.76,3,4,17,"PB,AP MVP-4,AP OPoY-9",Joe Burrow,BurrJo01,4121.0,6.8,2319.0,5.6,3.8,2156.0,5.2,24.0,17.0,1.0,34.0,5.8,76.0,12.9,465.0,79.1,2.2,110.0,22.0,48.0,111.0,16.5,27.0,7.5,65.0,432.0,58.0,414.0,2.0,18.0,95.0,619.0,75.0,257.0,5.0,32.0,49.3,23.0,3.4,16.1,4.7,0.0,0.0,0.0,,0.0,0.0,,,0.0,0.0,,,75.0,3.4,257.0,5.0,6.0,220.0,2.9,37.0,0.5,0.0,,0.0,,0.0,,,0.0,0.0,,0.0,,,,,,,,,0.0,0.0,0.0,0.0,0.0,0.0,1.0,0.0,0.0,0.0,0.0,0.0,0.0,0.0,0.0,0.0,108.0,107.0,112.0,111.0,117.0,117.0,107.0,101.0,117.0,
2023,27,CIN,QB,10,10,5-5-0,244,365,66.8,2309,15,4.1,6,1.6,115,46.0,64.0,6.3,6.41,9.5,230.9,91.0,52.4,24,180,6.17,5.47,5.55,0,0,8,,Joe Burrow,BurrJo01,2315.0,6.3,1070.0,4.4,2.9,1239.0,5.1,10.0,11.0,1.0,21.0,5.9,52.0,14.7,267.0,75.6,2.2,83.0,13.0,37.0,74.0,18.4,14.0,6.5,55.0,263.0,54.0,262.0,1.0,1.0,35.0,361.0,31.0,88.0,0.0,9.0,38.7,20.0,2.8,8.8,3.1,0.0,0.0,0.0,,0.0,0.0,,,0.0,0.0,,,31.0,2.8,88.0,0.0,2.0,78.0,2.5,10.0,0.3,0.0,,0.0,,0.0,,,0.0,0.0,,0.0,,9.0,602.0,94%,0.0,0%,0.0,0%,0.0,0.0,0.0,0.0,0.0,0.0,0.0,0.0,0.0,0.0,0.0,0.0,0.0,0.0,0.0,0.0,85.0,88.0,94.0,95.0,112.0,100.0,115.0,105.0,103.0,
2024,28,CIN,QB,17,17,9-8-0,460,652,70.6,4918,43,6.6,9,1.4,253,53.6,70.0,7.5,8.24,10.7,289.3,108.5,72.1,48,278,6.86,6.63,7.28,1,2,16,"PB,AP MVP-4,AP OPoY-5,AP CPoY-1",Joe Burrow,BurrJo01,4603.0,7.1,2726.0,5.9,4.2,2192.0,4.8,10.0,20.0,1.0,30.0,4.8,73.0,11.6,507.0,80.3,2.2,164.0,38.0,69.0,155.0,21.5,22.0,9.3,0.0,0.0,0.0,0.0,0.0,0.0,0.0,0.0,42.0,201.0,2.0,16.0,47.6,47.0,4.8,11.8,2.5,0.0,0.0,0.0,,0.0,0.0,,,0.0,0.0,,,42.0,4.8,201.0,2.0,11.0,166.0,4.0,35.0,0.8,0.0,,0.0,,0.0,,,0.0,0.0,,0.0,,,,,,,,,0.0,0.0,0.0,0.0,0.0,0.0,2.0,-3.0,0.0,0.0,0.0,0.0,0.0,0.0,0.0,0.0,110.0,110.0,119.0,118.0,122.0,127.0,117.0,101.0,127.0,
2025,29,CIN,QB,8,8,5-3-0,173,259,66.8,1809,17,6.6,5,1.9,100,51.8,43.0,7.0,7.43,10.5,226.1,100.7,63.0,17,113,6.16,6.14,6.56,0,0,6,PB,Joe Burrow,BurrJo01,1856.0,7.2,985.0,5.7,3.8,824.0,4.8,5.0,11.0,0.0,9.0,3.6,28.0,11.3,186.0,75.0,2.3,56.0,17.0,28.0,62.0,21.7,10.0,3.8,34.0,190.0,31.0,187.0,1.0,3.0,19.0,131.0,14.0,41.0,0.0,5.0,42.9,9.0,2.9,5.1,1.8,0.0,0.0,0.0,,0.0,0.0,,,0.0,0.0,,,14.0,2.9,41.0,0.0,0.0,40.0,2.9,1.0,0.1,0.0,,0.0,,0.0,,,0.0,0.0,,0.0,,,,,,,,,,,,,,,,,,,,,,,,,98.0,100.0,106.0,107.0,107.0,124.0,104.0,105.0,114.0,
2008,23,BAL,QB,16,16,11-5-0,257,428,60.0,2971,14,3.3,12,2.8,143,40.4,70.0,6.9,6.33,11.6,185.7,80.3,47.1,32,276,6.96,5.86,5.29,1,1,12,,Joe Flacco,FlacJo00,,,,,,,,,,,,,,,,,,,,,,,,,,,,,,,,,52.0,180.0,2.0,16.0,34.6,38.0,3.5,11.3,3.3,1.0,1.0,43.0,43.0,0.0,1.0,100.0,43.0,0.1,2.7,100.0,43.0,53.0,4.2,223.0,2.0,11.0,,,,,,,,,,,,,,,,,,,,,,,,0.0,0.0,0.0,0.0,0.0,0.0,3.0,-18.0,0.0,0.0,0.0,0.0,0.0,0.0,0.0,0.0,100.0,95.0,99.0,96.0,97.0,91.0,103.0,93.0,97.0,
2009,24,BAL,QB,16,16,9-7-0,315,499,63.1,3613,21,4.2,12,2.4,184,46.4,72.0,7.2,7.0,11.5,225.8,88.9,58.5,36,218,6.73,6.35,6.12,1,2,13,,Joe Flacco,FlacJo00,,,,,,,,,,,,,,,,,,,,,,,,,,,,,,,,,35.0,56.0,0.0,9.0,31.4,10.0,1.6,3.5,2.2,0.0,0.0,0.0,,0.0,0.0,,,0.0,0.0,,,35.0,1.6,56.0,0.0,8.0,,,,,,,,,,,,,,,,,,,,,,,,0.0,0.0,0.0,0.0,0.0,0.0,3.0,0.0,0.0,0.0,0.0,0.0,0.0,0.0,0.0,0.0,105.0,103.0,106.0,105.0,107.0,101.0,107.0,95.0,107.0,
2010,25,BAL,QB,16,16,12-4-0,306,489,62.6,3622,25,5.1,10,2.0,174,44.0,67.0,7.4,7.51,11.8,226.4,93.6,59.1,40,294,7.56,6.29,6.39,2,4,12,,Joe Flacco,FlacJo00,,,,,,,,,,,,,,,,,,,,,,,,,,,,,,,,,43.0,84.0,1.0,10.0,30.2,14.0,2.0,5.3,2.7,0.0,0.0,0.0,,0.0,0.0,,,0.0,0.0,,,43.0,2.0,84.0,1.0,9.0,,,,,,,,,,,,,,,,,,,,,,,,0.0,0.0,0.0,0.0,0.0,0.0,1.0,-8.0,0.0,0.0,0.0,0.0,0.0,0.0,0.0,0.0,106.0,101.0,110.0,107.0,106.0,110.0,112.0,90.0,111.0,
2011,26,BAL,QB,16,16,12-4-0,312,542,57.6,3610,20,3.7,12,2.2,180,42.1,74.0,6.7,6.4,11.6,225.6,80.9,63.7,31,203,5.41,5.95,5.7,2,3,12,,Joe Flacco,FlacJo00,,,,,,,,,,,,,,,,,,,,,,,,,,,,,,,,,39.0,88.0,1.0,13.0,35.9,33.0,2.3,5.5,2.4,1.0,1.0,-8.0,-8.0,0.0,0.0,0.0,-8.0,0.1,-0.5,100.0,-8.0,40.0,2.0,80.0,1.0,11.0,,,,,,,,,,,,,,,,,,,,,,,,0.0,0.0,0.0,0.0,0.0,0.0,4.0,-7.0,0.0,0.0,0.0,0.0,0.0,0.0,0.0,0.0,91.0,94.0,96.0,98.0,89.0,93.0,110.0,107.0,95.0,
2012,27,BAL,QB,16,16,10-6-0,317,531,59.7,3817,22,4.1,10,1.9,178,43.1,61.0,7.2,7.17,12.0,238.6,87.7,51.1,35,227,6.18,6.34,6.33,3,3,13,,Joe Flacco,FlacJo00,,,,,,,,,,,,,,,,,,,,,,,,,,,,,,,,,32.0,22.0,3.0,11.0,34.4,16.0,0.7,1.4,2.0,0.0,0.0,0.0,,0.0,0.0,,,0.0,0.0,,,32.0,0.7,22.0,3.0,9.0,,,,,,,,,,,,,,,,,5.0,1002.0,92%,0.0,0%,0.0,0%,0.0,0.0,0.0,0.0,0.0,0.0,1.0,-10.0,0.0,0.0,0.0,0.0,0.0,,,0.0,101.0,102.0,105.0,105.0,96.0,98.0,114.0,102.0,103.0,
2013,28,BAL,QB,16,16,8-8-0,362,614,59.0,3912,19,3.1,22,3.6,191,38.5,74.0,6.4,5.38,10.8,244.5,73.1,48.0,48,324,7.25,5.42,4.5,2,4,8,,Joe Flacco,FlacJo00,,,,,,,,,,,,,,,,,,,,,,,,,,,,,,,,,27.0,131.0,1.0,12.0,59.3,22.0,4.9,8.2,1.7,0.0,0.0,0.0,,0.0,0.0,,,0.0,0.0,,,27.0,4.9,131.0,1.0,8.0,,,,,,,,,,,,,,,,,5.0,1128.0,99%,0.0,0%,0.0,0%,0.0,0.0,0.0,0.0,0.0,0.0,2.0,0.0,0.0,0.0,0.0,0.0,0.0,0.0,0.0,0.0,82.0,82.0,80.0,80.0,90.0,85.0,83.0,93.0,82.0,
2014,29,BAL,QB,16,16,10-6-0,344,554,62.1,3986,27,4.9,12,2.2,194,47.8,80.0,7.2,7.19,11.6,249.1,91.0,68.6,19,167,3.32,6.66,6.66,2,2,13,,Joe Flacco,FlacJo00,,,,,,,,,,,,,,,,,,,,,,,,,,,,,,,,,39.0,70.0,2.0,17.0,43.6,15.0,1.8,4.4,2.4,0.0,0.0,0.0,,0.0,0.0,,,0.0,0.0,,,39.0,1.8,70.0,2.0,5.0,,,,,,,,,,,,,,,,,5.0,1068.0,99%,0.0,0%,0.0,0%,0.0,0.0,0.0,0.0,0.0,0.0,3.0,-5.0,0.0,0.0,0.0,0.0,0.0,0.0,0.0,0.0,100.0,107.0,103.0,108.0,99.0,104.0,107.0,123.0,104.0,
2015,30,BAL,QB,10,10,3-7-0,266,413,64.4,2791,14,3.4,12,2.9,125,45.7,50.0,6.8,6.13,10.5,279.1,83.1,50.8,16,124,3.73,6.22,5.61,3,3,5,,Joe Flacco,FlacJo00,,,,,,,,,,,,,,,,,,,,,,,,,,,,,,,,,13.0,23.0,3.0,6.0,53.8,16.0,1.8,2.3,1.3,0.0,0.0,0.0,,0.0,0.0,,,0.0,0.0,,,13.0,1.8,23.0,3.0,5.0,,,,,,,,,,,,,,,,,5.0,716.0,100%,0.0,0%,0.0,0%,0.0,0.0,0.0,0.0,0.0,0.0,3.0,-22.0,0.0,0.0,0.0,0.0,0.0,,,0.0,89.0,96.0,87.0,91.0,106.0,87.0,91.0,118.0,91.0,
2016,31,BAL,QB,16,16,8-8-0,436,672,64.9,4317,20,3.0,15,2.2,204,43.0,95.0,6.4,6.01,9.9,269.8,83.5,52.5,33,243,4.68,5.78,5.39,2,2,9,,Joe Flacco,FlacJo00,,,,,,,,,,,,,,,,,,,,,,,,,,,,,,,,,21.0,58.0,2.0,6.0,33.3,16.0,2.8,3.6,1.3,0.0,0.0,0.0,,0.0,0.0,,,0.0,0.0,,,21.0,2.8,58.0,2.0,5.0,,,,,,,,,,,,,,,,,5.0,1111.0,98%,0.0,0%,0.0,0%,0.0,0.0,0.0,0.0,0.0,0.0,2.0,-2.0,0.0,0.0,0.0,0.0,0.0,0.0,0.0,0.0,83.0,88.0,87.0,89.0,109.0,83.0,102.0,112.0,92.0,
2017,32,BAL,QB,16,16,9-7-0,352,549,64.1,3141,18,3.3,13,2.4,163,40.6,66.0,5.7,5.31,8.9,196.3,80.4,47.1,27,205,4.69,5.1,4.71,0,0,9,,Joe Flacco,FlacJo00,,,,,,,,,,,,,,,,,,,,,,,,,,,,,,,,,25.0,54.0,1.0,4.0,20.0,25.0,2.2,3.4,1.6,0.0,0.0,0.0,,0.0,0.0,,,0.0,0.0,,,25.0,2.2,54.0,1.0,6.0,,,,,,,,,,,,,,,,,5.0,1026.0,95%,0.0,0%,0.0,0%,0.0,0.0,0.0,0.0,0.0,0.0,4.0,-3.0,0.0,0.0,0.0,0.0,0.0,0.0,0.0,0.0,70.0,77.0,77.0,81.0,103.0,87.0,100.0,112.0,88.0,
2018,33,BAL,QB,9,9,4-5-0,232,379,61.2,2465,12,3.2,6,1.6,119,44.8,71.0,6.5,6.42,10.6,273.9,84.2,54.8,16,79,4.05,6.04,5.96,0,0,7,,Joe Flacco,FlacJo00,3237.0,8.5,1450.0,6.3,3.8,1015.0,4.4,0.0,9.0,3.0,22.0,6.0,65.0,17.7,,,2.3,116.0,47.0,22.0,85.0,21.3,4.0,7.0,,,,,,,,,19.0,45.0,0.0,10.0,57.9,13.0,2.4,5.0,2.1,0.0,0.0,0.0,,0.0,0.0,,,0.0,0.0,,,19.0,2.4,45.0,0.0,3.0,36.0,1.9,9.0,0.5,0.0,,0.0,,0.0,,,0.0,0.0,,0.0,,5.0,641.0,95%,0.0,0%,0.0,0%,0.0,0.0,0.0,0.0,0.0,0.0,1.0,-6.0,0.0,0.0,0.0,0.0,0.0,0.0,0.0,0.0,86.0,95.0,92.0,98.0,91.0,86.0,113.0,119.0,92.0,
2019,34,DEN,QB,8,8,2-6-0,171,262,65.3,1822,6,2.3,5,1.9,86,42.0,70.0,7.0,6.55,10.7,227.8,85.1,50.8,26,194,9.03,5.65,5.29,0,0,5,,Joe Flacco,FlacJo00,1750.0,6.7,915.0,5.4,3.5,907.0,5.3,9.0,12.0,1.0,15.0,6.0,40.0,16.1,194.0,77.9,2.4,76.0,41.0,14.0,81.0,27.6,5.0,4.2,4.0,16.0,4.0,16.0,0.0,0.0,38.0,287.0,12.0,20.0,0.0,4.0,41.7,9.0,1.7,2.5,1.5,0.0,0.0,0.0,,0.0,0.0,,,0.0,0.0,,,12.0,1.7,20.0,0.0,8.0,16.0,1.3,4.0,0.3,0.0,,0.0,,0.0,,,0.0,0.0,,0.0,,5.0,532.0,100%,0.0,0%,0.0,0%,0.0,0.0,0.0,0.0,0.0,0.0,2.0,0.0,0.0,0.0,0.0,0.0,0.0,0.0,0.0,0.0,94.0,87.0,92.0,87.0,103.0,76.0,106.0,81.0,91.0,
2020,35,NYJ,QB,5,4,0-4-0,74,134,55.2,864,6,4.5,3,2.2,36,41.8,52.0,6.4,6.34,11.7,172.8,80.6,50.3,7,69,4.96,5.64,5.53,0,0,2,,Joe Flacco,FlacJo00,1422.0,10.6,519.0,7.0,3.9,345.0,4.7,1.0,10.0,0.0,5.0,4.0,29.0,23.4,88.0,71.0,2.3,56.0,16.0,20.0,43.0,29.5,5.0,4.4,4.0,9.0,4.0,9.0,0.0,0.0,28.0,213.0,6.0,22.0,0.0,3.0,50.0,9.0,3.7,4.4,1.2,0.0,0.0,0.0,,0.0,0.0,,,0.0,0.0,,,6.0,3.7,22.0,0.0,1.0,21.0,3.5,1.0,0.2,0.0,,0.0,,0.0,,,0.0,0.0,,0.0,,5.0,250.0,77%,0.0,0%,0.0,0%,0.0,0.0,0.0,0.0,0.0,0.0,1.0,-6.0,0.0,0.0,0.0,0.0,0.0,0.0,0.0,0.0,85.0,87.0,90.0,91.0,59.0,99.0,101.0,110.0,85.0,
2021,36,NYJ,QB,2,1,0-1-0,27,42,64.3,338,3,7.1,0,0.0,14,56.8,62.0,8.0,9.48,12.5,169.0,113.0,49.5,2,13,4.55,7.39,8.75,0,0,1,,Joe Flacco,FlacJo00,330.0,7.9,163.0,6.0,3.9,175.0,6.5,1.0,4.0,0.0,1.0,2.6,6.0,15.8,29.0,76.3,2.1,24.0,4.0,6.0,12.0,26.7,1.0,1.0,1.0,5.0,1.0,5.0,0.0,0.0,7.0,81.0,2.0,3.0,0.0,1.0,50.0,2.0,1.5,1.5,1.0,0.0,0.0,0.0,,0.0,0.0,,,0.0,0.0,,,2.0,1.5,3.0,0.0,1.0,1.0,0.5,2.0,1.0,0.0,,0.0,,0.0,,,0.0,0.0,,0.0,,19.0,66.0,48%,0.0,0%,0.0,0%,0.0,0.0,0.0,0.0,0.0,0.0,0.0,0.0,0.0,0.0,0.0,0.0,0.0,0.0,0.0,0.0,,,,,,,,,,
2022,37,NYJ,QB,5,4,1-3-0,110,191,57.6,1051,5,2.6,3,1.6,55,39.3,66.0,5.5,5.32,9.6,210.2,75.2,36.1,10,66,4.98,4.9,4.73,1,1,1,,Joe Flacco,FlacJo00,1491.0,7.8,587.0,5.3,3.1,464.0,4.2,5.0,6.0,0.0,13.0,7.0,38.0,20.5,127.0,68.6,2.4,55.0,16.0,26.0,52.0,25.7,1.0,7.0,8.0,47.0,7.0,47.0,0.0,0.0,33.0,244.0,3.0,6.0,0.0,1.0,33.3,7.0,2.0,1.2,0.6,0.0,0.0,-3.0,,0.0,0.0,,,0.0,-0.6,,,3.0,1.0,3.0,0.0,5.0,6.0,2.0,0.0,0.0,0.0,,-3.0,,0.0,,,0.0,0.0,,0.0,,19.0,295.0,82%,0.0,0%,0.0,0%,0.0,0.0,0.0,0.0,0.0,0.0,0.0,0.0,0.0,0.0,1.0,1.0,0.0,0.0,0.0,0.0,62.0,72.0,75.0,81.0,68.0,80.0,116.0,110.0,76.0,
2023,38,CLE,QB,5,5,4-1-0,123,204,60.3,1616,13,6.4,8,3.9,74,46.7,75.0,7.9,7.43,13.1,323.2,90.2,49.1,8,57,3.77,7.35,6.88,1,1,5,AP CPoY-1,Joe Flacco,FlacJo00,1900.0,9.3,938.0,7.6,4.6,678.0,5.5,3.0,7.0,0.0,9.0,4.6,35.0,17.8,138.0,70.1,2.6,46.0,19.0,14.0,41.0,19.3,0.0,,9.0,177.0,9.0,177.0,0.0,0.0,63.0,704.0,9.0,2.0,0.0,5.0,33.3,3.0,0.2,0.4,1.8,0.0,0.0,0.0,,0.0,0.0,,,0.0,0.0,,,9.0,0.2,2.0,0.0,4.0,1.0,0.1,1.0,0.1,0.0,,0.0,,0.0,,,0.0,0.0,,0.0,,15.0,346.0,97%,0.0,0%,0.0,0%,0.0,0.0,0.0,0.0,0.0,0.0,1.0,-2.0,0.0,0.0,0.0,0.0,0.0,0.0,0.0,0.0,120.0,125.0,110.0,115.0,80.0,129.0,64.0,122.0,102.0,
2024,39,IND,QB,8,6,2-4-0,162,248,65.3,1761,12,4.8,7,2.8,87,46.2,65.0,7.1,6.8,10.9,220.1,90.5,50.0,18,123,6.77,6.16,5.88,1,2,5,,Joe Flacco,FlacJo00,2183.0,8.8,1110.0,6.9,4.5,651.0,4.0,5.0,6.0,0.0,11.0,4.5,42.0,17.4,178.0,73.6,2.3,61.0,13.0,18.0,49.0,18.2,3.0,8.7,13.0,170.0,11.0,170.0,0.0,0.0,14.0,176.0,9.0,26.0,0.0,2.0,22.2,21.0,2.9,3.3,1.1,0.0,0.0,0.0,,0.0,0.0,,,0.0,0.0,,,9.0,2.9,26.0,0.0,4.0,24.0,2.7,2.0,0.2,0.0,,0.0,,0.0,,,0.0,0.0,,0.0,,15.0,467.0,86%,0.0,0%,0.0,0%,0.0,0.0,0.0,0.0,0.0,0.0,0.0,0.0,0.0,0.0,0.0,0.0,0.0,0.0,0.0,0.0,101.0,101.0,98.0,99.0,102.0,106.0,89.0,101.0,100.0,
2025,40,2TM,QB,13,10,2-8-0,251,416,60.3,2479,15,3.6,10,2.4,115,41.7,44.0,6.0,5.6,9.9,190.7,79.2,,18,118,4.15,5.44,5.09,2,2,3,PB,Joe Flacco,FlacJo00,3042.0,7.3,1314.0,5.2,3.2,1165.0,4.6,7.0,27.0,4.0,19.0,4.9,63.0,16.4,283.0,73.5,2.3,83.0,31.0,41.0,90.0,20.5,4.0,7.5,42.0,241.0,39.0,229.0,1.0,12.0,46.0,297.0,21.0,35.0,1.0,9.0,42.9,13.0,1.7,2.7,1.6,0.0,0.0,0.0,,0.0,0.0,,,0.0,0.0,,,21.0,1.7,35.0,1.0,3.0,31.0,1.5,4.0,0.2,0.0,,0.0,,0.0,,,0.0,0.0,,0.0,,,,,,,,,0.0,0.0,0.0,0.0,0.0,0.0,0.0,0.0,0.0,0.0,0.0,0.0,0.0,0.0,0.0,0.0,75.0,86.0,79.0,86.0,83.0,88.0,96.0,119.0,81.0,
2021,23,GNB,QB,6,1,0-1-0,36,62,58.1,411,2,3.2,3,4.8,22,38.5,62.0,6.6,5.1,11.4,68.5,68.7,36.8,3,23,4.62,5.97,4.51,0,0,2,,Jordan Love,LoveJo03,488.0,7.9,178.0,4.9,2.9,233.0,6.5,0.0,2.0,0.0,2.0,3.3,15.0,25.0,40.0,66.7,2.4,29.0,9.0,7.0,19.0,27.1,5.0,6.6,2.0,0.0,2.0,0.0,0.0,0.0,10.0,104.0,12.0,27.0,0.0,1.0,25.0,10.0,2.3,4.5,2.0,0.0,0.0,0.0,,0.0,0.0,,,0.0,0.0,,,12.0,2.3,27.0,0.0,3.0,24.0,2.0,3.0,0.3,0.0,,0.0,,0.0,,,0.0,0.0,,0.0,,10.0,131.0,34%,0.0,0%,0.0,0%,0.0,0.0,0.0,0.0,0.0,0.0,2.0,0.0,0.0,0.0,0.0,0.0,0.0,0.0,0.0,0.0,89.0,94.0,74.0,79.0,71.0,87.0,49.0,111.0,69.0,
2022,24,GNB,QB,4,0,,14,21,66.7,195,1,4.8,0,0.0,9,57.1,63.0,9.3,10.24,13.9,48.8,112.2,83.2,0,0,0.0,9.29,10.24,0,0,1,,Jordan Love,LoveJo03,151.0,7.2,78.0,5.6,3.7,117.0,8.4,0.0,0.0,1.0,1.0,5.0,3.0,15.0,16.0,80.0,2.1,1.0,0.0,0.0,0.0,0.0,0.0,,0.0,0.0,0.0,0.0,0.0,0.0,1.0,63.0,1.0,-1.0,0.0,0.0,0.0,-1.0,-1.0,-0.3,0.3,0.0,0.0,0.0,,0.0,0.0,,,0.0,0.0,,,1.0,-1.0,-1.0,0.0,0.0,-1.0,-1.0,0.0,0.0,0.0,,0.0,,0.0,,,0.0,0.0,,0.0,,10.0,26.0,11%,0.0,0%,0.0,0%,,,,,,,,,,,,,,,,,,,,,,,,,,
2023,25,GNB,QB,17,17,9-8-0,372,579,64.2,4159,32,5.5,11,1.9,220,47.6,77.0,7.2,7.43,11.2,244.6,96.1,62.9,30,242,4.93,6.43,6.67,2,3,15,,Jordan Love,LoveJo03,4902.0,8.5,2242.0,6.0,3.9,1917.0,5.2,8.0,18.0,2.0,29.0,5.2,98.0,17.5,428.0,76.6,2.5,215.0,47.0,42.0,119.0,18.8,24.0,8.5,75.0,535.0,63.0,495.0,9.0,40.0,113.0,1105.0,50.0,247.0,4.0,16.0,44.0,37.0,4.9,14.5,2.9,0.0,0.0,0.0,,0.0,0.0,,,0.0,0.0,,,50.0,4.9,247.0,4.0,9.0,219.0,4.4,28.0,0.6,2.0,25.0,0.0,,0.0,,,0.0,0.0,,0.0,,10.0,1083.0,99%,0.0,0%,0.0,0%,0.0,0.0,0.0,0.0,0.0,0.0,3.0,-6.0,0.0,0.0,0.0,0.0,0.0,0.0,0.0,0.0,103.0,107.0,110.0,112.0,99.0,118.0,109.0,114.0,112.0,
2024,26,GNB,QB,15,15,9-6-0,268,425,63.1,3389,25,5.9,11,2.6,163,48.3,70.0,8.0,7.99,12.6,225.9,96.7,66.3,14,95,3.19,7.5,7.51,2,2,12,,Jordan Love,LoveJo03,3685.0,8.7,1735.0,6.5,4.1,1654.0,6.2,6.0,14.0,0.0,30.0,7.3,75.0,18.2,301.0,73.2,2.4,142.0,37.0,49.0,100.0,22.2,12.0,7.1,7.0,76.0,7.0,76.0,0.0,0.0,4.0,0.0,25.0,83.0,1.0,9.0,44.0,14.0,3.3,5.5,1.7,0.0,0.0,0.0,,0.0,0.0,,,0.0,0.0,,,25.0,3.3,83.0,1.0,4.0,48.0,1.9,35.0,1.4,0.0,,0.0,,0.0,,,0.0,0.0,,0.0,,10.0,868.0,91%,0.0,0%,0.0,0%,0.0,0.0,0.0,0.0,0.0,0.0,2.0,-7.0,0.0,0.0,0.0,0.0,0.0,0.0,0.0,0.0,119.0,126.0,115.0,121.0,93.0,119.0,94.0,128.0,109.0,
2025,27,GNB,QB,15,15,9-5-1,291,439,66.3,3381,23,5.2,6,1.4,159,50.2,59.0,7.7,8.13,11.6,225.4,101.2,72.7,21,169,4.57,6.98,7.4,4,4,14,,Jordan Love,LoveJo03,3834.0,8.7,1870.0,6.4,4.3,1511.0,5.2,6.0,26.0,1.0,17.0,4.1,60.0,14.6,319.0,77.4,2.4,135.0,37.0,49.0,107.0,22.1,24.0,7.6,45.0,350.0,39.0,324.0,6.0,26.0,106.0,861.0,47.0,199.0,0.0,14.0,48.9,25.0,4.2,13.3,3.1,0.0,0.0,0.0,,0.0,0.0,,,0.0,0.0,,,47.0,4.2,199.0,0.0,7.0,148.0,3.1,51.0,1.1,2.0,23.5,0.0,,0.0,,,0.0,0.0,,0.0,,10.0,894.0,94%,0.0,0%,0.0,0%,0.0,0.0,0.0,0.0,0.0,0.0,5.0,-6.0,0.0,0.0,0.0,0.0,0.0,0.0,0.0,0.0,114.0,117.0,117.0,119.0,106.0,108.0,114.0,116.0,114.0,
2018,22,BUF,QB,12,11,5-6-0,169,320,52.8,2074,10,3.1,12,3.8,89,37.1,75.0,6.5,5.42,12.3,172.8,67.9,49.8,28,213,8.05,5.35,4.37,2,3,6,,Josh Allen,AlleJo02,3508.0,11.0,1126.0,6.7,3.5,948.0,5.6,0.0,17.0,0.0,18.0,5.9,78.0,25.7,,,2.4,126.0,54.0,33.0,115.0,29.2,46.0,11.0,,,,,,,,,89.0,631.0,8.0,41.0,59.6,45.0,7.1,52.6,7.4,1.0,0.0,0.0,,0.0,0.0,0.0,,0.0,0.0,0.0,0.0,89.0,7.1,631.0,8.0,8.0,351.0,3.9,280.0,3.1,2.0,44.5,0.0,,0.0,,13.0,0.0,0.0,0.0,0.0,39.6,17.0,719.0,93%,0.0,0%,0.0,0%,0.0,0.0,0.0,0.0,0.0,0.0,2.0,-14.0,0.0,0.0,0.0,0.0,0.0,0.0,0.0,0.0,86.0,83.0,78.0,77.0,60.0,86.0,77.0,89.0,70.0,
2019,23,BUF,QB,16,16,10-6-0,271,461,58.8,3089,20,4.3,9,2.0,146,41.7,53.0,6.7,6.69,11.4,193.1,85.3,49.4,38,237,7.62,5.72,5.71,4,5,11,,Josh Allen,AlleJo02,4266.0,9.3,1758.0,6.5,3.8,1331.0,4.9,10.0,25.0,3.0,31.0,7.2,88.0,20.3,317.0,73.2,2.3,201.0,45.0,43.0,126.0,23.2,43.0,7.3,42.0,267.0,32.0,240.0,8.0,27.0,93.0,787.0,109.0,510.0,9.0,42.0,54.1,36.0,4.7,31.9,6.8,0.0,0.0,0.0,,0.0,0.0,,,0.0,0.0,,,109.0,4.7,510.0,9.0,14.0,267.0,2.4,243.0,2.2,5.0,21.8,0.0,,0.0,,,0.0,0.0,,0.0,,17.0,988.0,92%,0.0,0%,0.0,0%,0.0,0.0,0.0,0.0,0.0,0.0,4.0,-1.0,0.0,0.0,0.0,0.0,0.0,0.0,0.0,0.0,89.0,88.0,93.0,92.0,77.0,97.0,106.0,91.0,91.0,
2020,24,BUF,QB,16,16,13-3-0,396,572,69.2,4544,37,6.5,10,1.7,228,56.5,55.0,7.9,8.45,11.5,284.0,107.2,76.6,26,159,4.35,7.33,7.82,2,3,18,"PB,AP-2,AP MVP-2,AP OPoY-4",Josh Allen,AlleJo02,4857.0,8.5,2692.0,6.8,4.7,1852.0,4.7,4.0,22.0,0.0,25.0,4.5,88.0,16.0,435.0,79.1,2.6,244.0,64.0,47.0,137.0,21.9,29.0,7.9,82.0,617.0,62.0,547.0,18.0,70.0,160.0,1501.0,102.0,421.0,8.0,38.0,54.9,24.0,4.1,26.3,6.4,1.0,1.0,12.0,12.0,1.0,1.0,100.0,12.0,0.1,0.8,100.0,12.0,103.0,4.2,433.0,9.0,9.0,287.0,2.8,134.0,1.3,4.0,25.5,-5.0,-5.0,17.0,17.0,-5.0,1.0,0.0,0.0,0.0,156.2,,,,,,,,0.0,0.0,0.0,0.0,0.0,0.0,1.0,-2.0,0.0,0.0,0.0,0.0,0.0,0.0,0.0,0.0,116.0,120.0,119.0,121.0,120.0,119.0,110.0,115.0,121.0,1.0
2021,25,BUF,QB,17,17,11-6-0,409,646,63.3,4407,36,5.6,15,2.3,261,49.4,61.0,6.8,6.89,10.8,259.2,92.2,66.3,26,164,3.87,6.31,6.38,0,0,19,,Josh Allen,AlleJo02,5305.0,8.2,2664.0,6.5,4.1,1743.0,4.3,16.0,32.0,0.0,35.0,5.7,107.0,17.4,459.0,74.8,2.4,182.0,95.0,64.0,185.0,25.7,48.0,9.6,124.0,916.0,93.0,762.0,31.0,154.0,178.0,1643.0,122.0,763.0,6.0,64.0,61.5,34.0,6.3,44.9,7.2,0.0,0.0,0.0,,0.0,0.0,,,0.0,0.0,,,122.0,6.3,763.0,6.0,8.0,471.0,3.9,292.0,2.4,12.0,10.2,0.0,,0.0,,,0.0,0.0,,0.0,,17.0,1161.0,97%,0.0,0%,0.0,0%,0.0,0.0,0.0,0.0,0.0,0.0,2.0,-4.0,0.0,0.0,1.0,1.0,0.0,0.0,0.0,0.0,93.0,101.0,98.0,103.0,93.0,110.0,99.0,116.0,101.0,
2022,26,BUF,QB,16,16,13-3-0,359,567,63.3,4283,35,6.2,14,2.5,214,52.2,98.0,7.6,7.68,11.9,267.7,96.6,73.4,33,162,5.5,6.87,6.99,3,4,20,"PB,AP MVP-3,AP OPoY-8",Josh Allen,AlleJo02,5205.0,9.2,2691.0,7.5,4.7,1592.0,4.4,14.0,18.0,1.0,37.0,6.8,91.0,16.6,404.0,73.7,2.5,144.0,41.0,40.0,114.0,17.4,57.0,9.4,69.0,493.0,62.0,471.0,5.0,22.0,145.0,1235.0,124.0,762.0,7.0,55.0,61.3,44.0,6.1,47.6,7.8,0.0,0.0,0.0,,0.0,0.0,,,0.0,0.0,,,124.0,6.1,762.0,7.0,13.0,592.0,4.8,170.0,1.4,5.0,24.8,0.0,,0.0,,,0.0,0.0,,0.0,,,,,,,,,0.0,0.0,0.0,0.0,0.0,0.0,5.0,-2.0,0.0,0.0,3.0,3.0,0.0,0.0,0.0,0.0,112.0,115.0,113.0,115.0,94.0,122.0,96.0,107.0,110.0,
2023,27,BUF,QB,17,17,11-6-0,385,579,66.5,4306,29,5.0,18,3.1,210,50.7,81.0,7.4,7.04,11.2,253.3,92.2,70.3,24,152,3.98,6.89,6.51,2,4,18,"AP MVP-5,AP OPoY-6",Josh Allen,AlleJo02,5028.0,8.7,2333.0,6.1,4.0,1973.0,5.1,7.0,28.0,2.0,31.0,5.6,78.0,14.2,427.0,77.8,2.3,181.0,51.0,51.0,126.0,19.3,50.0,7.6,83.0,675.0,70.0,637.0,9.0,38.0,92.0,929.0,111.0,524.0,15.0,61.0,65.8,23.0,4.7,30.8,6.5,0.0,0.0,0.0,,0.0,0.0,,,0.0,0.0,,,111.0,4.7,524.0,15.0,7.0,325.0,2.9,199.0,1.8,9.0,12.3,0.0,,0.0,,,0.0,0.0,,0.0,,17.0,1126.0,97%,0.0,0%,0.0,0%,0.0,0.0,0.0,0.0,0.0,0.0,1.0,-4.0,0.0,0.0,0.0,0.0,0.0,0.0,0.0,0.0,109.0,116.0,104.0,109.0,110.0,112.0,82.0,121.0,105.0,
2024,28,BUF,QB,17,17,13-4-0,307,483,63.6,3731,28,5.8,6,1.2,199,49.1,64.0,7.7,8.33,12.2,219.5,101.4,74.8,14,63,2.82,7.38,7.96,0,2,20,"PB,AP-2,AP MVP-1,AP OPoY-6",Josh Allen,AlleJo02,3836.0,7.9,1726.0,5.6,3.6,2005.0,6.5,9.0,22.0,1.0,20.0,4.3,86.0,18.7,344.0,74.8,2.4,136.0,37.0,37.0,88.0,16.4,41.0,8.9,4.0,43.0,3.0,47.0,1.0,-4.0,13.0,90.0,102.0,531.0,12.0,66.0,64.7,30.0,5.2,31.2,6.0,0.0,0.0,7.0,,1.0,0.0,,7.0,0.0,0.4,,,102.0,5.3,538.0,13.0,5.0,341.0,3.3,190.0,1.9,7.0,14.6,0.0,,7.0,,,0.0,0.0,,0.0,,,,,,,,,0.0,0.0,0.0,0.0,0.0,0.0,1.0,0.0,0.0,0.0,0.0,0.0,0.0,0.0,0.0,0.0,113.0,123.0,120.0,127.0,95.0,118.0,120.0,130.0,116.0,
2025,29,BUF,QB,17,17,12-5-0,319,460,69.3,3668,25,5.4,10,2.2,177,48.2,54.0,8.0,8.08,11.5,215.8,102.2,65.4,40,298,8.0,6.74,6.84,4,4,18,"PB,AP MVP-3",Josh Allen,AlleJo02,3351.0,7.3,1706.0,5.3,3.7,1962.0,6.2,7.0,12.0,1.0,18.0,4.0,58.0,13.0,357.0,79.9,2.5,128.0,30.0,29.0,99.0,18.0,49.0,8.8,42.0,311.0,36.0,286.0,6.0,25.0,114.0,954.0,112.0,579.0,14.0,46.0,58.0,40.0,5.2,34.1,6.6,0.0,0.0,0.0,,0.0,0.0,,,0.0,0.0,,,112.0,5.2,579.0,14.0,7.0,356.0,3.2,223.0,2.0,7.0,16.0,0.0,,0.0,,,0.0,0.0,,0.0,,,,,,,,,0.0,0.0,0.0,0.0,0.0,0.0,2.0,-17.0,0.0,0.0,0.0,0.0,0.0,0.0,0.0,0.0,120.0,112.0,116.0,111.0,117.0,110.0,100.0,92.0,116.0,
2021,22,CHI,QB,12,10,2-8-0,159,270,58.9,1870,7,2.6,10,3.7,83,38.2,64.0,6.9,5.78,11.8,155.8,73.2,31.4,36,264,11.76,5.25,4.24,0,0,6,,Justin Fields,FielJu00,2641.0,9.8,1178.0,7.4,4.4,692.0,4.4,3.0,8.0,2.0,18.0,6.9,57.0,21.9,189.0,72.7,2.5,96.0,29.0,31.0,96.0,27.3,46.0,8.0,22.0,137.0,8.0,75.0,11.0,62.0,48.0,413.0,72.0,420.0,2.0,22.0,48.6,23.0,5.8,35.0,6.0,0.0,0.0,0.0,,0.0,0.0,,,0.0,0.0,,,72.0,5.8,420.0,2.0,12.0,293.0,4.1,127.0,1.8,5.0,14.4,0.0,,0.0,,,0.0,0.0,,0.0,,1.0,635.0,84%,0.0,0%,0.0,0%,0.0,0.0,0.0,0.0,0.0,0.0,4.0,-11.0,0.0,0.0,0.0,0.0,0.0,0.0,0.0,0.0,96.0,80.0,83.0,75.0,74.0,81.0,71.0,61.0,75.0,
2022,23,CHI,QB,15,15,3-12-0,192,318,60.4,2242,17,5.3,11,3.5,91,36.7,56.0,7.1,6.56,11.7,149.5,85.2,56.3,55,359,14.75,5.05,4.63,1,2,16,AP MVP-9,Justin Fields,FielJu00,2899.0,9.1,1285.0,6.7,4.0,957.0,5.0,12.0,13.0,0.0,16.0,5.2,59.0,19.3,216.0,70.8,2.7,102.0,33.0,31.0,119.0,26.9,69.0,9.8,90.0,475.0,61.0,368.0,25.0,107.0,83.0,759.0,160.0,1143.0,8.0,65.0,56.3,67.0,7.1,76.2,10.7,0.0,0.0,0.0,,0.0,0.0,,,0.0,0.0,,,160.0,7.1,1143.0,8.0,16.0,856.0,5.4,287.0,1.8,10.0,16.0,0.0,,0.0,,,0.0,0.0,,0.0,,1.0,917.0,99%,0.0,0%,0.0,0%,0.0,0.0,0.0,0.0,0.0,0.0,8.0,-22.0,0.0,0.0,0.0,0.0,0.0,0.0,0.0,0.0,100.0,75.0,95.0,79.0,81.0,112.0,75.0,41.0,92.0,
2023,24,CHI,QB,13,13,5-8-0,227,370,61.4,2562,16,4.3,9,2.4,121,38.4,58.0,6.9,6.69,11.3,197.1,86.3,46.9,44,285,10.63,5.5,5.29,1,1,13,,Justin Fields,FielJu00,2965.0,8.0,1338.0,5.9,3.6,1224.0,5.4,11.0,25.0,0.0,13.0,3.8,58.0,16.8,252.0,73.0,2.8,143.0,44.0,33.0,121.0,26.5,43.0,8.4,60.0,480.0,39.0,397.0,16.0,83.0,73.0,534.0,124.0,657.0,4.0,43.0,52.4,39.0,5.3,50.5,9.5,0.0,0.0,0.0,,0.0,0.0,,,0.0,0.0,,,124.0,5.3,657.0,4.0,10.0,447.0,3.6,210.0,1.7,9.0,13.8,0.0,,0.0,,,0.0,0.0,,0.0,,1.0,829.0,96%,0.0,0%,0.0,0%,0.0,0.0,0.0,0.0,0.0,0.0,1.0,-8.0,0.0,0.0,0.0,0.0,0.0,0.0,0.0,0.0,98.0,89.0,98.0,91.0,85.0,103.0,97.0,73.0,95.0,
2024,25,PIT,QB,10,6,4-2-0,106,161,65.8,1106,5,3.1,1,0.6,45,42.9,55.0,6.9,7.21,10.4,110.6,93.3,47.4,16,124,9.04,5.55,5.86,0,1,6,,Justin Fields,FielJu00,1235.0,7.7,586.0,5.5,3.6,520.0,4.9,3.0,8.0,1.0,7.0,4.6,24.0,15.8,114.0,75.0,2.5,48.0,11.0,16.0,43.0,22.2,17.0,6.3,1.0,9.0,0.0,0.0,1.0,9.0,0.0,0.0,62.0,289.0,5.0,19.0,54.8,30.0,4.7,28.9,6.2,0.0,0.0,0.0,,0.0,0.0,,,0.0,0.0,,,62.0,4.7,289.0,5.0,6.0,214.0,3.5,75.0,1.2,2.0,31.0,0.0,,0.0,,,0.0,0.0,,0.0,,2.0,408.0,62%,0.0,0%,0.0,0%,0.0,0.0,0.0,0.0,0.0,0.0,3.0,-22.0,0.0,0.0,0.0,0.0,0.0,0.0,0.0,0.0,96.0,89.0,104.0,98.0,104.0,86.0,131.0,85.0,104.0,
2025,26,NYJ,QB,9,9,2-7-0,128,204,62.7,1259,7,3.4,1,0.5,58,42.0,42.0,6.2,6.64,9.8,139.9,89.5,38.7,27,192,11.69,4.62,5.03,1,2,6,,Justin Fields,FielJu00,1385.0,6.8,673.0,5.3,3.3,586.0,4.6,9.0,8.0,2.0,11.0,5.7,25.0,12.9,150.0,77.3,2.6,59.0,14.0,28.0,69.0,26.5,29.0,8.6,17.0,73.0,12.0,57.0,3.0,16.0,34.0,238.0,71.0,383.0,4.0,26.0,57.7,43.0,5.4,42.6,7.9,1.0,0.0,0.0,,0.0,0.0,0.0,,0.0,0.0,0.0,0.0,71.0,5.4,383.0,4.0,4.0,309.0,4.4,74.0,1.0,3.0,23.7,0.0,,0.0,,6.0,0.0,0.0,0.0,0.0,39.6,7.0,501.0,91%,0.0,0%,0.0,0%,0.0,0.0,0.0,0.0,0.0,0.0,0.0,-4.0,0.0,0.0,0.0,0.0,0.0,0.0,0.0,0.0,80.0,69.0,94.0,85.0,92.0,86.0,129.0,66.0,96.0,
2020,22,LAC,QB,15,15,6-9-0,396,595,66.6,4336,31,5.2,10,1.7,216,47.8,72.0,7.3,7.57,10.9,289.1,98.3,62.6,32,218,5.1,6.57,6.84,1,3,13,AP ORoY-1,Justin Herbert,HerbJu00,4378.0,7.4,2121.0,5.4,3.6,2215.0,5.6,7.0,7.0,4.0,23.0,3.9,105.0,18.0,447.0,76.5,2.4,170.0,85.0,70.0,187.0,28.7,25.0,5.6,32.0,196.0,20.0,115.0,10.0,81.0,127.0,1140.0,55.0,234.0,5.0,20.0,49.1,31.0,4.3,15.6,3.7,0.0,0.0,0.0,,0.0,0.0,,,0.0,0.0,,,55.0,4.3,234.0,5.0,8.0,177.0,3.2,57.0,1.0,2.0,27.5,0.0,,0.0,,,0.0,0.0,,0.0,,10.0,1097.0,100%,0.0,0%,0.0,0%,0.0,0.0,0.0,0.0,0.0,0.0,3.0,-12.0,0.0,0.0,0.0,0.0,0.0,0.0,0.0,0.0,102.0,105.0,107.0,108.0,109.0,106.0,111.0,109.0,109.0,
2021,23,LAC,QB,17,17,9-8-0,443,672,65.9,5014,38,5.7,15,2.2,256,51.1,72.0,7.5,7.59,11.3,294.9,97.7,70.9,31,214,4.41,6.83,6.95,5,5,18,PB,Justin Herbert,HerbJu00,5075.0,7.6,2627.0,5.9,3.9,2387.0,5.4,17.0,14.0,1.0,38.0,5.8,96.0,14.6,527.0,80.2,2.4,155.0,51.0,61.0,143.0,19.4,36.0,7.8,54.0,516.0,46.0,484.0,6.0,32.0,166.0,1515.0,63.0,302.0,3.0,28.0,58.7,36.0,4.8,17.8,3.7,0.0,0.0,0.0,,0.0,0.0,,,0.0,0.0,,,63.0,4.8,302.0,3.0,1.0,254.0,4.0,48.0,0.8,2.0,31.5,0.0,,0.0,,,0.0,0.0,,0.0,,,,,,,,,0.0,0.0,0.0,0.0,0.0,0.0,0.0,0.0,0.0,0.0,1.0,1.0,0.0,0.0,0.0,0.0,107.0,111.0,107.0,110.0,104.0,111.0,100.0,112.0,108.0,
2022,24,LAC,QB,17,17,10-7-0,477,699,68.2,4739,25,3.6,10,1.4,228,46.3,55.0,6.8,6.85,9.9,278.8,93.2,60.2,38,206,5.16,6.15,6.22,4,5,14,AP MVP-9,Justin Herbert,HerbJu00,4476.0,6.4,2246.0,4.7,3.2,2493.0,5.2,23.0,25.0,2.0,39.0,5.8,87.0,12.9,508.0,75.6,2.5,182.0,50.0,72.0,160.0,21.1,22.0,6.5,41.0,328.0,41.0,328.0,0.0,0.0,188.0,1435.0,54.0,147.0,0.0,17.0,40.7,23.0,2.7,8.6,3.2,2.0,2.0,-10.0,-5.0,0.0,0.0,0.0,-2.0,0.1,-0.6,100.0,-5.0,56.0,2.4,137.0,0.0,8.0,138.0,2.6,9.0,0.2,0.0,,-15.0,-7.5,5.0,2.5,-7.5,0.0,0.0,0.0,0.0,79.2,10.0,1162.0,98%,0.0,0%,0.0,0%,0.0,0.0,0.0,0.0,0.0,0.0,4.0,0.0,0.0,0.0,1.0,1.0,0.0,0.0,0.0,0.0,93.0,99.0,99.0,103.0,117.0,91.0,119.0,109.0,105.0,
2023,25,LAC,QB,13,13,5-8-0,297,456,65.1,3134,20,4.4,7,1.5,150,46.2,60.0,6.9,7.06,10.6,241.1,93.2,64.8,29,233,5.98,5.98,6.16,1,1,11,,Justin Herbert,HerbJu00,3479.0,7.6,1571.0,5.3,3.4,1563.0,5.3,11.0,11.0,0.0,22.0,4.9,71.0,16.0,339.0,76.2,2.4,158.0,36.0,42.0,107.0,20.9,27.0,8.4,68.0,435.0,60.0,402.0,7.0,33.0,80.0,517.0,52.0,228.0,3.0,16.0,40.4,35.0,4.4,17.5,4.0,1.0,1.0,10.0,10.0,0.0,1.0,100.0,10.0,0.1,0.8,100.0,10.0,53.0,4.5,238.0,3.0,4.0,175.0,3.4,53.0,1.0,2.0,26.0,-7.0,-7.0,17.0,17.0,-7.0,0.0,0.0,0.0,0.0,108.3,10.0,838.0,96%,0.0,0%,0.0,0%,0.0,0.0,0.0,0.0,0.0,0.0,3.0,-4.0,0.0,0.0,0.0,0.0,0.0,0.0,0.0,0.0,97.0,98.0,104.0,104.0,104.0,104.0,118.0,106.0,107.0,
2024,26,LAC,QB,17,17,11-6-0,332,504,65.9,3870,23,4.6,3,0.6,184,44.4,66.0,7.7,8.32,11.7,227.6,101.7,61.7,41,244,7.52,6.65,7.25,1,2,14,"AP MVP-9,AP CPoY-12",Justin Herbert,HerbJu00,4326.0,8.6,2182.0,6.6,4.3,1688.0,5.1,10.0,14.0,3.0,32.0,6.6,67.0,13.8,388.0,79.7,2.5,156.0,20.0,62.0,123.0,21.4,31.0,10.0,3.0,8.0,3.0,8.0,0.0,0.0,15.0,57.0,69.0,306.0,2.0,23.0,46.4,41.0,4.4,18.0,4.1,0.0,0.0,0.0,,0.0,0.0,,,0.0,0.0,,,69.0,4.4,306.0,2.0,6.0,224.0,3.2,82.0,1.2,2.0,34.5,0.0,,0.0,,,0.0,0.0,,0.0,,10.0,1045.0,98%,0.0,0%,0.0,0%,0.0,0.0,0.0,0.0,0.0,0.0,4.0,-6.0,0.0,0.0,0.0,0.0,0.0,0.0,0.0,0.0,112.0,110.0,120.0,118.0,104.0,103.0,132.0,96.0,116.0,
2025,27,LAC,QB,16,16,11-5-0,340,512,66.4,3727,26,5.1,13,2.5,175,47.2,60.0,7.3,7.15,11.0,232.9,94.1,60.6,54,301,9.54,6.05,5.94,3,3,14,PB,Justin Herbert,HerbJu00,4011.0,7.8,2070.0,6.1,4.0,1657.0,4.9,10.0,17.0,0.0,25.0,5.1,75.0,15.2,378.0,76.4,2.4,158.0,55.0,74.0,183.0,29.8,48.0,9.0,64.0,444.0,51.0,387.0,9.0,57.0,99.0,904.0,83.0,498.0,2.0,34.0,57.8,41.0,6.0,31.1,5.2,0.0,0.0,0.0,,0.0,0.0,,,0.0,0.0,,,83.0,6.0,498.0,2.0,7.0,407.0,4.9,91.0,1.1,3.0,27.7,0.0,,0.0,,,0.0,0.0,,0.0,,,,,,,,,0.0,0.0,0.0,0.0,0.0,0.0,3.0,-7.0,0.0,0.0,0.0,0.0,0.0,0.0,0.0,0.0,104.0,98.0,102.0,98.0,106.0,106.0,94.0,81.0,103.0,
2012,24,WAS,QB,3,1,1-0-0,33,48,68.8,466,4,8.3,3,6.3,20,47.1,77.0,9.7,8.56,14.1,155.3,101.6,77.7,3,27,5.88,8.61,7.53,1,1,2,,Kirk Cousins,CousKi00,,,,,,,,,,,,,,,,,,,,,,,,,,,,,,,,,3.0,22.0,0.0,1.0,66.7,17.0,7.3,7.3,1.0,0.0,0.0,0.0,,0.0,0.0,,,0.0,0.0,,,3.0,7.3,22.0,0.0,1.0,,,,,,,,,,,,,,,,,12.0,95.0,49%,0.0,0%,0.0,0%,0.0,0.0,0.0,0.0,0.0,0.0,1.0,0.0,0.0,0.0,0.0,0.0,0.0,0.0,0.0,0.0,,,,,,,,,,
2013,25,WAS,QB,5,3,0-3-0,81,155,52.3,854,4,2.6,7,4.5,42,38.1,62.0,5.5,3.99,10.5,170.8,58.4,36.5,5,32,3.13,5.14,3.67,0,0,-2,,Kirk Cousins,CousKi00,,,,,,,,,,,,,,,,,,,,,,,,,,,,,,,,,4.0,14.0,0.0,2.0,50.0,6.0,3.5,2.8,0.8,0.0,0.0,0.0,,0.0,0.0,,,0.0,0.0,,,4.0,3.5,14.0,0.0,3.0,,,,,,,,,,,,,,,,,12.0,238.0,69%,0.0,0%,0.0,0%,0.0,0.0,0.0,0.0,0.0,0.0,0.0,0.0,0.0,0.0,0.0,0.0,0.0,,,0.0,61.0,76.0,61.0,69.0,64.0,79.0,67.0,126.0,63.0,
2014,26,WAS,QB,6,5,1-4-0,126,204,61.8,1710,10,4.9,9,4.4,75,48.1,81.0,8.4,7.38,13.6,285.0,86.4,52.3,8,70,3.77,7.74,6.77,0,0,4,,Kirk Cousins,CousKi00,,,,,,,,,,,,,,,,,,,,,,,,,,,,,,,,,7.0,20.0,0.0,3.0,57.1,12.0,2.9,3.3,1.2,0.0,0.0,0.0,,0.0,0.0,,,0.0,0.0,,,7.0,2.9,20.0,0.0,2.0,,,,,,,,,,,,,,,,,8.0,357.0,90%,0.0,0%,0.0,0%,0.0,0.0,0.0,0.0,0.0,0.0,0.0,0.0,0.0,0.0,0.0,0.0,0.0,,,0.0,128.0,130.0,106.0,109.0,98.0,105.0,68.0,120.0,97.0,
2015,27,WAS,QB,16,16,9-7-0,379,543,69.8,4166,29,5.3,11,2.0,205,51.1,78.0,7.7,7.83,11.0,260.4,101.6,67.8,26,186,4.57,6.99,7.14,2,3,12,,Kirk Cousins,CousKi00,,,,,,,,,,,,,,,,,,,,,,,,,,,,,,,,,26.0,48.0,5.0,8.0,38.5,13.0,1.8,3.0,1.6,0.0,0.0,0.0,,0.0,0.0,,,0.0,0.0,,,26.0,1.8,48.0,5.0,9.0,,,,,,,,,,,,,,,,,8.0,1025.0,96%,0.0,0%,0.0,0%,0.0,0.0,0.0,0.0,0.0,0.0,5.0,-8.0,0.0,0.0,0.0,0.0,0.0,0.0,0.0,0.0,111.0,114.0,112.0,114.0,128.0,111.0,107.0,112.0,118.0,
2016,28,WAS,QB,16,16,8-7-1,406,606,67.0,4917,25,4.1,12,2.0,227,51.2,80.0,8.1,8.05,12.1,307.3,97.2,66.5,23,190,3.66,7.52,7.45,4,4,15,PB,Kirk Cousins,CousKi00,,,,,,,,,,,,,,,,,,,,,,,,,,,,,,,,,34.0,96.0,4.0,14.0,44.1,19.0,2.8,6.0,2.1,0.0,0.0,0.0,,0.0,0.0,,,0.0,0.0,,,34.0,2.8,96.0,4.0,9.0,,,,,,,,,,,,,,,,,,,,,,,,0.0,0.0,0.0,0.0,0.0,0.0,5.0,0.0,0.0,0.0,0.0,0.0,0.0,0.0,0.0,0.0,122.0,126.0,115.0,119.0,117.0,97.0,107.0,120.0,112.0,
2017,29,WAS,QB,16,16,7-9-0,347,540,64.3,4093,27,5.0,13,2.4,194,45.6,74.0,7.6,7.5,11.8,255.8,93.9,56.2,41,342,7.06,6.46,6.38,1,4,12,,Kirk Cousins,CousKi00,,,,,,,,,,,,,,,,,,,,,,,,,,,,,,,,,49.0,179.0,4.0,19.0,49.0,18.0,3.7,11.2,3.1,0.0,0.0,0.0,,0.0,0.0,,,0.0,0.0,,,49.0,3.7,179.0,4.0,13.0,,,,,,,,,,,,,,,,,8.0,1008.0,100%,0.0,0%,0.0,0%,0.0,0.0,0.0,0.0,0.0,0.0,4.0,-52.0,0.0,0.0,0.0,0.0,0.0,0.0,0.0,0.0,108.0,103.0,107.0,103.0,103.0,107.0,99.0,94.0,105.0,
2018,30,MIN,QB,16,16,8-7-1,425,606,70.1,4298,30,5.0,10,1.7,218,49.4,75.0,7.1,7.34,10.1,268.6,99.7,59.5,40,262,6.19,6.25,6.48,1,0,12,,Kirk Cousins,CousKi00,4390.0,7.2,2345.0,5.5,3.9,1953.0,4.6,0.0,17.0,3.0,25.0,4.3,68.0,11.6,,,2.5,143.0,97.0,39.0,176.0,26.5,17.0,5.6,,,,,,,,,44.0,123.0,1.0,12.0,36.4,19.0,2.8,7.7,2.8,1.0,1.0,-1.0,-1.0,0.0,0.0,0.0,-1.0,0.1,-0.1,100.0,-1.0,45.0,2.7,122.0,1.0,9.0,105.0,2.4,18.0,0.4,1.0,44.0,-7.0,-7.0,6.0,6.0,-7.0,0.0,0.0,0.0,0.0,79.2,8.0,1051.0,100%,0.0,0%,0.0,0%,0.0,0.0,0.0,0.0,0.0,0.0,3.0,-31.0,0.0,0.0,0.0,0.0,0.0,0.0,0.0,0.0,98.0,99.0,104.0,105.0,125.0,105.0,112.0,103.0,113.0,
2019,31,MIN,QB,15,15,10-5-0,307,444,69.1,3603,26,5.9,6,1.4,165,50.4,66.0,8.1,8.68,11.7,240.2,107.4,60.4,28,206,5.93,7.2,7.73,1,1,14,PB,Kirk Cousins,CousKi00,3395.0,7.6,1818.0,5.9,4.1,1785.0,5.8,9.0,24.0,0.0,17.0,4.0,65.0,15.5,332.0,79.0,2.7,107.0,48.0,30.0,106.0,22.0,9.0,5.6,1.0,46.0,1.0,46.0,0.0,0.0,124.0,1235.0,31.0,63.0,1.0,8.0,41.9,14.0,2.0,4.2,2.1,1.0,0.0,0.0,,0.0,0.0,0.0,,0.0,0.0,0.0,0.0,31.0,2.0,63.0,1.0,10.0,51.0,1.6,12.0,0.4,0.0,,0.0,,0.0,,12.0,0.0,0.0,0.0,0.0,39.6,,,,,,,,0.0,0.0,0.0,0.0,0.0,0.0,4.0,-7.0,0.0,0.0,0.0,0.0,0.0,0.0,0.0,0.0,116.0,115.0,120.0,119.0,118.0,112.0,116.0,104.0,120.0,
2020,32,MIN,QB,16,16,7-9-0,349,516,67.6,4265,35,6.8,13,2.5,212,51.2,71.0,8.3,8.49,12.2,266.6,105.0,55.8,39,256,7.03,7.22,7.43,1,3,14,,Kirk Cousins,CousKi00,4103.0,8.0,2329.0,6.7,4.5,1936.0,5.5,11.0,27.0,3.0,18.0,3.7,67.0,13.8,395.0,81.3,2.6,181.0,56.0,78.0,173.0,30.2,17.0,8.1,3.0,12.0,2.0,10.0,1.0,2.0,127.0,1286.0,32.0,156.0,1.0,16.0,59.4,16.0,4.9,9.8,2.0,0.0,0.0,0.0,,0.0,0.0,,,0.0,0.0,,,32.0,4.9,156.0,1.0,9.0,141.0,4.4,15.0,0.5,1.0,32.0,0.0,,0.0,,,0.0,0.0,,0.0,,8.0,1082.0,100%,0.0,0%,0.0,0%,0.0,0.0,0.0,0.0,0.0,0.0,1.0,-1.0,0.0,0.0,0.0,0.0,0.0,0.0,0.0,0.0,122.0,118.0,119.0,116.0,113.0,122.0,95.0,94.0,118.0,
2021,33,MIN,QB,16,16,8-8-0,372,561,66.3,4221,33,5.9,7,1.2,192,46.2,64.0,7.5,8.14,11.3,263.8,103.1,58.3,28,197,4.75,6.83,7.42,3,4,13,PB,Kirk Cousins,CousKi00,4577.0,8.2,2415.0,6.5,4.3,1806.0,4.9,4.0,13.0,5.0,22.0,4.1,93.0,17.1,418.0,77.0,2.4,168.0,68.0,65.0,161.0,26.6,16.0,7.8,8.0,23.0,7.0,21.0,1.0,2.0,113.0,1107.0,29.0,115.0,1.0,8.0,48.3,29.0,4.0,7.2,1.8,0.0,0.0,0.0,,0.0,0.0,,,0.0,0.0,,,29.0,4.0,115.0,1.0,12.0,97.0,3.3,18.0,0.6,0.0,,0.0,,0.0,,,0.0,0.0,,0.0,,,,,,,,,0.0,0.0,0.0,0.0,0.0,0.0,4.0,0.0,0.0,0.0,1.0,1.0,0.0,0.0,0.0,0.0,108.0,111.0,115.0,116.0,106.0,113.0,120.0,110.0,116.0,
2022,34,MIN,QB,17,17,13-4-0,424,643,65.9,4547,29,4.5,14,2.2,246,46.3,66.0,7.1,6.99,10.7,267.5,92.5,52.3,46,329,6.68,6.12,6.05,8,8,13,PB,Kirk Cousins,CousKi00,4806.0,7.5,2569.0,6.1,4.0,1978.0,4.7,14.0,27.0,3.0,25.0,4.1,93.0,15.2,469.0,76.5,2.5,159.0,36.0,84.0,166.0,23.7,12.0,9.1,20.0,175.0,19.0,175.0,0.0,0.0,191.0,1283.0,31.0,97.0,2.0,12.0,38.7,19.0,3.1,5.7,1.8,0.0,0.0,0.0,,0.0,0.0,,,0.0,0.0,,,31.0,3.1,97.0,2.0,7.0,66.0,2.1,31.0,1.0,0.0,,0.0,,0.0,,,0.0,0.0,,0.0,,,,,,,,,0.0,0.0,0.0,0.0,0.0,0.0,0.0,-5.0,0.0,0.0,1.0,0.0,1.0,0.0,0.0,0.0,100.0,99.0,102.0,101.0,106.0,102.0,103.0,98.0,104.0,
2023,35,MIN,QB,8,8,4-4-0,216,311,69.5,2331,18,5.8,5,1.6,112,46.6,62.0,7.5,7.93,10.8,291.4,103.8,64.0,17,110,5.18,6.77,7.18,0,0,7,,Kirk Cousins,CousKi00,2256.0,7.3,1335.0,6.2,4.3,996.0,4.6,3.0,5.0,2.0,16.0,5.3,39.0,12.8,250.0,82.2,2.5,106.0,21.0,45.0,83.0,25.1,3.0,7.0,15.0,39.0,13.0,39.0,0.0,0.0,85.0,616.0,14.0,25.0,0.0,6.0,50.0,10.0,1.8,3.1,1.8,0.0,0.0,0.0,,0.0,0.0,,,0.0,0.0,,,14.0,1.8,25.0,0.0,7.0,22.0,1.6,3.0,0.2,0.0,,0.0,,0.0,,,0.0,0.0,,0.0,,8.0,512.0,98%,0.0,0%,0.0,0%,0.0,0.0,0.0,0.0,0.0,0.0,2.0,1.0,0.0,0.0,0.0,0.0,0.0,0.0,0.0,0.0,110.0,113.0,118.0,119.0,125.0,122.0,116.0,112.0,126.0,
2024,36,ATL,QB,14,14,7-7-0,303,453,66.9,3508,18,4.0,16,3.5,163,46.4,60.0,7.7,6.95,11.6,250.6,88.6,47.0,28,201,5.82,6.88,6.13,3,3,10,AP CPoY-13,Kirk Cousins,CousKi00,3392.0,7.5,1821.0,6.0,4.0,1687.0,5.6,15.0,12.0,4.0,16.0,3.7,51.0,11.7,340.0,77.8,2.4,106.0,25.0,47.0,100.0,20.7,3.0,5.3,0.0,0.0,0.0,0.0,0.0,0.0,8.0,52.0,23.0,0.0,0.0,2.0,13.0,,0.0,0.0,1.6,0.0,0.0,0.0,,0.0,0.0,,,0.0,0.0,,,23.0,0.0,0.0,0.0,13.0,-8.0,-0.3,8.0,0.3,0.0,,0.0,,0.0,,,0.0,0.0,,0.0,,18.0,913.0,98%,0.0,0%,0.0,0%,0.0,0.0,0.0,0.0,0.0,0.0,2.0,-16.0,0.0,0.0,0.0,0.0,0.0,0.0,0.0,0.0,114.0,114.0,100.0,102.0,108.0,96.0,75.0,108.0,97.0,
2025,37,ATL,QB,10,8,5-3-0,166,269,61.7,1721,10,3.7,5,1.9,86,44.3,49.0,6.4,6.3,10.4,172.1,84.8,47.6,13,79,4.61,5.82,5.73,1,2,5,,Kirk Cousins,CousKi00,1875.0,7.0,738.0,4.4,2.7,983.0,5.9,3.0,12.0,3.0,12.0,4.7,41.0,16.1,183.0,72.0,2.4,70.0,17.0,31.0,61.0,21.5,2.0,4.0,3.0,11.0,3.0,11.0,0.0,0.0,63.0,597.0,14.0,7.0,1.0,4.0,28.6,6.0,0.5,0.7,1.4,0.0,0.0,0.0,,0.0,0.0,,,0.0,0.0,,,14.0,0.5,7.0,1.0,3.0,3.0,0.2,4.0,0.3,0.0,,0.0,,0.0,,,0.0,0.0,,0.0,,18.0,543.0,86%,0.0,0%,0.0,0%,0.0,0.0,0.0,0.0,0.0,0.0,1.0,-1.0,0.0,0.0,0.0,0.0,0.0,0.0,0.0,0.0,85.0,93.0,89.0,95.0,88.0,89.0,105.0,116.0,89.0,
2019,22,ARI,QB,16,16,5-10-1,349,542,64.4,3722,20,3.7,12,2.2,173,43.7,88.0,6.9,6.61,10.7,232.6,87.4,57.7,48,309,8.14,5.78,5.55,1,2,14,AP ORoY-1,Kyler Murray,MurrKy00,3987.0,7.4,1870.0,5.4,3.5,1852.0,5.3,18.0,24.0,4.0,17.0,3.3,92.0,17.9,378.0,73.5,2.3,151.0,63.0,16.0,127.0,20.6,28.0,6.9,108.0,780.0,70.0,536.0,33.0,244.0,116.0,938.0,93.0,544.0,4.0,27.0,48.4,35.0,5.8,34.0,5.8,0.0,0.0,0.0,,0.0,0.0,,,0.0,0.0,,,93.0,5.8,544.0,4.0,5.0,445.0,4.8,99.0,1.1,4.0,23.3,0.0,,0.0,,,0.0,0.0,,0.0,,1.0,1009.0,96%,0.0,0%,0.0,0%,0.0,0.0,0.0,0.0,0.0,0.0,3.0,-15.0,0.0,0.0,0.0,0.0,0.0,0.0,0.0,0.0,92.0,89.0,92.0,90.0,99.0,90.0,101.0,87.0,94.0,
2020,23,ARI,QB,16,16,8-8-0,375,558,67.2,3971,26,4.7,12,2.2,205,48.9,80.0,7.1,7.08,10.6,248.2,94.3,61.9,27,176,4.62,6.49,6.45,3,4,16,PB,Kyler Murray,MurrKy00,4340.0,7.8,2213.0,5.9,4.0,1758.0,4.7,14.0,25.0,8.0,13.0,2.5,88.0,16.8,405.0,77.1,2.4,156.0,55.0,24.0,106.0,16.7,51.0,8.4,171.0,1395.0,121.0,1107.0,43.0,288.0,107.0,877.0,133.0,819.0,11.0,52.0,57.1,48.0,6.2,51.2,8.3,0.0,0.0,0.0,,0.0,0.0,,,0.0,0.0,,,133.0,6.2,819.0,11.0,9.0,691.0,5.2,128.0,1.0,5.0,26.6,0.0,,0.0,,,0.0,0.0,,0.0,,,,,,,,,0.0,0.0,0.0,0.0,0.0,0.0,2.0,-3.0,0.0,0.0,0.0,0.0,0.0,0.0,0.0,0.0,99.0,103.0,100.0,103.0,112.0,101.0,102.0,113.0,104.0,
2021,24,ARI,QB,14,14,9-5-0,333,481,69.2,3787,24,5.0,10,2.1,179,49.6,77.0,7.9,7.94,11.4,270.5,100.6,63.2,31,286,6.05,6.84,6.9,1,1,16,PB,Kyler Murray,MurrKy00,3847.0,8.0,1986.0,6.0,4.1,1801.0,5.4,10.0,20.0,0.0,16.0,3.5,66.0,14.3,367.0,79.6,2.3,110.0,69.0,13.0,113.0,20.8,30.0,7.6,111.0,780.0,79.0,702.0,28.0,78.0,109.0,937.0,88.0,423.0,5.0,26.0,53.4,57.0,4.8,30.2,6.3,0.0,0.0,7.0,,0.0,0.0,,,0.0,0.5,,,88.0,4.9,430.0,5.0,13.0,376.0,4.3,47.0,0.5,0.0,,7.0,,0.0,,,0.0,0.0,,0.0,,,,,,,,,0.0,0.0,0.0,0.0,0.0,0.0,13.0,-1.0,0.0,0.0,0.0,0.0,0.0,0.0,0.0,0.0,115.0,111.0,112.0,109.0,118.0,105.0,103.0,101.0,112.0,
2022,25,ARI,QB,11,11,3-8-0,259,390,66.4,2368,14,3.6,7,1.8,119,45.1,38.0,6.1,5.98,9.1,215.3,87.2,53.6,25,192,6.02,5.24,5.16,1,1,8,,Kyler Murray,MurrKy00,2673.0,6.9,1114.0,4.3,2.9,1254.0,4.8,9.0,16.0,3.0,22.0,5.9,44.0,11.9,289.0,77.9,2.2,89.0,42.0,15.0,82.0,18.5,29.0,7.9,50.0,393.0,43.0,336.0,7.0,57.0,61.0,440.0,67.0,418.0,3.0,23.0,61.2,42.0,6.2,38.0,6.1,0.0,0.0,0.0,,0.0,0.0,,,0.0,0.0,,,67.0,6.2,418.0,3.0,8.0,395.0,5.9,23.0,0.3,2.0,33.5,0.0,,0.0,,,0.0,0.0,,0.0,,1.0,719.0,90%,0.0,0%,0.0,0%,0.0,0.0,0.0,0.0,0.0,0.0,6.0,5.0,0.0,0.0,0.0,0.0,0.0,0.0,0.0,0.0,76.0,80.0,85.0,87.0,108.0,91.0,111.0,103.0,95.0,
2023,26,ARI,QB,8,8,3-5-0,176,268,65.7,1799,10,3.7,5,1.9,88,43.7,48.0,6.7,6.62,10.2,224.9,89.4,48.0,18,119,6.29,5.87,5.79,2,2,8,AP CPoY-9,Kyler Murray,MurrKy00,1955.0,7.3,822.0,4.7,3.1,977.0,5.6,10.0,5.0,1.0,10.0,3.8,35.0,13.4,196.0,74.8,2.4,73.0,20.0,19.0,57.0,18.8,18.0,9.6,32.0,148.0,22.0,128.0,7.0,20.0,44.0,467.0,44.0,244.0,3.0,15.0,59.1,33.0,5.5,30.5,5.5,0.0,0.0,0.0,,0.0,0.0,,,0.0,0.0,,,44.0,5.5,244.0,3.0,7.0,229.0,5.2,15.0,0.3,0.0,,0.0,,0.0,,,0.0,0.0,,0.0,,1.0,538.0,99%,0.0,0%,0.0,0%,0.0,0.0,0.0,0.0,0.0,0.0,1.0,-11.0,0.0,0.0,0.0,0.0,0.0,0.0,0.0,0.0,93.0,96.0,97.0,99.0,106.0,95.0,110.0,104.0,101.0,
2024,27,ARI,QB,17,17,8-9-0,372,541,68.8,3851,21,3.9,11,2.0,191,51.7,60.0,7.1,6.98,10.4,226.5,93.5,63.4,30,220,5.25,6.36,6.23,3,3,15,AP CPoY-10,Kyler Murray,MurrKy00,3669.0,6.8,1883.0,5.1,3.5,1968.0,5.3,14.0,19.0,1.0,17.0,3.3,66.0,12.7,412.0,79.1,2.4,155.0,47.0,23.0,100.0,16.3,42.0,8.7,6.0,56.0,5.0,43.0,1.0,13.0,5.0,21.0,78.0,572.0,5.0,27.0,52.6,50.0,7.3,33.6,4.6,0.0,0.0,0.0,,0.0,0.0,,,0.0,0.0,,,78.0,7.3,572.0,5.0,8.0,468.0,6.0,104.0,1.3,2.0,39.0,0.0,,0.0,,,0.0,0.0,,0.0,,1.0,1065.0,97%,0.0,0%,0.0,0%,0.0,0.0,0.0,0.0,0.0,0.0,3.0,-4.0,0.0,0.0,0.0,0.0,0.0,0.0,0.0,0.0,101.0,105.0,101.0,103.0,115.0,95.0,104.0,112.0,104.0,
2025,28,ARI,QB,5,5,2-3-0,110,161,68.3,962,6,3.7,3,1.9,50,44.1,45.0,6.0,5.88,8.7,192.4,88.6,47.2,16,111,9.04,4.81,4.72,0,0,3,,Kyler Murray,MurrKy00,951.0,5.9,417.0,3.8,2.6,545.0,5.0,7.0,4.0,0.0,5.0,3.2,25.0,15.9,118.0,75.2,2.3,35.0,7.0,9.0,32.0,16.5,17.0,8.9,26.0,160.0,17.0,122.0,8.0,38.0,25.0,146.0,29.0,173.0,1.0,10.0,41.4,30.0,6.0,34.6,5.8,0.0,0.0,0.0,,0.0,0.0,,,0.0,0.0,,,29.0,6.0,173.0,1.0,1.0,130.0,4.5,43.0,1.5,2.0,14.5,0.0,,0.0,,,0.0,0.0,,0.0,,1.0,318.0,99%,0.0,0%,0.0,0%,0.0,0.0,0.0,0.0,0.0,0.0,0.0,-4.0,0.0,0.0,0.0,0.0,0.0,0.0,0.0,0.0,76.0,73.0,83.0,80.0,113.0,90.0,105.0,85.0,95.0,
2018,21,BAL,QB,16,7,6-1-0,99,170,58.2,1201,6,3.5,3,1.8,60,43.5,74.0,7.1,6.98,12.1,75.1,84.5,42.6,16,71,8.6,6.08,5.99,0,1,8,,Lamar Jackson,JackLa00,1479.0,8.7,685.0,6.9,4.0,516.0,5.2,0.0,6.0,0.0,7.0,4.3,34.0,20.7,,,2.5,51.0,33.0,9.0,58.0,28.3,19.0,6.2,,,,,,,,,147.0,695.0,5.0,45.0,51.0,39.0,4.7,43.4,9.2,2.0,0.0,0.0,,0.0,0.0,0.0,,0.0,0.0,0.0,0.0,147.0,4.7,695.0,5.0,12.0,499.0,3.4,196.0,1.3,3.0,49.0,0.0,,0.0,,-1.0,0.0,0.0,0.0,0.0,39.6,8.0,585.0,49%,0.0,0%,0.0,0%,0.0,0.0,0.0,0.0,0.0,0.0,5.0,-21.0,0.0,0.0,0.0,0.0,0.0,0.0,0.0,0.0,97.0,96.0,99.0,98.0,80.0,90.0,110.0,85.0,92.0,
2019,22,BAL,QB,15,15,13-2-0,265,401,66.1,3127,36,9.0,6,1.5,161,50.5,83.0,7.8,8.92,11.8,208.5,113.3,83.0,23,106,5.42,7.13,8.19,1,2,25,"PB,AP-1,AP MVP-1,AP OPoY-2",Lamar Jackson,JackLa00,3545.0,8.8,1767.0,6.7,4.4,1360.0,5.1,12.0,11.0,2.0,14.0,3.6,68.0,17.5,295.0,76.0,2.6,138.0,31.0,21.0,75.0,16.2,39.0,11.0,173.0,1259.0,77.0,588.0,92.0,671.0,116.0,892.0,176.0,1206.0,7.0,71.0,58.0,47.0,6.9,80.4,11.7,0.0,0.0,0.0,,0.0,0.0,,,0.0,0.0,,,176.0,6.9,1206.0,7.0,9.0,867.0,4.9,339.0,1.9,3.0,58.7,0.0,,0.0,,,0.0,0.0,,0.0,,,,,,,,,0.0,0.0,0.0,0.0,0.0,0.0,4.0,-3.0,0.0,0.0,0.0,0.0,0.0,0.0,0.0,0.0,110.0,114.0,123.0,125.0,106.0,143.0,114.0,108.0,128.0,
2020,23,BAL,QB,15,15,11-4-0,242,376,64.4,2757,26,6.9,9,2.4,138,46.2,47.0,7.3,7.64,11.4,183.8,99.3,67.3,29,160,7.16,6.41,6.7,1,1,18,,Lamar Jackson,JackLa00,3241.0,8.6,1588.0,6.6,4.2,1169.0,4.8,6.0,9.0,3.0,20.0,5.5,64.0,17.6,274.0,75.3,2.5,104.0,49.0,24.0,102.0,22.5,49.0,7.2,157.0,1301.0,75.0,742.0,76.0,559.0,87.0,767.0,159.0,1005.0,7.0,56.0,51.6,50.0,6.3,67.0,10.6,0.0,0.0,0.0,,0.0,0.0,,,0.0,0.0,,,159.0,6.3,1005.0,7.0,10.0,800.0,5.0,205.0,1.3,8.0,19.9,0.0,,0.0,,,0.0,0.0,,0.0,,8.0,917.0,94%,0.0,0%,0.0,0%,0.0,0.0,0.0,0.0,0.0,0.0,4.0,-9.0,0.0,0.0,0.0,0.0,0.0,0.0,0.0,0.0,103.0,102.0,108.0,106.0,99.0,124.0,98.0,93.0,110.0,
2021,24,BAL,QB,12,12,7-5-0,246,382,64.4,2882,16,4.2,13,3.4,135,46.9,49.0,7.5,6.85,11.7,240.2,87.0,56.8,38,190,9.05,6.41,5.78,4,4,11,PB,Lamar Jackson,JackLa00,3543.0,9.3,1734.0,7.0,4.5,1148.0,4.7,9.0,7.0,4.0,18.0,4.9,74.0,19.9,272.0,73.3,2.5,151.0,39.0,29.0,106.0,22.6,49.0,8.0,119.0,834.0,63.0,574.0,54.0,260.0,93.0,831.0,133.0,767.0,2.0,48.0,56.4,31.0,5.8,63.9,11.1,0.0,0.0,0.0,,0.0,0.0,,,0.0,0.0,,,133.0,5.8,767.0,2.0,6.0,485.0,3.6,282.0,2.1,11.0,12.1,0.0,,0.0,,,0.0,0.0,,0.0,,,,,,,,,0.0,0.0,0.0,0.0,0.0,0.0,2.0,9.0,0.0,0.0,0.0,0.0,0.0,0.0,0.0,0.0,108.0,102.0,98.0,95.0,98.0,97.0,77.0,80.0,94.0,
2022,25,BAL,QB,12,12,8-4-0,203,326,62.3,2242,17,5.2,7,2.1,105,44.6,75.0,6.9,6.95,11.0,186.8,91.1,61.1,26,114,7.39,6.05,6.12,1,2,12,,Lamar Jackson,JackLa00,2752.0,8.4,1271.0,6.3,3.9,971.0,4.8,8.0,16.0,1.0,26.0,8.4,56.0,18.1,233.0,75.4,2.6,125.0,32.0,15.0,73.0,19.4,24.0,8.2,110.0,919.0,72.0,587.0,35.0,332.0,99.0,814.0,112.0,764.0,3.0,47.0,64.3,79.0,6.8,63.7,9.3,0.0,0.0,0.0,,0.0,0.0,,,0.0,0.0,,,112.0,6.8,764.0,3.0,5.0,542.0,4.8,222.0,2.0,14.0,8.0,0.0,,0.0,,,0.0,0.0,,0.0,,8.0,728.0,92%,0.0,0%,0.0,0%,0.0,0.0,0.0,0.0,0.0,0.0,2.0,-5.0,0.0,0.0,1.0,1.0,0.0,0.0,0.0,0.0,95.0,97.0,101.0,102.0,90.0,111.0,104.0,93.0,102.0,
2023,26,BAL,QB,16,16,13-3-0,307,457,67.2,3678,24,5.3,7,1.5,178,48.2,80.0,8.0,8.41,12.0,229.9,102.7,65.4,37,218,7.49,7.0,7.34,1,0,19,"PB,AP-1,AP MVP-1,AP OPoY-4,AP CPoY-9",Lamar Jackson,JackLa00,3831.0,8.4,1929.0,6.3,4.2,1749.0,5.7,9.0,15.0,1.0,22.0,5.0,73.0,16.6,326.0,73.9,2.7,169.0,22.0,29.0,88.0,15.7,65.0,6.4,115.0,1046.0,86.0,893.0,25.0,153.0,58.0,525.0,148.0,821.0,5.0,50.0,54.1,30.0,5.5,51.3,9.3,0.0,0.0,0.0,,0.0,1.0,,,0.0,0.0,,,148.0,5.5,821.0,5.0,11.0,592.0,4.0,229.0,1.5,14.0,10.6,0.0,,0.0,,,0.0,0.0,,0.0,,,,,,,,,0.0,0.0,0.0,0.0,0.0,0.0,4.0,-7.0,0.0,0.0,0.0,0.0,0.0,0.0,0.0,0.0,122.0,118.0,125.0,122.0,114.0,115.0,118.0,96.0,124.0,
2024,27,BAL,QB,17,17,12-5-0,316,474,66.7,4172,41,8.6,4,0.8,218,51.3,84.0,8.8,10.15,13.2,245.4,119.6,74.8,23,149,4.63,8.09,9.38,2,2,21,"PB,AP-1,AP MVP-2,AP OPoY-2",Lamar Jackson,JackLa00,4056.0,8.6,2087.0,6.6,4.4,2085.0,6.6,12.0,13.0,5.0,28.0,6.1,69.0,15.1,359.0,78.7,2.5,162.0,53.0,31.0,107.0,19.7,45.0,9.0,8.0,58.0,4.0,34.0,3.0,24.0,7.0,94.0,139.0,915.0,4.0,55.0,56.1,48.0,6.6,53.8,8.2,0.0,0.0,0.0,,0.0,0.0,,,0.0,0.0,,,139.0,6.6,915.0,4.0,10.0,666.0,4.8,249.0,1.8,7.0,19.9,0.0,,0.0,,,0.0,0.0,,0.0,,,,,,,,,0.0,0.0,0.0,0.0,0.0,0.0,5.0,-28.0,0.0,0.0,0.0,0.0,0.0,0.0,0.0,0.0,136.0,137.0,147.0,147.0,107.0,151.0,127.0,117.0,143.0,
2025,28,BAL,QB,13,13,6-7-0,192,302,63.6,2549,21,7.0,7,2.3,109,46.2,64.0,8.4,8.79,13.3,196.1,103.8,62.7,36,239,10.65,6.83,7.14,1,1,13,,Lamar Jackson,JackLa00,2663.0,8.8,1485.0,7.7,4.9,1064.0,5.5,11.0,10.0,2.0,13.0,4.5,53.0,18.3,210.0,72.4,2.5,125.0,28.0,23.0,87.0,23.6,30.0,7.3,46.0,410.0,27.0,322.0,16.0,88.0,67.0,825.0,67.0,349.0,2.0,24.0,47.8,20.0,5.2,26.8,5.2,0.0,0.0,0.0,,0.0,0.0,,,0.0,0.0,,,67.0,5.2,349.0,2.0,7.0,257.0,3.8,92.0,1.4,7.0,9.6,0.0,,0.0,,,0.0,0.0,,0.0,,8.0,702.0,93%,0.0,0%,0.0,0%,0.0,0.0,0.0,0.0,0.0,0.0,3.0,0.0,0.0,0.0,0.0,0.0,0.0,0.0,0.0,0.0,130.0,114.0,126.0,115.0,95.0,129.0,97.0,73.0,118.0,
2009,21,DET,QB,10,10,2-8-0,201,377,53.3,2267,13,3.4,20,5.3,111,39.4,75.0,6.0,4.32,11.3,226.7,61.0,37.1,24,169,5.99,5.23,3.64,1,1,3,,Matthew Stafford,StafMa00,,,,,,,,,,,,,,,,,,,,,,,,,,,,,,,,,20.0,108.0,2.0,7.0,40.0,21.0,5.4,10.8,2.0,0.0,0.0,0.0,,0.0,0.0,,,0.0,0.0,,,20.0,5.4,108.0,2.0,4.0,,,,,,,,,,,,,,,,,,,,,,,,0.0,0.0,0.0,0.0,0.0,0.0,2.0,0.0,0.0,0.0,0.0,0.0,0.0,0.0,0.0,0.0,82.0,83.0,74.0,75.0,74.0,92.0,66.0,100.0,72.0,
2010,22,DET,QB,3,3,1-2-0,57,96,59.4,535,6,6.3,1,1.0,28,40.0,36.0,5.6,6.35,9.4,178.3,91.3,50.1,4,36,4.0,4.99,5.74,1,1,2,,Matthew Stafford,StafMa00,,,,,,,,,,,,,,,,,,,,,,,,,,,,,,,,,4.0,11.0,1.0,1.0,50.0,9.0,2.8,3.7,1.3,0.0,0.0,0.0,,0.0,0.0,,,0.0,0.0,,,4.0,2.8,11.0,1.0,2.0,,,,,,,,,,,,,,,,,,,,,,,,0.0,0.0,0.0,0.0,0.0,0.0,0.0,-5.0,0.0,0.0,0.0,0.0,0.0,,,0.0,74.0,79.0,97.0,100.0,96.0,123.0,126.0,117.0,108.0,
2011,23,DET,QB,16,16,10-6-0,421,663,63.5,5038,41,6.2,16,2.4,243,49.8,73.0,7.6,7.75,12.0,314.9,97.2,60.5,36,257,5.15,6.84,6.98,3,4,16,AP CPoY-1,Matthew Stafford,StafMa00,,,,,,,,,,,,,,,,,,,,,,,,,,,,,,,,,22.0,78.0,0.0,7.0,31.8,22.0,3.5,4.9,1.4,0.0,0.0,0.0,,0.0,0.0,,,0.0,0.0,,,22.0,3.5,78.0,0.0,5.0,,,,,,,,,,,,,,,,,,,,,,,,0.0,0.0,0.0,0.0,0.0,0.0,1.0,-4.0,0.0,0.0,0.0,0.0,0.0,0.0,0.0,0.0,110.0,112.0,114.0,115.0,110.0,121.0,107.0,109.0,116.0,
2012,24,DET,QB,16,16,4-12-0,435,727,59.8,4967,20,2.8,17,2.3,267,47.5,57.0,6.8,6.33,11.4,310.4,79.8,56.1,29,212,3.84,6.29,5.81,3,3,13,,Matthew Stafford,StafMa00,,,,,,,,,,,,,,,,,,,,,,,,,,,,,,,,,35.0,126.0,4.0,12.0,51.4,11.0,3.6,7.9,2.2,1.0,1.0,3.0,3.0,0.0,0.0,0.0,3.0,0.1,0.2,100.0,3.0,36.0,3.6,129.0,4.0,6.0,,,,,,,,,,,,,,,,,9.0,1180.0,98%,0.0,0%,0.0,0%,0.0,0.0,0.0,0.0,0.0,0.0,2.0,-7.0,0.0,0.0,0.0,0.0,0.0,0.0,0.0,0.0,94.0,101.0,95.0,99.0,97.0,83.0,107.0,121.0,93.0,
2013,25,DET,QB,16,16,7-9-0,371,634,58.5,4650,29,4.6,19,3.0,223,46.9,87.0,7.3,6.9,12.5,290.6,84.2,53.5,23,168,3.5,6.82,6.4,2,3,13,,Matthew Stafford,StafMa00,,,,,,,,,,,,,,,,,,,,,,,,,,,,,,,,,37.0,69.0,2.0,13.0,40.5,14.0,1.9,4.3,2.3,0.0,0.0,0.0,,0.0,0.0,,,0.0,0.0,,,37.0,1.9,69.0,2.0,12.0,,,,,,,,,,,,,,,,,9.0,1133.0,100%,0.0,0%,0.0,0%,0.0,0.0,0.0,0.0,0.0,0.0,5.0,-35.0,0.0,0.0,1.0,0.0,1.0,0.0,0.0,0.0,105.0,112.0,101.0,106.0,88.0,102.0,94.0,123.0,97.0,
2014,26,DET,QB,16,16,11-5-0,363,602,60.3,4257,22,3.7,12,2.0,212,43.3,73.0,7.1,6.91,11.7,266.1,85.7,44.7,45,254,6.96,6.19,6.03,5,5,13,PB,Matthew Stafford,StafMa00,,,,,,,,,,,,,,,,,,,,,,,,,,,,,,,,,43.0,93.0,2.0,11.0,27.9,18.0,2.2,5.8,2.7,0.0,0.0,0.0,,0.0,0.0,,,0.0,0.0,,,43.0,2.2,93.0,2.0,8.0,,,,,,,,,,,,,,,,,,,,,,,,0.0,0.0,0.0,0.0,0.0,0.0,3.0,-5.0,0.0,0.0,0.0,0.0,0.0,0.0,0.0,0.0,97.0,97.0,99.0,99.0,92.0,90.0,110.0,95.0,96.0,
2015,27,DET,QB,16,16,7-9-0,398,592,67.2,4262,32,5.4,13,2.2,224,49.4,57.0,7.2,7.29,10.7,266.4,97.0,58.3,44,251,6.92,6.31,6.39,2,3,13,,Matthew Stafford,StafMa00,,,,,,,,,,,,,,,,,,,,,,,,,,,,,,,,,44.0,159.0,1.0,13.0,36.4,18.0,3.6,9.9,2.8,1.0,1.0,-6.0,-6.0,0.0,0.0,0.0,-6.0,0.1,-0.4,100.0,-6.0,45.0,3.4,153.0,1.0,4.0,,,,,,,,,,,,,,,,,9.0,1033.0,96%,0.0,0%,0.0,0%,0.0,0.0,0.0,0.0,0.0,0.0,2.0,-5.0,0.0,0.0,0.0,0.0,0.0,0.0,0.0,0.0,100.0,98.0,104.0,103.0,117.0,112.0,103.0,93.0,111.0,
2016,28,DET,QB,16,16,9-7-0,388,594,65.3,4327,24,4.0,10,1.7,218,48.0,73.0,7.3,7.34,11.2,270.4,93.3,65.2,37,216,5.86,6.52,6.56,8,8,14,,Matthew Stafford,StafMa00,,,,,,,,,,,,,,,,,,,,,,,,,,,,,,,,,37.0,207.0,2.0,16.0,54.1,24.0,5.6,12.9,2.3,1.0,0.0,0.0,,0.0,0.0,0.0,,0.0,0.0,0.0,0.0,37.0,5.6,207.0,2.0,3.0,,,,,,,,,,,,,,,,,9.0,1037.0,100%,0.0,0%,0.0,0%,0.0,0.0,0.0,0.0,0.0,0.0,1.0,0.0,0.0,0.0,0.0,0.0,0.0,0.0,0.0,0.0,103.0,104.0,105.0,106.0,110.0,96.0,112.0,102.0,106.0,
2017,29,DET,QB,16,16,9-7-0,371,565,65.7,4446,29,5.1,10,1.8,210,45.6,71.0,7.9,8.1,12.0,277.9,99.3,65.3,47,287,7.68,6.8,7.01,1,4,15,,Matthew Stafford,StafMa00,,,,,,,,,,,,,,,,,,,,,,,,,,,,,,,,,29.0,98.0,0.0,9.0,34.5,15.0,3.4,6.1,1.8,0.0,0.0,0.0,,0.0,0.0,,,0.0,0.0,,,29.0,3.4,98.0,0.0,12.0,,,,,,,,,,,,,,,,,9.0,1032.0,99%,0.0,0%,0.0,0%,0.0,0.0,0.0,0.0,0.0,0.0,3.0,-13.0,0.0,0.0,0.0,0.0,0.0,0.0,0.0,0.0,114.0,109.0,115.0,111.0,108.0,108.0,110.0,90.0,113.0,
2018,30,DET,QB,16,16,6-10-0,367,555,66.1,3777,21,3.8,11,2.0,197,45.7,67.0,6.8,6.67,10.3,236.1,89.9,51.3,40,255,6.72,5.92,5.79,0,1,10,,Matthew Stafford,StafMa00,3840.0,6.9,1759.0,4.8,3.2,2018.0,5.5,0.0,15.0,1.0,29.0,5.4,94.0,17.4,,,2.3,165.0,56.0,34.0,130.0,21.4,12.0,6.5,,,,,,,,,25.0,71.0,0.0,8.0,44.0,10.0,2.8,4.4,1.6,0.0,0.0,0.0,,0.0,0.0,,,0.0,0.0,,,25.0,2.8,71.0,0.0,6.0,69.0,2.8,2.0,0.1,0.0,,0.0,,0.0,,,0.0,0.0,,0.0,,9.0,1052.0,98%,0.0,0%,0.0,0%,0.0,0.0,0.0,0.0,0.0,0.0,1.0,0.0,0.0,0.0,0.0,0.0,0.0,0.0,0.0,0.0,92.0,93.0,95.0,96.0,110.0,93.0,106.0,99.0,100.0,
2019,31,DET,QB,8,8,3-4-1,187,291,64.3,2499,19,6.5,5,1.7,117,48.9,66.0,8.6,9.12,13.4,312.4,106.0,71.3,18,137,5.83,7.64,8.15,2,1,8,,Matthew Stafford,StafMa00,3097.0,10.6,1609.0,8.6,5.5,890.0,4.8,5.0,5.0,2.0,9.0,3.2,59.0,20.8,201.0,70.8,2.4,87.0,23.0,20.0,61.0,19.1,10.0,5.6,14.0,90.0,8.0,52.0,5.0,38.0,69.0,672.0,20.0,66.0,0.0,5.0,40.0,12.0,3.3,8.3,2.5,0.0,0.0,0.0,,0.0,0.0,,,0.0,0.0,,,20.0,3.3,66.0,0.0,5.0,54.0,2.7,12.0,0.6,1.0,20.0,0.0,,0.0,,,0.0,0.0,,0.0,,9.0,542.0,100%,0.0,0%,0.0,0%,0.0,0.0,0.0,0.0,0.0,0.0,1.0,-10.0,0.0,0.0,0.0,0.0,0.0,0.0,0.0,0.0,126.0,123.0,126.0,124.0,99.0,119.0,110.0,105.0,118.0,
2020,32,DET,QB,16,16,5-11-0,339,528,64.2,4084,26,4.9,10,1.9,205,47.9,73.0,7.7,7.87,12.0,255.3,96.3,61.3,38,254,6.71,6.77,6.89,3,4,13,,Matthew Stafford,StafMa00,4609.0,8.7,2343.0,6.9,4.4,1741.0,5.1,7.0,7.0,7.0,33.0,6.4,94.0,18.3,399.0,77.6,2.4,179.0,45.0,39.0,122.0,21.0,16.0,7.3,27.0,273.0,27.0,273.0,0.0,0.0,105.0,959.0,29.0,112.0,0.0,12.0,51.7,17.0,3.9,7.0,1.8,1.0,0.0,0.0,,0.0,0.0,0.0,,0.0,0.0,0.0,0.0,29.0,3.9,112.0,0.0,2.0,107.0,3.7,5.0,0.2,0.0,,0.0,,0.0,,15.0,0.0,0.0,0.0,0.0,39.6,9.0,966.0,92%,0.0,0%,0.0,0%,0.0,0.0,0.0,0.0,0.0,0.0,1.0,-1.0,0.0,0.0,0.0,0.0,0.0,0.0,0.0,0.0,111.0,109.0,111.0,109.0,98.0,103.0,107.0,96.0,106.0,
2021,33,LAR,QB,17,17,12-5-0,404,601,67.2,4886,41,6.8,17,2.8,291,52.6,79.0,8.1,8.22,12.1,287.4,102.9,69.2,30,243,4.75,7.36,7.45,3,4,15,,Matthew Stafford,StafMa00,5090.0,8.5,2760.0,6.8,4.6,2126.0,5.3,9.0,3.0,0.0,31.0,5.2,111.0,18.6,458.0,76.6,2.5,137.0,32.0,42.0,104.0,16.3,8.0,6.1,25.0,233.0,25.0,233.0,0.0,0.0,122.0,1247.0,32.0,43.0,0.0,13.0,31.3,12.0,1.3,2.5,1.9,0.0,0.0,0.0,,0.0,0.0,,,0.0,0.0,,,32.0,1.3,43.0,0.0,5.0,36.0,1.1,7.0,0.2,0.0,,0.0,,0.0,,,0.0,0.0,,0.0,,9.0,1065.0,98%,0.0,0%,0.0,0%,0.0,0.0,0.0,0.0,0.0,0.0,3.0,2.0,0.0,0.0,0.0,0.0,0.0,0.0,0.0,0.0,120.0,121.0,116.0,116.0,110.0,123.0,89.0,110.0,115.0,
2022,34,LAR,QB,9,9,3-6-0,206,303,68.0,2087,10,3.3,8,2.6,105,49.7,75.0,6.9,6.36,10.1,231.9,87.4,52.3,29,208,8.73,5.66,5.18,0,0,7,,Matthew Stafford,StafMa00,2018.0,6.7,959.0,4.7,3.2,1128.0,5.5,3.0,6.0,1.0,11.0,3.7,54.0,18.2,224.0,75.7,2.3,77.0,23.0,27.0,79.0,23.4,5.0,3.0,14.0,146.0,14.0,146.0,0.0,0.0,68.0,614.0,13.0,9.0,1.0,3.0,38.5,4.0,0.7,1.0,1.4,0.0,0.0,0.0,,0.0,0.0,,,0.0,0.0,,,13.0,0.7,9.0,1.0,5.0,3.0,0.2,6.0,0.5,1.0,13.0,0.0,,0.0,,,0.0,0.0,,0.0,,9.0,534.0,95%,0.0,0%,0.0,0%,0.0,0.0,0.0,0.0,0.0,0.0,2.0,0.0,0.0,0.0,1.0,1.0,0.0,0.0,0.0,0.0,96.0,89.0,91.0,88.0,116.0,88.0,93.0,84.0,96.0,
2023,35,LAR,QB,15,15,9-6-0,326,521,62.6,3965,24,4.6,11,2.1,202,47.5,80.0,7.6,7.58,12.2,264.3,92.5,64.2,30,205,5.44,6.82,6.8,1,2,13,"PB,AP MVP-8,AP CPoY-4",Matthew Stafford,StafMa00,4033.0,7.7,2075.0,6.4,4.0,1890.0,5.8,8.0,22.0,3.0,33.0,6.7,94.0,19.0,372.0,75.0,2.5,171.0,27.0,43.0,100.0,17.7,13.0,5.5,20.0,157.0,19.0,157.0,0.0,0.0,97.0,1013.0,21.0,65.0,0.0,4.0,33.3,9.0,3.1,4.3,1.4,0.0,0.0,0.0,,0.0,0.0,,,0.0,0.0,,,21.0,3.1,65.0,0.0,0.0,61.0,2.9,4.0,0.2,0.0,,0.0,,0.0,,,0.0,0.0,,0.0,,,,,,,,,,,,,,,,,,,,,,,,,113.0,114.0,112.0,114.0,91.0,106.0,104.0,110.0,106.0,
2024,36,LAR,QB,16,16,10-6-0,340,517,65.8,3762,20,3.9,8,1.5,201,50.1,69.0,7.3,7.35,11.1,235.1,93.7,61.5,28,213,5.14,6.51,6.59,3,5,12,,Matthew Stafford,StafMa00,3696.0,7.1,2036.0,6.0,3.9,1726.0,5.1,15.0,15.0,1.0,15.0,3.0,88.0,17.6,372.0,74.3,2.4,144.0,31.0,63.0,122.0,22.3,3.0,12.7,0.0,0.0,0.0,0.0,0.0,0.0,0.0,0.0,30.0,41.0,0.0,10.0,36.7,15.0,1.4,2.6,1.9,0.0,0.0,0.0,,0.0,0.0,,,0.0,0.0,,,30.0,1.4,41.0,0.0,6.0,36.0,1.2,5.0,0.2,0.0,,0.0,,0.0,,,0.0,0.0,,0.0,,9.0,1024.0,100%,0.0,0%,0.0,0%,0.0,0.0,0.0,0.0,0.0,0.0,3.0,-15.0,0.0,0.0,0.0,0.0,0.0,0.0,0.0,0.0,104.0,107.0,106.0,108.0,103.0,95.0,114.0,113.0,105.0,
2025,37,LAR,QB,17,17,12-5-0,388,597,65.0,4707,46,7.7,8,1.3,236,54.4,88.0,7.9,8.82,12.1,276.9,109.2,71.2,23,150,3.71,7.35,8.25,1,1,16,"PB,AP-1,AP MVP-1",Matthew Stafford,StafMa00,5358.0,9.0,2857.0,7.4,4.8,1850.0,4.8,5.0,14.0,3.0,28.0,4.8,105.0,18.1,427.0,73.6,2.4,159.0,41.0,52.0,116.0,18.5,7.0,3.1,16.0,102.0,16.0,102.0,0.0,0.0,207.0,1744.0,29.0,1.0,0.0,0.0,3.4,6.0,0.0,0.1,1.7,0.0,0.0,0.0,,0.0,0.0,,,0.0,0.0,,,29.0,0.0,1.0,0.0,7.0,-1.0,0.0,2.0,0.1,0.0,,0.0,,0.0,,,0.0,0.0,,0.0,,,,,,,,,0.0,0.0,0.0,0.0,0.0,0.0,3.0,-30.0,0.0,0.0,0.0,0.0,0.0,0.0,0.0,0.0,118.0,125.0,127.0,131.0,101.0,138.0,114.0,122.0,127.0,
2017,22,KAN,QB,1,1,1-0-0,22,35,62.9,284,0,0.0,1,2.9,15,51.4,51.0,8.1,6.83,12.9,284.0,76.4,66.8,2,15,5.41,7.27,6.05,0,1,1,,Patrick Mahomes,MahoPa00,,,,,,,,,,,,,,,,,,,,,,,,,,,,,,,,,7.0,10.0,0.0,0.0,14.3,5.0,1.4,10.0,7.0,0.0,0.0,0.0,,0.0,0.0,,,0.0,0.0,,,7.0,1.4,10.0,0.0,0.0,,,,,,,,,,,,,,,,,15.0,62.0,94%,0.0,0%,0.0,0%,0.0,0.0,0.0,0.0,0.0,0.0,1.0,0.0,0.0,0.0,0.0,0.0,0.0,0.0,0.0,0.0,,,,,,,,,,
2018,23,KAN,QB,16,16,12-4-0,383,580,66.0,5097,50,8.6,12,2.1,237,54.1,89.0,8.8,9.58,13.3,318.6,113.8,80.3,26,171,4.29,8.13,8.89,2,2,22,"PB,AP-1,AP MVP-1,AP OPoY-1",Patrick Mahomes,MahoPa00,5260.0,9.1,2489.0,6.5,4.3,2608.0,6.8,0.0,24.0,1.0,28.0,5.0,95.0,17.1,,,2.4,127.0,121.0,67.0,214.0,33.8,27.0,7.9,,,,,,,,,60.0,272.0,2.0,17.0,53.3,28.0,4.5,17.0,3.8,0.0,0.0,0.0,,0.0,0.0,,,0.0,0.0,,,60.0,4.5,272.0,2.0,9.0,224.0,3.7,48.0,0.8,0.0,,0.0,,0.0,,,0.0,0.0,,0.0,,,,,,,,,0.0,0.0,0.0,0.0,0.0,0.0,5.0,-4.0,0.0,0.0,0.0,0.0,0.0,0.0,0.0,0.0,131.0,134.0,134.0,136.0,109.0,144.0,105.0,118.0,131.0,
2019,24,KAN,QB,14,14,11-3-0,319,484,65.9,4031,26,5.4,5,1.0,176,50.9,83.0,8.3,8.94,12.6,287.9,105.3,77.7,17,127,3.39,7.79,8.38,1,1,17,"PB,AP OPoY-4",Patrick Mahomes,MahoPa00,4273.0,8.8,2076.0,6.5,4.3,1955.0,6.1,6.0,19.0,0.0,25.0,5.4,85.0,18.3,359.0,77.2,2.5,108.0,54.0,34.0,105.0,20.0,23.0,9.3,71.0,497.0,64.0,469.0,6.0,28.0,115.0,908.0,43.0,218.0,2.0,15.0,41.9,25.0,5.1,15.6,3.1,0.0,0.0,0.0,,0.0,0.0,,,0.0,0.0,,,43.0,5.1,218.0,2.0,3.0,194.0,4.5,24.0,0.6,1.0,43.0,0.0,,0.0,,,0.0,0.0,,0.0,,,,,,,,,0.0,0.0,0.0,0.0,0.0,0.0,1.0,0.0,0.0,0.0,0.0,0.0,0.0,0.0,0.0,0.0,121.0,126.0,123.0,127.0,105.0,107.0,122.0,123.0,117.0,
2020,25,KAN,QB,15,15,14-1-0,390,588,66.3,4740,38,6.5,6,1.0,238,54.1,75.0,8.1,8.89,12.2,316.0,108.2,78.1,22,147,3.61,7.53,8.33,3,3,17,"PB,AP-2,AP MVP-3,AP OPoY-2",Patrick Mahomes,MahoPa00,4910.0,8.4,2473.0,6.3,4.2,2267.0,5.8,8.0,20.0,1.0,28.0,4.9,100.0,17.6,436.0,76.9,2.6,141.0,62.0,59.0,143.0,22.0,40.0,7.3,100.0,770.0,94.0,756.0,4.0,14.0,144.0,1068.0,62.0,308.0,2.0,22.0,53.2,24.0,5.0,20.5,4.1,2.0,0.0,0.0,,0.0,0.0,0.0,,0.0,0.0,0.0,0.0,62.0,5.0,308.0,2.0,5.0,261.0,4.2,47.0,0.8,2.0,31.0,0.0,,0.0,,12.5,0.0,0.0,0.0,1.0,0.0,,,,,,,,0.0,0.0,0.0,0.0,0.0,0.0,2.0,-10.0,0.0,0.0,0.0,0.0,0.0,0.0,0.0,0.0,118.0,124.0,125.0,128.0,108.0,119.0,124.0,121.0,122.0,
2021,26,KAN,QB,17,17,12-5-0,436,658,66.3,4839,37,5.6,13,2.0,316,53.2,75.0,7.4,7.59,11.1,284.6,98.5,67.7,28,146,4.08,6.84,7.07,3,3,18,PB,Patrick Mahomes,MahoPa00,4829.0,7.3,2140.0,4.9,3.3,2699.0,6.2,7.0,33.0,0.0,31.0,5.0,119.0,19.0,485.0,77.6,2.4,113.0,76.0,60.0,164.0,22.4,46.0,8.7,97.0,652.0,91.0,638.0,5.0,14.0,148.0,1099.0,66.0,381.0,2.0,30.0,50.0,32.0,5.8,22.4,3.9,0.0,0.0,0.0,,0.0,0.0,,,0.0,0.0,,,66.0,5.8,381.0,2.0,9.0,366.0,5.5,15.0,0.2,0.0,,0.0,,0.0,,,0.0,0.0,,0.0,,,,,,,,,0.0,0.0,0.0,0.0,0.0,0.0,2.0,-17.0,0.0,0.0,1.0,1.0,0.0,0.0,0.0,0.0,104.0,111.0,107.0,111.0,106.0,111.0,105.0,115.0,109.0,
2022,27,KAN,QB,17,17,14-3-0,435,648,67.1,5250,41,6.3,12,1.9,289,54.6,67.0,8.1,8.53,12.1,308.8,105.2,79.0,26,188,3.86,7.51,7.93,4,4,19,"PB,AP-1,AP MVP-1,AP OPoY-2",Patrick Mahomes,MahoPa00,4686.0,7.2,2397.0,5.5,3.7,2853.0,6.6,8.0,33.0,0.0,33.0,5.4,95.0,15.4,474.0,77.1,2.6,160.0,58.0,56.0,140.0,19.4,46.0,7.5,91.0,713.0,86.0,692.0,4.0,21.0,143.0,1394.0,61.0,358.0,4.0,26.0,59.0,20.0,5.9,21.1,3.6,1.0,1.0,6.0,6.0,0.0,0.0,100.0,6.0,0.1,0.4,100.0,6.0,62.0,5.9,364.0,4.0,5.0,345.0,5.7,13.0,0.2,0.0,,-9.0,-9.0,15.0,15.0,-9.0,0.0,0.0,0.0,0.0,91.7,,,,,,,,0.0,0.0,0.0,0.0,0.0,0.0,4.0,-3.0,0.0,0.0,2.0,1.0,1.0,0.0,0.0,0.0,125.0,129.0,126.0,129.0,112.0,124.0,110.0,118.0,124.0,
2023,28,KAN,QB,16,16,10-6-0,401,597,67.2,4183,27,4.5,14,2.3,233,48.2,67.0,7.0,6.86,10.4,261.4,92.6,63.9,27,186,4.33,6.41,6.26,1,2,15,"PB,AP MVP-7",Patrick Mahomes,MahoPa00,3874.0,6.5,1628.0,4.1,2.7,2555.0,6.4,6.0,29.0,2.0,39.0,6.9,75.0,13.3,457.0,80.7,2.5,133.0,60.0,65.0,152.0,22.6,50.0,8.1,56.0,337.0,51.0,325.0,3.0,12.0,79.0,794.0,75.0,389.0,0.0,33.0,50.7,25.0,5.2,24.3,4.7,0.0,0.0,0.0,,0.0,0.0,,,0.0,0.0,,,75.0,5.2,389.0,0.0,5.0,350.0,4.7,39.0,0.5,2.0,37.5,0.0,,0.0,,,0.0,0.0,,0.0,,,,,,,,,0.0,0.0,0.0,0.0,0.0,0.0,4.0,0.0,0.0,0.0,0.0,0.0,0.0,0.0,0.0,0.0,100.0,106.0,101.0,106.0,114.0,105.0,99.0,118.0,106.0,
2024,29,KAN,QB,16,16,15-1-0,392,581,67.5,3928,26,4.5,11,1.9,246,50.7,54.0,6.8,6.8,10.0,245.5,93.5,64.6,36,239,5.83,5.98,6.02,5,7,14,"AP MVP-6,AP OPoY-17",Patrick Mahomes,MahoPa00,3601.0,6.2,1628.0,4.2,2.8,2300.0,5.9,10.0,26.0,2.0,26.0,4.7,87.0,15.7,425.0,76.9,2.3,140.0,46.0,70.0,152.0,23.3,36.0,9.1,6.0,25.0,6.0,25.0,0.0,0.0,2.0,36.0,58.0,307.0,2.0,29.0,50.0,33.0,5.3,19.2,3.6,1.0,1.0,2.0,2.0,0.0,0.0,0.0,2.0,0.1,0.1,100.0,2.0,59.0,5.2,309.0,2.0,2.0,240.0,4.1,67.0,1.2,0.0,,-1.0,-1.0,3.0,3.0,-1.0,0.0,0.0,0.0,0.0,79.2,15.0,1106.0,99%,0.0,0%,0.0,0%,0.0,0.0,0.0,0.0,0.0,0.0,1.0,0.0,0.0,0.0,0.0,0.0,0.0,0.0,0.0,0.0,94.0,97.0,98.0,101.0,110.0,102.0,107.0,108.0,104.0,
2025,30,KAN,QB,14,14,6-8-0,315,502,62.7,3587,22,4.4,11,2.2,173,47.9,61.0,7.1,7.04,11.4,256.2,89.6,68.5,34,193,6.34,6.33,6.23,1,1,14,,Patrick Mahomes,MahoPa00,3978.0,7.9,1692.0,5.4,3.4,1895.0,6.0,9.0,26.0,2.0,27.0,5.7,85.0,17.9,352.0,74.3,2.2,96.0,38.0,69.0,141.0,24.0,52.0,8.1,114.0,797.0,105.0,764.0,5.0,33.0,57.0,376.0,64.0,422.0,5.0,27.0,57.8,22.0,6.6,30.1,4.6,1.0,1.0,-10.0,-10.0,0.0,0.0,0.0,-10.0,0.1,-0.7,100.0,-10.0,65.0,6.3,412.0,5.0,3.0,359.0,5.6,63.0,1.0,4.0,16.0,-8.0,-8.0,-2.0,-2.0,-8.0,0.0,0.0,0.0,0.0,79.2,15.0,934.0,97%,0.0,0%,0.0,0%,0.0,0.0,0.0,0.0,0.0,0.0,3.0,0.0,0.0,0.0,0.0,0.0,0.0,0.0,0.0,0.0,102.0,104.0,100.0,102.0,92.0,98.0,100.0,104.0,97.0,
2018,21,NYJ,QB,13,13,4-9-0,239,414,57.7,2865,17,4.1,15,3.6,130,43.2,76.0,6.9,6.11,12.0,220.4,77.6,45.9,30,204,6.76,5.99,5.24,1,1,7,,Sam Darnold,DarnSa00,3843.0,9.3,1605.0,6.7,3.9,1260.0,5.3,0.0,24.0,1.0,19.0,4.9,75.0,19.3,,,2.4,107.0,69.0,12.0,111.0,24.2,15.0,7.7,,,,,,,,,44.0,138.0,1.0,16.0,38.6,28.0,3.1,10.6,3.4,0.0,0.0,0.0,,0.0,0.0,,,0.0,0.0,,,44.0,3.1,138.0,1.0,5.0,90.0,2.0,48.0,1.1,2.0,22.0,0.0,,0.0,,,0.0,0.0,,0.0,,14.0,810.0,100%,0.0,0%,0.0,0%,0.0,0.0,0.0,0.0,0.0,0.0,2.0,-11.0,0.0,0.0,0.0,0.0,0.0,0.0,0.0,0.0,94.0,95.0,88.0,88.0,78.0,96.0,79.0,99.0,83.0,
2019,22,NYJ,QB,13,13,7-6-0,273,441,61.9,3024,19,4.3,13,2.9,147,43.7,92.0,6.9,6.39,11.1,232.6,84.3,45.6,33,212,6.96,5.93,5.5,2,3,6,,Sam Darnold,DarnSa00,3614.0,8.2,1549.0,5.7,3.5,1475.0,5.4,10.0,23.0,2.0,25.0,6.0,74.0,17.8,313.0,75.2,2.5,166.0,63.0,39.0,135.0,28.0,8.0,8.0,35.0,241.0,32.0,235.0,2.0,6.0,92.0,675.0,33.0,62.0,2.0,6.0,27.3,24.0,1.9,4.8,2.5,0.0,0.0,0.0,,0.0,0.0,,,0.0,0.0,,,33.0,1.9,62.0,2.0,11.0,54.0,1.6,8.0,0.2,0.0,,0.0,,0.0,,,0.0,0.0,,0.0,,14.0,840.0,100%,0.0,0%,0.0,0%,0.0,0.0,0.0,0.0,0.0,0.0,3.0,-16.0,0.0,0.0,0.0,0.0,0.0,0.0,0.0,0.0,92.0,92.0,89.0,90.0,89.0,96.0,88.0,96.0,89.0,
2020,23,NYJ,QB,12,12,2-10-0,217,364,59.6,2208,9,2.5,11,3.0,109,38.3,69.0,6.1,5.2,10.2,184.0,72.7,32.9,35,234,8.77,4.95,4.16,0,0,4,,Sam Darnold,DarnSa00,2794.0,7.7,1053.0,4.9,2.9,1155.0,5.3,7.0,21.0,3.0,14.0,4.1,62.0,18.2,244.0,71.8,2.4,143.0,43.0,38.0,116.0,27.3,26.0,8.0,8.0,48.0,5.0,37.0,3.0,11.0,63.0,542.0,37.0,217.0,2.0,13.0,59.5,46.0,5.9,18.1,3.1,0.0,0.0,0.0,,0.0,0.0,,,0.0,0.0,,,37.0,5.9,217.0,2.0,4.0,145.0,3.9,72.0,1.9,1.0,37.0,0.0,,0.0,,,0.0,0.0,,0.0,,14.0,739.0,100%,0.0,0%,0.0,0%,0.0,0.0,0.0,0.0,0.0,0.0,0.0,0.0,0.0,0.0,0.0,0.0,0.0,0.0,0.0,0.0,77.0,74.0,75.0,73.0,79.0,79.0,85.0,80.0,74.0,
2021,24,CAR,QB,12,11,4-7-0,243,406,59.9,2527,9,2.2,13,3.2,123,41.0,63.0,6.2,5.23,10.4,210.6,71.9,38.8,35,204,7.94,5.27,4.35,0,0,6,,Sam Darnold,DarnSa00,2947.0,7.3,1151.0,4.7,2.8,1376.0,5.7,6.0,23.0,0.0,27.0,7.0,71.0,18.5,286.0,74.7,2.5,129.0,60.0,40.0,135.0,29.1,23.0,8.1,26.0,83.0,22.0,68.0,3.0,15.0,87.0,595.0,48.0,222.0,5.0,20.0,60.4,30.0,4.6,18.5,4.0,0.0,0.0,0.0,,0.0,0.0,,,0.0,0.0,,,48.0,4.6,222.0,5.0,9.0,205.0,4.3,17.0,0.4,2.0,24.0,0.0,,0.0,,,0.0,0.0,,0.0,,14.0,771.0,93%,0.0,0%,0.0,0%,0.0,0.0,0.0,0.0,0.0,0.0,3.0,5.0,0.0,0.0,0.0,0.0,0.0,0.0,0.0,0.0,81.0,81.0,76.0,77.0,79.0,77.0,81.0,88.0,73.0,
2022,25,CAR,QB,6,6,4-2-0,82,140,58.6,1143,7,5.0,3,2.1,57,44.0,52.0,8.2,8.2,13.9,190.5,92.6,51.4,10,78,6.67,7.1,7.13,0,1,4,,Sam Darnold,DarnSa00,1103.0,7.9,553.0,6.7,4.0,590.0,7.2,3.0,19.0,3.0,7.0,5.9,16.0,13.6,91.0,77.1,2.7,49.0,13.0,9.0,32.0,20.1,9.0,9.0,17.0,100.0,15.0,100.0,2.0,0.0,52.0,414.0,26.0,106.0,2.0,10.0,38.5,26.0,4.1,17.7,4.3,0.0,0.0,0.0,,0.0,0.0,,,0.0,0.0,,,26.0,4.1,106.0,2.0,6.0,82.0,3.2,24.0,0.9,0.0,,0.0,,0.0,,,0.0,0.0,,0.0,,14.0,377.0,100%,0.0,0%,0.0,0%,0.0,0.0,0.0,0.0,0.0,0.0,3.0,-1.0,0.0,0.0,0.0,0.0,0.0,0.0,0.0,0.0,126.0,120.0,121.0,117.0,73.0,108.0,104.0,98.0,104.0,
2023,26,SFO,QB,10,1,0-1-0,28,46,60.9,297,2,4.3,1,2.2,15,46.2,48.0,6.5,6.35,10.6,29.7,85.1,50.1,6,40,11.54,4.94,4.85,0,0,1,,Sam Darnold,DarnSa00,371.0,8.1,142.0,5.1,3.1,155.0,5.5,0.0,0.0,1.0,0.0,0.0,12.0,26.7,31.0,68.9,2.9,8.0,1.0,2.0,9.0,16.4,3.0,5.0,4.0,26.0,4.0,26.0,0.0,0.0,6.0,17.0,21.0,15.0,1.0,3.0,23.8,9.0,0.7,1.5,2.1,0.0,0.0,0.0,,0.0,0.0,,,0.0,0.0,,,21.0,0.7,15.0,1.0,3.0,9.0,0.4,6.0,0.3,0.0,,0.0,,0.0,,,0.0,0.0,,0.0,,14.0,130.0,20%,0.0,0%,0.0,0%,0.0,0.0,0.0,0.0,0.0,0.0,2.0,-1.0,0.0,0.0,0.0,0.0,0.0,0.0,0.0,0.0,,,,,,,,,,
2024,27,MIN,QB,17,17,14-3-0,361,545,66.2,4319,35,6.4,12,2.2,218,47.7,97.0,7.9,8.22,12.0,254.1,102.5,57.3,48,335,8.09,6.72,6.99,3,5,14,"PB,AP MVP-10,AP CPoY-3",Sam Darnold,DarnSa00,4561.0,8.4,2566.0,7.1,4.7,1753.0,4.9,10.0,29.0,1.0,19.0,3.7,77.0,15.0,400.0,77.7,2.6,137.0,52.0,52.0,152.0,24.5,28.0,7.9,0.0,0.0,0.0,0.0,0.0,0.0,0.0,0.0,67.0,212.0,1.0,26.0,41.8,19.0,3.2,12.5,3.9,0.0,0.0,0.0,,0.0,0.0,,,0.0,0.0,,,67.0,3.2,212.0,1.0,8.0,155.0,2.3,57.0,0.9,1.0,67.0,0.0,,0.0,,,0.0,0.0,,0.0,,,,,,,,,0.0,0.0,0.0,0.0,0.0,0.0,2.0,-27.0,0.0,0.0,0.0,0.0,0.0,0.0,0.0,0.0,118.0,111.0,119.0,114.0,105.0,125.0,101.0,92.0,118.0,
2025,28,SEA,QB,17,17,14-3-0,323,477,67.7,4048,25,5.2,14,2.9,178,50.0,67.0,8.5,8.21,12.5,238.1,99.1,55.6,27,186,5.36,7.66,7.4,2,4,13,PB,Sam Darnold,DarnSa00,3742.0,7.8,2270.0,7.0,4.8,1778.0,5.5,16.0,22.0,4.0,15.0,3.3,66.0,14.6,360.0,79.8,2.4,149.0,47.0,35.0,109.0,21.0,14.0,6.4,17.0,154.0,17.0,154.0,0.0,0.0,123.0,1394.0,35.0,95.0,0.0,10.0,40.0,24.0,2.7,5.6,2.1,0.0,0.0,0.0,,0.0,0.0,,,0.0,0.0,,,35.0,2.7,95.0,0.0,11.0,87.0,2.5,8.0,0.2,0.0,,0.0,,0.0,,,0.0,0.0,,0.0,,,,,,,,,0.0,0.0,0.0,0.0,0.0,1.0,1.0,-4.0,0.0,0.0,0.0,0.0,0.0,0.0,0.0,0.0,131.0,131.0,118.0,119.0,111.0,108.0,87.0,110.0,111.0,
2021,22,JAX,QB,17,17,3-14-0,359,602,59.6,3641,12,2.0,17,2.8,177,44.6,58.0,6.0,5.18,10.1,214.2,71.9,39.1,32,238,5.05,5.37,4.54,1,2,7,,Trevor Lawrence,LawrTr00,4745.0,7.9,2004.0,5.6,3.3,1637.0,4.6,8.0,18.0,3.0,33.0,5.7,120.0,20.7,414.0,71.3,2.4,147.0,67.0,52.0,151.0,22.6,33.0,7.3,74.0,527.0,52.0,450.0,18.0,77.0,124.0,1013.0,73.0,334.0,2.0,22.0,50.7,26.0,4.6,19.6,4.3,0.0,0.0,0.0,,0.0,0.0,,,0.0,0.0,,,73.0,4.6,334.0,2.0,9.0,267.0,3.7,67.0,0.9,2.0,36.5,0.0,,0.0,,,0.0,0.0,,0.0,,16.0,1078.0,99%,0.0,0%,0.0,0%,0.0,0.0,0.0,0.0,0.0,0.0,2.0,0.0,0.0,0.0,2.0,2.0,0.0,0.0,0.0,0.0,77.0,82.0,75.0,79.0,78.0,75.0,89.0,108.0,73.0,
2022,23,JAX,QB,17,17,9-8-0,387,584,66.3,4113,25,4.3,8,1.4,206,48.1,59.0,7.0,7.28,10.6,241.9,95.2,56.1,27,184,4.42,6.43,6.66,3,2,14,"PB,AP MVP-7,AP CPoY-12",Trevor Lawrence,LawrTr00,4328.0,7.4,2111.0,5.5,3.6,2002.0,5.2,17.0,16.0,2.0,40.0,7.1,85.0,15.0,431.0,76.1,2.2,158.0,45.0,39.0,111.0,17.5,24.0,9.1,64.0,449.0,56.0,434.0,4.0,15.0,140.0,1265.0,62.0,291.0,5.0,27.0,59.7,24.0,4.7,17.1,3.6,0.0,0.0,0.0,,0.0,0.0,,,0.0,0.0,,,62.0,4.7,291.0,5.0,12.0,255.0,4.1,36.0,0.6,3.0,20.7,0.0,,0.0,,,0.0,0.0,,0.0,,,,,,,,,0.0,0.0,0.0,0.0,0.0,0.0,0.0,-16.0,0.0,0.0,2.0,2.0,0.0,0.0,0.0,0.0,99.0,106.0,106.0,110.0,108.0,100.0,120.0,114.0,108.0,
2023,24,JAX,QB,16,16,8-8-0,370,564,65.6,4016,21,3.7,14,2.5,179,46.4,65.0,7.1,6.75,10.9,251.0,88.5,56.9,35,224,5.84,6.33,5.98,1,2,14,,Trevor Lawrence,LawrTr00,4627.0,8.2,2238.0,6.0,4.0,1778.0,4.8,16.0,12.0,0.0,24.0,4.3,104.0,18.8,410.0,74.3,2.2,158.0,39.0,42.0,116.0,18.1,42.0,7.9,77.0,510.0,65.0,449.0,10.0,61.0,85.0,875.0,70.0,339.0,4.0,23.0,47.1,26.0,4.8,21.2,4.4,0.0,0.0,0.0,,0.0,0.0,,,0.0,0.0,,,70.0,4.8,339.0,4.0,12.0,285.0,4.1,54.0,0.8,5.0,14.0,0.0,,0.0,,,0.0,0.0,,0.0,,16.0,1047.0,95%,0.0,0%,0.0,0%,0.0,0.0,0.0,0.0,0.0,0.0,3.0,-10.0,0.0,0.0,0.0,0.0,0.0,0.0,0.0,0.0,102.0,105.0,99.0,101.0,106.0,95.0,96.0,107.0,99.0,
2024,25,JAX,QB,10,10,2-8-0,172,284,60.6,2045,11,3.9,7,2.5,97,45.4,85.0,7.2,6.87,11.9,204.5,85.2,56.1,18,140,5.96,6.31,5.99,0,1,6,,Trevor Lawrence,LawrTr00,2641.0,9.3,1211.0,7.0,4.3,834.0,4.8,4.0,9.0,1.0,15.0,5.5,47.0,17.2,202.0,73.7,2.4,71.0,13.0,17.0,48.0,15.2,13.0,8.1,12.0,132.0,12.0,132.0,0.0,0.0,16.0,237.0,26.0,119.0,3.0,13.0,57.7,33.0,4.6,11.9,2.6,0.0,0.0,-5.0,,0.0,0.0,,-5.0,0.0,-0.5,,,26.0,4.4,114.0,3.0,3.0,89.0,3.4,30.0,1.2,2.0,13.0,0.0,,-5.0,,,0.0,0.0,,0.0,,16.0,536.0,89%,0.0,0%,0.0,0%,0.0,0.0,0.0,0.0,0.0,0.0,1.0,0.0,0.0,0.0,0.0,0.0,0.0,0.0,0.0,0.0,103.0,104.0,99.0,100.0,83.0,95.0,96.0,107.0,92.0,
2025,26,JAX,QB,17,17,13-4-0,341,560,60.9,4007,29,5.2,12,2.1,194,45.8,63.0,7.2,7.23,11.8,235.7,91.0,58.3,41,247,6.82,6.26,6.32,3,5,15,"AP MVP-5,AP CPoY-4",Trevor Lawrence,LawrTr00,4890.0,8.7,2376.0,7.0,4.2,1631.0,4.8,20.0,14.0,3.0,45.0,8.3,78.0,14.4,400.0,73.7,2.4,158.0,59.0,40.0,140.0,21.8,42.0,7.4,31.0,138.0,25.0,130.0,6.0,8.0,130.0,951.0,82.0,359.0,9.0,40.0,57.3,21.0,4.4,21.1,4.8,0.0,0.0,0.0,,0.0,0.0,,,0.0,0.0,,,82.0,4.4,359.0,9.0,5.0,272.0,3.3,87.0,1.1,5.0,16.4,0.0,,0.0,,,0.0,0.0,,0.0,,16.0,1114.0,97%,0.0,0%,0.0,0%,0.0,0.0,0.0,0.0,0.0,0.0,2.0,0.0,0.0,0.0,0.0,0.0,0.0,0.0,0.0,0.0,102.0,102.0,103.0,103.0,85.0,107.0,100.0,100.0,99.0,
2020,22,MIA,QB,10,9,6-3-0,186,290,64.1,1814,11,3.8,5,1.7,100,47.7,35.0,6.3,6.24,9.8,181.4,87.1,44.8,20,136,6.45,5.41,5.4,2,2,5,,Tua Tagovailoa,TagoTu00,2175.0,7.5,1048.0,5.6,3.6,766.0,4.1,2.0,5.0,3.0,12.0,4.3,53.0,18.8,209.0,74.1,2.3,115.0,14.0,14.0,48.0,14.7,16.0,5.8,32.0,208.0,28.0,195.0,4.0,13.0,78.0,466.0,36.0,109.0,3.0,13.0,52.8,17.0,3.0,10.9,3.6,0.0,0.0,0.0,,0.0,0.0,,,0.0,0.0,,,36.0,3.0,109.0,3.0,1.0,80.0,2.2,29.0,0.8,0.0,,0.0,,0.0,,,0.0,0.0,,0.0,,1.0,571.0,87%,0.0,0%,0.0,0%,0.0,0.0,0.0,0.0,0.0,0.0,1.0,0.0,0.0,0.0,0.0,0.0,0.0,0.0,0.0,0.0,81.0,83.0,89.0,89.0,98.0,92.0,111.0,98.0,94.0,
2021,23,MIA,QB,13,12,7-5-0,263,388,67.8,2653,16,4.1,10,2.6,137,50.2,65.0,6.8,6.5,10.1,204.1,90.1,55.7,20,152,4.9,6.13,5.81,0,2,7,,Tua Tagovailoa,TagoTu00,2722.0,7.0,1436.0,5.5,3.7,1217.0,4.6,1.0,6.0,1.0,17.0,4.5,63.0,16.5,305.0,80.1,2.2,101.0,45.0,24.0,89.0,20.9,18.0,6.9,94.0,858.0,90.0,847.0,4.0,11.0,116.0,990.0,42.0,128.0,3.0,13.0,40.5,23.0,3.0,9.8,3.2,0.0,0.0,0.0,,0.0,0.0,,,0.0,0.0,,,42.0,3.0,128.0,3.0,9.0,92.0,2.2,36.0,0.9,0.0,,0.0,,0.0,,,0.0,0.0,,0.0,,1.0,777.0,87%,0.0,0%,0.0,0%,0.0,0.0,0.0,0.0,0.0,0.0,2.0,2.0,0.0,0.0,1.0,0.0,1.0,0.0,0.0,0.0,94.0,97.0,93.0,95.0,112.0,96.0,94.0,109.0,98.0,
2022,24,MIA,QB,13,13,8-5-0,259,400,64.8,3548,25,6.3,8,2.0,162,49.9,84.0,8.9,9.22,13.7,272.9,105.5,70.6,21,163,4.99,8.04,8.37,2,2,12,AP MVP-9,Tua Tagovailoa,TagoTu00,3790.0,9.5,2267.0,8.8,5.7,1281.0,4.9,6.0,13.0,1.0,26.0,6.7,61.0,15.8,296.0,76.7,2.3,86.0,40.0,25.0,86.0,20.0,10.0,7.6,74.0,622.0,71.0,615.0,1.0,7.0,159.0,1431.0,23.0,70.0,0.0,4.0,34.8,18.0,3.0,5.4,1.8,0.0,0.0,0.0,,0.0,0.0,,,0.0,0.0,,,23.0,3.0,70.0,0.0,6.0,61.0,2.7,9.0,0.4,0.0,,0.0,,0.0,,,0.0,0.0,,0.0,,1.0,705.0,91%,0.0,0%,0.0,0%,0.0,0.0,0.0,0.0,0.0,0.0,3.0,0.0,0.0,0.0,0.0,0.0,0.0,0.0,0.0,0.0,143.0,141.0,138.0,135.0,101.0,123.0,107.0,110.0,125.0,
2023,25,MIA,QB,17,17,11-6-0,388,560,69.3,4624,29,5.2,14,2.5,222,50.8,78.0,8.3,8.17,11.9,272.0,101.1,61.5,29,171,4.92,7.56,7.48,2,2,16,"PB,AP CPoY-5",Tua Tagovailoa,TagoTu00,4290.0,7.7,2447.0,6.3,4.4,2177.0,5.6,9.0,14.0,2.0,24.0,4.4,78.0,14.3,430.0,79.0,2.1,116.0,39.0,27.0,95.0,15.7,15.0,5.3,111.0,1073.0,105.0,1069.0,1.0,4.0,126.0,1145.0,35.0,74.0,0.0,5.0,20.0,9.0,2.1,4.4,2.1,0.0,0.0,0.0,,0.0,0.0,,,0.0,0.0,,,35.0,2.1,74.0,0.0,13.0,71.0,2.0,3.0,0.1,1.0,35.0,0.0,,0.0,,,0.0,0.0,,0.0,,,,,,,,,0.0,0.0,0.0,0.0,0.0,0.0,9.0,-36.0,0.0,0.0,0.0,0.0,0.0,0.0,0.0,0.0,127.0,129.0,122.0,124.0,124.0,114.0,96.0,114.0,121.0,
2024,26,MIA,QB,11,11,6-5-0,291,399,72.9,2867,19,4.8,7,1.8,161,51.9,80.0,7.2,7.35,9.9,260.6,101.4,57.1,21,154,5.0,6.46,6.61,2,2,9,,Tua Tagovailoa,TagoTu00,2281.0,5.7,1182.0,4.1,3.0,1685.0,5.8,6.0,6.0,2.0,14.0,3.6,45.0,11.5,318.0,81.3,2.1,64.0,26.0,11.0,58.0,13.6,7.0,8.1,4.0,29.0,4.0,29.0,0.0,0.0,2.0,16.0,17.0,49.0,0.0,5.0,41.2,13.0,2.9,4.5,1.5,0.0,0.0,0.0,,0.0,0.0,,,0.0,0.0,,,17.0,2.9,49.0,0.0,7.0,49.0,2.9,0.0,0.0,0.0,,0.0,,0.0,,,0.0,0.0,,0.0,,1.0,717.0,97%,0.0,0%,0.0,0%,0.0,0.0,0.0,0.0,0.0,0.0,2.0,-15.0,0.0,0.0,0.0,0.0,0.0,0.0,0.0,0.0,102.0,106.0,106.0,109.0,132.0,105.0,110.0,114.0,116.0,
2025,27,MIA,QB,14,14,6-8-0,260,384,67.7,2660,20,5.2,15,3.9,142,46.4,47.0,6.9,6.21,10.2,190.0,88.5,37.5,30,195,7.25,5.95,5.29,1,1,8,,Tua Tagovailoa,TagoTu00,2577.0,6.7,1243.0,4.8,3.2,1417.0,5.5,5.0,12.0,2.0,17.0,4.6,59.0,15.9,285.0,77.0,2.3,85.0,48.0,15.0,93.0,21.9,11.0,4.0,43.0,220.0,41.0,220.0,0.0,0.0,87.0,663.0,20.0,43.0,0.0,1.0,15.0,8.0,2.2,3.1,1.4,0.0,0.0,0.0,,0.0,0.0,,,0.0,0.0,,,20.0,2.2,43.0,0.0,8.0,40.0,2.0,3.0,0.2,0.0,,0.0,,0.0,,,0.0,0.0,,0.0,,1.0,778.0,96%,0.0,0%,0.0,0%,0.0,0.0,0.0,0.0,0.0,0.0,4.0,-20.0,0.0,0.0,0.0,0.0,0.0,0.0,0.0,0.0,97.0,96.0,88.0,88.0,111.0,108.0,70.0,97.0,95.0,
2023,24,TEN,QB,9,9,3-6-0,149,255,58.4,1808,8,3.1,4,1.6,81,37.1,61.0,7.1,7.01,12.1,200.9,84.2,34.0,28,185,9.89,5.73,5.66,1,1,6,,Will Levis,LeviWi00,2695.0,10.6,1062.0,7.1,4.2,746.0,5.0,5.0,7.0,2.0,12.0,4.9,41.0,16.7,165.0,67.1,2.5,88.0,8.0,46.0,82.0,28.1,9.0,6.3,20.0,115.0,15.0,112.0,3.0,3.0,61.0,574.0,25.0,57.0,1.0,7.0,36.0,11.0,2.3,6.3,2.8,0.0,0.0,0.0,,0.0,0.0,,,0.0,0.0,,,25.0,2.3,57.0,1.0,7.0,34.0,1.4,23.0,0.9,0.0,,0.0,,0.0,,,0.0,0.0,,0.0,,8.0,528.0,92%,0.0,0%,0.0,0%,0.0,0.0,0.0,0.0,0.0,0.0,2.0,-15.0,0.0,0.0,0.0,0.0,0.0,0.0,0.0,0.0,101.0,93.0,103.0,97.0,71.0,87.0,117.0,78.0,92.0,
2024,25,TEN,QB,12,12,2-10-0,190,301,63.1,2091,13,4.3,12,4.0,86,36.5,98.0,6.9,6.02,11.0,174.3,81.4,25.2,41,233,11.99,5.43,4.61,1,1,5,,Will Levis,LeviWi00,2575.0,8.6,1150.0,6.1,3.8,941.0,5.0,4.0,8.0,0.0,19.0,6.5,55.0,18.8,217.0,74.1,2.4,69.0,15.0,34.0,90.0,24.9,19.0,7.0,31.0,283.0,25.0,258.0,6.0,25.0,67.0,535.0,45.0,183.0,0.0,20.0,48.9,21.0,4.1,15.3,3.8,0.0,0.0,0.0,,0.0,0.0,,,0.0,0.0,,,45.0,4.1,183.0,0.0,10.0,129.0,2.9,54.0,1.2,4.0,11.3,0.0,,0.0,,,0.0,0.0,,0.0,,8.0,621.0,84%,0.0,0%,0.0,0%,0.0,0.0,0.0,0.0,0.0,0.0,3.0,-20.0,0.0,0.0,0.0,0.0,0.0,0.0,0.0,0.0,97.0,87.0,87.0,81.0,93.0,100.0,67.0,63.0,86.0,
