Player,PlayerID,Season,Age,Team,Pos,G,GS,QBrec,Cmp,Att,Cmp%,Yds,TD,TD%,Int,Int%,1D,Succ%,Lng,Y/A,AY/A,Y/C,Y/G,Rate,QBR,Sk,Yds_Lost,Sk%,NY/A,ANY/A,4QC,GWD,AV,Awards,adj_ANY/A+,adj_AY/A+,adj_Cmp%+,adj_Int%+,adj_NY/A+,adj_Rate+,adj_Sack%+,adj_TD%+,adj_Y/A+,adv_pass_pass_air_yds,adv_pass_pass_air_yds_per_att,adv_pass_pass_air_yds_per_cmp,adv_pass_pass_batted_passes,adv_pass_pass_blitzed,adv_pass_pass_drop_pct,adv_pass_pass_drops,adv_pass_pass_hits,adv_pass_pass_hurried,adv_pass_pass_on_target,adv_pass_pass_on_target_pct,adv_pass_pass_play_action,adv_pass_pass_play_action_pass_yds,adv_pass_pass_poor_throw_pct,adv_pass_pass_poor_throws,adv_pass_pass_pressured,adv_pass_pass_pressured_pct,adv_pass_pass_rpo,adv_pass_pass_rpo_pass_att,adv_pass_pass_rpo_pass_yds,adv_pass_pass_rpo_rush_att,adv_pass_pass_rpo_rush_yds,adv_pass_pass_rpo_yds,adv_pass_pass_spikes,adv_pass_pass_target_yds,adv_pass_pass_tgt_yds_per_att,adv_pass_pass_throwaways,adv_pass_pass_yac,adv_pass_pass_yac_per_cmp,adv_pass_pocket_time,adv_pass_rush_scrambles,adv_pass_rush_scrambles_yds_per_att,rr_Fmb,rr_Rec,rr_Rec/G,rr_Rec_1D,rr_Rec_TD,rr_Rec_Y/G,rr_Rec_Yds,rr_Rush_1D,rr_Rush_A/G,rr_Rush_Att,rr_Rush_Lng,rr_Rush_Succ%,rr_Rush_TD,rr_Rush_Y/A,rr_Rush_Y/G,rr_Rush_Yds,rr_Tgt,rr_catch_pct,rr_rec_long,rr_rec_success,rr_rec_yds_per_rec,rr_rec_yds_per_tgt,rr_rush_receive_td,rr_touches,rr_yds_from_scrimmage,rr_yds_per_touch,adv_rr_Rec_AirYds,adv_rr_Rec_BrkTkl,adv_rr_Rec_Drops,adv_rr_Rec_Int,adv_rr_Rec_YAC,adv_rr_Rush_BrkTkl,adv_rr_Rush_BrkTkl/A,adv_rr_Rush_YAC,adv_rr_Rush_YAC/A,adv_rr_Rush_YBC,adv_rr_Rush_YBC/A,adv_rr_rec_adot,adv_rr_rec_air_yds_per_rec,adv_rr_rec_broken_tackles_per_rec,adv_rr_rec_drop_pct,adv_rr_rec_pass_rating,adv_rr_rec_yac_per_rec,def_FF,def_FR,def_FR_TD,def_FR_Yds,def_Fmb,def_def_int,def_def_int_long,def_def_int_td,def_def_int_yds,def_pass_defended,def_qb_hits,def_sacks,def_safety_md,def_tackles_assists,def_tackles_combined,def_tackles_loss,def_tackles_solo,snp_Def%,snp_Off%,snp_ST%,snp_defense,snp_offense,snp_special_teams
Aaron Rodgers,RodgAa00,2005,22,GNB,QB,3,0,,9,16,56.3,65,0,0.0,1,6.3,3,31.6,16.0,4.1,1.25,7.2,21.7,39.8,,3,28,15.79,1.95,-0.42,0,0,0,,,,,,,,,,,,,,,,,,,,,,,,,,,,,,,,,,,,,,,,,,,2.0,0.0,0.0,0.0,0.0,0.0,0.0,1.0,0.7,2.0,8.0,50.0,0.0,3.5,2.3,7.0,0.0,,,,,,0.0,2.0,7.0,3.5,,,,,,,,,,,,,,,,,,0.0,0.0,0.0,0.0,2.0,0.0,0.0,0.0,0.0,0.0,,0.0,0.0,,,,,,,,,,
Aaron Rodgers,RodgAa00,2006,23,GNB,QB,2,0,,6,15,40.0,46,0,0.0,0,0.0,2,16.7,16.0,3.1,3.07,7.7,23.0,48.2,7.9,3,18,16.67,1.56,1.56,0,0,0,,,,,,,,,,,,,,,,,,,,,,,,,,,,,,,,,,,,,,,,,,,1.0,0.0,0.0,0.0,0.0,0.0,0.0,1.0,1.0,2.0,6.0,50.0,0.0,5.5,5.5,11.0,0.0,,,,,,0.0,2.0,11.0,5.5,,,,,,,,,,,,,,,,,,0.0,0.0,0.0,0.0,1.0,0.0,0.0,0.0,0.0,0.0,,0.0,0.0,,,,,,,,,,
Aaron Rodgers,RodgAa00,2007,24,GNB,QB,2,0,,20,28,71.4,218,1,3.6,0,0.0,9,45.2,43.0,7.8,8.5,10.9,109.0,106.0,78.8,3,24,9.68,6.26,6.9,0,0,1,,,,,,,,,,,,,,,,,,,,,,,,,,,,,,,,,,,,,,,,,,,0.0,0.0,0.0,0.0,0.0,0.0,0.0,3.0,3.5,7.0,13.0,42.9,0.0,4.1,14.5,29.0,0.0,,,,,,0.0,7.0,29.0,4.1,,,,,,,,,,,,,,,,,,,,,,,,,,,,,,,,,,,,,,,,
Aaron Rodgers,RodgAa00,2008,25,GNB,QB,16,16,6-10-0,341,536,63.6,4038,28,5.2,13,2.4,184,45.8,71.0,7.5,7.49,11.8,252.4,93.8,62.9,34,231,5.96,6.68,6.64,1,2,15,,112.0,113.0,108.0,108.0,109.0,113.0,100.0,113.0,111.0,,,,,,,,,,,,,,,,,,,,,,,,,,,,,,,,,10.0,0.0,0.0,0.0,0.0,0.0,0.0,21.0,3.5,56.0,21.0,48.2,4.0,3.7,12.9,207.0,0.0,,,,,,4.0,56.0,207.0,3.7,,,,,,,,,,,,,,,,,,0.0,5.0,0.0,-22.0,10.0,0.0,0.0,0.0,0.0,0.0,0.0,0.0,0.0,0.0,0.0,0.0,0.0,,,,,,
Aaron Rodgers,RodgAa00,2009,26,GNB,QB,16,16,11-5-0,350,541,64.7,4434,30,5.5,7,1.3,198,47.4,83.0,8.2,8.72,12.7,277.1,103.2,69.1,50,306,8.46,6.98,7.47,2,2,19,PB,121.0,127.0,113.0,123.0,114.0,124.0,81.0,118.0,123.0,,,,,,,,,,,,,,,,,,,,,,,,,,,,,,,,,10.0,0.0,0.0,0.0,0.0,0.0,0.0,24.0,3.6,58.0,35.0,51.7,5.0,5.4,19.8,316.0,0.0,,,,,,5.0,58.0,316.0,5.4,,,,,,,,,,,,,,,,,,0.0,4.0,0.0,-8.0,10.0,0.0,0.0,0.0,0.0,0.0,0.0,0.0,0.0,0.0,0.0,0.0,0.0,,,,,,
Aaron Rodgers,RodgAa00,2010,27,GNB,QB,15,15,10-5-0,312,475,65.7,3922,28,5.9,11,2.3,183,51.4,86.0,8.3,8.39,12.6,261.5,101.2,69.6,31,193,6.13,7.37,7.5,0,1,15,AP OPoY-5,119.0,120.0,116.0,109.0,119.0,119.0,100.0,119.0,121.0,,,,,,,,,,,,,,,,,,,,,,,,,,,,,,,,,4.0,0.0,0.0,0.0,0.0,0.0,0.0,22.0,4.3,64.0,27.0,48.4,4.0,5.6,23.7,356.0,0.0,,,,,,4.0,64.0,356.0,5.6,,,,,,,,,,,,,,,,,,0.0,1.0,0.0,-2.0,4.0,0.0,0.0,0.0,0.0,0.0,0.0,0.0,0.0,0.0,0.0,0.0,0.0,,,,,,
Aaron Rodgers,RodgAa00,2011,28,GNB,QB,15,15,14-1-0,343,502,68.3,4643,45,9.0,6,1.2,209,53.0,93.0,9.2,10.5,13.5,309.5,122.5,83.8,36,219,6.69,8.22,9.39,0,1,23,"PB,AP-1,AP MVP-1,AP OPoY-2",147.0,150.0,127.0,127.0,139.0,149.0,96.0,153.0,144.0,,,,,,,,,,,,,,,,,,,,,,,,,,,,,,,,,4.0,0.0,0.0,0.0,0.0,0.0,0.0,18.0,4.0,60.0,25.0,38.3,3.0,4.3,17.1,257.0,0.0,,,,,,3.0,60.0,257.0,4.3,,,,,,,,,,,,,,,,,,0.0,2.0,0.0,0.0,4.0,0.0,0.0,0.0,0.0,0.0,0.0,0.0,0.0,0.0,0.0,0.0,0.0,,,,,,
Aaron Rodgers,RodgAa00,2012,29,GNB,QB,16,16,11-5-0,371,552,67.2,4295,39,7.1,8,1.4,215,49.8,73.0,7.8,8.54,11.6,268.4,108.0,71.2,51,293,8.46,6.64,7.33,2,3,16,"PB,AP-2,AP OPoY-3",118.0,123.0,123.0,121.0,107.0,128.0,83.0,130.0,113.0,,,,,,,,,,,,,,,,,,,,,,,,,,,,,,,,,5.0,1.0,0.1,0.0,0.0,-0.1,-1.0,20.0,3.4,54.0,27.0,44.4,2.0,4.8,16.2,259.0,1.0,100.0,-1.0,0.0,-1.0,-1.0,2.0,55.0,258.0,4.7,,,,,,,,,,,,,,,,,,0.0,1.0,0.0,0.0,5.0,0.0,0.0,0.0,0.0,0.0,0.0,0.0,0.0,0.0,0.0,0.0,0.0,,,,,,
Aaron Rodgers,RodgAa00,2013,30,GNB,QB,9,9,6-3-0,193,290,66.6,2536,17,5.9,6,2.1,108,50.2,83.0,8.7,8.99,13.1,281.8,104.9,61.6,21,117,6.75,7.78,8.0,1,1,9,,127.0,130.0,119.0,110.0,132.0,124.0,97.0,117.0,138.0,,,,,,,,,,,,,,,,,,,,,,,,,,,,,,,,,4.0,0.0,0.0,0.0,0.0,0.0,0.0,11.0,3.3,30.0,18.0,50.0,0.0,4.0,13.3,120.0,0.0,,,,,,0.0,30.0,120.0,4.0,,,,,,,,,,,,,,,,,,0.0,1.0,0.0,-6.0,4.0,0.0,0.0,0.0,0.0,0.0,,0.0,0.0,0.0,0.0,,0.0,0%,92%,0%,0.0,582.0,0.0
Aaron Rodgers,RodgAa00,2014,31,GNB,QB,16,16,12-4-0,341,520,65.6,4381,38,7.3,5,1.0,221,52.4,80.0,8.4,9.45,12.8,273.8,112.2,77.8,28,174,5.11,7.68,8.65,1,1,22,"PB,AP-1,AP MVP-1,AP OPoY-2",135.0,135.0,113.0,127.0,129.0,132.0,110.0,132.0,129.0,,,,,,,,,,,,,,,,,,,,,,,,,,,,,,,,,10.0,0.0,0.0,0.0,0.0,0.0,0.0,22.0,2.7,43.0,19.0,58.1,2.0,6.3,16.8,269.0,0.0,,,,,,2.0,43.0,269.0,6.3,,,,,,,,,,,,,,,,,,0.0,5.0,0.0,-16.0,10.0,0.0,0.0,0.0,0.0,0.0,0.0,0.0,0.0,0.0,0.0,0.0,0.0,,,,,,
Aaron Rodgers,RodgAa00,2015,32,GNB,QB,16,16,10-6-0,347,572,60.7,3821,31,5.4,8,1.4,177,43.0,65.0,6.7,7.13,11.0,238.8,92.7,60.0,46,314,7.44,5.67,6.1,2,2,14,PB,98.0,102.0,91.0,118.0,84.0,105.0,89.0,112.0,87.0,,,,,,,,,,,,,,,,,,,,,,,,,,,,,,,,,8.0,0.0,0.0,0.0,0.0,0.0,0.0,20.0,3.6,58.0,18.0,48.3,1.0,5.9,21.5,344.0,0.0,,,,,,1.0,58.0,344.0,5.9,,,,,,,,,,,,,,,,,,0.0,3.0,0.0,0.0,8.0,0.0,0.0,0.0,0.0,0.0,0.0,0.0,0.0,0.0,0.0,0.0,0.0,,,,,,
Aaron Rodgers,RodgAa00,2016,33,GNB,QB,16,16,10-6-0,401,610,65.7,4428,40,6.6,7,1.1,226,49.6,66.0,7.3,8.05,11.0,276.8,104.2,72.4,35,246,5.43,6.48,7.24,0,2,18,"PB,AP MVP-5,AP OPoY-2",116.0,116.0,112.0,122.0,104.0,122.0,105.0,126.0,103.0,,,,,,,,,,,,,,,,,,,,,,,,,,,,,,,,,8.0,0.0,0.0,0.0,0.0,0.0,0.0,26.0,4.2,67.0,23.0,49.3,4.0,5.5,23.1,369.0,0.0,,,,,,4.0,67.0,369.0,5.5,,,,,,,,,,,,,,,,,,0.0,1.0,0.0,-3.0,8.0,0.0,0.0,0.0,0.0,0.0,0.0,0.0,0.0,0.0,0.0,0.0,0.0,,,,,,
Aaron Rodgers,RodgAa00,2017,34,GNB,QB,7,7,4-3-0,154,238,64.7,1675,16,6.7,6,2.5,86,47.7,72.0,7.0,7.25,10.9,239.3,97.2,66.6,22,168,8.46,5.8,5.99,2,2,6,,98.0,103.0,105.0,97.0,90.0,110.0,84.0,126.0,97.0,,,,,,,,,,,,,,,,,,,,,,,,,,,,,,,,,1.0,0.0,0.0,0.0,0.0,0.0,0.0,10.0,3.4,24.0,18.0,58.3,0.0,5.3,18.0,126.0,0.0,,,,,,0.0,24.0,126.0,5.3,,,,,,,,,,,,,,,,,,0.0,1.0,0.0,0.0,1.0,0.0,0.0,0.0,0.0,0.0,0.0,0.0,0.0,0.0,0.0,0.0,0.0,0%,87%,0%,0.0,417.0,0.0
Aaron Rodgers,RodgAa00,2018,35,GNB,QB,16,16,6-9-1,372,597,62.3,4442,25,4.2,2,0.3,200,45.8,75.0,7.4,8.13,11.9,277.6,97.6,58.0,49,353,7.59,6.33,6.96,3,3,13,PB,111.0,115.0,95.0,134.0,101.0,110.0,93.0,97.0,105.0,2308.0,3.9,6.2,0.0,153.0,4.9,27.0,38.0,90.0,,,,,19.4,106.0,177.0,26.0,,,,,,,2.0,5237.0,8.8,48.0,2134.0,5.7,2.5,34.0,8.3,6.0,0.0,0.0,0.0,0.0,0.0,0.0,20.0,2.7,43.0,23.0,69.8,2.0,6.3,16.8,269.0,0.0,,,,,,2.0,43.0,269.0,6.3,0.0,0.0,0.0,0.0,0.0,1.0,43.0,13.0,0.3,256.0,6.0,,,,,,,0.0,1.0,0.0,0.0,6.0,0.0,0.0,0.0,0.0,0.0,0.0,0.0,0.0,0.0,0.0,0.0,0.0,,,,,,
Aaron Rodgers,RodgAa00,2019,36,GNB,QB,16,16,13-3-0,353,569,62.0,4002,26,4.6,4,0.7,189,44.0,74.0,7.0,7.63,11.3,250.1,95.4,52.5,36,284,5.95,6.15,6.71,2,3,14,PB,105.0,106.0,90.0,127.0,96.0,104.0,104.0,99.0,95.0,1993.0,3.5,5.6,3.0,154.0,4.5,24.0,45.0,57.0,401.0,74.7,124.0,966.0,21.2,114.0,138.0,21.9,32.0,30.0,107.0,0.0,0.0,107.0,1.0,5005.0,8.8,31.0,2009.0,5.7,2.6,26.0,7.8,4.0,0.0,0.0,0.0,0.0,0.0,0.0,9.0,2.9,46.0,17.0,34.8,1.0,4.0,11.4,183.0,0.0,,,,,,1.0,46.0,183.0,4.0,0.0,0.0,0.0,0.0,0.0,0.0,,28.0,0.6,155.0,3.4,,,,,,,0.0,0.0,0.0,-5.0,4.0,0.0,0.0,0.0,0.0,0.0,0.0,0.0,0.0,0.0,0.0,0.0,0.0,,,,,,
Aaron Rodgers,RodgAa00,2020,37,GNB,QB,16,16,13-3-0,372,526,70.7,4299,48,9.1,5,1.0,216,55.3,78.0,8.2,9.57,11.6,268.7,121.5,79.8,20,182,3.66,7.54,8.89,1,2,18,"PB,AP-1,AP MVP-1,AP OPoY-2",135.0,134.0,127.0,126.0,124.0,140.0,121.0,146.0,120.0,2051.0,3.9,5.5,3.0,168.0,5.4,27.0,28.0,33.0,406.0,81.2,145.0,1210.0,13.8,69.0,81.0,14.2,42.0,39.0,323.0,3.0,12.0,335.0,3.0,4135.0,7.9,23.0,2248.0,6.0,2.5,24.0,6.2,4.0,1.0,0.1,0.0,0.0,-0.4,-6.0,15.0,2.4,38.0,14.0,55.3,3.0,3.9,9.3,149.0,1.0,100.0,-6.0,0.0,-6.0,-6.0,3.0,39.0,143.0,3.7,-4.0,0.0,0.0,0.0,-2.0,0.0,,6.0,0.2,143.0,3.8,-4.0,-4.0,,0.0,79.2,-2.0,0.0,1.0,0.0,-13.0,4.0,0.0,0.0,0.0,0.0,0.0,0.0,0.0,0.0,0.0,0.0,0.0,0.0,,,,,,
Aaron Rodgers,RodgAa00,2021,38,GNB,QB,16,16,13-3-0,366,531,68.9,4115,37,7.0,4,0.8,221,50.6,75.0,7.7,8.8,11.2,257.2,111.9,74.1,30,188,5.35,7.0,8.0,1,2,15,"PB,AP-1,AP MVP-1,AP OPoY-4",123.0,124.0,117.0,130.0,114.0,128.0,106.0,124.0,113.0,1947.0,3.7,5.3,8.0,135.0,2.5,13.0,40.0,59.0,394.0,77.3,107.0,798.0,18.2,93.0,129.0,22.3,30.0,30.0,200.0,0.0,0.0,200.0,3.0,4099.0,7.7,18.0,2168.0,5.9,2.3,17.0,6.5,3.0,1.0,0.1,0.0,0.0,-0.3,-4.0,10.0,2.1,33.0,18.0,36.4,3.0,3.1,6.3,101.0,1.0,100.0,-4.0,0.0,-4.0,-4.0,3.0,34.0,97.0,2.9,-4.0,0.0,0.0,0.0,0.0,0.0,,17.0,0.5,84.0,2.5,-4.0,-4.0,,0.0,79.2,0.0,0.0,2.0,0.0,-2.0,3.0,0.0,0.0,0.0,0.0,0.0,0.0,0.0,0.0,0.0,0.0,0.0,0.0,,,,,,
Aaron Rodgers,RodgAa00,2022,39,GNB,QB,17,17,8-9-0,350,542,64.6,3695,26,4.8,12,2.2,177,45.1,58.0,6.8,6.78,10.6,217.4,91.1,41.3,32,258,5.57,5.99,5.95,3,4,13,,99.0,98.0,100.0,102.0,96.0,102.0,106.0,106.0,94.0,1816.0,3.4,5.2,8.0,136.0,7.8,40.0,39.0,37.0,415.0,80.6,136.0,994.0,14.8,76.0,108.0,18.4,62.0,58.0,413.0,1.0,4.0,417.0,2.0,4342.0,8.0,25.0,1879.0,5.4,2.4,13.0,7.8,8.0,0.0,0.0,0.0,0.0,0.0,0.0,9.0,2.0,34.0,18.0,32.4,1.0,2.8,5.5,94.0,0.0,,,,,,1.0,34.0,94.0,2.8,0.0,0.0,0.0,0.0,0.0,0.0,,12.0,0.4,82.0,2.4,,,,,,,0.0,0.0,0.0,11.0,8.0,0.0,0.0,0.0,0.0,0.0,0.0,0.0,0.0,0.0,0.0,0.0,0.0,0%,98%,0%,0.0,1068.0,0.0
Aaron Rodgers,RodgAa00,2023,40,NYJ,QB,1,1,1-0-0,0,1,0.0,0,0,0.0,0,0.0,0,,,0.0,0.0,,0.0,39.6,2.6,1,10,50.0,-5.0,-5.0,0,0,0,,,,,,,,,,,0.0,0.0,,0.0,0.0,,0.0,1.0,1.0,0.0,,0.0,0.0,,0.0,3.0,150.0,0.0,0.0,0.0,0.0,0.0,0.0,0.0,17.0,17.0,1.0,0.0,,3.2,0.0,,,,,,,,,,,,,,,,,,,,,,,,,,,,,,,,,,,,,,,,,,,,,,,,,,,,,,,,,,,,,,0%,7%,0%,0.0,4.0,0.0
Aaron Rodgers,RodgAa00,2024,41,NYJ,QB,17,17,5-12-0,368,584,63.0,3897,28,4.8,11,1.9,192,43.9,71.0,6.7,6.78,10.6,229.2,90.5,44.7,40,302,6.41,5.76,5.87,2,3,12,AP CPoY-7,98.0,98.0,93.0,107.0,93.0,100.0,104.0,106.0,92.0,1778.0,3.0,4.8,13.0,141.0,6.9,39.0,52.0,35.0,429.0,75.5,1.0,12.0,17.3,98.0,127.0,19.8,7.0,7.0,20.0,0.0,0.0,20.0,0.0,3996.0,6.8,16.0,2119.0,5.8,2.3,16.0,6.4,5.0,0.0,0.0,0.0,0.0,0.0,0.0,7.0,1.3,22.0,18.0,40.9,0.0,4.9,6.3,107.0,0.0,,,,,,0.0,22.0,107.0,4.9,0.0,0.0,0.0,0.0,0.0,1.0,22.0,5.0,0.2,102.0,4.6,,,,,,,0.0,3.0,0.0,0.0,5.0,0.0,0.0,0.0,0.0,0.0,0.0,0.0,0.0,0.0,0.0,0.0,0.0,0%,97%,0%,0.0,1030.0,0.0
Aaron Rodgers,RodgAa00,2025,42,PIT,QB,16,16,10-6-0,327,498,65.7,3322,24,4.8,7,1.4,143,42.9,80.0,6.7,7.0,10.2,207.6,94.8,44.4,29,180,5.5,5.96,6.28,2,3,12,,103.0,100.0,103.0,113.0,96.0,105.0,109.0,103.0,91.0,1203.0,2.4,3.7,8.0,97.0,3.6,17.0,28.0,27.0,351.0,73.9,93.0,517.0,17.3,82.0,84.0,15.6,52.0,51.0,393.0,0.0,0.0,393.0,2.0,2990.0,6.0,21.0,2119.0,6.5,2.2,12.0,5.7,4.0,1.0,0.1,0.0,0.0,-0.6,-9.0,4.0,1.3,21.0,20.0,28.6,1.0,2.9,3.8,61.0,1.0,100.0,-9.0,0.0,-9.0,-9.0,1.0,22.0,52.0,2.4,-9.0,0.0,0.0,0.0,0.0,0.0,,3.0,0.1,58.0,2.8,-9.0,-9.0,,0.0,79.2,0.0,0.0,2.0,0.0,0.0,4.0,0.0,0.0,0.0,0.0,0.0,0.0,0.0,0.0,0.0,0.0,0.0,0.0,0%,96%,0%,0.0,918.0,0.0
Alex Smith,SmitAl03,2005,21,SFO,QB,9,7,2-5-0,84,165,50.9,875,1,0.6,11,6.7,37,27.8,47.0,5.3,2.42,10.4,97.2,40.8,,29,185,14.95,3.56,1.11,1,2,-3,,49.0,53.0,71.0,40.0,60.0,49.0,47.0,60.0,73.0,,,,,,,,,,,,,,,,,,,,,,,,,,,,,,,,,11.0,0.0,0.0,0.0,0.0,0.0,0.0,3.0,3.3,30.0,19.0,30.0,0.0,3.4,11.4,103.0,0.0,,,,,,0.0,30.0,103.0,3.4,,,,,,,,,,,,,,,,,,0.0,6.0,0.0,-10.0,11.0,0.0,0.0,0.0,0.0,0.0,,0.0,0.0,,,,,,,,,,
Alex Smith,SmitAl03,2006,22,SFO,QB,16,16,7-9-0,257,442,58.1,2890,16,3.6,16,3.6,132,39.4,75.0,6.5,5.63,11.2,180.6,74.8,44.4,35,202,7.34,5.64,4.8,1,2,10,,92.0,92.0,93.0,92.0,94.0,92.0,94.0,96.0,94.0,,,,,,,,,,,,,,,,,,,,,,,,,,,,,,,,,10.0,0.0,0.0,0.0,0.0,0.0,0.0,13.0,2.8,44.0,22.0,38.6,2.0,3.3,9.2,147.0,0.0,,,,,,2.0,44.0,147.0,3.3,,,,,,,,,,,,,,,,,,0.0,2.0,0.0,-3.0,10.0,0.0,0.0,0.0,0.0,0.0,0.0,0.0,0.0,0.0,0.0,0.0,0.0,,,,,,
Alex Smith,SmitAl03,2007,23,SFO,QB,7,7,2-5-0,94,193,48.7,914,2,1.0,4,2.1,48,30.0,45.0,4.7,4.01,9.7,130.6,57.2,18.2,17,121,8.1,3.78,3.11,2,2,0,,69.0,69.0,57.0,115.0,59.0,66.0,88.0,66.0,56.0,,,,,,,,,,,,,,,,,,,,,,,,,,,,,,,,,6.0,0.0,0.0,0.0,0.0,0.0,0.0,5.0,1.9,13.0,25.0,46.2,0.0,6.8,12.7,89.0,0.0,,,,,,0.0,13.0,89.0,6.8,,,,,,,,,,,,,,,,,,0.0,0.0,0.0,0.0,6.0,0.0,0.0,0.0,0.0,0.0,0.0,0.0,0.0,0.0,0.0,0.0,0.0,,,,,,
Alex Smith,SmitAl03,2009,25,SFO,QB,11,10,5-5-0,225,372,60.5,2350,18,4.8,12,3.2,100,38.3,73.0,6.3,5.83,10.4,213.6,81.5,41.8,22,134,5.58,5.62,5.17,0,0,7,,93.0,92.0,98.0,96.0,90.0,98.0,103.0,109.0,88.0,,,,,,,,,,,,,,,,,,,,,,,,,,,,,,,,,3.0,1.0,0.1,0.0,0.0,-0.5,-6.0,6.0,2.2,24.0,11.0,25.0,0.0,2.1,4.6,51.0,1.0,100.0,-6.0,0.0,-6.0,-6.0,0.0,25.0,45.0,1.8,,,,,,,,,,,,,,,,,,0.0,1.0,0.0,0.0,3.0,0.0,0.0,0.0,0.0,0.0,0.0,0.0,0.0,0.0,0.0,0.0,0.0,,,,,,
Alex Smith,SmitAl03,2010,26,SFO,QB,11,10,3-7-0,204,342,59.6,2370,14,4.1,10,2.9,102,40.1,62.0,6.9,6.43,11.6,215.5,82.1,43.8,25,140,6.81,6.08,5.61,0,0,6,,98.0,98.0,97.0,100.0,98.0,98.0,95.0,98.0,98.0,,,,,,,,,,,,,,,,,,,,,,,,,,,,,,,,,4.0,0.0,0.0,0.0,0.0,0.0,0.0,3.0,1.6,18.0,12.0,33.3,0.0,3.3,5.5,60.0,0.0,,,,,,0.0,18.0,60.0,3.3,,,,,,,,,,,,,,,,,,0.0,0.0,0.0,0.0,4.0,0.0,0.0,0.0,0.0,0.0,,0.0,0.0,0.0,0.0,,0.0,,,,,,
Alex Smith,SmitAl03,2011,27,SFO,QB,16,16,13-3-0,273,445,61.3,3144,17,3.8,5,1.1,145,42.3,56.0,7.1,7.32,11.5,196.5,90.7,54.5,44,263,9.0,5.89,6.13,5,5,13,AP CPoY-3,104.0,108.0,103.0,128.0,93.0,108.0,77.0,95.0,99.0,,,,,,,,,,,,,,,,,,,,,,,,,,,,,,,,,7.0,0.0,0.0,0.0,0.0,0.0,0.0,13.0,3.3,52.0,14.0,36.5,2.0,3.4,11.2,179.0,0.0,,,,,,2.0,52.0,179.0,3.4,,,,,,,,,,,,,,,,,,0.0,4.0,0.0,0.0,7.0,0.0,0.0,0.0,0.0,0.0,0.0,0.0,0.0,0.0,0.0,0.0,0.0,,,,,,
Alex Smith,SmitAl03,2012,28,SFO,QB,10,9,6-2-1,153,218,70.2,1737,13,6.0,5,2.3,87,50.0,55.0,8.0,8.13,11.4,173.7,104.1,65.1,24,137,9.92,6.61,6.76,0,0,7,,111.0,117.0,133.0,108.0,107.0,123.0,71.0,118.0,117.0,,,,,,,,,,,,,,,,,,,,,,,,,,,,,,,,,4.0,0.0,0.0,0.0,0.0,0.0,0.0,6.0,3.1,31.0,24.0,45.2,0.0,4.3,13.2,132.0,0.0,,,,,,0.0,31.0,132.0,4.3,,,,,,,,,,,,,,,,,,0.0,2.0,0.0,-2.0,4.0,0.0,0.0,0.0,0.0,0.0,0.0,0.0,0.0,0.0,0.0,0.0,0.0,0%,77%,0%,0.0,484.0,0.0
Alex Smith,SmitAl03,2013,29,KAN,QB,15,15,11-4-0,308,508,60.6,3313,23,4.5,7,1.4,168,42.0,71.0,6.5,6.81,10.8,220.9,89.1,45.0,39,210,7.13,5.67,5.94,1,1,14,"PB,AP CPoY-6",99.0,100.0,96.0,122.0,87.0,103.0,94.0,102.0,85.0,,,,,,,,,,,,,,,,,,,,,,,,,,,,,,,,,7.0,1.0,0.1,0.0,0.0,-0.3,-4.0,24.0,5.1,76.0,26.0,47.4,1.0,5.7,28.7,431.0,1.0,100.0,-4.0,0.0,-4.0,-4.0,1.0,77.0,427.0,5.5,,,,,,,,,,,,,,,,,,0.0,1.0,0.0,-13.0,7.0,0.0,0.0,0.0,0.0,0.0,0.0,0.0,0.0,0.0,0.0,0.0,0.0,,,,,,
Alex Smith,SmitAl03,2014,30,KAN,QB,15,15,8-7-0,303,464,65.3,3265,18,3.9,6,1.3,179,46.4,70.0,7.0,7.23,10.8,217.7,93.4,52.0,45,229,8.84,5.96,6.14,3,3,14,,101.0,104.0,112.0,121.0,92.0,107.0,81.0,93.0,96.0,,,,,,,,,,,,,,,,,,,,,,,,,,,,,,,,,4.0,0.0,0.0,0.0,0.0,0.0,0.0,15.0,3.3,49.0,25.0,46.9,1.0,5.2,16.9,254.0,0.0,,,,,,1.0,49.0,254.0,5.2,,,,,,,,,,,,,,,,,,0.0,2.0,0.0,0.0,4.0,0.0,0.0,0.0,0.0,0.0,0.0,0.0,0.0,0.0,0.0,0.0,0.0,0%,99%,0%,0.0,940.0,0.0
Alex Smith,SmitAl03,2015,31,KAN,QB,16,16,11-5-0,307,470,65.3,3486,20,4.3,7,1.5,155,43.9,80.0,7.4,7.6,11.4,217.9,95.4,61.1,45,235,8.74,6.31,6.48,1,1,16,,104.0,109.0,110.0,116.0,99.0,109.0,79.0,98.0,105.0,,,,,,,,,,,,,,,,,,,,,,,,,,,,,,,,,4.0,0.0,0.0,0.0,0.0,0.0,0.0,34.0,5.3,84.0,49.0,51.2,2.0,5.9,31.1,498.0,0.0,,,,,,2.0,84.0,498.0,5.9,,,,,,,,,,,,,,,,,,0.0,2.0,0.0,-1.0,4.0,0.0,0.0,0.0,0.0,0.0,0.0,0.0,0.0,0.0,0.0,0.0,0.0,0%,99%,0%,0.0,989.0,0.0
Alex Smith,SmitAl03,2016,32,KAN,QB,15,15,11-4-0,328,489,67.1,3502,15,3.1,8,1.6,182,48.0,80.0,7.2,7.04,10.7,233.5,91.2,60.8,28,140,5.42,6.5,6.39,3,3,12,PB,104.0,101.0,117.0,113.0,104.0,103.0,106.0,85.0,100.0,,,,,,,,,,,,,,,,,,,,,,,,,,,,,,,,,7.0,1.0,0.1,0.0,0.0,0.2,3.0,11.0,3.2,48.0,24.0,27.1,5.0,2.8,8.9,134.0,1.0,100.0,3.0,0.0,3.0,3.0,5.0,49.0,137.0,2.8,,,,,,,,,,,,,,,,,,0.0,2.0,0.0,-22.0,7.0,0.0,0.0,0.0,0.0,0.0,0.0,0.0,0.0,0.0,0.0,0.0,0.0,,,,,,
Alex Smith,SmitAl03,2017,33,KAN,QB,15,15,9-6-0,341,505,67.5,4042,26,5.1,5,1.0,182,45.6,79.0,8.0,8.59,11.9,269.5,104.7,65.6,35,207,6.48,7.1,7.65,1,3,17,PB,120.0,121.0,115.0,123.0,115.0,120.0,99.0,108.0,117.0,,,,,,,,,,,,,,,,,,,,,,,,,,,,,,,,,1.0,0.0,0.0,0.0,0.0,0.0,0.0,20.0,4.0,60.0,70.0,53.3,1.0,5.9,23.7,355.0,0.0,,,,,,1.0,60.0,355.0,5.9,,,,,,,,,,,,,,,,,,0.0,3.0,0.0,-2.0,1.0,0.0,0.0,0.0,0.0,0.0,0.0,0.0,0.0,0.0,0.0,0.0,0.0,,,,,,
Alex Smith,SmitAl03,2018,34,WAS,QB,10,10,6-4-0,205,328,62.5,2180,10,3.0,5,1.5,106,43.7,52.0,6.6,6.57,10.6,218.0,85.7,46.9,22,121,6.29,5.88,5.81,0,0,6,,96.0,94.0,96.0,114.0,92.0,94.0,102.0,85.0,89.0,1205.0,3.7,5.9,0.0,82.0,4.8,15.0,23.0,51.0,,,,,17.9,56.0,96.0,25.9,,,,,,,2.0,2650.0,8.1,14.0,975.0,4.8,2.4,21.0,6.2,6.0,0.0,0.0,0.0,0.0,0.0,0.0,15.0,4.1,41.0,22.0,48.8,1.0,4.1,16.8,168.0,0.0,,,,,,1.0,41.0,168.0,4.1,0.0,0.0,0.0,0.0,0.0,1.0,41.0,51.0,1.2,117.0,2.9,,,,,,,0.0,3.0,0.0,-4.0,6.0,0.0,0.0,0.0,0.0,0.0,0.0,0.0,0.0,0.0,0.0,0.0,0.0,0%,96%,0%,0.0,651.0,0.0
Alex Smith,SmitAl03,2020,36,WAS,QB,8,6,5-1-0,168,252,66.7,1582,6,2.4,8,3.2,73,43.4,68.0,6.3,5.33,9.4,197.8,78.5,28.2,22,139,8.03,5.27,4.39,1,1,1,AP CPoY-1,76.0,76.0,109.0,82.0,80.0,82.0,86.0,78.0,81.0,629.0,2.5,3.7,4.0,63.0,3.3,8.0,27.0,37.0,183.0,76.3,48.0,365.0,17.5,42.0,86.0,31.0,22.0,22.0,122.0,0.0,0.0,122.0,0.0,1286.0,5.1,12.0,953.0,5.7,2.3,3.0,3.0,2.0,0.0,0.0,0.0,0.0,0.0,0.0,0.0,1.3,10.0,5.0,10.0,0.0,0.3,0.4,3.0,0.0,,,,,,0.0,10.0,3.0,0.3,0.0,0.0,0.0,0.0,0.0,0.0,,0.0,0.0,3.0,0.3,,,,,,,0.0,2.0,0.0,-4.0,2.0,0.0,0.0,0.0,0.0,0.0,0.0,0.0,0.0,0.0,0.0,0.0,0.0,0%,87%,0%,0.0,459.0,0.0
Andy Dalton,DaltAn00,2011,24,CIN,QB,16,16,9-7-0,300,516,58.1,3398,20,3.9,13,2.5,151,39.4,84.0,6.6,6.23,11.3,212.4,80.4,49.5,24,160,4.44,6.0,5.65,4,4,11,"PB,AP ORoY-2",97.0,94.0,91.0,105.0,95.0,94.0,114.0,95.0,90.0,,,,,,,,,,,,,,,,,,,,,,,,,,,,,,,,,4.0,0.0,0.0,0.0,0.0,0.0,0.0,8.0,2.3,37.0,17.0,29.7,1.0,4.1,9.5,152.0,1.0,0.0,,0.0,,0.0,1.0,37.0,152.0,4.1,,,,,,,,,,,,,,,,,,0.0,0.0,0.0,0.0,4.0,0.0,0.0,0.0,0.0,0.0,0.0,0.0,0.0,0.0,0.0,0.0,0.0,,,,,,
Andy Dalton,DaltAn00,2012,25,CIN,QB,16,16,10-6-0,329,528,62.3,3669,27,5.1,16,3.0,172,44.9,59.0,6.9,6.61,11.2,229.3,87.4,47.7,46,229,8.01,5.99,5.68,1,3,12,,97.0,98.0,105.0,96.0,95.0,103.0,87.0,109.0,96.0,,,,,,,,,,,,,,,,,,,,,,,,,,,,,,,,,4.0,0.0,0.0,0.0,0.0,0.0,0.0,14.0,2.9,47.0,17.0,38.3,4.0,2.6,7.5,120.0,0.0,,,,,,4.0,47.0,120.0,2.6,,,,,,,,,,,,,,,,,,0.0,0.0,0.0,0.0,4.0,0.0,0.0,0.0,0.0,0.0,,0.0,0.0,0.0,0.0,,0.0,0%,97%,0%,0.0,1027.0,0.0
Andy Dalton,DaltAn00,2013,26,CIN,QB,16,16,11-5-0,363,586,61.9,4293,33,5.6,20,3.4,206,45.7,82.0,7.3,6.92,11.8,268.3,88.8,54.8,29,182,4.72,6.68,6.29,1,3,14,,104.0,101.0,101.0,86.0,109.0,103.0,113.0,114.0,105.0,,,,,,,,,,,,,,,,,,,,,,,,,,,,,,,,,4.0,0.0,0.0,0.0,0.0,0.0,0.0,15.0,3.8,61.0,12.0,39.3,2.0,3.0,11.4,183.0,0.0,,,,,,2.0,61.0,183.0,3.0,,,,,,,,,,,,,,,,,,0.0,0.0,0.0,-14.0,4.0,0.0,0.0,0.0,0.0,0.0,0.0,0.0,0.0,0.0,0.0,0.0,0.0,0%,99%,0%,0.0,1117.0,2.0
Andy Dalton,DaltAn00,2014,27,CIN,QB,16,16,10-5-1,309,481,64.2,3398,19,4.0,17,3.5,160,45.8,81.0,7.1,6.26,11.0,212.4,83.5,49.0,21,124,4.18,6.52,5.75,4,3,11,PB,95.0,91.0,108.0,83.0,104.0,93.0,117.0,94.0,97.0,,,,,,,,,,,,,,,,,,,,,,,,,,,,,,,,,3.0,1.0,0.1,1.0,1.0,1.1,18.0,21.0,3.8,60.0,20.0,46.7,4.0,2.8,10.6,169.0,1.0,100.0,18.0,100.0,18.0,18.0,5.0,61.0,187.0,3.1,,,,,,,,,,,,,,,,,,0.0,1.0,0.0,-5.0,3.0,0.0,0.0,0.0,0.0,0.0,0.0,0.0,0.0,0.0,0.0,0.0,0.0,,,,,,
Andy Dalton,DaltAn00,2015,28,CIN,QB,13,13,10-3-0,255,386,66.1,3250,25,6.5,7,1.8,148,51.2,80.0,8.4,8.9,12.7,250.0,106.2,72.5,20,118,4.93,7.71,8.17,3,3,13,,130.0,128.0,113.0,110.0,131.0,125.0,109.0,125.0,129.0,,,,,,,,,,,,,,,,,,,,,,,,,,,,,,,,,5.0,0.0,0.0,0.0,0.0,0.0,0.0,15.0,4.4,57.0,12.0,36.8,3.0,2.5,10.9,142.0,0.0,,,,,,3.0,57.0,142.0,2.5,,,,,,,,,,,,,,,,,,0.0,3.0,0.0,-34.0,5.0,0.0,0.0,0.0,0.0,0.0,0.0,0.0,0.0,0.0,0.0,0.0,0.0,0%,93%,0%,0.0,797.0,0.0
Andy Dalton,DaltAn00,2016,29,CIN,QB,16,16,6-9-1,364,563,64.7,4206,18,3.2,8,1.4,206,47.8,86.0,7.5,7.47,11.6,262.9,91.8,52.3,41,264,6.79,6.53,6.53,2,1,12,PB,106.0,107.0,108.0,117.0,105.0,104.0,94.0,86.0,107.0,,,,,,,,,,,,,,,,,,,,,,,,,,,,,,,,,9.0,0.0,0.0,0.0,0.0,0.0,0.0,17.0,2.9,46.0,15.0,52.2,4.0,4.0,11.5,184.0,0.0,,,,,,4.0,46.0,184.0,4.0,,,,,,,,,,,,,,,,,,0.0,2.0,0.0,-17.0,9.0,0.0,0.0,0.0,0.0,0.0,0.0,0.0,0.0,0.0,0.0,0.0,0.0,,,,,,
Andy Dalton,DaltAn00,2017,30,CIN,QB,16,16,7-9-0,297,496,59.9,3320,25,5.0,12,2.4,163,40.9,77.0,6.7,6.61,11.2,207.5,86.6,44.6,39,255,7.29,5.73,5.65,3,3,11,,93.0,95.0,87.0,99.0,89.0,96.0,93.0,107.0,90.0,,,,,,,,,,,,,,,,,,,,,,,,,,,,,,,,,4.0,0.0,0.0,0.0,0.0,0.0,0.0,10.0,2.4,38.0,25.0,26.3,0.0,2.6,6.2,99.0,0.0,,,,,,0.0,38.0,99.0,2.6,,,,,,,,,,,,,,,,,,0.0,1.0,0.0,-4.0,4.0,0.0,0.0,0.0,0.0,0.0,0.0,0.0,0.0,0.0,0.0,0.0,0.0,0%,97%,0%,0.0,936.0,0.0
Andy Dalton,DaltAn00,2018,31,CIN,QB,11,11,5-6-0,226,365,61.9,2566,21,5.8,11,3.0,132,48.4,49.0,7.0,6.82,11.4,233.3,89.6,59.4,21,157,5.44,6.24,6.05,3,4,9,,99.0,97.0,94.0,89.0,99.0,99.0,109.0,114.0,97.0,1424.0,3.9,6.3,0.0,100.0,5.1,18.0,15.0,54.0,,,,,15.6,55.0,90.0,22.6,,,,,,,3.0,2947.0,8.1,9.0,1142.0,5.1,2.3,12.0,8.3,1.0,0.0,0.0,0.0,0.0,0.0,0.0,4.0,1.5,16.0,21.0,37.5,0.0,6.2,9.0,99.0,0.0,,,,,,0.0,16.0,99.0,6.2,0.0,0.0,0.0,0.0,0.0,1.0,16.0,36.0,2.3,63.0,3.9,,,,,,,0.0,1.0,0.0,0.0,1.0,0.0,0.0,0.0,0.0,0.0,0.0,0.0,0.0,0.0,0.0,0.0,0.0,0%,91%,0%,0.0,627.0,0.0
Andy Dalton,DaltAn00,2019,32,CIN,QB,13,13,2-11-0,314,528,59.5,3494,16,3.0,14,2.7,170,42.7,66.0,6.6,6.03,11.1,268.8,78.3,42.1,37,249,6.55,5.74,5.19,0,0,7,,86.0,85.0,80.0,93.0,88.0,81.0,99.0,84.0,87.0,1843.0,3.5,5.9,14.0,188.0,5.4,27.0,24.0,36.0,362.0,71.8,103.0,692.0,18.3,92.0,97.0,16.9,38.0,33.0,198.0,5.0,8.0,206.0,7.0,3991.0,7.6,17.0,1651.0,5.3,2.3,10.0,6.0,8.0,1.0,0.1,0.0,0.0,-0.3,-4.0,12.0,2.5,32.0,17.0,43.8,4.0,2.3,5.6,73.0,1.0,100.0,-4.0,0.0,-4.0,-4.0,4.0,33.0,69.0,2.1,-8.0,0.0,0.0,0.0,4.0,1.0,32.0,32.0,1.0,41.0,1.3,-8.0,-8.0,,0.0,79.2,4.0,0.0,2.0,0.0,-8.0,8.0,0.0,0.0,0.0,0.0,0.0,0.0,0.0,0.0,0.0,0.0,0.0,0.0,0%,100%,0%,0.0,908.0,0.0
Andy Dalton,DaltAn00,2020,33,DAL,QB,11,9,4-5-0,216,333,64.9,2170,14,4.2,8,2.4,116,48.2,69.0,6.5,6.28,10.0,197.3,87.3,46.1,24,184,6.72,5.56,5.34,2,3,5,,89.0,89.0,101.0,97.0,85.0,94.0,96.0,96.0,86.0,1127.0,3.4,5.2,5.0,119.0,6.6,21.0,25.0,15.0,250.0,78.4,61.0,414.0,15.0,48.0,64.0,17.2,21.0,17.0,154.0,3.0,23.0,177.0,0.0,2278.0,6.8,14.0,1043.0,4.8,2.3,15.0,5.7,2.0,1.0,0.1,0.0,0.0,-0.3,-3.0,11.0,2.5,28.0,13.0,50.0,0.0,4.1,10.4,114.0,1.0,100.0,-3.0,0.0,-3.0,-3.0,0.0,29.0,111.0,3.8,-7.0,0.0,0.0,0.0,4.0,0.0,,13.0,0.5,101.0,3.6,-7.0,-7.0,,0.0,79.2,4.0,0.0,0.0,0.0,-2.0,2.0,0.0,0.0,0.0,0.0,0.0,0.0,0.0,0.0,0.0,0.0,0.0,0.0,0%,82%,0%,0.0,621.0,0.0
Andy Dalton,DaltAn00,2021,34,CHI,QB,8,6,3-3-0,149,236,63.1,1515,8,3.4,9,3.8,83,42.9,60.0,6.4,5.38,10.2,189.4,76.9,39.2,18,143,7.09,5.4,4.44,1,1,3,,78.0,78.0,92.0,69.0,83.0,80.0,94.0,89.0,85.0,763.0,3.2,5.1,7.0,92.0,4.0,9.0,13.0,23.0,162.0,71.4,30.0,174.0,17.2,39.0,54.0,20.3,14.0,12.0,138.0,1.0,3.0,141.0,1.0,1620.0,6.9,8.0,752.0,5.0,2.3,12.0,6.8,1.0,0.0,0.0,0.0,0.0,0.0,0.0,2.0,2.0,16.0,14.0,50.0,0.0,4.8,9.5,76.0,0.0,,,,,,0.0,16.0,76.0,4.8,0.0,0.0,0.0,0.0,0.0,0.0,,4.0,0.3,72.0,4.5,,,,,,,0.0,2.0,0.0,0.0,1.0,0.0,0.0,0.0,0.0,0.0,0.0,0.0,0.0,1.0,2.0,0.0,1.0,0%,75%,0%,0.0,412.0,0.0
Andy Dalton,DaltAn00,2022,35,NOR,QB,14,14,6-8-0,252,378,66.7,2871,18,4.8,9,2.4,135,48.9,64.0,7.6,7.48,11.4,205.1,95.2,53.1,25,189,6.2,6.66,6.54,1,1,8,,108.0,109.0,110.0,98.0,110.0,108.0,102.0,105.0,113.0,1543.0,4.1,6.1,10.0,99.0,6.9,25.0,21.0,15.0,284.0,78.0,61.0,611.0,12.4,45.0,61.0,14.7,9.0,8.0,60.0,1.0,3.0,63.0,0.0,2973.0,7.9,14.0,1328.0,5.3,2.3,11.0,4.8,5.0,0.0,0.0,0.0,0.0,0.0,0.0,6.0,2.1,30.0,14.0,33.3,0.0,1.8,3.9,54.0,0.0,,,,,,0.0,30.0,54.0,1.8,0.0,0.0,0.0,0.0,0.0,0.0,,9.0,0.3,45.0,1.5,,,,,,,0.0,4.0,0.0,1.0,5.0,0.0,0.0,0.0,0.0,0.0,0.0,0.0,0.0,1.0,1.0,0.0,0.0,0%,86%,0%,0.0,736.0,0.0
Andy Dalton,DaltAn00,2023,36,CAR,QB,3,1,0-1-0,34,58,58.6,361,2,3.4,0,0.0,17,42.6,47.0,6.2,6.91,10.6,120.3,88.4,49.2,3,27,4.92,5.48,6.13,0,0,1,,104.0,102.0,72.0,152.0,88.0,99.0,114.0,91.0,82.0,233.0,4.0,6.9,2.0,14.0,8.8,5.0,5.0,2.0,39.0,68.4,3.0,15.0,19.3,11.0,10.0,16.1,2.0,1.0,15.0,1.0,1.0,16.0,0.0,478.0,8.2,1.0,128.0,3.8,2.2,1.0,10.0,0.0,0.0,0.0,0.0,0.0,0.0,0.0,2.0,1.0,3.0,10.0,66.7,0.0,4.0,4.0,12.0,0.0,,,,,,0.0,3.0,12.0,4.0,0.0,0.0,0.0,0.0,0.0,0.0,,1.0,0.3,11.0,3.7,,,,,,,,,,,,,,,,,,,,,,,,0%,39%,0%,0.0,81.0,0.0
Andy Dalton,DaltAn00,2024,37,CAR,QB,6,5,1-4-0,106,160,66.3,989,7,4.4,6,3.8,50,40.7,39.0,6.2,5.37,9.3,164.8,82.0,52.0,7,37,4.19,5.7,4.92,0,0,1,,85.0,78.0,105.0,71.0,92.0,87.0,120.0,101.0,82.0,530.0,3.3,5.0,5.0,56.0,5.7,9.0,11.0,10.0,117.0,74.5,0.0,0.0,13.4,21.0,28.0,16.2,0.0,0.0,0.0,0.0,0.0,0.0,0.0,1068.0,6.7,3.0,459.0,4.3,2.2,6.0,6.0,2.0,0.0,0.0,0.0,0.0,0.0,0.0,2.0,1.8,11.0,18.0,36.4,0.0,3.1,5.7,34.0,0.0,,,,,,0.0,11.0,34.0,3.1,0.0,0.0,0.0,0.0,0.0,1.0,11.0,19.0,1.7,15.0,1.4,,,,,,,0.0,2.0,0.0,0.0,2.0,0.0,0.0,0.0,0.0,0.0,0.0,0.0,0.0,0.0,0.0,0.0,0.0,0%,82%,0%,0.0,306.0,0.0
Andy Dalton,DaltAn00,2025,38,CAR,QB,4,1,0-1-0,25,37,67.6,293,1,2.7,1,2.7,17,46.7,33.0,7.9,7.24,11.7,73.3,89.1,13.1,8,54,17.78,5.31,4.76,0,0,1,,,,,,,,,,,203.0,5.5,8.1,0.0,11.0,8.3,3.0,2.0,1.0,29.0,80.6,4.0,23.0,13.9,5.0,11.0,23.9,3.0,2.0,17.0,0.0,0.0,17.0,0.0,347.0,9.4,1.0,90.0,3.6,2.4,1.0,1.0,2.0,0.0,0.0,0.0,0.0,0.0,0.0,0.0,1.3,5.0,1.0,0.0,0.0,-0.4,-0.5,-2.0,0.0,,,,,,0.0,5.0,-2.0,-0.4,0.0,0.0,0.0,0.0,0.0,0.0,,0.0,0.0,-2.0,-0.4,,,,,,,0.0,1.0,0.0,0.0,2.0,0.0,0.0,0.0,0.0,0.0,0.0,0.0,0.0,0.0,0.0,0.0,0.0,0%,38%,0%,0.0,97.0,0.0
Ben Roethlisberger,RoetBe00,2004,22,PIT,QB,14,13,13-0-0,196,295,66.4,2621,17,5.8,11,3.7,130,49.8,58.0,8.9,8.36,13.4,187.2,98.1,,30,213,9.23,7.41,6.93,4,5,12,AP ORoY-1,119.0,126.0,123.0,90.0,124.0,122.0,81.0,120.0,136.0,,,,,,,,,,,,,,,,,,,,,,,,,,,,,,,,,2.0,0.0,0.0,0.0,0.0,0.0,0.0,12.0,4.0,56.0,20.0,26.8,1.0,2.6,10.3,144.0,0.0,,,,,,1.0,56.0,144.0,2.6,,,,,,,,,,,,,,,,,,0.0,0.0,0.0,-6.0,2.0,0.0,0.0,0.0,0.0,0.0,,0.0,0.0,0.0,0.0,0.0,0.0,,,,,,
Ben Roethlisberger,RoetBe00,2005,23,PIT,QB,12,12,9-3-0,168,268,62.7,2385,17,6.3,9,3.4,110,49.5,85.0,8.9,8.66,14.2,198.8,98.6,,23,129,7.9,7.75,7.53,2,2,11,,124.0,128.0,110.0,96.0,128.0,122.0,92.0,126.0,134.0,,,,,,,,,,,,,,,,,,,,,,,,,,,,,,,,,2.0,0.0,0.0,0.0,0.0,0.0,0.0,10.0,2.6,31.0,13.0,32.3,3.0,2.2,5.8,69.0,0.0,,,,,,3.0,31.0,69.0,2.2,,,,,,,,,,,,,,,,,,0.0,1.0,0.0,-1.0,2.0,0.0,0.0,0.0,0.0,0.0,,0.0,0.0,0.0,0.0,0.0,0.0,,,,,,
Ben Roethlisberger,RoetBe00,2006,24,PIT,QB,15,15,7-8-0,280,469,59.7,3513,18,3.8,23,4.9,178,44.5,67.0,7.5,6.05,12.5,234.2,75.4,58.0,46,280,8.93,6.28,4.97,2,3,11,,94.0,98.0,98.0,72.0,105.0,92.0,84.0,98.0,113.0,,,,,,,,,,,,,,,,,,,,,,,,,,,,,,,,,5.0,0.0,0.0,0.0,0.0,0.0,0.0,11.0,2.1,32.0,20.0,34.4,2.0,3.1,6.5,98.0,0.0,,,,,,2.0,32.0,98.0,3.1,,,,,,,,,,,,,,,,,,0.0,0.0,0.0,-1.0,5.0,0.0,0.0,0.0,0.0,0.0,0.0,0.0,0.0,0.0,0.0,0.0,0.0,,,,,,
Ben Roethlisberger,RoetBe00,2007,25,PIT,QB,15,15,10-5-0,264,404,65.3,3154,32,7.9,11,2.7,167,47.7,83.0,7.8,8.17,11.9,210.3,104.1,70.5,47,347,10.42,6.22,6.55,1,2,14,"PB,AP CPoY-3",113.0,125.0,117.0,105.0,103.0,130.0,73.0,145.0,119.0,,,,,,,,,,,,,,,,,,,,,,,,,,,,,,,,,9.0,0.0,0.0,0.0,0.0,0.0,0.0,17.0,2.3,35.0,30.0,60.0,2.0,5.8,13.6,204.0,0.0,,,,,,2.0,35.0,204.0,5.8,,,,,,,,,,,,,,,,,,0.0,4.0,0.0,-16.0,9.0,0.0,0.0,0.0,0.0,0.0,0.0,0.0,0.0,0.0,0.0,0.0,0.0,,,,,,
Ben Roethlisberger,RoetBe00,2008,26,PIT,QB,16,16,12-4-0,281,469,59.9,3301,17,3.6,15,3.2,162,44.3,65.0,7.0,6.32,11.7,206.3,80.1,47.1,46,284,8.93,5.86,5.21,4,4,11,,95.0,99.0,96.0,97.0,95.0,97.0,79.0,95.0,102.0,,,,,,,,,,,,,,,,,,,,,,,,,,,,,,,,,14.0,1.0,0.1,1.0,0.0,-0.4,-7.0,8.0,2.1,34.0,17.0,35.3,2.0,3.0,6.3,101.0,1.0,100.0,-7.0,0.0,-7.0,-7.0,2.0,35.0,94.0,2.7,,,,,,,,,,,,,,,,,,0.0,3.0,0.0,-5.0,14.0,0.0,0.0,0.0,0.0,0.0,0.0,0.0,0.0,0.0,0.0,0.0,0.0,,,,,,
Ben Roethlisberger,RoetBe00,2009,27,PIT,QB,15,15,9-6-0,337,506,66.6,4328,26,5.1,12,2.4,201,50.7,60.0,8.6,8.51,12.8,288.5,100.5,69.0,50,348,8.99,7.16,7.12,2,3,14,,117.0,125.0,119.0,108.0,118.0,121.0,77.0,113.0,129.0,,,,,,,,,,,,,,,,,,,,,,,,,,,,,,,,,7.0,0.0,0.0,0.0,0.0,0.0,0.0,16.0,2.7,40.0,15.0,40.0,2.0,2.1,5.5,82.0,0.0,,,,,,2.0,40.0,82.0,2.1,,,,,,,,,,,,,,,,,,0.0,2.0,0.0,-6.0,7.0,0.0,0.0,0.0,0.0,0.0,0.0,0.0,0.0,0.0,0.0,0.0,0.0,,,,,,
Ben Roethlisberger,RoetBe00,2010,28,PIT,QB,12,12,9-3-0,240,389,61.7,3200,17,4.4,5,1.3,149,46.8,56.0,8.2,8.52,13.3,266.7,97.0,67.4,32,220,7.6,7.08,7.35,2,3,12,,118.0,122.0,103.0,123.0,114.0,115.0,89.0,101.0,120.0,,,,,,,,,,,,,,,,,,,,,,,,,,,,,,,,,7.0,0.0,0.0,0.0,0.0,0.0,0.0,15.0,2.8,34.0,31.0,50.0,2.0,5.2,14.7,176.0,0.0,,,,,,2.0,34.0,176.0,5.2,,,,,,,,,,,,,,,,,,0.0,1.0,0.0,-12.0,7.0,0.0,0.0,0.0,0.0,0.0,0.0,0.0,0.0,0.0,0.0,0.0,0.0,,,,,,
Ben Roethlisberger,RoetBe00,2011,29,PIT,QB,15,15,11-4-0,324,513,63.2,4077,21,4.1,14,2.7,210,48.5,95.0,7.9,7.54,12.6,271.8,90.1,68.3,40,269,7.23,6.89,6.51,1,1,12,PB,109.0,111.0,109.0,102.0,112.0,107.0,92.0,98.0,117.0,,,,,,,,,,,,,,,,,,,,,,,,,,,,,,,,,8.0,0.0,0.0,0.0,0.0,0.0,0.0,6.0,2.1,31.0,11.0,22.6,0.0,2.3,4.7,70.0,0.0,,,,,,0.0,31.0,70.0,2.3,,,,,,,,,,,,,,,,,,0.0,2.0,0.0,-10.0,8.0,0.0,0.0,0.0,0.0,0.0,0.0,0.0,0.0,0.0,0.0,0.0,0.0,,,,,,
Ben Roethlisberger,RoetBe00,2012,30,PIT,QB,13,13,7-6-0,284,449,63.3,3265,26,5.8,8,1.8,167,48.6,82.0,7.3,7.63,11.5,251.2,97.0,71.3,30,182,6.26,6.44,6.77,2,3,10,,111.0,111.0,109.0,116.0,103.0,114.0,101.0,116.0,103.0,,,,,,,,,,,,,,,,,,,,,,,,,,,,,,,,,6.0,0.0,0.0,0.0,0.0,0.0,0.0,5.0,2.0,26.0,14.0,42.3,0.0,3.5,7.1,92.0,0.0,,,,,,0.0,26.0,92.0,3.5,,,,,,,,,,,,,,,,,,0.0,3.0,0.0,-8.0,6.0,0.0,0.0,0.0,0.0,0.0,0.0,0.0,0.0,0.0,0.0,0.0,0.0,0%,96%,0%,0.0,834.0,0.0
Ben Roethlisberger,RoetBe00,2013,31,PIT,QB,16,16,8-8-0,375,584,64.2,4261,28,4.8,14,2.4,211,47.4,67.0,7.3,7.18,11.4,266.3,92.0,58.0,42,282,6.71,6.36,6.24,1,3,13,,104.0,105.0,110.0,104.0,102.0,107.0,98.0,105.0,104.0,,,,,,,,,,,,,,,,,,,,,,,,,,,,,,,,,9.0,0.0,0.0,0.0,0.0,0.3,5.0,5.0,1.7,27.0,19.0,33.3,1.0,3.7,6.2,99.0,0.0,,5.0,,,,1.0,27.0,104.0,3.9,,,,,,,,,,,,,,,,,,0.0,3.0,0.0,0.0,9.0,0.0,0.0,0.0,0.0,0.0,0.0,0.0,0.0,0.0,0.0,0.0,0.0,0%,100%,0%,0.0,1052.0,0.0
Ben Roethlisberger,RoetBe00,2014,32,PIT,QB,16,16,11-5-0,408,608,67.1,4952,32,5.3,9,1.5,244,51.6,94.0,8.1,8.53,12.1,309.5,103.3,69.4,33,172,5.15,7.46,7.82,2,3,16,PB,124.0,122.0,119.0,118.0,124.0,120.0,109.0,109.0,122.0,,,,,,,,,,,,,,,,,,,,,,,,,,,,,,,,,9.0,0.0,0.0,0.0,0.0,-0.4,-6.0,6.0,2.1,33.0,8.0,24.2,0.0,0.8,1.7,27.0,0.0,,-6.0,,,,0.0,33.0,21.0,0.6,,,,,,,,,,,,,,,,,,0.0,2.0,0.0,-41.0,9.0,0.0,0.0,0.0,0.0,0.0,0.0,0.0,0.0,0.0,0.0,0.0,0.0,,,,,,
Ben Roethlisberger,RoetBe00,2015,33,PIT,QB,12,11,7-4-0,319,469,68.0,3938,21,4.5,16,3.4,175,52.6,69.0,8.4,7.76,12.3,328.2,94.5,72.8,20,141,4.09,7.76,7.15,1,1,12,PB,114.0,111.0,120.0,81.0,132.0,107.0,116.0,100.0,129.0,,,,,,,,,,,,,,,,,,,,,,,,,,,,,,,,,2.0,0.0,0.0,0.0,0.0,-0.3,-3.0,4.0,1.3,15.0,13.0,26.7,0.0,1.9,2.4,29.0,0.0,,,,,,0.0,15.0,26.0,1.7,,,,,,,,,,,,,,,,,,0.0,1.0,0.0,0.0,2.0,0.0,0.0,0.0,0.0,0.0,0.0,0.0,0.0,0.0,0.0,0.0,0.0,,,,,,
Ben Roethlisberger,RoetBe00,2016,34,PIT,QB,14,14,10-4-0,328,509,64.4,3819,29,5.7,13,2.6,184,48.7,72.0,7.5,7.49,11.6,272.8,95.4,60.5,17,141,3.23,6.99,6.98,2,2,12,PB,112.0,108.0,107.0,96.0,115.0,109.0,124.0,116.0,108.0,,,,,,,,,,,,,,,,,,,,,,,,,,,,,,,,,8.0,0.0,0.0,0.0,0.0,0.0,0.0,3.0,1.1,16.0,14.0,18.8,1.0,0.9,1.0,14.0,0.0,,,,,,1.0,16.0,14.0,0.9,,,,,,,,,,,,,,,,,,0.0,4.0,0.0,-1.0,8.0,0.0,0.0,0.0,0.0,0.0,0.0,0.0,0.0,0.0,0.0,0.0,0.0,,,,,,
Ben Roethlisberger,RoetBe00,2017,35,PIT,QB,15,15,12-3-0,360,561,64.2,4251,28,5.0,14,2.5,204,47.9,97.0,7.6,7.45,11.8,283.4,93.4,67.2,21,139,3.61,7.07,6.95,3,4,14,PB,111.0,106.0,103.0,97.0,115.0,105.0,120.0,106.0,108.0,,,,,,,,,,,,,,,,,,,,,,,,,,,,,,,,,3.0,0.0,0.0,0.0,0.0,0.0,0.0,7.0,1.9,28.0,14.0,21.4,0.0,1.7,3.1,47.0,0.0,,,,,,0.0,28.0,47.0,1.7,,,,,,,,,,,,,,,,,,0.0,2.0,0.0,-10.0,3.0,0.0,0.0,0.0,0.0,0.0,0.0,0.0,0.0,0.0,0.0,0.0,0.0,,,,,,
Ben Roethlisberger,RoetBe00,2018,36,PIT,QB,16,16,9-6-1,452,675,67.0,5129,34,5.0,16,2.4,248,50.9,97.0,7.6,7.54,11.3,320.6,96.5,69.6,24,166,3.43,7.1,7.04,2,3,14,,112.0,107.0,113.0,100.0,115.0,108.0,124.0,106.0,108.0,2327.0,3.4,5.1,0.0,164.0,3.6,24.0,37.0,58.0,,,,,18.3,122.0,119.0,16.7,,,,,,,3.0,5254.0,7.8,7.0,2802.0,6.2,2.3,12.0,8.3,7.0,1.0,0.1,0.0,0.0,-0.1,-1.0,13.0,1.9,31.0,18.0,51.6,3.0,3.2,6.1,98.0,1.0,100.0,-1.0,0.0,-1.0,-1.0,3.0,32.0,97.0,3.0,0.0,0.0,0.0,0.0,-1.0,0.0,,32.0,1.0,66.0,2.1,0.0,0.0,,0.0,79.2,-1.0,0.0,4.0,0.0,0.0,7.0,0.0,0.0,0.0,0.0,0.0,0.0,0.0,0.0,0.0,0.0,0.0,0.0,0%,97%,0%,0.0,1086.0,0.0
Ben Roethlisberger,RoetBe00,2019,37,PIT,QB,2,2,0-2-0,35,62,56.5,351,0,0.0,1,1.6,14,37.5,45.0,5.7,4.94,10.0,175.5,66.0,28.8,2,7,3.13,5.38,4.67,0,0,1,,79.0,70.0,67.0,112.0,82.0,65.0,125.0,53.0,69.0,158.0,2.5,4.5,2.0,17.0,11.3,7.0,2.0,14.0,44.0,71.0,1.0,8.0,19.4,12.0,18.0,27.7,0.0,0.0,0.0,0.0,0.0,0.0,0.0,576.0,9.3,0.0,193.0,5.5,2.3,1.0,7.0,1.0,0.0,0.0,0.0,0.0,0.0,0.0,0.0,0.5,1.0,7.0,100.0,0.0,7.0,3.5,7.0,0.0,,,,,,0.0,1.0,7.0,7.0,0.0,0.0,0.0,0.0,0.0,0.0,,0.0,0.0,7.0,7.0,,,,,,,0.0,1.0,0.0,0.0,1.0,0.0,0.0,0.0,0.0,0.0,0.0,0.0,0.0,0.0,0.0,0.0,0.0,0%,77%,0%,0.0,95.0,0.0
Ben Roethlisberger,RoetBe00,2020,38,PIT,QB,15,15,12-3-0,399,608,65.6,3803,33,5.4,10,1.6,193,48.6,84.0,6.3,6.6,9.5,253.5,94.1,52.5,13,118,2.09,5.93,6.27,4,4,10,AP CPoY-2,101.0,93.0,105.0,112.0,93.0,103.0,133.0,109.0,81.0,1850.0,3.0,4.6,13.0,175.0,6.4,39.0,51.0,42.0,463.0,76.4,48.0,234.0,15.0,91.0,106.0,17.0,26.0,25.0,85.0,1.0,0.0,85.0,0.0,4220.0,6.9,2.0,1953.0,4.9,2.1,3.0,7.0,5.0,0.0,0.0,0.0,0.0,0.0,0.0,3.0,1.7,25.0,11.0,12.0,0.0,0.4,0.7,11.0,0.0,,,,,,0.0,25.0,11.0,0.4,0.0,0.0,0.0,0.0,0.0,0.0,,5.0,0.2,6.0,0.2,,,,,,,0.0,2.0,0.0,-13.0,5.0,0.0,0.0,0.0,0.0,0.0,0.0,0.0,0.0,0.0,0.0,0.0,0.0,0%,98%,0%,0.0,1010.0,0.0
Ben Roethlisberger,RoetBe00,2021,39,PIT,QB,16,16,9-7-0,390,605,64.5,3740,22,3.6,10,1.7,203,42.6,59.0,6.2,6.17,9.6,233.8,86.8,41.3,38,239,5.91,5.44,5.43,6,7,9,,90.0,88.0,98.0,112.0,84.0,93.0,102.0,91.0,80.0,1808.0,3.0,4.6,13.0,145.0,5.0,30.0,38.0,44.0,451.0,75.5,90.0,587.0,18.6,111.0,120.0,18.6,23.0,21.0,51.0,1.0,1.0,52.0,2.0,4055.0,6.7,6.0,1932.0,5.0,2.2,3.0,6.0,11.0,0.0,0.0,0.0,0.0,0.0,0.0,3.0,1.3,20.0,8.0,20.0,1.0,0.3,0.3,5.0,0.0,,,,,,1.0,20.0,5.0,0.3,0.0,0.0,0.0,0.0,0.0,0.0,,3.0,0.2,2.0,0.1,,,,,,,0.0,5.0,0.0,7.0,11.0,0.0,0.0,0.0,0.0,0.0,0.0,0.0,0.0,0.0,0.0,0.0,0.0,0%,99%,0%,0.0,1076.0,0.0
Blaine Gabbert,GabbBl00,2011,22,JAX,QB,15,14,4-10-0,210,413,50.8,2214,12,2.9,11,2.7,111,32.2,74.0,5.4,4.74,10.5,147.6,65.4,22.2,40,293,8.83,4.24,3.68,0,0,4,,71.0,75.0,66.0,103.0,61.0,75.0,79.0,84.0,65.0,,,,,,,,,,,,,,,,,,,,,,,,,,,,,,,,,14.0,0.0,0.0,0.0,0.0,0.0,0.0,8.0,3.2,48.0,12.0,29.2,0.0,2.0,6.5,98.0,0.0,,,,,,0.0,48.0,98.0,2.0,,,,,,,,,,,,,,,,,,0.0,3.0,0.0,-39.0,14.0,0.0,0.0,0.0,0.0,0.0,0.0,0.0,0.0,0.0,0.0,0.0,0.0,,,,,,
Blaine Gabbert,GabbBl00,2012,23,JAX,QB,10,10,1-9-0,162,278,58.3,1662,9,3.2,6,2.2,72,37.3,80.0,6.0,5.65,10.3,166.2,77.4,36.1,22,158,7.33,5.01,4.71,1,1,3,,85.0,86.0,91.0,110.0,77.0,90.0,92.0,88.0,76.0,,,,,,,,,,,,,,,,,,,,,,,,,,,,,,,,,5.0,0.0,0.0,0.0,0.0,0.0,0.0,7.0,1.8,18.0,10.0,55.6,0.0,3.1,5.6,56.0,0.0,,,,,,0.0,18.0,56.0,3.1,,,,,,,,,,,,,,,,,,0.0,1.0,0.0,0.0,5.0,0.0,0.0,0.0,0.0,0.0,0.0,0.0,0.0,0.0,0.0,0.0,0.0,0%,81%,0%,0.0,516.0,0.0
Blaine Gabbert,GabbBl00,2013,24,JAX,QB,3,3,0-3-0,42,86,48.8,481,1,1.2,7,8.1,23,28.6,67.0,5.6,2.16,11.5,160.3,36.0,4.0,12,67,12.24,4.22,1.21,0,0,1,,36.0,35.0,51.0,4.0,56.0,33.0,53.0,63.0,63.0,,,,,,,,,,,,,,,,,,,,,,,,,,,,,,,,,2.0,0.0,0.0,0.0,0.0,0.0,0.0,0.0,3.0,9.0,7.0,55.6,0.0,3.6,10.7,32.0,0.0,,,,,,0.0,9.0,32.0,3.6,,,,,,,,,,,,,,,,,,0.0,0.0,0.0,0.0,2.0,0.0,0.0,0.0,0.0,0.0,,0.0,0.0,0.0,0.0,,0.0,0%,85%,0%,0.0,159.0,0.0
Blaine Gabbert,GabbBl00,2014,25,SFO,QB,1,0,,3,7,42.9,38,1,14.3,0,0.0,2,42.9,20.0,5.4,8.29,12.7,38.0,100.0,91.5,0,0,0.0,5.43,8.29,0,0,0,,,,,,,,,,,,,,,,,,,,,,,,,,,,,,,,,,,,,,,,,,,0.0,0.0,0.0,0.0,0.0,0.0,0.0,0.0,1.0,1.0,5.0,0.0,0.0,5.0,5.0,5.0,0.0,,,,,,0.0,1.0,5.0,5.0,,,,,,,,,,,,,,,,,,,,,,,,,,,,,,,,,,,0%,12%,0%,0.0,9.0,0.0
Blaine Gabbert,GabbBl00,2015,26,SFO,QB,8,8,3-5-0,178,282,63.1,2031,10,3.5,7,2.5,85,38.4,71.0,7.2,6.79,11.4,253.9,86.2,37.6,25,164,8.14,6.08,5.71,2,2,5,,92.0,97.0,101.0,98.0,93.0,95.0,83.0,89.0,100.0,,,,,,,,,,,,,,,,,,,,,,,,,,,,,,,,,4.0,0.0,0.0,0.0,0.0,0.0,0.0,10.0,4.0,32.0,44.0,50.0,1.0,5.8,23.1,185.0,0.0,,,,,,1.0,32.0,185.0,5.8,,,,,,,,,,,,,,,,,,0.0,1.0,0.0,-15.0,4.0,0.0,0.0,0.0,0.0,0.0,0.0,0.0,0.0,0.0,0.0,0.0,0.0,0%,100%,0%,0.0,509.0,0.0
Blaine Gabbert,GabbBl00,2016,27,SFO,QB,6,5,1-4-0,91,160,56.9,925,5,3.1,6,3.8,50,40.4,75.0,5.8,4.72,10.2,154.2,68.4,54.1,11,48,6.43,5.13,4.13,0,0,0,,71.0,68.0,77.0,75.0,74.0,71.0,97.0,85.0,69.0,,,,,,,,,,,,,,,,,,,,,,,,,,,,,,,,,0.0,1.0,0.2,0.0,0.0,-2.7,-16.0,16.0,6.7,40.0,24.0,52.5,2.0,4.3,28.8,173.0,1.0,100.0,-16.0,0.0,-16.0,-16.0,2.0,41.0,157.0,3.8,,,,,,,,,,,,,,,,,,,,,,,,,,,,,,,,,,,0%,88%,0%,0.0,345.0,0.0
Blaine Gabbert,GabbBl00,2017,28,ARI,QB,5,5,2-3-0,95,171,55.6,1086,6,3.5,6,3.5,55,39.2,52.0,6.4,5.47,11.4,217.2,71.9,33.2,23,149,11.86,4.83,4.06,2,2,2,,72.0,79.0,72.0,80.0,71.0,76.0,59.0,90.0,83.0,,,,,,,,,,,,,,,,,,,,,,,,,,,,,,,,,7.0,0.0,0.0,0.0,0.0,0.0,0.0,7.0,4.4,22.0,12.0,45.5,0.0,3.7,16.4,82.0,0.0,,,,,,0.0,22.0,82.0,3.7,,,,,,,,,,,,,,,,,,0.0,3.0,0.0,-11.0,7.0,0.0,0.0,0.0,0.0,0.0,,0.0,0.0,0.0,0.0,,0.0,0%,100%,0%,0.0,342.0,0.0
Blaine Gabbert,GabbBl00,2018,29,TEN,QB,8,3,2-1-0,61,101,60.4,626,4,4.0,4,4.0,32,39.6,35.0,6.2,5.21,10.3,78.3,74.9,27.0,5,37,4.72,5.56,4.61,2,2,2,,80.0,76.0,88.0,73.0,86.0,80.0,114.0,94.0,80.0,325.0,3.2,5.3,0.0,28.0,4.0,4.0,2.0,9.0,,,,,24.2,24.0,16.0,15.1,,,,,,,0.0,710.0,7.0,2.0,301.0,4.9,2.1,0.0,,0.0,0.0,0.0,0.0,0.0,0.0,0.0,2.0,0.8,6.0,,33.3,0.0,0.0,0.0,0.0,0.0,,,,,,0.0,6.0,0.0,0.0,0.0,0.0,0.0,0.0,0.0,0.0,,0.0,0.0,0.0,0.0,,,,,,,,,,,,,,,,,,,,,,,,0%,43%,0%,0.0,211.0,0.0
Blaine Gabbert,GabbBl00,2020,31,TAM,QB,4,0,,9,16,56.3,143,2,12.5,0,0.0,5,41.2,35.0,8.9,11.44,15.9,35.8,125.8,53.1,1,7,5.88,8.0,10.35,0,0,1,,,,,,,,,,,63.0,3.9,7.0,0.0,8.0,6.3,1.0,0.0,1.0,11.0,68.8,2.0,30.0,31.3,5.0,2.0,10.5,0.0,0.0,0.0,0.0,0.0,0.0,0.0,108.0,6.8,0.0,80.0,8.9,1.6,2.0,9.0,1.0,0.0,0.0,0.0,0.0,0.0,0.0,0.0,2.3,9.0,16.0,11.1,0.0,1.8,4.0,16.0,0.0,,,,,,0.0,9.0,16.0,1.8,0.0,0.0,0.0,0.0,0.0,0.0,,0.0,0.0,16.0,1.8,,,,,,,0.0,1.0,0.0,0.0,1.0,0.0,0.0,0.0,0.0,0.0,0.0,0.0,0.0,0.0,0.0,0.0,0.0,0%,18%,0%,0.0,49.0,0.0
Blaine Gabbert,GabbBl00,2021,32,TAM,QB,6,0,,7,11,63.6,67,0,0.0,0,0.0,4,41.7,23.0,6.1,6.09,9.6,11.2,80.5,36.6,1,10,8.33,4.75,4.75,0,0,0,,,,,,,,,,,28.0,2.5,4.0,1.0,3.0,0.0,0.0,0.0,1.0,7.0,63.6,1.0,14.0,18.2,2.0,2.0,16.7,1.0,1.0,14.0,0.0,0.0,14.0,0.0,90.0,8.2,0.0,39.0,5.6,2.0,0.0,,0.0,0.0,0.0,0.0,0.0,0.0,0.0,0.0,1.5,9.0,,0.0,0.0,-0.8,-1.2,-7.0,0.0,,,,,,0.0,9.0,-7.0,-0.8,0.0,0.0,0.0,0.0,0.0,0.0,,0.0,0.0,-7.0,-0.8,,,,,,,,,,,,,,,,,,,,,,,,0%,11%,1%,0.0,44.0,1.0
Blaine Gabbert,GabbBl00,2022,33,TAM,QB,1,0,,6,8,75.0,29,1,12.5,0,0.0,2,37.5,13.0,3.6,6.13,4.8,29.0,119.3,59.9,0,0,0.0,3.63,6.13,0,0,0,,,,,,,,,,,-8.0,-1.0,-1.3,0.0,2.0,12.5,1.0,0.0,0.0,8.0,100.0,1.0,7.0,0.0,0.0,0.0,0.0,2.0,2.0,20.0,0.0,0.0,20.0,0.0,20.0,2.5,0.0,37.0,6.2,1.7,0.0,,,,,,,,,,,,,,,,,,,,,,,,,,,,,,,,,,,,,,,,,,,,,,,,,,,,,,,,,,,,,,0%,26%,0%,0.0,14.0,0.0
Blaine Gabbert,GabbBl00,2023,34,KAN,QB,2,1,1-0-0,18,35,51.4,185,0,0.0,3,8.6,8,30.6,37.0,5.3,1.43,10.3,92.5,31.2,48.0,1,9,2.78,4.89,1.14,1,1,1,,,,,,,,,,,67.0,1.9,3.7,2.0,10.0,14.7,5.0,10.0,0.0,23.0,67.6,6.0,45.0,17.6,6.0,11.0,27.5,4.0,4.0,21.0,0.0,0.0,21.0,0.0,189.0,5.4,1.0,118.0,6.6,1.9,4.0,11.8,0.0,0.0,0.0,0.0,0.0,0.0,0.0,2.0,3.5,7.0,25.0,42.9,0.0,6.4,22.5,45.0,0.0,,,,,,0.0,7.0,45.0,6.4,0.0,0.0,0.0,0.0,0.0,0.0,,23.0,3.3,22.0,3.1,,,,,,,,,,,,,,,,,,,,,,,,0%,59%,0%,0.0,79.0,0.0
Bo Nix,NixxBo00,2024,24,DEN,QB,17,17,10-7-0,376,567,66.3,3775,29,5.1,12,2.1,176,43.7,93.0,6.7,6.73,10.0,222.1,93.3,53.5,24,198,4.06,6.05,6.12,3,3,13,AP ORoY-3,102.0,97.0,106.0,103.0,99.0,104.0,121.0,110.0,91.0,1703.0,3.0,4.5,16.0,148.0,5.8,32.0,34.0,44.0,420.0,76.6,12.0,101.0,15.1,83.0,102.0,15.9,4.0,4.0,32.0,0.0,0.0,32.0,1.0,4116.0,7.3,18.0,2072.0,5.5,2.5,50.0,7.2,3.0,1.0,0.1,1.0,1.0,0.1,2.0,45.0,5.4,92.0,32.0,53.3,4.0,4.7,25.3,430.0,1.0,100.0,2.0,100.0,2.0,2.0,5.0,93.0,432.0,4.6,2.0,0.0,0.0,0.0,0.0,3.0,30.7,71.0,0.8,359.0,3.9,2.0,2.0,,0.0,118.7,0.0,0.0,2.0,0.0,-2.0,3.0,0.0,0.0,0.0,0.0,0.0,0.0,0.0,0.0,0.0,0.0,0.0,0.0,0%,99%,0%,0.0,1088.0,0.0
Bo Nix,NixxBo00,2025,25,DEN,QB,17,17,14-3-0,388,612,63.4,3931,25,4.1,11,1.8,196,45.6,52.0,6.4,6.43,10.1,231.2,87.8,58.3,22,119,3.47,6.01,6.02,5,7,13,,99.0,91.0,95.0,106.0,97.0,94.0,124.0,94.0,86.0,1838.0,3.0,4.7,13.0,114.0,7.4,43.0,45.0,61.0,453.0,77.4,102.0,761.0,15.9,93.0,128.0,19.1,91.0,81.0,487.0,5.0,10.0,497.0,1.0,4498.0,7.3,26.0,2093.0,5.4,2.4,35.0,8.8,4.0,0.0,0.0,0.0,0.0,0.0,0.0,25.0,4.9,83.0,25.0,45.8,5.0,4.3,20.9,356.0,1.0,0.0,,0.0,,0.0,5.0,83.0,356.0,4.3,0.0,0.0,0.0,0.0,0.0,0.0,,62.0,0.7,294.0,3.5,2.0,,,0.0,39.6,,0.0,2.0,0.0,0.0,4.0,0.0,0.0,0.0,0.0,0.0,0.0,0.0,0.0,0.0,0.0,0.0,0.0,0%,100%,0%,0.0,1136.0,0.0
Brad Johnson,JohnBr00,1994,26,MIN,QB,4,0,,22,37,59.5,150,0,0.0,0,0.0,7,44.7,15.0,4.1,4.05,6.8,37.5,68.5,,1,5,2.63,3.82,3.82,0,0,0,,,,,,,,,,,,,,,,,,,,,,,,,,,,,,,,,,,,,,,,,,,0.0,0.0,0.0,0.0,0.0,0.0,0.0,0.0,0.5,2.0,-1.0,0.0,0.0,-1.0,-0.5,-2.0,0.0,,,,,,0.0,2.0,-2.0,-1.0,,,,,,,,,,,,,,,,,,,,,,,,,,,,,,,,,,,,,,,,
Brad Johnson,JohnBr00,1995,27,MIN,QB,5,0,,25,36,69.4,272,0,0.0,2,5.6,10,50.0,39.0,7.6,5.06,10.9,54.4,68.3,,2,18,5.26,6.68,4.32,0,0,1,,,,,,,,,,,,,,,,,,,,,,,,,,,,,,,,,,,,,,,,,,,2.0,0.0,0.0,0.0,0.0,0.0,0.0,1.0,1.8,9.0,3.0,11.1,0.0,-1.0,-1.8,-9.0,0.0,,,,,,0.0,9.0,-9.0,-1.0,,,,,,,,,,,,,,,,,,0.0,0.0,0.0,0.0,2.0,0.0,0.0,0.0,0.0,,,0.0,0.0,0.0,0.0,,0.0,,,,,,
Brad Johnson,JohnBr00,1996,28,MIN,QB,12,8,5-3-0,195,311,62.7,2258,17,5.5,10,3.2,110,47.2,82.0,7.3,6.91,11.6,188.2,89.4,,15,119,4.6,6.56,6.22,2,3,7,,115.0,113.0,120.0,99.0,117.0,117.0,113.0,120.0,114.0,,,,,,,,,,,,,,,,,,,,,,,,,,,,,,,,,5.0,0.0,0.0,0.0,0.0,0.0,0.0,13.0,2.8,34.0,13.0,47.1,1.0,2.6,7.5,90.0,0.0,,,,,,1.0,34.0,90.0,2.6,,,,,,,,,,,,,,,,,,0.0,3.0,0.0,-8.0,5.0,0.0,0.0,0.0,0.0,,,0.0,0.0,0.0,0.0,,0.0,,,,,,
Brad Johnson,JohnBr00,1997,29,MIN,QB,13,13,8-5-0,275,452,60.8,3036,20,4.4,12,2.7,150,44.6,56.0,6.7,6.41,11.0,233.5,84.5,,26,164,5.44,6.01,5.72,3,4,11,,106.0,104.0,115.0,108.0,104.0,109.0,109.0,104.0,100.0,,,,,,,,,,,,,,,,,,,,,,,,,,,,,,,,,4.0,1.0,0.1,1.0,1.0,0.2,3.0,13.0,2.7,35.0,28.0,48.6,0.0,4.0,10.7,139.0,1.0,100.0,3.0,100.0,3.0,3.0,1.0,36.0,142.0,3.9,,,,,,,,,,,,,,,,,,0.0,3.0,0.0,0.0,4.0,0.0,0.0,0.0,0.0,,,0.0,0.0,0.0,0.0,,0.0,,,,,,
Brad Johnson,JohnBr00,1998,30,MIN,QB,4,2,2-0-0,65,101,64.4,747,7,6.9,5,5.0,42,54.3,48.0,7.4,6.55,11.5,186.8,89.0,,4,30,3.81,6.83,6.02,0,1,3,,110.0,105.0,131.0,76.0,118.0,114.0,120.0,130.0,111.0,,,,,,,,,,,,,,,,,,,,,,,,,,,,,,,,,1.0,0.0,0.0,0.0,0.0,0.0,0.0,2.0,3.0,12.0,6.0,33.3,0.0,1.3,3.8,15.0,0.0,,,,,,0.0,12.0,15.0,1.3,,,,,,,,,,,,,,,,,,0.0,0.0,0.0,0.0,1.0,0.0,0.0,0.0,0.0,,,0.0,0.0,0.0,0.0,,0.0,,,,,,
Brad Johnson,JohnBr00,1999,31,WAS,QB,16,16,10-6-0,316,519,60.9,4005,24,4.6,13,2.5,178,43.6,65.0,7.7,7.51,12.7,250.3,90.0,,29,177,5.29,6.99,6.79,3,4,16,"PB,AP CPoY-2",117.0,115.0,113.0,111.0,118.0,114.0,110.0,106.0,115.0,,,,,,,,,,,,,,,,,,,,,,,,,,,,,,,,,12.0,0.0,0.0,0.0,0.0,0.0,0.0,11.0,1.6,26.0,12.0,23.1,2.0,1.2,1.9,31.0,0.0,,,,,,2.0,26.0,31.0,1.2,,,,,,,,,,,,,,,,,,0.0,2.0,0.0,-8.0,12.0,0.0,0.0,0.0,0.0,0.0,,0.0,0.0,0.0,0.0,0.0,0.0,,,,,,
Brad Johnson,JohnBr00,2000,32,WAS,QB,12,11,7-4-0,228,365,62.5,2505,11,3.0,15,4.1,120,42.3,77.0,6.9,5.62,11.0,208.8,75.7,,20,150,5.19,6.12,4.94,1,4,7,,97.0,94.0,117.0,87.0,105.0,97.0,111.0,89.0,102.0,,,,,,,,,,,,,,,,,,,,,,,,,,,,,,,,,5.0,0.0,0.0,0.0,0.0,0.0,0.0,6.0,1.8,22.0,21.0,27.3,1.0,2.6,4.8,58.0,0.0,,,,,,1.0,22.0,58.0,2.6,,,,,,,,,,,,,,,,,,0.0,2.0,0.0,-14.0,5.0,0.0,0.0,0.0,0.0,0.0,,0.0,0.0,0.0,0.0,0.0,0.0,,,,,,
Brad Johnson,JohnBr00,2001,33,TAM,QB,16,16,9-7-0,340,559,60.8,3406,13,2.3,11,2.0,181,42.5,47.0,6.1,5.67,10.0,212.9,77.7,,44,269,7.3,5.2,4.81,3,5,13,,94.0,94.0,106.0,120.0,88.0,98.0,97.0,79.0,88.0,,,,,,,,,,,,,,,,,,,,,,,,,,,,,,,,,4.0,0.0,0.0,0.0,0.0,0.0,0.0,19.0,2.4,39.0,21.0,59.0,3.0,3.1,7.5,120.0,0.0,,,,,,3.0,39.0,120.0,3.1,,,,,,,,,,,,,,,,,,0.0,2.0,0.0,-1.0,4.0,0.0,0.0,0.0,0.0,0.0,,0.0,0.0,0.0,0.0,0.0,0.0,,,,,,
Brad Johnson,JohnBr00,2002,34,TAM,QB,13,13,10-3-0,281,451,62.3,3049,22,4.9,6,1.3,144,47.5,76.0,6.8,7.14,10.9,234.5,92.9,,21,121,4.45,6.2,6.56,0,1,10,PB,120.0,117.0,111.0,132.0,107.0,121.0,114.0,114.0,101.0,,,,,,,,,,,,,,,,,,,,,,,,,,,,,,,,,8.0,0.0,0.0,0.0,0.0,0.0,0.0,4.0,1.0,13.0,6.0,53.8,0.0,2.3,2.3,30.0,0.0,,,,,,0.0,13.0,30.0,2.3,,,,,,,,,,,,,,,,,,0.0,2.0,0.0,0.0,8.0,0.0,0.0,0.0,0.0,0.0,,0.0,0.0,0.0,0.0,0.0,0.0,,,,,,
Brad Johnson,JohnBr00,2003,35,TAM,QB,16,16,7-9-0,354,570,62.1,3811,26,4.6,21,3.7,188,45.8,76.0,6.7,5.94,10.8,238.2,81.5,,20,111,3.39,6.27,5.55,0,0,10,,102.0,97.0,109.0,91.0,106.0,101.0,120.0,106.0,98.0,,,,,,,,,,,,,,,,,,,,,,,,,,,,,,,,,6.0,0.0,0.0,0.0,0.0,-0.1,-2.0,4.0,1.6,25.0,13.0,28.0,0.0,1.3,2.1,33.0,1.0,0.0,-2.0,0.0,,-2.0,0.0,25.0,31.0,1.2,,,,,,,,,,,,,,,,,,0.0,4.0,0.0,0.0,6.0,0.0,0.0,0.0,0.0,0.0,,0.0,0.0,0.0,0.0,0.0,0.0,,,,,,
Brad Johnson,JohnBr00,2004,36,TAM,QB,4,4,0-4-0,65,103,63.1,674,3,2.9,3,2.9,28,39.6,54.0,6.5,5.82,10.4,168.5,79.5,,8,55,7.21,5.58,4.9,0,0,2,,94.0,95.0,112.0,104.0,94.0,99.0,96.0,86.0,95.0,,,,,,,,,,,,,,,,,,,,,,,,,,,,,,,,,2.0,0.0,0.0,0.0,0.0,0.0,0.0,1.0,1.3,5.0,7.0,60.0,0.0,4.6,5.8,23.0,0.0,,,,,,0.0,5.0,23.0,4.6,,,,,,,,,,,,,,,,,,0.0,0.0,0.0,0.0,2.0,0.0,0.0,0.0,0.0,0.0,,0.0,0.0,,,,,,,,,,
Brad Johnson,JohnBr00,2005,37,MIN,QB,15,9,7-2-0,184,294,62.6,1885,12,4.1,4,1.4,93,40.7,80.0,6.4,6.62,10.2,125.7,88.9,,23,134,7.26,5.52,5.71,0,2,6,,103.0,104.0,109.0,130.0,92.0,110.0,96.0,100.0,92.0,,,,,,,,,,,,,,,,,,,,,,,,,,,,,,,,,5.0,0.0,0.0,0.0,0.0,0.0,0.0,2.0,1.2,18.0,16.0,16.7,0.0,2.9,3.5,53.0,0.0,,,,,,0.0,18.0,53.0,2.9,,,,,,,,,,,,,,,,,,0.0,1.0,0.0,-1.0,5.0,0.0,0.0,0.0,0.0,0.0,,0.0,0.0,0.0,0.0,0.0,0.0,,,,,,
Brad Johnson,JohnBr00,2006,38,MIN,QB,15,14,6-8-0,270,439,61.5,2750,9,2.1,15,3.4,135,40.6,46.0,6.3,5.14,10.2,183.3,72.0,39.7,29,200,6.2,5.45,4.39,2,3,6,,87.0,86.0,104.0,95.0,91.0,88.0,101.0,78.0,89.0,,,,,,,,,,,,,,,,,,,,,,,,,,,,,,,,,9.0,0.0,0.0,0.0,0.0,0.0,0.0,6.0,1.9,29.0,10.0,44.8,1.0,2.8,5.5,82.0,0.0,,,,,,1.0,29.0,82.0,2.8,,,,,,,,,,,,,,,,,,0.0,1.0,0.0,-9.0,9.0,0.0,0.0,0.0,0.0,0.0,0.0,0.0,0.0,0.0,0.0,0.0,0.0,,,,,,
Brad Johnson,JohnBr00,2007,39,DAL,QB,16,0,,7,11,63.6,79,0,0.0,0,0.0,2,25.0,35.0,7.2,7.18,11.3,4.9,85.0,34.1,1,9,8.33,5.83,5.83,0,0,0,,,,,,,,,,,,,,,,,,,,,,,,,,,,,,,,,,,,,,,,,,,0.0,0.0,0.0,0.0,0.0,0.0,0.0,0.0,0.3,5.0,,0.0,0.0,-1.0,-0.3,-5.0,0.0,,,,,,0.0,5.0,-5.0,-1.0,,,,,,,,,,,,,,,,,,,,,,,,,,,,,,,,,,,,,,,,
Brad Johnson,JohnBr00,2008,40,DAL,QB,16,3,1-2-0,41,78,52.6,427,2,2.6,5,6.4,17,34.9,36.0,5.5,3.1,10.4,26.7,50.5,26.2,8,54,9.3,4.34,2.19,0,0,1,,60.0,60.0,72.0,51.0,70.0,61.0,77.0,83.0,73.0,,,,,,,,,,,,,,,,,,,,,,,,,,,,,,,,,1.0,0.0,0.0,0.0,0.0,0.0,0.0,0.0,0.1,2.0,,0.0,0.0,-0.5,-0.1,-1.0,0.0,,,,,,0.0,2.0,-1.0,-0.5,,,,,,,,,,,,,,,,,,0.0,1.0,0.0,-15.0,1.0,0.0,0.0,0.0,0.0,0.0,0.0,0.0,0.0,0.0,0.0,0.0,0.0,,,,,,
Brett Favre,FavrBr00,1991,22,ATL,QB,2,0,,0,4,0.0,0,0,0.0,2,50.0,0,,,0.0,-22.5,,0.0,0.0,,1,11,20.0,-2.2,-20.2,0,0,0,,,,,,,,,,,,,,,,,,,,,,,,,,,,,,,,,,,,,,,,,,,,,,,,,,,,,,,,,,,,,,,,,,,,,,,,,,,,,,,,,,,,,,,,,,,,,,,,,,,,,,,,,,,,
Brett Favre,FavrBr00,1992,23,GNB,QB,15,13,8-5-0,302,471,64.1,3227,18,3.8,13,2.8,157,47.1,76.0,6.9,6.37,10.7,215.1,85.3,,34,208,6.73,5.98,5.53,3,3,13,PB,106.0,105.0,121.0,111.0,102.0,112.0,102.0,102.0,101.0,,,,,,,,,,,,,,,,,,,,,,,,,,,,,,,,,12.0,1.0,0.1,0.0,0.0,-0.5,-7.0,11.0,3.1,47.0,19.0,38.3,1.0,4.2,13.2,198.0,1.0,100.0,-7.0,0.0,-7.0,-7.0,1.0,48.0,191.0,4.0,,,,,,,,,,,,,,,,,,1.0,3.0,0.0,-12.0,12.0,0.0,0.0,0.0,0.0,,,0.0,0.0,0.0,0.0,,0.0,,,,,,
Brett Favre,FavrBr00,1993,24,GNB,QB,16,16,9-7-0,318,522,60.9,3303,19,3.6,24,4.6,165,43.8,66.0,6.3,4.99,10.4,206.4,72.2,,30,199,5.43,5.62,4.36,3,3,13,PB,90.0,86.0,109.0,82.0,96.0,94.0,109.0,99.0,91.0,,,,,,,,,,,,,,,,,,,,,,,,,,,,,,,,,14.0,0.0,0.0,0.0,0.0,0.0,0.0,13.0,3.6,58.0,27.0,37.9,1.0,3.7,13.5,216.0,0.0,,,,,,1.0,58.0,216.0,3.7,,,,,,,,,,,,,,,,,,0.0,2.0,0.0,-1.0,14.0,0.0,0.0,0.0,0.0,,,0.0,0.0,0.0,0.0,,0.0,,,,,,
Brett Favre,FavrBr00,1994,25,GNB,QB,16,16,9-7-0,363,582,62.4,3882,33,5.7,14,2.4,200,46.2,49.0,6.7,6.72,10.7,242.6,90.7,,31,188,5.06,6.03,6.08,1,2,16,,111.0,109.0,113.0,111.0,102.0,117.0,108.0,123.0,98.0,,,,,,,,,,,,,,,,,,,,,,,,,,,,,,,,,7.0,0.0,0.0,0.0,0.0,0.0,0.0,14.0,2.6,42.0,36.0,35.7,2.0,4.8,12.6,202.0,0.0,,,,,,2.0,42.0,202.0,4.8,,,,,,,,,,,,,,,,,,0.0,1.0,0.0,-2.0,7.0,0.0,0.0,0.0,0.0,,,0.0,0.0,0.0,0.0,,0.0,,,,,,
Brett Favre,FavrBr00,1995,26,GNB,QB,16,16,11-5-0,359,570,63.0,4413,38,6.7,13,2.3,226,50.4,99.0,7.7,8.05,12.3,275.8,99.5,,33,217,5.47,6.96,7.25,0,1,18,"PB,AP-1,AP MVP-1,AP OPoY-1",130.0,131.0,117.0,115.0,124.0,130.0,104.0,135.0,125.0,,,,,,,,,,,,,,,,,,,,,,,,,,,,,,,,,8.0,0.0,0.0,0.0,0.0,0.0,0.0,17.0,2.4,39.0,40.0,51.3,3.0,4.6,11.3,181.0,0.0,,,,,,3.0,39.0,181.0,4.6,,,,,,,,,,,,,,,,,,0.0,0.0,0.0,0.0,8.0,0.0,0.0,0.0,0.0,,,0.0,0.0,0.0,0.0,,0.0,,,,,,
Brett Favre,FavrBr00,1996,27,GNB,QB,16,16,13-3-0,325,543,59.9,3899,39,7.2,13,2.4,194,45.6,80.0,7.2,7.54,12.0,243.7,95.8,,40,241,6.86,6.27,6.61,1,1,18,"PB,AP-1,AP MVP-1,AP OPoY-2",121.0,122.0,109.0,112.0,111.0,126.0,98.0,141.0,112.0,,,,,,,,,,,,,,,,,,,,,,,,,,,,,,,,,11.0,0.0,0.0,0.0,0.0,0.0,0.0,18.0,3.1,49.0,23.0,46.9,2.0,2.8,8.5,136.0,0.0,,,,,,2.0,49.0,136.0,2.8,,,,,,,,,,,,,,,,,,0.0,5.0,0.0,-10.0,11.0,0.0,0.0,0.0,0.0,,,0.0,0.0,0.0,0.0,,0.0,,,,,,
Brett Favre,FavrBr00,1997,28,GNB,QB,16,16,13-3-0,304,513,59.3,3867,35,6.8,16,3.1,190,47.8,74.0,7.5,7.5,12.7,241.7,92.6,,25,176,4.65,6.86,6.82,0,0,17,"PB,AP-1,AP MVP-1,AP OPoY-3",120.0,117.0,109.0,102.0,120.0,119.0,114.0,130.0,115.0,,,,,,,,,,,,,,,,,,,,,,,,,,,,,,,,,7.0,0.0,0.0,0.0,0.0,0.0,0.0,16.0,3.6,58.0,16.0,37.9,1.0,3.2,11.7,187.0,0.0,,,,,,1.0,58.0,187.0,3.2,,,,,,,,,,,,,,,,,,0.0,1.0,0.0,-10.0,7.0,0.0,0.0,0.0,0.0,,,0.0,0.0,0.0,0.0,,0.0,,,,,,
Brett Favre,FavrBr00,1998,29,GNB,QB,16,16,11-5-0,347,551,63.0,4212,31,5.6,23,4.2,203,48.2,84.0,7.6,6.89,12.1,263.3,87.8,,38,223,6.45,6.77,6.07,1,2,16,,110.0,109.0,126.0,87.0,117.0,112.0,104.0,116.0,116.0,,,,,,,,,,,,,,,,,,,,,,,,,,,,,,,,,8.0,0.0,0.0,0.0,0.0,0.0,0.0,13.0,2.5,40.0,35.0,37.5,1.0,3.3,8.3,133.0,0.0,,,,,,1.0,40.0,133.0,3.3,,,,,,,,,,,,,,,,,,0.0,3.0,0.0,-1.0,8.0,0.0,0.0,0.0,0.0,,,0.0,0.0,0.0,0.0,,0.0,,,,,,
Brett Favre,FavrBr00,1999,30,GNB,QB,16,16,8-8-0,341,595,57.3,4091,22,3.7,23,3.9,196,41.9,74.0,6.9,5.88,12.0,255.7,74.7,,35,223,5.56,6.14,5.2,3,3,13,,100.0,98.0,100.0,92.0,104.0,96.0,109.0,97.0,102.0,,,,,,,,,,,,,,,,,,,,,,,,,,,,,,,,,9.0,0.0,0.0,0.0,0.0,0.0,0.0,13.0,1.8,28.0,20.0,53.6,0.0,5.1,8.9,142.0,0.0,,,,,,0.0,28.0,142.0,5.1,,,,,,,,,,,,,,,,,,0.0,1.0,0.0,-2.0,9.0,0.0,0.0,0.0,0.0,0.0,,0.0,0.0,0.0,0.0,0.0,0.0,,,,,,
Brett Favre,FavrBr00,2000,31,GNB,QB,16,16,9-7-0,338,580,58.3,3812,20,3.4,16,2.8,194,44.4,67.0,6.6,6.02,11.3,238.3,78.0,,33,236,5.38,5.83,5.31,0,4,13,,102.0,100.0,101.0,109.0,100.0,100.0,110.0,95.0,97.0,,,,,,,,,,,,,,,,,,,,,,,,,,,,,,,,,9.0,0.0,0.0,0.0,0.0,0.0,0.0,7.0,1.7,27.0,18.0,40.7,0.0,4.0,6.8,108.0,0.0,,,,,,0.0,27.0,108.0,4.0,,,,,,,,,,,,,,,,,,0.0,2.0,0.0,-12.0,9.0,0.0,0.0,0.0,0.0,0.0,,0.0,0.0,0.0,0.0,0.0,0.0,,,,,,
Brett Favre,FavrBr00,2001,32,GNB,QB,16,16,12-4-0,314,510,61.6,3921,32,6.3,15,2.9,187,47.0,67.0,7.7,7.62,12.5,245.1,94.1,,22,151,4.14,7.09,7.02,1,2,15,"PB,AP-2,AP MVP-3,AP OPoY-3",125.0,122.0,109.0,104.0,123.0,122.0,116.0,132.0,118.0,,,,,,,,,,,,,,,,,,,,,,,,,,,,,,,,,16.0,0.0,0.0,0.0,0.0,0.0,0.0,6.0,2.4,38.0,14.0,21.1,1.0,1.5,3.5,56.0,0.0,,,,,,1.0,38.0,56.0,1.5,,,,,,,,,,,,,,,,,,0.0,6.0,0.0,-38.0,16.0,0.0,0.0,0.0,0.0,0.0,,0.0,0.0,,,,,,,,,,
Brett Favre,FavrBr00,2002,33,GNB,QB,16,16,12-4-0,341,551,61.9,3658,27,4.9,16,2.9,189,48.0,85.0,6.6,6.31,10.7,228.6,85.6,,26,188,4.51,6.01,5.7,3,3,13,"PB,AP-2,AP MVP-2",107.0,104.0,110.0,105.0,103.0,110.0,113.0,114.0,99.0,,,,,,,,,,,,,,,,,,,,,,,,,,,,,,,,,10.0,0.0,0.0,0.0,0.0,0.0,0.0,6.0,1.6,25.0,17.0,28.0,0.0,2.9,4.6,73.0,0.0,,,,,,0.0,25.0,73.0,2.9,,,,,,,,,,,,,,,,,,0.0,5.0,0.0,-14.0,10.0,0.0,0.0,0.0,0.0,0.0,,0.0,0.0,0.0,0.0,0.0,0.0,,,,,,
Brett Favre,FavrBr00,2003,34,GNB,QB,16,16,10-6-0,308,471,65.4,3361,32,6.8,21,4.5,168,49.0,66.0,7.1,6.49,10.9,210.1,90.4,,19,137,3.88,6.58,5.96,1,3,14,PB,107.0,104.0,119.0,77.0,111.0,113.0,117.0,133.0,106.0,,,,,,,,,,,,,,,,,,,,,,,,,,,,,,,,,5.0,0.0,0.0,0.0,0.0,0.0,0.0,3.0,1.1,18.0,7.0,16.7,0.0,0.8,0.9,15.0,0.0,,,,,,0.0,18.0,15.0,0.8,,,,,,,,,,,,,,,,,,0.0,0.0,0.0,0.0,5.0,0.0,0.0,0.0,0.0,0.0,,0.0,0.0,0.0,0.0,0.0,0.0,,,,,,
Brett Favre,FavrBr00,2004,35,GNB,QB,16,16,10-6-0,346,540,64.1,4088,30,5.6,17,3.1,205,50.2,79.0,7.6,7.26,11.8,255.5,92.4,,12,93,2.17,7.24,6.94,3,4,15,,119.0,113.0,116.0,100.0,121.0,115.0,131.0,117.0,113.0,,,,,,,,,,,,,,,,,,,,,,,,,,,,,,,,,4.0,0.0,0.0,0.0,0.0,0.0,0.0,2.0,1.0,16.0,17.0,18.8,0.0,2.3,2.3,36.0,0.0,,,,,,0.0,16.0,36.0,2.3,,,,,,,,,,,,,,,,,,0.0,1.0,0.0,-8.0,4.0,0.0,0.0,0.0,0.0,0.0,,0.0,0.0,0.0,0.0,0.0,0.0,,,,,,
Brett Favre,FavrBr00,2005,36,GNB,QB,16,16,4-12-0,372,607,61.3,3881,20,3.3,29,4.8,202,46.4,59.0,6.4,4.9,10.4,242.6,70.9,,24,170,3.8,5.88,4.45,1,1,9,,88.0,83.0,105.0,72.0,98.0,87.0,118.0,91.0,91.0,,,,,,,,,,,,,,,,,,,,,,,,,,,,,,,,,10.0,0.0,0.0,0.0,0.0,0.0,0.0,4.0,1.1,18.0,20.0,27.8,0.0,3.4,3.9,62.0,0.0,,,,,,0.0,18.0,62.0,3.4,,,,,,,,,,,,,,,,,,0.0,2.0,0.0,-1.0,10.0,0.0,0.0,0.0,0.0,0.0,,0.0,0.0,0.0,0.0,0.0,0.0,,,,,,
Brett Favre,FavrBr00,2006,37,GNB,QB,16,16,8-8-0,343,613,56.0,3885,18,2.9,18,2.9,183,42.3,82.0,6.3,5.6,11.3,242.8,72.7,45.5,21,134,3.31,5.92,5.21,1,1,9,,97.0,92.0,86.0,103.0,99.0,89.0,120.0,88.0,90.0,,,,,,,,,,,,,,,,,,,,,,,,,,,,,,,,,8.0,0.0,0.0,0.0,0.0,0.0,0.0,4.0,1.4,23.0,14.0,21.7,1.0,1.3,1.8,29.0,0.0,,,,,,1.0,23.0,29.0,1.3,,,,,,,,,,,,,,,,,,0.0,2.0,0.0,-9.0,8.0,0.0,0.0,0.0,0.0,0.0,,0.0,0.0,,,,,,,,,,
Brett Favre,FavrBr00,2007,38,GNB,QB,16,16,13-3-0,356,535,66.5,4155,28,5.2,15,2.8,198,50.9,82.0,7.8,7.55,11.7,259.7,95.7,70.8,15,93,2.73,7.39,7.18,2,4,14,"PB,AP-2,AP MVP-2,AP OPoY-3,AP CPoY-4",121.0,117.0,121.0,104.0,124.0,119.0,122.0,114.0,118.0,,,,,,,,,,,,,,,,,,,,,,,,,,,,,,,,,9.0,0.0,0.0,0.0,0.0,0.0,0.0,4.0,1.8,29.0,21.0,13.8,0.0,0.4,0.8,12.0,0.0,,,,,,0.0,29.0,12.0,0.4,,,,,,,,,,,,,,,,,,0.0,4.0,0.0,-18.0,9.0,0.0,0.0,0.0,0.0,0.0,,0.0,0.0,,,,,,,,,,
Brett Favre,FavrBr00,2008,39,NYJ,QB,16,16,9-7-0,343,522,65.7,3472,22,4.2,22,4.2,186,49.3,56.0,6.7,5.6,10.1,217.0,81.0,43.4,30,213,5.43,5.9,4.91,1,2,12,PB,92.0,90.0,115.0,82.0,96.0,98.0,104.0,102.0,95.0,,,,,,,,,,,,,,,,,,,,,,,,,,,,,,,,,10.0,0.0,0.0,0.0,0.0,0.1,2.0,4.0,1.3,21.0,27.0,19.0,1.0,2.0,2.7,43.0,0.0,,2.0,,,,1.0,21.0,45.0,2.1,,,,,,,,,,,,,,,,,,0.0,2.0,0.0,-16.0,10.0,0.0,0.0,0.0,0.0,0.0,0.0,0.0,0.0,0.0,0.0,0.0,0.0,,,,,,
Brett Favre,FavrBr00,2009,40,MIN,QB,16,16,12-4-0,363,531,68.4,4202,33,6.2,7,1.3,214,49.9,63.0,7.9,8.56,11.6,262.6,107.2,74.4,34,247,6.02,7.0,7.61,2,2,16,"PB,AP MVP-4,AP CPoY-4",123.0,125.0,125.0,123.0,115.0,129.0,100.0,126.0,117.0,,,,,,,,,,,,,,,,,,,,,,,,,,,,,,,,,2.0,1.0,0.1,0.0,0.0,-0.1,-2.0,1.0,0.6,9.0,4.0,11.1,0.0,0.8,0.4,7.0,1.0,100.0,-2.0,0.0,-2.0,-2.0,0.0,10.0,5.0,0.5,,,,,,,,,,,,,,,,,,0.0,0.0,0.0,0.0,2.0,0.0,0.0,0.0,0.0,0.0,0.0,0.0,0.0,0.0,0.0,0.0,0.0,,,,,,
Brett Favre,FavrBr00,2010,41,MIN,QB,13,13,5-8-0,217,358,60.6,2509,11,3.1,19,5.3,112,43.4,53.0,7.0,5.23,11.6,193.0,69.9,38.4,22,139,5.79,6.24,4.57,1,2,5,,86.0,85.0,100.0,68.0,100.0,84.0,103.0,87.0,99.0,,,,,,,,,,,,,,,,,,,,,,,,,,,,,,,,,7.0,0.0,0.0,0.0,0.0,0.0,0.0,1.0,1.3,17.0,10.0,5.9,0.0,0.5,0.6,8.0,0.0,,,,,,0.0,17.0,8.0,0.5,,,,,,,,,,,,,,,,,,0.0,2.0,0.0,-29.0,7.0,0.0,0.0,0.0,0.0,0.0,0.0,0.0,0.0,0.0,0.0,0.0,0.0,,,,,,
Brock Purdy,PurdBr00,2022,23,SFO,QB,9,5,5-0-0,114,170,67.1,1374,13,7.6,4,2.4,67,50.3,54.0,8.1,8.55,12.1,152.7,107.3,67.5,11,84,6.08,7.13,7.57,1,1,6,AP ORoY-3,123.0,127.0,111.0,99.0,121.0,128.0,103.0,140.0,124.0,668.0,3.9,5.9,7.0,54.0,7.9,13.0,15.0,5.0,127.0,77.0,37.0,288.0,12.1,20.0,31.0,16.6,9.0,9.0,102.0,0.0,0.0,102.0,0.0,1119.0,6.6,5.0,706.0,6.2,2.3,6.0,4.2,0.0,0.0,0.0,0.0,0.0,0.0,0.0,5.0,2.4,22.0,13.0,27.3,1.0,0.6,1.4,13.0,0.0,,,,,,1.0,22.0,13.0,0.6,0.0,0.0,0.0,0.0,0.0,0.0,,7.0,0.3,6.0,0.3,,,,,,,,,,,,,,,,,,,,,,,,0%,64%,0%,0.0,380.0,0.0
Brock Purdy,PurdBr00,2023,24,SFO,QB,16,16,12-4-0,308,444,69.4,4280,31,7.0,11,2.5,206,54.7,76.0,9.6,9.92,13.9,267.5,113.0,73.4,28,153,5.93,8.74,9.01,0,0,18,"PB,AP MVP-4,AP OPoY-6,AP CPoY-6",146.0,149.0,124.0,96.0,152.0,142.0,107.0,137.0,157.0,2246.0,5.1,7.3,13.0,142.0,2.1,9.0,42.0,28.0,324.0,75.5,93.0,969.0,16.3,70.0,98.0,20.1,24.0,20.0,227.0,1.0,9.0,236.0,3.0,3623.0,8.2,12.0,2034.0,6.6,2.6,16.0,7.8,6.0,0.0,0.0,0.0,0.0,0.0,0.0,15.0,2.4,39.0,17.0,53.8,2.0,3.7,9.0,144.0,0.0,,,,,,2.0,39.0,144.0,3.7,0.0,0.0,0.0,0.0,0.0,2.0,19.5,36.0,0.9,108.0,2.8,,,,,,,0.0,4.0,0.0,-1.0,6.0,0.0,0.0,0.0,0.0,0.0,0.0,0.0,0.0,0.0,0.0,0.0,0.0,,,,,,
Brock Purdy,PurdBr00,2024,25,SFO,QB,15,15,6-9-0,300,455,65.9,3864,20,4.4,12,2.6,178,49.4,76.0,8.5,8.18,12.9,257.6,96.1,64.8,31,156,6.38,7.63,7.34,1,1,13,,119.0,118.0,104.0,93.0,128.0,108.0,104.0,101.0,129.0,2220.0,4.9,7.4,10.0,142.0,4.3,19.0,38.0,32.0,345.0,78.4,4.0,43.0,14.1,62.0,101.0,19.1,2.0,1.0,5.0,1.0,16.0,21.0,5.0,3809.0,8.4,10.0,1644.0,5.5,2.5,44.0,6.8,7.0,0.0,0.0,0.0,0.0,0.0,0.0,33.0,4.4,66.0,16.0,63.6,5.0,4.9,21.5,323.0,0.0,,,,,,5.0,66.0,323.0,4.9,0.0,0.0,0.0,0.0,0.0,2.0,33.0,64.0,1.0,259.0,3.9,,,,,,,0.0,0.0,0.0,-11.0,7.0,0.0,0.0,0.0,0.0,0.0,0.0,0.0,0.0,0.0,0.0,0.0,0.0,0%,99%,0%,0.0,944.0,0.0
Brock Purdy,PurdBr00,2025,26,SFO,QB,9,9,7-2-0,197,284,69.4,2167,20,7.0,10,3.5,130,55.3,45.0,7.6,7.45,11.0,240.8,100.5,72.8,11,53,3.73,7.17,7.0,2,2,9,,113.0,107.0,117.0,77.0,121.0,113.0,122.0,130.0,112.0,1318.0,4.6,6.7,4.0,59.0,3.3,9.0,28.0,27.0,221.0,82.2,72.0,570.0,12.3,33.0,66.0,21.1,15.0,14.0,109.0,1.0,2.0,111.0,0.0,2126.0,7.5,15.0,849.0,4.3,2.7,18.0,7.3,3.0,0.0,0.0,0.0,0.0,0.0,0.0,16.0,3.7,33.0,26.0,57.6,3.0,4.5,16.3,147.0,0.0,,,,,,3.0,33.0,147.0,4.5,0.0,0.0,0.0,0.0,0.0,0.0,,21.0,0.6,126.0,3.8,,,,,,,0.0,0.0,0.0,0.0,3.0,0.0,0.0,0.0,0.0,0.0,0.0,0.0,0.0,0.0,0.0,0.0,0.0,0%,98%,0%,0.0,576.0,0.0
Bryce Young,YounBr01,2023,22,CAR,QB,16,16,2-14-0,315,527,59.8,2877,11,2.1,10,1.9,133,36.5,48.0,5.5,5.02,9.1,179.8,73.7,34.1,62,477,10.53,4.07,3.68,2,2,6,,67.0,72.0,78.0,109.0,61.0,73.0,74.0,74.0,66.0,1577.0,3.0,5.0,6.0,166.0,4.8,23.0,50.0,38.0,352.0,73.3,81.0,589.0,21.5,103.0,150.0,24.2,31.0,26.0,145.0,1.0,4.0,149.0,1.0,3980.0,7.6,46.0,1300.0,4.1,2.5,31.0,8.4,11.0,0.0,0.0,0.0,0.0,0.0,0.0,18.0,2.4,39.0,26.0,64.1,0.0,6.5,15.8,253.0,0.0,,,,,,0.0,39.0,253.0,6.5,0.0,0.0,0.0,0.0,0.0,4.0,9.8,62.0,1.6,191.0,4.9,,,,,,,0.0,4.0,0.0,0.0,11.0,0.0,0.0,0.0,0.0,0.0,0.0,0.0,0.0,0.0,0.0,0.0,0.0,0%,100%,0%,0.0,1068.0,0.0
Bryce Young,YounBr01,2024,23,CAR,QB,14,12,4-8-0,234,384,60.9,2403,15,3.9,9,2.3,117,39.0,83.0,6.3,5.98,10.3,171.6,82.2,50.7,29,186,7.02,5.37,5.11,1,4,8,,88.0,86.0,84.0,98.0,86.0,88.0,100.0,95.0,83.0,1434.0,3.7,6.1,1.0,136.0,4.2,15.0,38.0,53.0,258.0,71.9,14.0,90.0,22.3,80.0,120.0,26.7,13.0,12.0,61.0,0.0,0.0,61.0,0.0,3298.0,8.6,25.0,969.0,4.1,2.3,37.0,6.9,5.0,0.0,0.0,0.0,0.0,0.0,0.0,15.0,3.1,43.0,34.0,53.5,6.0,5.8,17.8,249.0,0.0,,,,,,6.0,43.0,249.0,5.8,0.0,0.0,0.0,0.0,0.0,4.0,10.8,32.0,0.7,217.0,5.0,,,,,,,0.0,1.0,0.0,0.0,5.0,0.0,0.0,0.0,0.0,0.0,0.0,0.0,0.0,0.0,0.0,0.0,0.0,0%,88%,0%,0.0,728.0,0.0
Bryce Young,YounBr01,2025,24,CAR,QB,16,16,8-8-0,304,478,63.6,3011,23,4.8,11,2.3,153,44.2,54.0,6.3,6.23,9.9,188.2,87.8,47.6,27,202,5.35,5.56,5.49,4,6,10,,91.0,88.0,95.0,98.0,88.0,94.0,111.0,103.0,83.0,1466.0,3.1,4.8,9.0,127.0,4.1,18.0,48.0,54.0,346.0,77.9,91.0,633.0,16.4,73.0,129.0,24.0,49.0,44.0,371.0,5.0,28.0,399.0,2.0,3075.0,6.4,32.0,1545.0,5.1,2.4,33.0,6.7,7.0,0.0,0.0,0.0,0.0,0.0,0.0,16.0,3.4,54.0,24.0,44.4,2.0,4.0,13.5,216.0,0.0,,,,,,2.0,54.0,216.0,4.0,0.0,0.0,0.0,0.0,0.0,2.0,27.0,39.0,0.7,177.0,3.3,,,,,,,0.0,1.0,0.0,-11.0,7.0,0.0,0.0,0.0,0.0,0.0,0.0,0.0,0.0,0.0,0.0,0.0,0.0,0%,96%,0%,0.0,964.0,0.0
C.J. Stroud,StroCJ00,2023,22,HOU,QB,15,15,9-6-0,319,499,63.9,4108,23,4.6,5,1.0,198,46.7,75.0,8.2,8.7,12.9,273.9,100.8,58.3,38,331,7.08,7.03,7.47,1,3,14,"PB,AP MVP-8,AP ORoY-1",123.0,130.0,98.0,130.0,119.0,121.0,99.0,106.0,126.0,2346.0,4.7,7.4,9.0,126.0,3.8,18.0,38.0,47.0,357.0,74.8,94.0,1036.0,19.9,95.0,123.0,22.0,34.0,31.0,343.0,1.0,1.0,344.0,6.0,4484.0,9.0,16.0,1762.0,5.5,2.5,23.0,6.4,8.0,1.0,0.1,0.0,0.0,0.0,0.0,17.0,2.6,39.0,16.0,59.0,3.0,4.3,11.1,167.0,1.0,100.0,,0.0,0.0,0.0,3.0,40.0,167.0,4.2,-1.0,0.0,0.0,0.0,1.0,2.0,19.5,20.0,0.5,147.0,3.8,-1.0,-1.0,,0.0,79.2,1.0,0.0,1.0,0.0,-10.0,8.0,0.0,0.0,0.0,0.0,0.0,0.0,0.0,0.0,0.0,0.0,0.0,0.0,,,,,,
C.J. Stroud,StroCJ00,2024,23,HOU,QB,17,17,10-7-0,336,532,63.2,3727,20,3.8,12,2.3,211,43.0,67.0,7.0,6.74,11.1,219.2,87.0,46.4,52,408,8.9,5.68,5.44,1,2,11,,93.0,97.0,93.0,100.0,92.0,95.0,86.0,93.0,99.0,2063.0,3.9,6.1,8.0,154.0,5.1,26.0,56.0,66.0,373.0,73.3,11.0,123.0,18.7,95.0,174.0,28.0,8.0,7.0,74.0,0.0,0.0,74.0,1.0,4376.0,8.2,22.0,1664.0,5.0,2.5,37.0,6.8,6.0,0.0,0.0,0.0,0.0,0.0,0.0,19.0,3.1,52.0,25.0,38.5,0.0,4.5,13.7,233.0,1.0,0.0,,0.0,,0.0,0.0,52.0,233.0,4.5,0.0,0.0,0.0,0.0,0.0,3.0,17.3,43.0,0.8,190.0,3.7,10.0,,,0.0,39.6,,0.0,1.0,0.0,-4.0,6.0,0.0,0.0,0.0,0.0,0.0,0.0,0.0,0.0,0.0,0.0,0.0,0.0,0%,94%,0%,0.0,1035.0,0.0
C.J. Stroud,StroCJ00,2025,24,HOU,QB,14,14,9-5-0,273,423,64.5,3041,19,4.5,8,1.9,136,44.4,75.0,7.2,7.24,11.1,217.2,92.9,61.7,23,189,5.16,6.39,6.44,0,2,10,,105.0,103.0,99.0,105.0,105.0,102.0,112.0,99.0,102.0,1676.0,4.0,6.1,10.0,132.0,2.5,10.0,35.0,43.0,297.0,74.6,92.0,738.0,17.6,70.0,101.0,21.4,18.0,17.0,166.0,0.0,0.0,166.0,3.0,3361.0,7.9,22.0,1365.0,5.0,2.4,25.0,7.8,2.0,0.0,0.0,0.0,0.0,0.0,0.0,18.0,3.4,48.0,30.0,47.9,1.0,4.4,14.9,209.0,0.0,,,,,,1.0,48.0,209.0,4.4,0.0,0.0,0.0,0.0,0.0,0.0,,27.0,0.6,182.0,3.8,,,,,,,0.0,1.0,0.0,-11.0,2.0,0.0,0.0,0.0,0.0,0.0,0.0,0.0,0.0,0.0,0.0,0.0,0.0,0%,91%,0%,0.0,868.0,0.0
Caleb Williams,WillCa03,2024,23,CHI,QB,17,17,5-12-0,351,562,62.5,3541,20,3.6,6,1.1,171,40.3,47.0,6.3,6.53,10.1,208.3,87.8,43.3,68,466,10.79,4.88,5.09,2,1,12,AP ORoY-10,88.0,94.0,90.0,123.0,77.0,96.0,72.0,91.0,84.0,1675.0,3.0,4.8,9.0,174.0,3.8,20.0,40.0,52.0,378.0,72.4,0.0,0.0,21.1,110.0,160.0,23.5,0.0,0.0,0.0,0.0,0.0,0.0,4.0,4443.0,7.9,36.0,1866.0,5.3,2.4,51.0,7.9,10.0,0.0,0.0,0.0,0.0,0.0,0.0,27.0,4.8,81.0,24.0,51.9,0.0,6.0,28.8,489.0,0.0,,,,,,0.0,81.0,489.0,6.0,0.0,0.0,0.0,0.0,0.0,5.0,16.2,104.0,1.3,385.0,4.8,,,,,,,0.0,4.0,0.0,-7.0,10.0,0.0,0.0,0.0,0.0,0.0,0.0,0.0,0.0,0.0,0.0,0.0,0.0,0%,99%,0%,0.0,1123.0,0.0
Caleb Williams,WillCa03,2025,24,CHI,QB,17,17,11-6-0,330,568,58.1,3942,27,4.8,7,1.2,187,42.9,65.0,6.9,7.34,11.9,231.9,90.1,58.2,24,165,4.05,6.38,6.76,6,6,15,,110.0,105.0,74.0,116.0,105.0,97.0,120.0,102.0,97.0,2107.0,3.7,6.4,18.0,174.0,5.5,29.0,41.0,94.0,367.0,69.8,169.0,1192.0,20.7,109.0,159.0,25.1,36.0,28.0,237.0,8.0,25.0,262.0,2.0,4809.0,8.5,40.0,1835.0,5.6,2.5,41.0,8.7,9.0,2.0,0.1,2.0,1.0,1.3,22.0,28.0,4.5,77.0,29.0,55.8,3.0,5.0,22.8,388.0,2.0,100.0,20.0,100.0,11.0,11.0,4.0,79.0,410.0,5.2,-3.0,0.0,0.0,0.0,25.0,5.0,15.4,60.0,0.8,328.0,4.3,-1.5,-1.5,,0.0,152.1,12.5,0.0,6.0,0.0,-37.0,9.0,0.0,0.0,0.0,0.0,0.0,0.0,0.0,0.0,0.0,0.0,0.0,0.0,0%,99%,0%,0.0,1143.0,0.0
Cam Newton,NewtCa00,2011,22,CAR,QB,16,16,6-10-0,310,517,60.0,4051,21,4.1,17,3.3,176,44.2,91.0,7.8,7.17,13.1,253.2,84.5,56.6,35,260,6.34,6.87,6.24,1,1,19,"PB,AP ORoY-1",105.0,106.0,98.0,92.0,112.0,100.0,99.0,97.0,115.0,,,,,,,,,,,,,,,,,,,,,,,,,,,,,,,,,5.0,1.0,0.1,1.0,0.0,1.7,27.0,53.0,7.9,126.0,49.0,53.2,14.0,5.6,44.1,706.0,1.0,100.0,27.0,100.0,27.0,27.0,14.0,127.0,733.0,5.8,,,,,,,,,,,,,,,,,,0.0,3.0,0.0,-4.0,5.0,0.0,0.0,0.0,0.0,0.0,0.0,0.0,0.0,0.0,0.0,0.0,0.0,,,,,,
Cam Newton,NewtCa00,2012,23,CAR,QB,16,16,7-9-0,280,485,57.7,3869,19,3.9,12,2.5,171,43.0,82.0,8.0,7.65,13.8,241.8,86.2,58.3,36,244,6.91,6.96,6.65,1,1,16,,109.0,111.0,89.0,105.0,113.0,101.0,96.0,96.0,117.0,,,,,,,,,,,,,,,,,,,,,,,,,,,,,,,,,10.0,0.0,0.0,0.0,0.0,0.4,6.0,52.0,7.9,127.0,72.0,52.0,8.0,5.8,46.3,741.0,1.0,0.0,6.0,0.0,,6.0,8.0,127.0,747.0,5.9,,,,,,,,,,,,,,,,,,0.0,3.0,0.0,-8.0,10.0,0.0,0.0,0.0,0.0,0.0,0.0,0.0,0.0,0.0,0.0,0.0,0.0,0%,99%,0%,0.0,1021.0,0.0
Cam Newton,NewtCa00,2013,24,CAR,QB,16,16,12-4-0,292,473,61.7,3379,24,5.1,13,2.7,172,43.2,79.0,7.1,6.92,11.6,211.2,88.8,64.3,43,336,8.33,5.9,5.69,4,4,16,PB,96.0,101.0,100.0,98.0,92.0,103.0,85.0,108.0,100.0,,,,,,,,,,,,,,,,,,,,,,,,,,,,,,,,,3.0,0.0,0.0,0.0,0.0,0.0,0.0,45.0,6.9,111.0,56.0,55.0,6.0,5.3,36.6,585.0,0.0,,,,,,6.0,111.0,585.0,5.3,,,,,,,,,,,,,,,,,,0.0,1.0,0.0,-8.0,3.0,0.0,0.0,0.0,0.0,0.0,0.0,0.0,0.0,0.0,0.0,0.0,0.0,,,,,,
Cam Newton,NewtCa00,2014,25,CAR,QB,14,14,5-8-1,262,448,58.5,3127,18,4.0,12,2.7,156,44.9,51.0,7.0,6.58,11.9,223.4,82.1,56.2,38,300,7.82,5.82,5.45,3,2,12,,91.0,95.0,85.0,98.0,89.0,92.0,89.0,94.0,95.0,,,,,,,,,,,,,,,,,,,,,,,,,,,,,,,,,9.0,0.0,0.0,0.0,0.0,0.0,0.0,48.0,7.4,103.0,22.0,61.2,5.0,5.2,38.5,539.0,0.0,,,,,,5.0,103.0,539.0,5.2,,,,,,,,,,,,,,,,,,0.0,3.0,0.0,-10.0,9.0,0.0,0.0,0.0,0.0,0.0,0.0,0.0,0.0,0.0,0.0,0.0,0.0,0%,97%,0%,0.0,927.0,0.0
Cam Newton,NewtCa00,2015,26,CAR,QB,16,16,15-1-0,296,495,59.8,3837,35,7.1,10,2.0,195,48.1,74.0,7.8,8.26,13.0,239.8,99.4,61.4,33,284,6.25,6.73,7.2,3,4,21,"PB,AP-1,AP MVP-1,AP OPoY-1",115.0,119.0,87.0,107.0,108.0,115.0,98.0,132.0,113.0,,,,,,,,,,,,,,,,,,,,,,,,,,,,,,,,,5.0,0.0,0.0,0.0,0.0,0.0,0.0,59.0,8.3,132.0,47.0,56.1,10.0,4.8,39.8,636.0,0.0,,,,,,10.0,132.0,636.0,4.8,,,,,,,,,,,,,,,,,,0.0,1.0,0.0,-10.0,5.0,0.0,0.0,0.0,0.0,0.0,0.0,0.0,0.0,0.0,0.0,0.0,0.0,,,,,,
Cam Newton,NewtCa00,2016,27,CAR,QB,15,14,6-8-0,270,510,52.9,3509,19,3.7,14,2.7,173,40.7,88.0,6.9,6.39,13.0,233.9,75.8,47.1,36,277,6.59,5.92,5.46,0,0,11,,90.0,92.0,61.0,93.0,91.0,81.0,96.0,92.0,94.0,,,,,,,,,,,,,,,,,,,,,,,,,,,,,,,,,3.0,0.0,0.0,0.0,0.0,0.0,0.0,28.0,6.0,90.0,28.0,52.2,5.0,4.0,23.9,359.0,0.0,,,,,,5.0,90.0,359.0,4.0,,,,,,,,,,,,,,,,,,0.0,1.0,0.0,0.0,3.0,0.0,0.0,0.0,0.0,0.0,0.0,0.0,0.0,0.0,0.0,0.0,0.0,0%,97%,0%,0.0,1023.0,0.0
Cam Newton,NewtCa00,2017,28,CAR,QB,16,16,11-5-0,291,492,59.1,3302,22,4.5,16,3.3,167,43.8,64.0,6.7,6.14,11.3,206.4,80.7,52.7,35,242,6.64,5.81,5.28,1,3,15,,88.0,88.0,85.0,85.0,90.0,88.0,98.0,101.0,90.0,,,,,,,,,,,,,,,,,,,,,,,,,,,,,,,,,9.0,0.0,0.0,0.0,0.0,0.0,0.0,46.0,8.7,139.0,69.0,49.6,6.0,5.4,47.1,754.0,0.0,,,,,,6.0,139.0,754.0,5.4,,,,,,,,,,,,,,,,,,0.0,3.0,0.0,-17.0,9.0,0.0,0.0,0.0,0.0,0.0,0.0,0.0,0.0,0.0,0.0,0.0,0.0,0%,99%,0%,0.0,1051.0,0.0
Cam Newton,NewtCa00,2018,29,CAR,QB,14,14,6-8-0,320,471,67.9,3395,24,5.1,13,2.8,180,49.8,82.0,7.2,6.99,10.6,242.5,94.2,53.2,29,213,5.8,6.36,6.15,2,2,14,,100.0,99.0,117.0,93.0,101.0,105.0,106.0,107.0,100.0,1652.0,3.5,5.2,0.0,135.0,5.3,24.0,22.0,49.0,,,,,13.7,62.0,100.0,19.0,,,,,,,3.0,3384.0,7.2,16.0,1743.0,5.4,2.3,27.0,7.4,6.0,0.0,0.0,0.0,0.0,0.0,0.0,36.0,7.2,101.0,29.0,48.5,4.0,4.8,34.9,488.0,0.0,,,,,,4.0,101.0,488.0,4.8,0.0,0.0,0.0,0.0,0.0,7.0,14.4,218.0,2.2,270.0,2.7,,,,,,,0.0,1.0,0.0,0.0,6.0,0.0,0.0,0.0,0.0,0.0,0.0,0.0,0.0,0.0,0.0,0.0,0.0,0%,99%,0%,0.0,885.0,0.0
Cam Newton,NewtCa00,2019,30,CAR,QB,2,2,0-2-0,50,89,56.2,572,0,0.0,1,1.1,29,43.2,44.0,6.4,5.92,11.4,286.0,71.0,22.5,6,43,6.32,5.57,5.09,0,0,1,,85.0,83.0,66.0,120.0,85.0,72.0,101.0,53.0,83.0,368.0,4.1,7.4,2.0,43.0,3.5,3.0,5.0,12.0,54.0,62.8,22.0,195.0,30.2,26.0,23.0,24.0,15.0,12.0,116.0,2.0,0.0,116.0,1.0,793.0,8.9,2.0,204.0,4.1,2.2,1.0,3.0,2.0,0.0,0.0,0.0,0.0,0.0,0.0,0.0,2.5,5.0,3.0,0.0,0.0,-0.4,-1.0,-2.0,0.0,,,,,,0.0,5.0,-2.0,-0.4,0.0,0.0,0.0,0.0,0.0,0.0,,0.0,0.0,-2.0,-0.4,,,,,,,0.0,0.0,0.0,0.0,2.0,0.0,0.0,0.0,0.0,0.0,0.0,0.0,0.0,0.0,0.0,0.0,0.0,0%,100%,0%,0.0,141.0,0.0
Cam Newton,NewtCa00,2020,31,NWE,QB,15,15,7-8-0,242,368,65.8,2657,8,2.2,10,2.7,133,45.9,50.0,7.2,6.43,11.0,177.1,82.9,39.4,31,195,7.77,6.17,5.44,1,3,12,,90.0,91.0,105.0,91.0,97.0,88.0,88.0,76.0,101.0,1393.0,3.8,5.8,9.0,178.0,4.2,15.0,30.0,48.0,265.0,74.6,99.0,863.0,19.7,70.0,109.0,26.0,36.0,13.0,61.0,23.0,84.0,145.0,2.0,2496.0,6.8,11.0,1264.0,5.2,2.6,20.0,9.3,6.0,2.0,0.1,2.0,1.0,2.3,35.0,55.0,9.1,137.0,49.0,54.0,12.0,4.3,39.5,592.0,2.0,100.0,19.0,100.0,17.5,17.5,13.0,139.0,627.0,4.5,17.0,0.0,0.0,0.0,18.0,4.0,34.3,181.0,1.3,411.0,3.0,8.5,8.5,,0.0,158.3,9.0,0.0,3.0,0.0,-29.0,6.0,0.0,0.0,0.0,0.0,0.0,0.0,0.0,0.0,0.0,0.0,0.0,0.0,0%,94%,0%,0.0,876.0,0.0
Cam Newton,NewtCa00,2021,32,CAR,QB,8,5,0-5-0,69,126,54.8,684,4,3.2,5,4.0,32,39.0,64.0,5.4,4.28,9.9,85.5,64.4,30.4,10,83,7.35,4.42,3.35,0,0,3,,64.0,63.0,57.0,66.0,64.0,63.0,92.0,87.0,65.0,375.0,3.0,5.4,6.0,59.0,4.8,6.0,10.0,15.0,81.0,65.3,19.0,113.0,22.6,28.0,35.0,24.5,32.0,19.0,119.0,12.0,83.0,202.0,0.0,882.0,7.0,2.0,309.0,4.5,2.2,7.0,8.3,4.0,0.0,0.0,0.0,0.0,0.0,0.0,20.0,5.9,47.0,33.0,55.3,5.0,4.9,28.8,230.0,0.0,,,,,,5.0,47.0,230.0,4.9,0.0,0.0,0.0,0.0,0.0,5.0,9.4,83.0,1.8,147.0,3.1,,,,,,,0.0,1.0,0.0,3.0,4.0,0.0,0.0,0.0,0.0,0.0,0.0,0.0,0.0,0.0,0.0,0.0,0.0,0%,48%,0%,0.0,252.0,0.0
Cam Ward,WardCa00,2025,23,TEN,QB,17,17,3-14-0,323,540,59.8,3169,15,2.8,7,1.3,153,38.2,47.0,5.9,5.84,9.8,186.4,80.2,33.2,55,410,9.24,4.64,4.61,1,1,7,,79.0,82.0,81.0,115.0,69.0,82.0,83.0,78.0,74.0,1622.0,3.0,5.0,14.0,138.0,4.6,23.0,50.0,67.0,363.0,72.6,87.0,519.0,19.0,95.0,172.0,27.8,60.0,53.0,297.0,3.0,11.0,308.0,3.0,3896.0,7.2,37.0,1547.0,4.8,2.4,23.0,6.6,11.0,0.0,0.0,0.0,0.0,0.0,0.0,15.0,2.3,39.0,20.0,53.8,2.0,4.1,9.4,159.0,0.0,,,,,,2.0,39.0,159.0,4.1,0.0,0.0,0.0,0.0,0.0,3.0,13.0,62.0,1.6,97.0,2.5,,,,,,,0.0,1.0,0.0,-2.0,11.0,0.0,0.0,0.0,0.0,0.0,0.0,0.0,0.0,0.0,0.0,0.0,0.0,0%,95%,0%,0.0,1007.0,0.0
Carson Palmer,PalmCa00,2004,25,CIN,QB,13,13,6-7-0,263,432,60.9,2897,18,4.2,18,4.2,140,43.1,76.0,6.7,5.66,11.0,222.8,77.3,,25,178,5.47,5.95,4.96,2,3,8,,95.0,93.0,105.0,83.0,100.0,96.0,108.0,101.0,98.0,,,,,,,,,,,,,,,,,,,,,,,,,,,,,,,,,2.0,0.0,0.0,0.0,0.0,0.0,0.0,5.0,1.4,18.0,14.0,38.9,1.0,2.6,3.6,47.0,0.0,,,,,,1.0,18.0,47.0,2.6,,,,,,,,,,,,,,,,,,0.0,0.0,0.0,0.0,2.0,0.0,0.0,0.0,0.0,0.0,,0.0,0.0,0.0,1.0,0.0,1.0,,,,,,
Carson Palmer,PalmCa00,2005,26,CIN,QB,16,16,11-5-0,345,509,67.8,3836,32,6.3,12,2.4,198,50.9,70.0,7.5,7.73,11.1,239.8,101.1,,19,105,3.6,7.07,7.26,1,3,16,"PB,AP MVP-5,AP OPoY-4",121.0,117.0,127.0,113.0,117.0,125.0,120.0,126.0,111.0,,,,,,,,,,,,,,,,,,,,,,,,,,,,,,,,,5.0,0.0,0.0,0.0,0.0,0.0,0.0,6.0,2.1,34.0,14.0,29.4,1.0,1.2,2.6,41.0,0.0,,,,,,1.0,34.0,41.0,1.2,,,,,,,,,,,,,,,,,,0.0,1.0,0.0,-2.0,5.0,0.0,0.0,0.0,0.0,0.0,,0.0,0.0,0.0,0.0,0.0,0.0,,,,,,
Carson Palmer,PalmCa00,2006,27,CIN,QB,16,16,8-8-0,324,520,62.3,4035,28,5.4,13,2.5,200,48.2,74.0,7.8,7.71,12.5,252.2,93.9,67.1,36,233,6.47,6.84,6.79,2,3,14,"PB,AP CPoY-3",117.0,119.0,107.0,110.0,115.0,117.0,100.0,116.0,118.0,,,,,,,,,,,,,,,,,,,,,,,,,,,,,,,,,15.0,0.0,0.0,0.0,0.0,0.0,0.0,6.0,1.6,26.0,11.0,34.6,0.0,1.4,2.3,37.0,0.0,,,,,,0.0,26.0,37.0,1.4,,,,,,,,,,,,,,,,,,0.0,2.0,0.0,-9.0,15.0,0.0,0.0,0.0,0.0,0.0,0.0,0.0,0.0,0.0,0.0,0.0,0.0,,,,,,
Carson Palmer,PalmCa00,2007,28,CIN,QB,16,16,7-9-0,373,575,64.9,4131,26,4.5,20,3.5,213,51.0,70.0,7.2,6.52,11.1,258.2,86.7,62.5,17,119,2.87,6.78,6.14,2,2,14,,108.0,103.0,115.0,93.0,113.0,106.0,121.0,106.0,106.0,,,,,,,,,,,,,,,,,,,,,,,,,,,,,,,,,5.0,0.0,0.0,0.0,0.0,0.0,0.0,3.0,1.5,24.0,10.0,16.7,0.0,0.4,0.6,10.0,0.0,,,,,,0.0,24.0,10.0,0.4,,,,,,,,,,,,,,,,,,0.0,2.0,0.0,-1.0,5.0,0.0,0.0,0.0,0.0,0.0,0.0,0.0,0.0,0.0,0.0,0.0,0.0,,,,,,
Carson Palmer,PalmCa00,2008,29,CIN,QB,4,4,0-4-0,75,129,58.1,731,3,2.3,4,3.1,41,40.0,36.0,5.7,4.74,9.7,182.8,69.0,65.0,11,67,7.86,4.74,3.89,0,0,2,,80.0,80.0,90.0,98.0,76.0,83.0,87.0,81.0,76.0,,,,,,,,,,,,,,,,,,,,,,,,,,,,,,,,,2.0,0.0,0.0,0.0,0.0,0.0,0.0,2.0,1.5,6.0,15.0,66.7,0.0,6.3,9.5,38.0,0.0,,,,,,0.0,6.0,38.0,6.3,,,,,,,,,,,,,,,,,,0.0,1.0,0.0,0.0,2.0,0.0,0.0,0.0,0.0,0.0,0.0,0.0,0.0,0.0,0.0,0.0,0.0,,,,,,
Carson Palmer,PalmCa00,2009,30,CIN,QB,16,16,10-6-0,282,466,60.5,3094,21,4.5,13,2.8,159,46.3,73.0,6.6,6.29,11.0,193.4,83.6,58.6,26,213,5.28,5.86,5.52,3,5,10,,98.0,98.0,99.0,102.0,94.0,100.0,106.0,105.0,94.0,,,,,,,,,,,,,,,,,,,,,,,,,,,,,,,,,6.0,0.0,0.0,0.0,0.0,0.0,0.0,13.0,2.4,39.0,15.0,41.0,3.0,2.4,5.8,93.0,0.0,,,,,,3.0,39.0,93.0,2.4,,,,,,,,,,,,,,,,,,0.0,2.0,0.0,-12.0,6.0,0.0,0.0,0.0,0.0,0.0,0.0,0.0,0.0,0.0,0.0,0.0,0.0,,,,,,
Carson Palmer,PalmCa00,2010,31,CIN,QB,16,16,4-12-0,362,586,61.8,3970,26,4.4,20,3.4,206,48.4,78.0,6.8,6.13,11.0,248.1,82.4,55.1,26,201,4.25,6.16,5.54,1,1,11,,97.0,95.0,104.0,94.0,99.0,98.0,115.0,102.0,95.0,,,,,,,,,,,,,,,,,,,,,,,,,,,,,,,,,7.0,0.0,0.0,0.0,0.0,0.0,0.0,6.0,2.0,32.0,9.0,31.3,0.0,1.6,3.1,50.0,0.0,,,,,,0.0,32.0,50.0,1.6,,,,,,,,,,,,,,,,,,0.0,3.0,0.0,-5.0,7.0,0.0,0.0,0.0,0.0,0.0,0.0,0.0,0.0,0.0,0.0,0.0,0.0,,,,,,
Carson Palmer,PalmCa00,2011,32,OAK,QB,10,9,4-5-0,199,328,60.7,2753,13,4.0,16,4.9,123,47.2,78.0,8.4,6.99,13.8,275.3,80.5,53.5,17,119,4.93,7.63,6.3,0,1,8,,106.0,104.0,100.0,66.0,127.0,95.0,110.0,96.0,126.0,,,,,,,,,,,,,,,,,,,,,,,,,,,,,,,,,2.0,0.0,0.0,0.0,0.0,0.0,0.0,5.0,1.6,16.0,10.0,31.3,1.0,1.3,2.0,20.0,0.0,,,,,,1.0,16.0,20.0,1.3,,,,,,,,,,,,,,,,,,0.0,1.0,0.0,-1.0,2.0,0.0,0.0,0.0,0.0,0.0,0.0,0.0,0.0,0.0,0.0,0.0,0.0,,,,,,
Carson Palmer,PalmCa00,2012,33,OAK,QB,15,15,4-11-0,345,565,61.1,4018,22,3.9,14,2.5,188,44.0,64.0,7.1,6.78,11.6,267.9,85.3,46.6,26,199,4.4,6.46,6.14,2,2,10,,103.0,100.0,101.0,105.0,104.0,100.0,117.0,95.0,100.0,,,,,,,,,,,,,,,,,,,,,,,,,,,,,,,,,7.0,0.0,0.0,0.0,0.0,0.0,0.0,7.0,1.2,18.0,9.0,50.0,1.0,2.0,2.4,36.0,0.0,,,,,,1.0,18.0,36.0,2.0,,,,,,,,,,,,,,,,,,0.0,2.0,0.0,-3.0,7.0,0.0,0.0,0.0,0.0,0.0,0.0,0.0,0.0,0.0,0.0,0.0,0.0,0%,94%,0%,0.0,953.0,0.0
Carson Palmer,PalmCa00,2013,34,ARI,QB,16,16,10-6-0,362,572,63.3,4274,24,4.2,22,3.8,205,46.5,91.0,7.5,6.58,11.8,267.1,83.9,54.0,41,289,6.69,6.5,5.67,3,4,11,,96.0,97.0,106.0,79.0,105.0,96.0,98.0,98.0,108.0,,,,,,,,,,,,,,,,,,,,,,,,,,,,,,,,,6.0,0.0,0.0,0.0,0.0,0.0,0.0,1.0,1.7,27.0,10.0,3.7,0.0,0.1,0.2,3.0,0.0,,,,,,0.0,27.0,3.0,0.1,,,,,,,,,,,,,,,,,,0.0,1.0,0.0,0.0,6.0,0.0,0.0,0.0,0.0,0.0,0.0,0.0,0.0,0.0,0.0,0.0,0.0,0%,100%,0%,0.0,1081.0,0.0
Carson Palmer,PalmCa00,2014,35,ARI,QB,6,6,6-0-0,141,224,62.9,1626,11,4.9,3,1.3,82,43.8,80.0,7.3,7.64,11.5,271.0,95.6,56.8,9,59,3.86,6.73,7.09,2,2,4,,114.0,110.0,103.0,121.0,109.0,110.0,119.0,105.0,102.0,,,,,,,,,,,,,,,,,,,,,,,,,,,,,,,,,3.0,0.0,0.0,0.0,0.0,0.0,0.0,1.0,1.3,8.0,12.0,25.0,0.0,3.1,4.2,25.0,1.0,0.0,,0.0,,0.0,0.0,8.0,25.0,3.1,,,,,,,,,,,,,,,,,,0.0,2.0,0.0,0.0,3.0,0.0,0.0,0.0,0.0,0.0,0.0,0.0,0.0,0.0,0.0,0.0,0.0,0%,98%,0%,0.0,409.0,0.0
Carson Palmer,PalmCa00,2015,36,ARI,QB,16,16,13-3-0,342,537,63.7,4671,35,6.5,11,2.0,231,52.7,68.0,8.7,9.08,13.7,291.9,104.6,76.4,25,151,4.45,8.04,8.41,1,4,16,"PB,AP-2,AP MVP-2,AP OPoY-4,AP CPoY-2",133.0,131.0,103.0,106.0,138.0,122.0,113.0,125.0,136.0,,,,,,,,,,,,,,,,,,,,,,,,,,,,,,,,,6.0,0.0,0.0,0.0,0.0,0.0,0.0,5.0,1.6,25.0,12.0,16.0,1.0,1.0,1.5,24.0,0.0,,,,,,1.0,25.0,24.0,1.0,,,,,,,,,,,,,,,,,,0.0,1.0,0.0,-7.0,6.0,0.0,0.0,0.0,0.0,0.0,0.0,0.0,0.0,0.0,0.0,0.0,0.0,,,,,,
Carson Palmer,PalmCa00,2016,37,ARI,QB,15,15,6-8-1,364,597,61.0,4233,26,4.4,14,2.3,220,46.9,80.0,7.1,6.91,11.6,282.2,87.2,52.9,40,281,6.28,6.2,6.03,1,3,12,,98.0,99.0,93.0,100.0,98.0,98.0,98.0,100.0,99.0,,,,,,,,,,,,,,,,,,,,,,,,,,,,,,,,,14.0,0.0,0.0,0.0,0.0,0.0,0.0,3.0,0.9,14.0,16.0,42.9,0.0,2.7,2.5,38.0,0.0,,,,,,0.0,14.0,38.0,2.7,,,,,,,,,,,,,,,,,,0.0,6.0,0.0,-21.0,14.0,0.0,0.0,0.0,0.0,0.0,0.0,0.0,0.0,0.0,0.0,0.0,0.0,0%,97%,0%,0.0,1045.0,0.0
Carson Palmer,PalmCa00,2017,38,ARI,QB,7,7,3-4-0,164,267,61.4,1978,9,3.4,7,2.6,95,43.9,46.0,7.4,6.9,12.1,282.6,84.4,50.1,22,150,7.61,6.33,5.86,2,2,5,,96.0,99.0,93.0,95.0,100.0,93.0,90.0,88.0,105.0,,,,,,,,,,,,,,,,,,,,,,,,,,,,,,,,,2.0,0.0,0.0,0.0,0.0,0.0,0.0,5.0,2.0,14.0,4.0,35.7,0.0,0.9,1.7,12.0,0.0,,,,,,0.0,14.0,12.0,0.9,,,,,,,,,,,,,,,,,,0.0,2.0,0.0,-2.0,2.0,0.0,0.0,0.0,0.0,0.0,0.0,0.0,0.0,0.0,0.0,0.0,0.0,0%,95%,0%,0.0,459.0,0.0
Dak Prescott,PresDa01,2016,23,DAL,QB,16,16,13-3-0,311,459,67.8,3667,23,5.0,4,0.9,185,52.3,83.0,8.0,8.6,11.8,229.2,104.9,77.6,25,143,5.17,7.28,7.86,5,5,15,"PB,AP MVP-6,AP ORoY-1",125.0,123.0,120.0,127.0,121.0,123.0,108.0,108.0,119.0,,,,,,,,,,,,,,,,,,,,,,,,,,,,,,,,,9.0,0.0,0.0,0.0,0.0,0.0,0.0,21.0,3.6,57.0,18.0,54.4,6.0,4.9,17.6,282.0,0.0,,,,,,6.0,57.0,282.0,4.9,,,,,,,,,,,,,,,,,,0.0,3.0,0.0,-3.0,9.0,0.0,0.0,0.0,0.0,0.0,0.0,0.0,0.0,0.0,0.0,0.0,0.0,,,,,,
Dak Prescott,PresDa01,2017,24,DAL,QB,16,16,9-7-0,308,490,62.9,3324,22,4.5,13,2.7,162,43.3,81.0,6.8,6.49,10.8,207.8,86.6,70.0,32,185,6.13,6.01,5.74,0,4,13,,94.0,93.0,98.0,95.0,94.0,96.0,101.0,101.0,92.0,,,,,,,,,,,,,,,,,,,,,,,,,,,,,,,,,4.0,0.0,0.0,0.0,0.0,0.0,0.0,29.0,3.6,57.0,21.0,63.2,6.0,6.3,22.3,357.0,0.0,,,,,,6.0,57.0,357.0,6.3,,,,,,,,,,,,,,,,,,0.0,1.0,0.0,0.0,4.0,0.0,0.0,0.0,0.0,0.0,0.0,0.0,0.0,0.0,0.0,0.0,0.0,0%,99%,0%,0.0,1050.0,0.0
Dak Prescott,PresDa01,2018,25,DAL,QB,16,16,10-6-0,356,526,67.7,3885,22,4.2,8,1.5,184,45.2,90.0,7.4,7.54,10.9,242.8,96.9,55.2,56,347,9.62,6.08,6.22,3,5,14,PB,101.0,107.0,116.0,114.0,96.0,109.0,77.0,97.0,104.0,1993.0,3.8,5.6,0.0,168.0,4.3,22.0,49.0,73.0,,,,,17.3,89.0,178.0,29.1,,,,,,,0.0,3967.0,7.5,13.0,1892.0,5.3,2.4,29.0,6.7,12.0,0.0,0.0,0.0,0.0,0.0,0.0,25.0,4.7,75.0,28.0,46.7,6.0,4.1,19.1,305.0,1.0,0.0,,0.0,,0.0,6.0,75.0,305.0,4.1,0.0,0.0,0.0,0.0,0.0,2.0,37.5,119.0,1.6,186.0,2.5,11.0,,,0.0,39.6,,0.0,7.0,0.0,0.0,12.0,0.0,0.0,0.0,0.0,0.0,0.0,0.0,0.0,0.0,0.0,0.0,0.0,,,,,,
Dak Prescott,PresDa01,2019,26,DAL,QB,16,16,8-8-0,388,596,65.1,4902,30,5.0,11,1.8,229,52.3,62.0,8.2,8.4,12.6,306.4,99.7,71.9,23,151,3.72,7.68,7.84,0,0,15,,120.0,116.0,102.0,108.0,124.0,110.0,120.0,104.0,119.0,2984.0,5.0,7.7,9.0,155.0,6.2,36.0,57.0,40.0,451.0,77.6,129.0,1239.0,14.8,86.0,120.0,18.8,54.0,45.0,383.0,9.0,70.0,453.0,1.0,5539.0,9.3,14.0,1918.0,4.9,2.6,20.0,7.3,6.0,0.0,0.0,0.0,0.0,0.0,0.0,19.0,3.3,52.0,42.0,46.2,3.0,5.3,17.3,277.0,0.0,,,,,,3.0,52.0,277.0,5.3,0.0,0.0,0.0,0.0,0.0,7.0,7.4,99.0,1.9,178.0,3.4,,,,,,,0.0,2.0,0.0,-5.0,6.0,0.0,0.0,0.0,0.0,0.0,0.0,0.0,0.0,0.0,0.0,0.0,0.0,0%,100%,0%,0.0,1116.0,0.0
Dak Prescott,PresDa01,2020,27,DAL,QB,5,5,2-3-0,151,222,68.0,1856,9,4.1,4,1.8,93,56.0,58.0,8.4,8.36,12.3,371.2,99.6,73.1,10,66,4.31,7.72,7.72,1,1,6,,120.0,117.0,115.0,109.0,127.0,111.0,116.0,95.0,124.0,1046.0,4.7,6.9,1.0,66.0,6.0,13.0,19.0,23.0,168.0,77.1,58.0,582.0,15.1,33.0,52.0,21.7,34.0,32.0,261.0,1.0,2.0,263.0,1.0,1762.0,7.9,3.0,810.0,5.4,2.5,8.0,8.0,3.0,1.0,0.2,1.0,1.0,2.2,11.0,8.0,3.6,18.0,12.0,55.6,3.0,5.2,18.6,93.0,1.0,100.0,11.0,100.0,11.0,11.0,4.0,19.0,104.0,5.5,10.0,0.0,0.0,0.0,1.0,2.0,9.0,28.0,1.6,65.0,3.6,10.0,10.0,,0.0,152.1,1.0,0.0,0.0,0.0,0.0,3.0,0.0,0.0,0.0,0.0,0.0,0.0,0.0,0.0,0.0,0.0,0.0,0.0,0%,94%,0%,0.0,360.0,0.0
Dak Prescott,PresDa01,2021,28,DAL,QB,16,16,11-5-0,410,596,68.8,4449,37,6.2,10,1.7,238,51.4,51.0,7.5,7.95,10.9,278.1,104.2,60.5,30,144,4.79,6.88,7.34,1,2,14,AP CPoY-2,115.0,112.0,116.0,111.0,111.0,117.0,110.0,117.0,107.0,2425.0,4.1,5.9,10.0,187.0,4.8,28.0,48.0,46.0,452.0,77.3,118.0,953.0,14.7,86.0,124.0,19.2,43.0,38.0,198.0,4.0,12.0,210.0,0.0,4591.0,7.7,11.0,2024.0,4.9,2.4,20.0,6.4,14.0,0.0,0.0,0.0,0.0,0.0,0.0,9.0,3.0,48.0,21.0,27.1,1.0,3.0,9.1,146.0,0.0,,,,,,1.0,48.0,146.0,3.0,0.0,0.0,0.0,0.0,0.0,0.0,,25.0,0.5,121.0,2.5,,,,,,,0.0,7.0,0.0,17.0,14.0,0.0,0.0,0.0,0.0,0.0,0.0,0.0,0.0,0.0,0.0,0.0,0.0,0%,96%,0%,0.0,1113.0,0.0
Dak Prescott,PresDa01,2022,29,DAL,QB,12,12,8-4-0,261,394,66.2,2860,23,5.8,15,3.8,158,51.7,68.0,7.3,6.71,11.0,238.3,91.1,59.9,20,126,4.83,6.6,6.08,2,2,11,,101.0,97.0,108.0,67.0,109.0,102.0,111.0,118.0,105.0,1656.0,4.2,6.3,4.0,102.0,6.2,24.0,37.0,29.0,296.0,76.3,94.0,663.0,17.3,67.0,86.0,20.0,46.0,40.0,288.0,5.0,36.0,324.0,0.0,3239.0,8.2,6.0,1204.0,4.6,2.5,15.0,5.0,4.0,0.0,0.0,0.0,0.0,0.0,0.0,21.0,3.8,45.0,25.0,51.1,1.0,4.0,15.2,182.0,0.0,,,,,,1.0,45.0,182.0,4.0,0.0,0.0,0.0,0.0,0.0,1.0,45.0,50.0,1.1,132.0,2.9,,,,,,,0.0,1.0,0.0,3.0,4.0,0.0,0.0,0.0,0.0,0.0,0.0,0.0,0.0,0.0,0.0,0.0,0.0,0%,96%,0%,0.0,821.0,0.0
Dak Prescott,PresDa01,2023,30,DAL,QB,17,17,12-5-0,410,590,69.5,4516,36,6.1,9,1.5,247,51.5,92.0,7.7,8.19,11.0,265.6,105.9,73.4,39,255,6.2,6.77,7.28,2,3,19,"PB,AP-2,AP MVP-2,AP OPoY-5",121.0,122.0,125.0,118.0,113.0,129.0,105.0,126.0,114.0,2553.0,4.3,6.2,10.0,163.0,6.6,38.0,47.0,26.0,479.0,82.6,100.0,613.0,11.7,68.0,112.0,17.0,89.0,80.0,671.0,5.0,25.0,696.0,0.0,4586.0,7.8,10.0,1963.0,4.8,2.4,28.0,6.9,4.0,0.0,0.0,0.0,0.0,0.0,0.0,25.0,3.2,55.0,22.0,52.7,2.0,4.4,14.2,242.0,0.0,,,,,,2.0,55.0,242.0,4.4,0.0,0.0,0.0,0.0,0.0,1.0,55.0,71.0,1.3,171.0,3.1,,,,,,,0.0,1.0,0.0,0.0,4.0,0.0,0.0,0.0,0.0,0.0,0.0,0.0,0.0,0.0,0.0,0.0,0.0,,,,,,
Dak Prescott,PresDa01,2024,31,DAL,QB,8,8,3-5-0,185,286,64.7,1978,11,3.8,8,2.8,87,45.3,65.0,6.9,6.43,10.7,247.3,86.0,41.9,21,112,6.84,6.08,5.62,1,1,5,,95.0,93.0,99.0,90.0,99.0,93.0,101.0,95.0,97.0,1039.0,3.6,5.6,6.0,62.0,2.2,6.0,28.0,31.0,199.0,71.3,4.0,23.0,17.9,50.0,80.0,25.6,4.0,3.0,26.0,0.0,0.0,26.0,2.0,2255.0,7.9,5.0,939.0,5.1,2.3,6.0,7.5,4.0,0.0,0.0,0.0,0.0,0.0,0.0,5.0,1.6,13.0,22.0,61.5,1.0,4.2,6.8,54.0,0.0,,,,,,1.0,13.0,54.0,4.2,0.0,0.0,0.0,0.0,0.0,0.0,,6.0,0.5,48.0,3.7,,,,,,,0.0,2.0,0.0,0.0,4.0,0.0,0.0,0.0,0.0,0.0,0.0,0.0,0.0,0.0,0.0,0.0,0.0,0%,91%,0%,0.0,501.0,0.0
Dak Prescott,PresDa01,2025,32,DAL,QB,17,17,7-9-1,404,600,67.3,4552,30,5.0,10,1.7,220,48.2,86.0,7.6,7.84,11.3,267.8,99.5,70.2,31,208,4.91,6.88,7.12,4,3,15,"PB,AP CPoY-3",115.0,112.0,110.0,109.0,115.0,112.0,114.0,105.0,111.0,2529.0,4.2,6.3,18.0,163.0,4.3,25.0,56.0,55.0,436.0,74.8,122.0,1014.0,12.5,73.0,142.0,21.6,56.0,55.0,507.0,0.0,0.0,507.0,3.0,4774.0,8.0,14.0,2023.0,5.0,2.4,26.0,6.8,6.0,0.0,0.0,0.0,0.0,0.0,0.0,15.0,3.1,53.0,14.0,43.4,2.0,3.3,10.4,177.0,0.0,,,,,,2.0,53.0,177.0,3.3,0.0,0.0,0.0,0.0,0.0,3.0,17.7,37.0,0.7,140.0,2.6,,,,,,,0.0,3.0,0.0,-6.0,6.0,0.0,0.0,0.0,0.0,0.0,0.0,0.0,0.0,0.0,0.0,0.0,0.0,,,,,,
Dan Marino,MariDa00,1983,22,MIA,QB,11,9,7-2-0,173,296,58.4,2210,20,6.8,6,2.0,105,47.1,85.0,7.5,7.91,12.8,200.9,96.0,,10,80,3.27,6.96,7.39,1,2,10,"PB,AP-2,AP MVP-3,AP OPoY-3,AP ORoY-2",131.0,123.0,106.0,129.0,120.0,125.0,129.0,127.0,107.0,,,,,,,,,,,,,,,,,,,,,,,,,,,,,,,,,5.0,0.0,0.0,0.0,0.0,0.0,0.0,5.0,2.5,28.0,15.0,21.4,2.0,1.6,4.1,45.0,0.0,,,,,,2.0,28.0,45.0,1.6,,,,,,,,,,,,,,,,,,0.0,2.0,0.0,0.0,5.0,0.0,0.0,0.0,0.0,,,0.0,0.0,0.0,0.0,,0.0,,,,,,
Dan Marino,MariDa00,1984,23,MIA,QB,16,16,14-2-0,362,564,64.2,5084,48,8.5,17,3.0,239,54.9,80.0,9.0,9.36,14.0,317.8,108.9,,13,120,2.25,8.6,8.94,2,3,21,"PB,AP-1,AP MVP-1,AP OPoY-1",150.0,141.0,127.0,115.0,153.0,141.0,135.0,148.0,140.0,,,,,,,,,,,,,,,,,,,,,,,,,,,,,,,,,6.0,0.0,0.0,0.0,0.0,0.0,0.0,2.0,1.8,28.0,10.0,10.7,0.0,-0.3,-0.4,-7.0,0.0,,,,,,0.0,28.0,-7.0,-0.3,,,,,,,,,,,,,,,,,,0.0,2.0,0.0,-3.0,6.0,0.0,0.0,0.0,0.0,,,0.0,0.0,0.0,0.0,,0.0,,,,,,
Dan Marino,MariDa00,1985,24,MIA,QB,16,16,12-4-0,336,567,59.3,4137,30,5.3,21,3.7,214,50.9,73.0,7.3,6.69,12.3,258.6,84.1,,18,157,3.08,6.8,6.21,3,5,15,"PB,AP-1",117.0,109.0,113.0,105.0,118.0,113.0,131.0,113.0,105.0,,,,,,,,,,,,,,,,,,,,,,,,,,,,,,,,,9.0,0.0,0.0,0.0,0.0,0.0,0.0,0.0,1.6,26.0,6.0,3.8,0.0,-0.9,-1.5,-24.0,0.0,,,,,,0.0,26.0,-24.0,-0.9,,,,,,,,,,,,,,,,,,0.0,2.0,0.0,-4.0,9.0,0.0,0.0,0.0,0.0,,,0.0,0.0,0.0,0.0,,0.0,,,,,,
Dan Marino,MariDa00,1986,25,MIA,QB,16,16,8-8-0,378,623,60.7,4746,44,7.1,23,3.7,245,50.6,85.0,7.6,7.37,12.6,296.6,92.5,,17,119,2.66,7.23,6.99,1,2,19,"PB,AP-1,AP MVP-3,AP OPoY-2",128.0,118.0,121.0,105.0,129.0,124.0,130.0,132.0,114.0,,,,,,,,,,,,,,,,,,,,,,,,,,,,,,,,,8.0,0.0,0.0,0.0,0.0,0.0,0.0,1.0,0.8,12.0,13.0,16.7,0.0,-0.3,-0.2,-3.0,0.0,,,,,,0.0,12.0,-3.0,-0.3,,,,,,,,,,,,,,,,,,0.0,4.0,0.0,-12.0,8.0,0.0,0.0,0.0,0.0,,,0.0,0.0,0.0,0.0,,0.0,,,,,,
Dan Marino,MariDa00,1987,26,MIA,QB,12,12,7-5-0,263,444,59.2,3245,26,5.9,13,2.9,158,50.1,59.0,7.3,7.16,12.3,270.4,89.2,,9,77,1.99,6.99,6.85,2,2,12,PB,125.0,115.0,114.0,114.0,122.0,119.0,133.0,118.0,107.0,,,,,,,,,,,,,,,,,,,,,,,,,,,,,,,,,5.0,0.0,0.0,0.0,0.0,0.0,0.0,1.0,1.0,12.0,5.0,8.3,1.0,-0.4,-0.4,-5.0,0.0,,,,,,1.0,12.0,-5.0,-0.4,,,,,,,,,,,,,,,,,,0.0,4.0,0.0,-25.0,5.0,0.0,0.0,0.0,0.0,,,0.0,0.0,0.0,0.0,,0.0,,,,,,
Dan Marino,MariDa00,1988,27,MIA,QB,16,16,6-10-0,354,606,58.4,4434,28,4.6,23,3.8,212,50.0,80.0,7.3,6.53,12.5,277.1,80.8,,6,31,0.98,7.19,6.42,1,2,14,AP OPoY-4,118.0,106.0,111.0,101.0,125.0,108.0,139.0,105.0,107.0,,,,,,,,,,,,,,,,,,,,,,,,,,,,,,,,,10.0,0.0,0.0,0.0,0.0,0.0,0.0,1.0,1.3,20.0,6.0,5.0,0.0,-0.9,-1.1,-17.0,0.0,,,,,,0.0,20.0,-17.0,-0.9,,,,,,,,,,,,,,,,,,0.0,8.0,0.0,-31.0,10.0,0.0,0.0,0.0,0.0,,,0.0,0.0,0.0,0.0,,0.0,,,,,,
Dan Marino,MariDa00,1989,28,MIA,QB,16,16,8-8-0,308,550,56.0,3997,24,4.4,22,4.0,186,47.5,78.0,7.3,6.34,13.0,249.8,76.9,,10,86,1.79,6.98,6.07,2,4,12,,112.0,103.0,102.0,97.0,119.0,102.0,135.0,104.0,105.0,,,,,,,,,,,,,,,,,,,,,,,,,,,,,,,,,7.0,0.0,0.0,0.0,0.0,0.0,0.0,3.0,0.9,14.0,2.0,21.4,2.0,-0.5,-0.4,-7.0,0.0,,,,,,2.0,14.0,-7.0,-0.5,,,,,,,,,,,,,,,,,,0.0,0.0,0.0,-4.0,7.0,0.0,0.0,0.0,0.0,,,0.0,0.0,0.0,0.0,,0.0,,,,,,
Dan Marino,MariDa00,1990,29,MIA,QB,16,16,12-4-0,306,531,57.6,3563,21,4.0,11,2.1,187,46.2,69.0,6.7,6.57,11.6,222.7,82.6,,15,90,2.75,6.36,6.22,3,3,12,,113.0,106.0,105.0,122.0,107.0,109.0,127.0,100.0,93.0,,,,,,,,,,,,,,,,,,,,,,,,,,,,,,,,,3.0,0.0,0.0,0.0,0.0,0.0,0.0,4.0,1.0,16.0,15.0,25.0,0.0,1.8,1.8,29.0,0.0,,,,,,0.0,16.0,29.0,1.8,,,,,,,,,,,,,,,,,,0.0,2.0,0.0,0.0,3.0,0.0,0.0,0.0,0.0,,,0.0,0.0,0.0,0.0,,0.0,,,,,,
Dan Marino,MariDa00,1991,30,MIA,QB,16,16,8-8-0,318,549,57.9,3970,25,4.6,13,2.4,199,49.1,54.0,7.2,7.08,12.5,248.1,85.8,,27,182,4.69,6.58,6.43,1,3,15,PB,117.0,114.0,103.0,119.0,112.0,113.0,116.0,108.0,107.0,,,,,,,,,,,,,,,,,,,,,,,,,,,,,,,,,6.0,0.0,0.0,0.0,0.0,0.0,0.0,4.0,1.7,27.0,11.0,33.3,1.0,1.2,2.0,32.0,0.0,,,,,,1.0,27.0,32.0,1.2,,,,,,,,,,,,,,,,,,0.0,3.0,0.0,-8.0,6.0,0.0,0.0,0.0,0.0,,,0.0,0.0,0.0,0.0,,0.0,,,,,,
Dan Marino,MariDa00,1992,31,MIA,QB,16,16,11-5-0,330,554,59.6,4116,24,4.3,16,2.9,192,48.1,62.0,7.4,7.0,12.5,257.3,85.1,,28,173,4.81,6.77,6.36,6,6,15,PB,117.0,114.0,106.0,109.0,116.0,112.0,114.0,108.0,112.0,,,,,,,,,,,,,,,,,,,,,,,,,,,,,,,,,5.0,0.0,0.0,0.0,0.0,0.0,0.0,4.0,1.3,20.0,12.0,40.0,0.0,3.3,4.1,66.0,0.0,,,,,,0.0,20.0,66.0,3.3,,,,,,,,,,,,,,,,,,0.0,2.0,0.0,-12.0,5.0,0.0,0.0,0.0,0.0,,,0.0,0.0,0.0,0.0,,0.0,,,,,,
Dan Marino,MariDa00,1993,32,MIA,QB,5,5,4-1-0,91,150,60.7,1218,8,5.3,3,2.0,51,47.8,80.0,8.1,8.29,13.4,243.6,95.9,,7,42,4.46,7.49,7.65,1,1,5,,133.0,131.0,108.0,121.0,130.0,125.0,115.0,121.0,126.0,,,,,,,,,,,,,,,,,,,,,,,,,,,,,,,,,4.0,0.0,0.0,0.0,0.0,0.0,0.0,1.0,1.8,9.0,4.0,11.1,1.0,-0.4,-0.8,-4.0,0.0,,,,,,1.0,9.0,-4.0,-0.4,,,,,,,,,,,,,,,,,,0.0,2.0,0.0,-13.0,4.0,0.0,0.0,0.0,0.0,,,0.0,0.0,0.0,0.0,,0.0,,,,,,
Dan Marino,MariDa00,1994,33,MIA,QB,16,16,10-6-0,385,615,62.6,4453,30,4.9,17,2.8,214,49.0,64.0,7.2,6.97,11.6,278.3,89.2,,18,113,2.84,6.86,6.6,4,4,15,"PB,AP-2",118.0,112.0,114.0,106.0,119.0,115.0,123.0,113.0,110.0,,,,,,,,,,,,,,,,,,,,,,,,,,,,,,,,,9.0,0.0,0.0,0.0,0.0,0.0,0.0,2.0,1.4,22.0,10.0,9.1,1.0,-0.3,-0.4,-6.0,0.0,,,,,,1.0,22.0,-6.0,-0.3,,,,,,,,,,,,,,,,,,0.0,3.0,0.0,-4.0,9.0,0.0,0.0,0.0,0.0,,,0.0,0.0,0.0,0.0,,0.0,,,,,,
Dan Marino,MariDa00,1995,34,MIA,QB,14,14,9-5-0,309,482,64.1,3668,24,5.0,15,3.1,189,49.8,67.0,7.6,7.21,11.9,262.0,90.8,,22,153,4.37,6.97,6.59,2,3,12,"PB,AP-2",119.0,117.0,120.0,101.0,124.0,118.0,112.0,114.0,122.0,,,,,,,,,,,,,,,,,,,,,,,,,,,,,,,,,7.0,1.0,0.1,0.0,0.0,-0.4,-6.0,1.0,0.8,11.0,12.0,18.2,0.0,1.3,1.0,14.0,1.0,100.0,-6.0,0.0,-6.0,-6.0,0.0,12.0,8.0,0.7,,,,,,,,,,,,,,,,,,0.0,3.0,0.0,-14.0,7.0,0.0,0.0,0.0,0.0,,,0.0,0.0,0.0,0.0,,0.0,,,,,,
Dan Marino,MariDa00,1996,35,MIA,QB,13,13,7-6-0,221,373,59.2,2795,17,4.6,9,2.4,127,44.0,74.0,7.5,7.32,12.6,215.0,87.8,,18,131,4.6,6.81,6.65,0,1,9,,122.0,119.0,107.0,112.0,123.0,115.0,113.0,108.0,119.0,,,,,,,,,,,,,,,,,,,,,,,,,,,,,,,,,4.0,0.0,0.0,0.0,0.0,0.0,0.0,0.0,0.8,11.0,7.0,9.1,0.0,-0.3,-0.2,-3.0,0.0,,,,,,0.0,11.0,-3.0,-0.3,,,,,,,,,,,,,,,,,,0.0,1.0,0.0,-3.0,4.0,0.0,0.0,0.0,0.0,,,0.0,0.0,0.0,0.0,,0.0,,,,,,
Dan Marino,MariDa00,1997,36,MIA,QB,16,16,9-7-0,319,548,58.2,3780,16,2.9,11,2.0,190,46.8,55.0,6.9,6.58,11.8,236.3,80.7,,20,132,3.52,6.42,6.11,1,3,13,,111.0,106.0,105.0,117.0,112.0,104.0,121.0,89.0,103.0,,,,,,,,,,,,,,,,,,,,,,,,,,,,,,,,,8.0,0.0,0.0,0.0,0.0,0.0,0.0,0.0,1.1,18.0,1.0,0.0,0.0,-0.8,-0.9,-14.0,0.0,,,,,,0.0,18.0,-14.0,-0.8,,,,,,,,,,,,,,,,,,0.0,3.0,0.0,-17.0,8.0,0.0,0.0,0.0,0.0,,,0.0,0.0,0.0,0.0,,0.0,,,,,,
Dan Marino,MariDa00,1998,37,MIA,QB,16,16,10-6-0,310,537,57.7,3497,23,4.3,15,2.8,173,43.4,61.0,6.5,6.11,11.3,218.6,80.0,,23,178,4.11,5.93,5.54,1,1,10,,104.0,100.0,104.0,106.0,102.0,103.0,118.0,103.0,95.0,,,,,,,,,,,,,,,,,,,,,,,,,,,,,,,,,9.0,0.0,0.0,0.0,0.0,0.0,0.0,1.0,1.3,21.0,10.0,4.8,1.0,-0.1,-0.2,-3.0,0.0,,,,,,1.0,21.0,-3.0,-0.1,,,,,,,,,,,,,,,,,,0.0,2.0,0.0,-9.0,9.0,0.0,0.0,0.0,0.0,,,0.0,0.0,0.0,0.0,,0.0,,,,,,
Dan Marino,MariDa00,1999,38,MIA,QB,11,11,5-6-0,204,369,55.3,2448,12,3.3,17,4.6,122,44.4,62.0,6.6,5.21,12.0,222.5,67.4,,9,66,2.38,6.3,4.91,2,2,7,,96.0,90.0,92.0,82.0,107.0,88.0,127.0,92.0,98.0,,,,,,,,,,,,,,,,,,,,,,,,,,,,,,,,,5.0,0.0,0.0,0.0,0.0,0.0,0.0,1.0,0.5,6.0,,0.0,0.0,-1.0,-0.5,-6.0,0.0,,,,,,0.0,6.0,-6.0,-1.0,,,,,,,,,,,,,,,,,,0.0,0.0,0.0,0.0,5.0,0.0,0.0,0.0,0.0,0.0,,0.0,0.0,,,,,,,,,,
Daniel Jones,JoneDa05,2019,22,NYG,QB,13,12,3-9-0,284,459,61.9,3027,24,5.2,12,2.6,140,41.0,75.0,6.6,6.46,10.7,232.8,87.7,55.7,38,295,7.65,5.5,5.38,1,2,9,,88.0,90.0,89.0,94.0,84.0,94.0,91.0,106.0,87.0,1619.0,3.5,5.7,6.0,131.0,3.8,17.0,66.0,48.0,318.0,71.1,75.0,639.0,17.9,80.0,152.0,29.0,37.0,28.0,297.0,5.0,28.0,325.0,0.0,3689.0,8.0,12.0,1408.0,5.0,2.5,27.0,8.4,19.0,0.0,0.0,0.0,0.0,0.0,0.0,21.0,3.5,45.0,26.0,66.7,2.0,6.2,21.5,279.0,0.0,,,,,,2.0,45.0,279.0,6.2,0.0,0.0,0.0,0.0,0.0,2.0,22.5,43.0,1.0,236.0,5.2,,,,,,,0.0,3.0,0.0,-15.0,19.0,0.0,0.0,0.0,0.0,0.0,0.0,0.0,0.0,0.0,0.0,0.0,0.0,0%,93%,0%,0.0,816.0,0.0
Daniel Jones,JoneDa05,2020,23,NYG,QB,14,14,5-9-0,280,448,62.5,2943,11,2.5,10,2.2,157,42.8,53.0,6.6,6.06,10.5,210.2,80.4,54.0,45,286,9.13,5.39,4.92,0,0,9,,83.0,86.0,91.0,101.0,82.0,85.0,77.0,79.0,87.0,1827.0,4.1,6.5,8.0,200.0,5.3,23.0,55.0,56.0,325.0,75.2,101.0,717.0,17.6,76.0,156.0,30.3,46.0,28.0,208.0,17.0,159.0,367.0,2.0,3395.0,7.6,14.0,1116.0,4.0,2.5,22.0,7.9,10.0,0.0,0.0,0.0,0.0,0.0,0.0,17.0,4.6,65.0,80.0,44.6,1.0,6.5,30.2,423.0,0.0,,,,,,1.0,65.0,423.0,6.5,0.0,0.0,0.0,0.0,0.0,1.0,65.0,48.0,0.7,375.0,5.8,,,,,,,0.0,3.0,0.0,-5.0,10.0,0.0,0.0,0.0,0.0,0.0,0.0,0.0,0.0,0.0,0.0,0.0,0.0,0%,96%,0%,0.0,868.0,0.0
Daniel Jones,JoneDa05,2021,24,NYG,QB,11,11,4-7-0,232,361,64.3,2428,10,2.8,7,1.9,116,43.9,54.0,6.7,6.41,10.5,220.7,84.8,47.5,22,160,5.74,5.92,5.62,1,1,7,,93.0,92.0,97.0,106.0,93.0,91.0,103.0,83.0,91.0,1334.0,3.7,5.8,5.0,120.0,5.5,19.0,36.0,37.0,265.0,76.1,93.0,652.0,18.4,64.0,95.0,23.3,38.0,25.0,111.0,10.0,49.0,160.0,1.0,2616.0,7.2,12.0,1094.0,4.7,2.4,24.0,6.4,7.0,1.0,0.1,1.0,0.0,1.5,16.0,16.0,5.6,62.0,46.0,48.4,2.0,4.8,27.1,298.0,1.0,100.0,16.0,100.0,16.0,16.0,2.0,63.0,314.0,5.0,13.0,0.0,0.0,0.0,3.0,1.0,62.0,42.0,0.7,256.0,4.1,13.0,13.0,,0.0,118.7,3.0,0.0,2.0,0.0,-11.0,7.0,0.0,0.0,0.0,0.0,0.0,0.0,0.0,0.0,0.0,0.0,0.0,0.0,0%,95%,0%,0.0,673.0,0.0
Daniel Jones,JoneDa05,2022,25,NYG,QB,16,16,9-6-1,317,472,67.2,3205,15,3.2,5,1.1,171,45.7,65.0,6.8,6.95,10.1,200.3,92.5,62.9,44,243,8.53,5.74,5.89,4,5,15,AP CPoY-11,98.0,101.0,112.0,127.0,90.0,104.0,85.0,86.0,93.0,1609.0,3.4,5.1,11.0,137.0,6.5,29.0,53.0,46.0,359.0,81.0,141.0,984.0,12.2,54.0,143.0,25.1,49.0,39.0,240.0,9.0,70.0,310.0,5.0,3024.0,6.4,24.0,1596.0,5.0,2.5,53.0,7.2,6.0,0.0,0.0,0.0,0.0,0.0,0.0,64.0,7.5,120.0,25.0,59.2,7.0,5.9,44.3,708.0,0.0,,,,,,7.0,120.0,708.0,5.9,0.0,0.0,0.0,0.0,0.0,2.0,60.0,146.0,1.2,562.0,4.7,,,,,,,0.0,2.0,0.0,0.0,6.0,0.0,0.0,0.0,0.0,0.0,0.0,0.0,0.0,0.0,0.0,0.0,0.0,0%,97%,0%,0.0,1040.0,0.0
Daniel Jones,JoneDa05,2023,26,NYG,QB,6,6,1-5-0,108,160,67.5,909,2,1.3,6,3.8,43,37.4,58.0,5.7,4.24,8.4,151.5,70.5,37.1,30,167,15.79,3.91,2.69,1,1,0,,53.0,59.0,115.0,67.0,57.0,68.0,36.0,63.0,71.0,469.0,2.9,4.3,5.0,47.0,3.9,6.0,17.0,17.0,120.0,78.4,30.0,262.0,13.7,21.0,64.0,30.5,30.0,23.0,160.0,6.0,38.0,198.0,0.0,1083.0,6.8,7.0,440.0,4.1,2.3,20.0,8.0,4.0,0.0,0.0,0.0,0.0,0.0,0.0,15.0,6.7,40.0,17.0,52.5,1.0,5.2,34.3,206.0,0.0,,,,,,1.0,40.0,206.0,5.2,0.0,0.0,0.0,0.0,0.0,0.0,,29.0,0.7,177.0,4.4,,,,,,,0.0,1.0,0.0,-2.0,4.0,0.0,0.0,0.0,0.0,0.0,0.0,0.0,0.0,0.0,0.0,0.0,0.0,0%,82%,0%,0.0,325.0,0.0
Daniel Jones,JoneDa05,2024,27,NYG,QB,10,10,2-8-0,216,341,63.3,2070,8,2.3,7,2.1,106,43.0,43.0,6.1,5.62,9.6,207.0,79.4,44.4,29,172,7.84,5.13,4.71,0,0,5,,83.0,81.0,94.0,104.0,82.0,83.0,94.0,77.0,79.0,1126.0,3.3,5.2,7.0,89.0,7.5,24.0,44.0,21.0,254.0,79.4,5.0,18.0,12.5,40.0,94.0,24.5,7.0,5.0,49.0,2.0,13.0,62.0,4.0,2443.0,7.2,17.0,944.0,4.4,2.4,14.0,5.5,4.0,0.0,0.0,0.0,0.0,0.0,0.0,26.0,6.7,67.0,24.0,59.7,2.0,4.0,26.5,265.0,0.0,,,,,,2.0,67.0,265.0,4.0,0.0,0.0,0.0,0.0,0.0,5.0,13.4,79.0,1.2,186.0,2.8,,,,,,,0.0,1.0,0.0,0.0,4.0,0.0,0.0,0.0,0.0,0.0,0.0,0.0,0.0,0.0,0.0,0.0,0.0,0%,98%,0%,0.0,677.0,0.0
Daniel Jones,JoneDa05,2025,28,IND,QB,13,13,8-5-0,261,384,68.0,3101,19,4.9,8,2.1,149,52.0,75.0,8.1,8.13,11.9,238.5,100.2,63.0,22,158,5.42,7.25,7.3,3,3,13,,118.0,117.0,112.0,101.0,123.0,113.0,110.0,104.0,122.0,1750.0,4.6,6.7,8.0,127.0,3.8,14.0,41.0,24.0,290.0,78.0,103.0,872.0,12.1,45.0,87.0,20.3,61.0,52.0,491.0,5.0,27.0,518.0,2.0,3063.0,8.0,10.0,1351.0,5.2,2.3,23.0,6.6,9.0,0.0,0.0,0.0,0.0,0.0,0.0,19.0,3.5,45.0,19.0,53.3,5.0,3.6,12.6,164.0,0.0,,,,,,5.0,45.0,164.0,3.6,0.0,0.0,0.0,0.0,0.0,1.0,45.0,27.0,0.6,137.0,3.0,,,,,,,0.0,3.0,0.0,0.0,9.0,0.0,0.0,0.0,0.0,0.0,0.0,0.0,0.0,0.0,0.0,0.0,0.0,0%,91%,0%,0.0,756.0,0.0
Daunte Culpepper,CulpDa00,1999,22,MIN,QB,1,0,,0,0,,0,0,,0,,0,,,,,,0.0,,,0,0,,,,0,0,0,,,,,,,,,,,,,,,,,,,,,,,,,,,,,,,,,,,,,,,,,,,1.0,0.0,0.0,0.0,0.0,0.0,0.0,1.0,3.0,3.0,9.0,33.3,0.0,2.0,6.0,6.0,0.0,,,,,,0.0,3.0,6.0,2.0,,,,,,,,,,,,,,,,,,0.0,1.0,0.0,-2.0,1.0,0.0,0.0,0.0,0.0,0.0,,0.0,0.0,0.0,0.0,0.0,0.0,,,,,,
Daunte Culpepper,CulpDa00,2000,23,MIN,QB,16,16,11-5-0,297,474,62.7,3937,33,7.0,16,3.4,188,48.2,78.0,8.3,8.18,13.3,246.1,98.0,,34,181,6.69,7.39,7.28,3,4,20,PB,128.0,128.0,118.0,99.0,128.0,128.0,102.0,136.0,129.0,,,,,,,,,,,,,,,,,,,,,,,,,,,,,,,,,11.0,0.0,0.0,0.0,0.0,0.0,0.0,36.0,5.6,89.0,27.0,56.2,7.0,5.3,29.4,470.0,0.0,,,,,,7.0,89.0,470.0,5.3,,,,,,,,,,,,,,,,,,0.0,5.0,0.0,-23.0,11.0,0.0,0.0,0.0,0.0,0.0,,0.0,0.0,0.0,0.0,0.0,0.0,,,,,,
Daunte Culpepper,CulpDa00,2001,24,MIN,QB,11,11,4-7-0,235,366,64.2,2612,14,3.8,13,3.6,127,46.6,57.0,7.1,6.3,11.1,237.5,83.3,,33,186,8.27,6.08,5.32,2,2,11,,101.0,103.0,118.0,94.0,104.0,106.0,91.0,99.0,108.0,,,,,,,,,,,,,,,,,,,,,,,,,,,,,,,,,16.0,1.0,0.1,0.0,0.0,0.0,0.0,32.0,6.5,71.0,34.0,59.2,5.0,5.9,37.8,416.0,1.0,100.0,,0.0,0.0,0.0,5.0,72.0,416.0,5.8,,,,,,,,,,,,,,,,,,0.0,7.0,0.0,-17.0,16.0,0.0,0.0,0.0,0.0,0.0,,0.0,0.0,0.0,0.0,0.0,0.0,,,,,,
Daunte Culpepper,CulpDa00,2002,25,MIN,QB,16,16,6-10-0,333,549,60.7,3853,18,3.3,23,4.2,189,46.5,61.0,7.0,5.79,11.6,240.8,75.3,,47,244,7.89,6.06,4.92,3,4,16,,95.0,96.0,105.0,83.0,104.0,94.0,90.0,90.0,107.0,,,,,,,,,,,,,,,,,,,,,,,,,,,,,,,,,23.0,0.0,0.0,0.0,0.0,0.0,0.0,47.0,6.6,106.0,38.0,59.4,10.0,5.7,38.1,609.0,0.0,,,,,,10.0,106.0,609.0,5.7,,,,,,,,,,,,,,,,,,0.0,6.0,0.0,-9.0,23.0,0.0,0.0,0.0,0.0,0.0,,0.0,0.0,0.0,0.0,0.0,0.0,,,,,,
Daunte Culpepper,CulpDa00,2003,26,MIN,QB,14,14,7-7-0,295,454,65.0,3479,25,5.5,11,2.4,171,49.3,59.0,7.7,7.67,11.8,248.5,96.4,,37,196,7.54,6.69,6.7,0,1,17,"PB,AP CPoY-8",117.0,119.0,118.0,113.0,113.0,120.0,93.0,117.0,116.0,,,,,,,,,,,,,,,,,,,,,,,,,,,,,,,,,16.0,0.0,0.0,0.0,0.0,0.0,0.0,28.0,5.2,73.0,42.0,63.0,4.0,5.8,30.1,422.0,0.0,,,,,,4.0,73.0,422.0,5.8,,,,,,,,,,,,,,,,,,0.0,6.0,0.0,0.0,16.0,0.0,0.0,0.0,0.0,0.0,,0.0,0.0,0.0,0.0,0.0,0.0,,,,,,
Daunte Culpepper,CulpDa00,2004,27,MIN,QB,16,16,8-8-0,379,548,69.2,4717,39,7.1,11,2.0,224,53.5,82.0,8.6,9.13,12.4,294.8,110.9,,46,238,7.74,7.54,8.02,1,3,20,"PB,AP OPoY-2",132.0,135.0,133.0,120.0,126.0,138.0,92.0,136.0,131.0,,,,,,,,,,,,,,,,,,,,,,,,,,,,,,,,,9.0,0.0,0.0,0.0,0.0,0.0,0.0,31.0,5.5,88.0,16.0,55.7,2.0,4.6,25.4,406.0,0.0,,,,,,2.0,88.0,406.0,4.6,,,,,,,,,,,,,,,,,,0.0,0.0,0.0,-11.0,9.0,0.0,0.0,0.0,0.0,0.0,,0.0,0.0,0.0,0.0,0.0,0.0,,,,,,
Daunte Culpepper,CulpDa00,2005,28,MIN,QB,7,7,2-5-0,139,216,64.4,1564,6,2.8,12,5.6,80,42.9,68.0,7.2,5.3,11.3,223.4,72.0,,31,169,12.55,5.65,3.95,1,1,5,,82.0,88.0,115.0,59.0,94.0,88.0,63.0,85.0,106.0,,,,,,,,,,,,,,,,,,,,,,,,,,,,,,,,,5.0,0.0,0.0,0.0,0.0,0.0,0.0,11.0,3.4,24.0,18.0,54.2,1.0,6.1,21.0,147.0,0.0,,,,,,1.0,24.0,147.0,6.1,,,,,,,,,,,,,,,,,,0.0,0.0,0.0,-4.0,5.0,0.0,0.0,0.0,0.0,0.0,,0.0,0.0,0.0,0.0,0.0,0.0,,,,,,
Daunte Culpepper,CulpDa00,2006,29,MIA,QB,4,4,1-3-0,81,134,60.4,929,2,1.5,3,2.2,44,38.1,52.0,6.9,6.22,11.5,232.3,77.0,18.3,21,150,13.55,5.03,4.41,0,1,2,,88.0,100.0,101.0,114.0,83.0,95.0,55.0,71.0,102.0,,,,,,,,,,,,,,,,,,,,,,,,,,,,,,,,,3.0,0.0,0.0,0.0,0.0,0.0,0.0,3.0,2.5,10.0,7.0,30.0,1.0,2.0,5.0,20.0,0.0,,,,,,1.0,10.0,20.0,2.0,,,,,,,,,,,,,,,,,,0.0,1.0,0.0,0.0,3.0,0.0,0.0,0.0,0.0,0.0,,0.0,0.0,,,,,,,,,,
Daunte Culpepper,CulpDa00,2007,30,OAK,QB,7,6,2-4-0,108,186,58.1,1331,5,2.7,5,2.7,60,40.1,59.0,7.2,6.48,12.3,190.1,78.0,49.4,21,130,10.14,5.8,5.2,1,1,4,,96.0,102.0,91.0,105.0,95.0,94.0,75.0,85.0,106.0,,,,,,,,,,,,,,,,,,,,,,,,,,,,,,,,,9.0,0.0,0.0,0.0,0.0,0.0,0.0,7.0,2.9,20.0,9.0,40.0,3.0,2.0,5.7,40.0,0.0,,,,,,3.0,20.0,40.0,2.0,,,,,,,,,,,,,,,,,,0.0,4.0,0.0,-7.0,9.0,0.0,0.0,0.0,0.0,0.0,0.0,0.0,0.0,0.0,0.0,0.0,0.0,,,,,,
Daunte Culpepper,CulpDa00,2008,31,DET,QB,5,5,0-5-0,60,115,52.2,786,4,3.5,6,5.2,30,34.9,70.0,6.8,5.18,13.1,157.2,63.9,26.7,14,95,10.85,5.36,3.88,0,0,2,,80.0,85.0,71.0,68.0,87.0,77.0,66.0,93.0,98.0,,,,,,,,,,,,,,,,,,,,,,,,,,,,,,,,,5.0,0.0,0.0,0.0,0.0,0.0,0.0,4.0,2.4,12.0,9.0,33.3,1.0,2.1,5.0,25.0,0.0,,,,,,1.0,12.0,25.0,2.1,,,,,,,,,,,,,,,,,,0.0,1.0,0.0,-1.0,5.0,0.0,0.0,0.0,0.0,0.0,0.0,0.0,0.0,0.0,0.0,0.0,0.0,,,,,,
Daunte Culpepper,CulpDa00,2009,32,DET,QB,8,5,0-5-0,89,157,56.7,945,3,1.9,6,3.8,44,42.1,38.0,6.0,4.68,10.6,118.1,64.8,35.9,14,107,8.19,4.9,3.67,0,0,1,,75.0,78.0,86.0,87.0,77.0,77.0,83.0,73.0,82.0,,,,,,,,,,,,,,,,,,,,,,,,,,,,,,,,,4.0,0.0,0.0,0.0,0.0,0.0,0.0,5.0,2.3,18.0,32.0,38.9,0.0,5.1,11.4,91.0,0.0,,,,,,0.0,18.0,91.0,5.1,,,,,,,,,,,,,,,,,,0.0,4.0,0.0,-8.0,4.0,0.0,0.0,0.0,0.0,0.0,0.0,0.0,0.0,0.0,0.0,0.0,0.0,,,,,,
Derek Carr,CarrDe02,2014,23,OAK,QB,16,16,3-13-0,348,599,58.1,3270,21,3.5,12,2.0,163,39.5,77.0,5.5,5.26,9.4,204.4,76.6,42.1,24,149,3.85,5.01,4.82,1,1,5,,83.0,77.0,83.0,109.0,72.0,84.0,119.0,89.0,59.0,,,,,,,,,,,,,,,,,,,,,,,,,,,,,,,,,10.0,0.0,0.0,0.0,0.0,0.0,0.0,12.0,1.8,29.0,41.0,37.9,0.0,3.2,5.8,92.0,1.0,0.0,,0.0,,0.0,0.0,29.0,92.0,3.2,,,,,,,,,,,,,,,,,,0.0,4.0,0.0,-30.0,10.0,0.0,0.0,0.0,0.0,0.0,0.0,0.0,0.0,0.0,0.0,0.0,0.0,0%,96%,0%,0.0,989.0,0.0
Derek Carr,CarrDe02,2015,24,OAK,QB,16,16,7-9-0,350,573,61.1,3987,32,5.6,13,2.3,188,43.9,68.0,7.0,7.05,11.4,249.2,91.1,43.1,31,230,5.13,6.22,6.31,4,4,13,PB,102.0,100.0,93.0,102.0,96.0,103.0,107.0,114.0,94.0,,,,,,,,,,,,,,,,,,,,,,,,,,,,,,,,,10.0,0.0,0.0,0.0,0.0,0.0,0.0,8.0,2.1,33.0,24.0,39.4,0.0,4.2,8.6,138.0,0.0,,,,,,0.0,33.0,138.0,4.2,,,,,,,,,,,,,,,,,,0.0,2.0,0.0,-13.0,10.0,0.0,0.0,0.0,0.0,0.0,0.0,0.0,0.0,0.0,0.0,0.0,0.0,,,,,,
Derek Carr,CarrDe02,2016,25,OAK,QB,15,15,12-3-0,357,560,63.8,3937,28,5.0,6,1.1,191,45.1,75.0,7.0,7.55,11.0,262.5,96.7,56.1,16,79,2.78,6.7,7.2,7,7,12,"PB,AP MVP-3,AP OPoY-6",115.0,108.0,104.0,123.0,108.0,111.0,127.0,108.0,97.0,,,,,,,,,,,,,,,,,,,,,,,,,,,,,,,,,5.0,0.0,0.0,0.0,0.0,0.0,0.0,5.0,2.6,39.0,13.0,30.8,0.0,1.8,4.7,70.0,0.0,,,,,,0.0,39.0,70.0,1.8,,,,,,,,,,,,,,,,,,0.0,0.0,0.0,-11.0,5.0,0.0,0.0,0.0,0.0,0.0,,0.0,0.0,0.0,0.0,,0.0,,,,,,
Derek Carr,CarrDe02,2017,26,OAK,QB,15,15,6-9-0,323,515,62.7,3496,22,4.3,13,2.5,168,46.2,87.0,6.8,6.51,10.8,233.1,86.4,50.4,20,101,3.74,6.35,6.07,1,1,10,PB,99.0,93.0,98.0,97.0,101.0,95.0,119.0,98.0,92.0,,,,,,,,,,,,,,,,,,,,,,,,,,,,,,,,,8.0,0.0,0.0,0.0,0.0,0.0,0.0,5.0,1.5,23.0,32.0,26.1,0.0,2.9,4.4,66.0,0.0,,,,,,0.0,23.0,66.0,2.9,,,,,,,,,,,,,,,,,,0.0,1.0,0.0,-2.0,8.0,0.0,0.0,0.0,0.0,0.0,0.0,0.0,0.0,0.0,0.0,0.0,0.0,,,,,,
Derek Carr,CarrDe02,2018,27,OAK,QB,16,16,4-12-0,381,553,68.9,4049,19,3.4,10,1.8,197,48.5,66.0,7.3,7.2,10.6,253.1,93.9,46.5,51,299,8.44,6.21,6.09,3,3,11,,99.0,102.0,120.0,109.0,99.0,105.0,86.0,89.0,102.0,2066.0,3.7,5.4,0.0,141.0,6.3,33.0,28.0,69.0,,,,,12.6,66.0,148.0,24.2,,,,,,,7.0,3784.0,6.8,21.0,1983.0,5.2,2.3,8.0,6.4,12.0,1.0,0.1,0.0,0.0,-0.6,-9.0,5.0,1.5,24.0,15.0,29.2,1.0,2.0,2.9,47.0,1.0,100.0,-9.0,0.0,-9.0,-9.0,1.0,25.0,38.0,1.5,0.0,0.0,0.0,0.0,-9.0,0.0,,13.0,0.5,34.0,1.4,0.0,0.0,,0.0,79.2,-9.0,0.0,2.0,0.0,-6.0,12.0,0.0,0.0,0.0,0.0,0.0,0.0,0.0,0.0,0.0,0.0,0.0,0.0,0%,99%,0%,0.0,1030.0,0.0
Derek Carr,CarrDe02,2019,28,OAK,QB,16,16,7-9-0,361,513,70.4,4054,21,4.1,8,1.6,191,50.7,75.0,7.9,8.02,11.2,253.4,100.8,64.1,29,184,5.35,7.14,7.25,2,3,11,,112.0,111.0,123.0,113.0,114.0,111.0,108.0,94.0,112.0,1932.0,3.8,5.4,9.0,107.0,5.2,25.0,17.0,67.0,399.0,82.6,84.0,709.0,11.0,53.0,113.0,20.3,18.0,17.0,108.0,1.0,12.0,120.0,2.0,3364.0,6.6,28.0,2122.0,5.9,2.5,14.0,5.5,7.0,0.0,0.0,0.0,0.0,0.0,0.0,7.0,1.7,27.0,15.0,33.3,2.0,3.0,5.1,82.0,0.0,,,,,,2.0,27.0,82.0,3.0,0.0,0.0,0.0,0.0,0.0,0.0,,1.0,0.0,81.0,3.0,,,,,,,0.0,5.0,0.0,-19.0,7.0,0.0,0.0,0.0,0.0,0.0,0.0,0.0,0.0,0.0,0.0,0.0,0.0,0%,98%,0%,0.0,996.0,0.0
Derek Carr,CarrDe02,2020,29,LVR,QB,16,16,8-8-0,348,517,67.3,4103,27,5.2,9,1.7,192,50.6,85.0,7.9,8.2,11.8,256.4,101.4,64.3,26,150,4.79,7.28,7.53,3,5,14,,117.0,115.0,112.0,110.0,119.0,113.0,112.0,106.0,115.0,2147.0,4.2,6.2,5.0,173.0,4.1,20.0,30.0,56.0,389.0,78.9,91.0,614.0,16.0,79.0,112.0,19.8,27.0,22.0,130.0,4.0,33.0,163.0,4.0,4184.0,8.1,20.0,1956.0,5.6,2.5,23.0,5.4,11.0,0.0,0.0,0.0,0.0,0.0,0.0,16.0,2.4,39.0,18.0,53.8,3.0,3.6,8.8,140.0,0.0,,,,,,3.0,39.0,140.0,3.6,0.0,0.0,0.0,0.0,0.0,1.0,39.0,10.0,0.3,130.0,3.3,,,,,,,0.0,0.0,0.0,-6.0,11.0,0.0,0.0,0.0,0.0,0.0,0.0,0.0,0.0,0.0,0.0,0.0,0.0,0%,93%,0%,0.0,1007.0,0.0
Derek Carr,CarrDe02,2021,30,LVR,QB,17,17,10-7-0,428,626,68.4,4804,23,3.7,14,2.2,232,49.7,61.0,7.7,7.4,11.2,282.6,94.0,58.4,40,241,6.01,6.85,6.6,3,6,12,,105.0,105.0,114.0,100.0,111.0,103.0,101.0,91.0,111.0,2525.0,4.0,5.9,10.0,168.0,4.3,26.0,48.0,58.0,466.0,77.5,93.0,909.0,15.6,94.0,146.0,21.4,31.0,29.0,228.0,1.0,0.0,228.0,3.0,5086.0,8.1,22.0,2279.0,5.3,2.5,17.0,6.3,13.0,0.0,0.0,0.0,0.0,0.0,0.0,10.0,2.4,40.0,22.0,40.0,0.0,2.7,6.4,108.0,0.0,,,,,,0.0,40.0,108.0,2.7,0.0,0.0,0.0,0.0,0.0,0.0,,8.0,0.2,100.0,2.5,,,,,,,0.0,5.0,0.0,-15.0,13.0,0.0,0.0,0.0,0.0,0.0,0.0,0.0,0.0,0.0,0.0,0.0,0.0,0%,99%,0%,0.0,1127.0,0.0
Derek Carr,CarrDe02,2022,31,LVR,QB,15,15,6-9-0,305,502,60.8,3522,24,4.8,14,2.8,161,42.3,60.0,7.0,6.72,11.5,234.8,86.3,57.6,27,191,5.1,6.3,6.01,4,3,12,PB,100.0,97.0,83.0,90.0,103.0,94.0,110.0,106.0,99.0,2009.0,4.0,6.6,11.0,119.0,5.3,25.0,40.0,33.0,341.0,71.8,108.0,906.0,20.0,95.0,100.0,18.4,17.0,17.0,92.0,0.0,0.0,92.0,0.0,4589.0,9.1,27.0,1513.0,5.0,2.6,14.0,6.9,4.0,0.0,0.0,0.0,0.0,0.0,0.0,10.0,1.6,24.0,20.0,50.0,0.0,4.3,6.8,102.0,0.0,,,,,,0.0,24.0,102.0,4.3,0.0,0.0,0.0,0.0,0.0,0.0,,12.0,0.5,90.0,3.8,,,,,,,0.0,1.0,0.0,0.0,4.0,0.0,0.0,0.0,0.0,0.0,0.0,0.0,0.0,0.0,0.0,0.0,0.0,,,,,,
Derek Carr,CarrDe02,2023,32,NOR,QB,17,17,9-8-0,375,548,68.4,3878,25,4.6,8,1.5,185,46.8,58.0,7.1,7.33,10.3,228.1,97.7,57.3,31,218,5.35,6.32,6.56,0,1,12,,110.0,108.0,120.0,119.0,105.0,115.0,111.0,106.0,101.0,2182.0,4.0,5.8,5.0,172.0,3.8,20.0,35.0,24.0,417.0,79.7,87.0,813.0,15.3,80.0,90.0,15.3,23.0,23.0,114.0,0.0,0.0,114.0,0.0,4280.0,7.8,25.0,1696.0,4.5,2.3,9.0,5.7,7.0,0.0,0.0,0.0,0.0,0.0,0.0,4.0,1.9,32.0,10.0,25.0,0.0,1.3,2.4,40.0,0.0,,,,,,0.0,32.0,40.0,1.3,0.0,0.0,0.0,0.0,0.0,0.0,,6.0,0.2,34.0,1.1,,,,,,,0.0,0.0,0.0,0.0,7.0,0.0,0.0,0.0,0.0,0.0,0.0,0.0,0.0,0.0,0.0,0.0,0.0,0%,85%,0%,0.0,978.0,0.0
Derek Carr,CarrDe02,2024,33,NOR,QB,10,10,5-5-0,189,279,67.7,2145,15,5.4,5,1.8,93,45.3,71.0,7.7,7.96,11.3,214.5,101.0,60.2,8,48,2.79,7.31,7.57,0,1,7,,122.0,115.0,111.0,109.0,122.0,115.0,130.0,113.0,113.0,1058.0,3.8,5.6,5.0,79.0,3.8,10.0,21.0,42.0,201.0,76.7,8.0,53.0,14.1,37.0,71.0,24.1,1.0,1.0,5.0,0.0,0.0,5.0,0.0,2167.0,7.8,17.0,1087.0,5.8,2.4,8.0,6.3,3.0,0.0,0.0,0.0,0.0,0.0,0.0,4.0,1.7,17.0,13.0,52.9,1.0,4.2,7.1,71.0,0.0,,,,,,1.0,17.0,71.0,4.2,0.0,0.0,0.0,0.0,0.0,0.0,,5.0,0.3,66.0,3.9,,,,,,,0.0,3.0,0.0,-5.0,3.0,0.0,0.0,0.0,0.0,0.0,0.0,0.0,0.0,0.0,0.0,0.0,0.0,0%,95%,0%,0.0,604.0,0.0
Deshaun Watson,WatsDe00,2017,22,HOU,QB,7,6,3-3-0,126,204,61.8,1699,19,9.3,8,3.9,85,46.6,72.0,8.3,8.43,13.5,242.7,103.0,83.7,19,116,8.52,7.1,7.19,0,0,7,AP ORoY-3,114.0,119.0,94.0,74.0,115.0,118.0,84.0,154.0,124.0,,,,,,,,,,,,,,,,,,,,,,,,,,,,,,,,,3.0,0.0,0.0,0.0,0.0,0.0,0.0,14.0,5.1,36.0,49.0,61.1,2.0,7.5,38.4,269.0,0.0,,,,,,2.0,36.0,269.0,7.5,,,,,,,,,,,,,,,,,,0.0,0.0,0.0,0.0,3.0,0.0,0.0,0.0,0.0,0.0,0.0,0.0,0.0,0.0,0.0,0.0,0.0,0%,93%,0%,0.0,464.0,0.0
Deshaun Watson,WatsDe00,2018,23,HOU,QB,16,16,11-5-0,345,505,68.3,4165,26,5.1,9,1.8,202,46.4,73.0,8.2,8.48,12.1,260.3,103.1,61.8,62,384,10.93,6.67,6.87,5,5,16,PB,110.0,119.0,118.0,109.0,107.0,117.0,67.0,107.0,121.0,2412.0,4.8,7.0,0.0,163.0,3.5,17.0,59.0,77.0,,,,,17.3,84.0,198.0,31.7,,,,,,,6.0,4270.0,8.5,13.0,1753.0,5.1,2.5,58.0,7.2,9.0,0.0,0.0,0.0,0.0,0.0,0.0,33.0,6.2,99.0,34.0,52.5,5.0,5.6,34.4,551.0,0.0,,,,,,5.0,99.0,551.0,5.6,0.0,0.0,0.0,0.0,0.0,5.0,19.8,99.0,1.0,452.0,4.6,,,,,,,0.0,3.0,0.0,-25.0,9.0,0.0,0.0,0.0,0.0,0.0,0.0,0.0,0.0,0.0,0.0,0.0,0.0,,,,,,
Deshaun Watson,WatsDe00,2019,24,HOU,QB,15,15,10-5-0,333,495,67.3,3852,26,5.3,12,2.4,191,49.4,54.0,7.8,7.74,11.6,256.8,98.0,70.5,44,257,8.16,6.67,6.63,3,5,16,PB,104.0,107.0,111.0,97.0,105.0,108.0,87.0,106.0,110.0,2166.0,4.4,6.5,6.0,167.0,4.4,21.0,39.0,47.0,367.0,76.8,94.0,813.0,16.7,80.0,130.0,22.3,92.0,65.0,517.0,25.0,120.0,637.0,2.0,4396.0,8.9,15.0,1686.0,5.1,2.5,44.0,7.1,10.0,1.0,0.1,1.0,1.0,0.4,6.0,29.0,5.5,82.0,30.0,48.8,7.0,5.0,27.5,413.0,1.0,100.0,6.0,100.0,6.0,6.0,8.0,83.0,419.0,5.0,0.0,0.0,0.0,0.0,6.0,3.0,27.3,62.0,0.8,351.0,4.3,0.0,0.0,,0.0,131.2,6.0,0.0,5.0,0.0,-3.0,10.0,0.0,0.0,0.0,0.0,0.0,0.0,0.0,0.0,0.0,0.0,0.0,0.0,,,,,,
Deshaun Watson,WatsDe00,2020,25,HOU,QB,16,16,4-12-0,382,544,70.2,4823,33,6.1,7,1.3,221,54.5,77.0,8.9,9.5,12.6,301.4,112.4,63.7,49,293,8.26,7.64,8.22,0,0,16,PB,126.0,133.0,125.0,119.0,126.0,128.0,84.0,115.0,134.0,2847.0,5.2,7.5,5.0,168.0,3.6,19.0,47.0,75.0,420.0,80.3,81.0,834.0,15.1,79.0,171.0,26.1,73.0,56.0,519.0,13.0,79.0,598.0,2.0,4840.0,8.9,19.0,1976.0,5.2,2.5,62.0,6.4,8.0,0.0,0.0,0.0,0.0,0.0,0.0,31.0,5.6,90.0,16.0,53.3,3.0,4.9,27.8,444.0,0.0,,,,,,3.0,90.0,444.0,4.9,0.0,0.0,0.0,0.0,0.0,7.0,12.9,113.0,1.3,331.0,3.7,,,,,,,0.0,2.0,0.0,-13.0,8.0,0.0,0.0,0.0,0.0,0.0,0.0,0.0,0.0,0.0,0.0,0.0,0.0,,,,,,
Deshaun Watson,WatsDe00,2022,27,CLE,QB,6,6,3-3-0,99,170,58.2,1102,7,4.1,5,2.9,53,41.6,46.0,6.5,5.98,11.1,183.7,79.1,40.4,20,106,10.53,5.24,4.79,0,0,4,,82.0,85.0,71.0,86.0,79.0,82.0,71.0,98.0,86.0,558.0,3.3,5.6,4.0,35.0,7.7,12.0,12.0,5.0,116.0,74.4,51.0,403.0,14.1,22.0,37.0,18.1,26.0,19.0,169.0,6.0,58.0,227.0,2.0,1217.0,7.2,12.0,544.0,5.5,2.9,14.0,7.1,1.0,0.0,0.0,0.0,0.0,0.0,0.0,10.0,6.0,36.0,21.0,47.2,1.0,4.9,29.2,175.0,0.0,,,,,,1.0,36.0,175.0,4.9,0.0,0.0,0.0,0.0,0.0,0.0,,35.0,1.0,140.0,3.9,,,,,,,0.0,1.0,0.0,0.0,1.0,0.0,0.0,0.0,0.0,0.0,0.0,0.0,0.0,0.0,1.0,0.0,1.0,0%,99%,0%,0.0,387.0,0.0
Deshaun Watson,WatsDe00,2023,28,CLE,QB,6,6,5-1-0,105,171,61.4,1115,7,4.1,4,2.3,52,38.3,59.0,6.5,6.29,10.6,185.8,84.3,43.7,17,85,9.04,5.48,5.27,1,1,4,,91.0,92.0,86.0,99.0,88.0,92.0,84.0,100.0,89.0,616.0,3.6,5.9,4.0,59.0,7.3,12.0,18.0,13.0,118.0,71.5,34.0,334.0,20.6,34.0,48.0,23.4,20.0,17.0,116.0,1.0,-1.0,115.0,1.0,1566.0,9.2,5.0,499.0,4.8,2.5,17.0,6.2,5.0,0.0,0.0,0.0,0.0,0.0,0.0,10.0,4.3,26.0,16.0,61.5,1.0,5.5,23.7,142.0,0.0,,,,,,1.0,26.0,142.0,5.5,0.0,0.0,0.0,0.0,0.0,3.0,8.7,52.0,2.0,90.0,3.5,,,,,,,0.0,1.0,0.0,0.0,5.0,0.0,0.0,0.0,0.0,0.0,0.0,0.0,0.0,0.0,0.0,0.0,0.0,0%,84%,0%,0.0,383.0,0.0
Deshaun Watson,WatsDe00,2024,29,CLE,QB,7,7,1-6-0,137,216,63.4,1148,5,2.3,3,1.4,49,33.3,35.0,5.3,5.15,8.4,164.0,79.0,21.0,33,191,13.25,3.84,3.7,0,0,0,,69.0,74.0,94.0,117.0,58.0,83.0,54.0,76.0,64.0,564.0,2.6,4.1,5.0,72.0,9.5,20.0,37.0,16.0,166.0,78.7,8.0,50.0,16.1,34.0,86.0,31.9,6.0,4.0,15.0,1.0,2.0,17.0,0.0,1523.0,7.1,5.0,584.0,4.3,2.6,21.0,6.3,5.0,0.0,0.0,0.0,0.0,0.0,0.0,8.0,4.4,31.0,16.0,41.9,1.0,4.8,21.1,148.0,0.0,,,,,,1.0,31.0,148.0,4.8,0.0,0.0,0.0,0.0,0.0,1.0,31.0,39.0,1.3,109.0,3.5,,,,,,,0.0,1.0,0.0,-8.0,5.0,0.0,0.0,0.0,0.0,0.0,0.0,0.0,0.0,0.0,0.0,0.0,0.0,0%,87%,0%,0.0,415.0,0.0
Donovan McNabb,McNaDo00,1999,23,PHI,QB,12,6,2-4-0,106,216,49.1,948,8,3.7,7,3.2,55,29.5,63.0,4.4,3.67,8.9,79.0,60.1,,28,204,11.48,3.05,2.41,1,2,1,,69.0,74.0,69.0,101.0,55.0,80.0,74.0,97.0,61.0,,,,,,,,,,,,,,,,,,,,,,,,,,,,,,,,,8.0,1.0,0.1,0.0,0.0,-0.5,-6.0,18.0,3.9,47.0,27.0,42.6,0.0,6.7,26.1,313.0,1.0,100.0,-6.0,0.0,-6.0,-6.0,0.0,48.0,307.0,6.4,,,,,,,,,,,,,,,,,,0.0,0.0,0.0,-3.0,8.0,0.0,0.0,0.0,0.0,0.0,,0.0,0.0,,,,,,,,,,
Donovan McNabb,McNaDo00,2000,24,PHI,QB,16,16,11-5-0,330,569,58.0,3365,21,3.7,13,2.3,181,42.8,70.0,5.9,5.62,10.2,210.3,77.8,,45,262,7.33,5.05,4.79,2,3,15,"PB,AP MVP-2,AP OPoY-4",95.0,94.0,100.0,116.0,85.0,100.0,97.0,97.0,84.0,,,,,,,,,,,,,,,,,,,,,,,,,,,,,,,,,7.0,2.0,0.1,0.0,0.0,0.3,5.0,32.0,5.4,86.0,54.0,58.1,6.0,7.3,39.3,629.0,4.0,50.0,3.0,0.0,2.5,1.3,6.0,88.0,634.0,7.2,,,,,,,,,,,,,,,,,,0.0,2.0,0.0,-5.0,7.0,0.0,0.0,0.0,0.0,0.0,,0.0,0.0,0.0,0.0,0.0,0.0,,,,,,
Donovan McNabb,McNaDo00,2001,25,PHI,QB,16,16,11-5-0,285,493,57.8,3233,25,5.1,12,2.4,134,40.0,64.0,6.6,6.48,11.3,202.1,84.3,,39,273,7.33,5.56,5.49,2,2,14,PB,103.0,106.0,96.0,113.0,94.0,108.0,96.0,116.0,97.0,,,,,,,,,,,,,,,,,,,,,,,,,,,,,,,,,8.0,0.0,0.0,0.0,0.0,0.0,0.0,28.0,5.1,82.0,33.0,50.0,2.0,5.9,30.1,482.0,0.0,,,,,,2.0,82.0,482.0,5.9,,,,,,,,,,,,,,,,,,0.0,3.0,0.0,-7.0,8.0,0.0,0.0,0.0,0.0,0.0,,0.0,0.0,0.0,0.0,0.0,0.0,,,,,,
Donovan McNabb,McNaDo00,2002,26,PHI,QB,10,10,7-3-0,211,361,58.4,2289,17,4.7,6,1.7,108,44.7,59.0,6.3,6.53,10.8,228.9,86.0,,28,166,7.2,5.46,5.64,0,1,10,PB,106.0,108.0,97.0,126.0,91.0,110.0,95.0,111.0,92.0,,,,,,,,,,,,,,,,,,,,,,,,,,,,,,,,,6.0,0.0,0.0,0.0,0.0,0.0,0.0,35.0,6.3,63.0,40.0,65.1,6.0,7.3,46.0,460.0,1.0,0.0,,0.0,,0.0,6.0,63.0,460.0,7.3,,,,,,,,,,,,,,,,,,0.0,1.0,0.0,0.0,6.0,0.0,0.0,0.0,0.0,0.0,,0.0,0.0,0.0,0.0,0.0,0.0,,,,,,
Donovan McNabb,McNaDo00,2003,27,PHI,QB,16,16,12-4-0,275,478,57.5,3216,16,3.3,11,2.3,153,40.7,59.0,6.7,6.36,11.7,201.0,79.6,,43,253,8.25,5.69,5.35,2,4,15,PB,99.0,102.0,94.0,115.0,95.0,99.0,88.0,90.0,99.0,,,,,,,,,,,,,,,,,,,,,,,,,,,,,,,,,9.0,1.0,0.1,0.0,0.0,-0.4,-7.0,27.0,4.4,71.0,34.0,50.7,3.0,5.0,22.2,355.0,1.0,100.0,-7.0,0.0,-7.0,-7.0,3.0,72.0,348.0,4.8,,,,,,,,,,,,,,,,,,0.0,2.0,0.0,-6.0,9.0,0.0,0.0,0.0,0.0,0.0,,0.0,0.0,0.0,0.0,0.0,0.0,,,,,,
Donovan McNabb,McNaDo00,2004,28,PHI,QB,15,15,13-2-0,300,469,64.0,3875,31,6.6,8,1.7,174,49.5,80.0,8.3,8.82,12.9,258.3,104.7,,32,192,6.39,7.35,7.87,2,2,16,PB,130.0,132.0,115.0,125.0,123.0,131.0,101.0,130.0,125.0,,,,,,,,,,,,,,,,,,,,,,,,,,,,,,,,,8.0,0.0,0.0,0.0,0.0,0.0,0.0,12.0,2.7,41.0,28.0,46.3,3.0,5.4,14.7,220.0,0.0,,,,,,3.0,41.0,220.0,5.4,,,,,,,,,,,,,,,,,,0.0,1.0,0.0,-6.0,8.0,0.0,0.0,0.0,0.0,0.0,,0.0,0.0,0.0,0.0,0.0,0.0,,,,,,
Donovan McNabb,McNaDo00,2005,29,PHI,QB,9,9,4-5-0,211,357,59.1,2507,16,4.5,9,2.5,116,46.8,91.0,7.0,6.78,11.9,278.6,85.0,,19,112,5.05,6.37,6.14,0,2,7,,108.0,106.0,98.0,111.0,106.0,105.0,110.0,105.0,102.0,,,,,,,,,,,,,,,,,,,,,,,,,,,,,,,,,8.0,0.0,0.0,0.0,0.0,0.0,0.0,7.0,2.8,25.0,11.0,28.0,1.0,2.2,6.1,55.0,0.0,,,,,,1.0,25.0,55.0,2.2,,,,,,,,,,,,,,,,,,0.0,3.0,0.0,-18.0,8.0,0.0,0.0,0.0,0.0,0.0,,0.0,0.0,0.0,0.0,0.0,0.0,,,,,,
Donovan McNabb,McNaDo00,2006,30,PHI,QB,10,10,5-5-0,180,316,57.0,2647,18,5.7,6,1.9,112,44.8,87.0,8.4,8.66,14.7,264.7,95.5,62.1,21,140,6.23,7.44,7.71,0,1,11,,128.0,132.0,89.0,119.0,126.0,119.0,101.0,119.0,131.0,,,,,,,,,,,,,,,,,,,,,,,,,,,,,,,,,3.0,0.0,0.0,0.0,0.0,0.0,0.0,15.0,3.2,32.0,37.0,59.4,3.0,6.6,21.2,212.0,0.0,,,,,,3.0,32.0,212.0,6.6,,,,,,,,,,,,,,,,,,0.0,1.0,0.0,-3.0,3.0,0.0,0.0,0.0,0.0,0.0,0.0,0.0,0.0,0.0,0.0,0.0,0.0,,,,,,
Donovan McNabb,McNaDo00,2007,31,PHI,QB,14,14,8-6-0,291,473,61.5,3324,19,4.0,7,1.5,154,45.3,75.0,7.0,7.16,11.4,237.4,89.9,54.0,44,227,8.51,5.99,6.12,1,1,12,,107.0,111.0,103.0,124.0,99.0,111.0,85.0,100.0,103.0,,,,,,,,,,,,,,,,,,,,,,,,,,,,,,,,,9.0,0.0,0.0,0.0,0.0,0.0,0.0,17.0,3.6,50.0,40.0,46.0,0.0,4.7,16.9,236.0,0.0,,,,,,0.0,50.0,236.0,4.7,,,,,,,,,,,,,,,,,,0.0,0.0,0.0,-5.0,9.0,0.0,0.0,0.0,0.0,0.0,0.0,0.0,0.0,0.0,0.0,0.0,0.0,,,,,,
Donovan McNabb,McNaDo00,2008,32,PHI,QB,16,16,9-6-1,345,571,60.4,3916,23,4.0,11,1.9,195,46.8,90.0,6.9,6.8,11.4,244.8,86.4,54.9,23,149,3.87,6.34,6.28,2,1,12,,108.0,105.0,98.0,115.0,104.0,104.0,115.0,99.0,99.0,,,,,,,,,,,,,,,,,,,,,,,,,,,,,,,,,7.0,0.0,0.0,0.0,0.0,0.0,0.0,11.0,2.4,39.0,17.0,43.6,2.0,3.8,9.2,147.0,0.0,,,,,,2.0,39.0,147.0,3.8,,,,,,,,,,,,,,,,,,0.0,0.0,0.0,-10.0,7.0,0.0,0.0,0.0,0.0,0.0,0.0,0.0,0.0,0.0,0.0,0.0,0.0,,,,,,
Donovan McNabb,McNaDo00,2009,33,PHI,QB,14,14,10-4-0,267,443,60.3,3553,22,5.0,10,2.3,141,41.4,60.0,8.0,8.0,13.3,253.8,92.9,58.2,35,264,7.32,6.88,6.86,2,3,13,PB,114.0,118.0,98.0,110.0,113.0,112.0,90.0,110.0,119.0,,,,,,,,,,,,,,,,,,,,,,,,,,,,,,,,,10.0,1.0,0.1,0.0,0.0,0.1,1.0,11.0,2.6,37.0,27.0,32.4,2.0,3.8,10.0,140.0,1.0,100.0,1.0,0.0,1.0,1.0,2.0,38.0,141.0,3.7,,,,,,,,,,,,,,,,,,0.0,3.0,0.0,-12.0,10.0,0.0,0.0,0.0,0.0,0.0,0.0,0.0,0.0,0.0,0.0,0.0,0.0,,,,,,
Donovan McNabb,McNaDo00,2010,34,WAS,QB,13,13,5-8-0,275,472,58.3,3377,14,3.0,15,3.2,152,42.0,76.0,7.2,6.32,12.3,259.8,77.1,47.8,37,271,7.27,6.1,5.33,2,2,8,,95.0,97.0,92.0,97.0,98.0,92.0,92.0,85.0,102.0,,,,,,,,,,,,,,,,,,,,,,,,,,,,,,,,,10.0,0.0,0.0,0.0,0.0,0.0,0.0,8.0,2.2,29.0,36.0,44.8,0.0,5.2,11.6,151.0,0.0,,,,,,0.0,29.0,151.0,5.2,,,,,,,,,,,,,,,,,,0.0,8.0,0.0,-27.0,10.0,0.0,0.0,0.0,0.0,0.0,0.0,0.0,0.0,0.0,0.0,0.0,0.0,,,,,,
Donovan McNabb,McNaDo00,2011,35,MIN,QB,6,6,1-5-0,94,156,60.3,1026,4,2.6,2,1.3,52,40.1,60.0,6.6,6.51,10.9,171.0,82.9,54.6,16,113,9.3,5.31,5.25,0,0,4,,92.0,98.0,99.0,125.0,82.0,98.0,75.0,81.0,90.0,,,,,,,,,,,,,,,,,,,,,,,,,,,,,,,,,2.0,0.0,0.0,0.0,0.0,0.0,0.0,5.0,2.3,14.0,23.0,35.7,1.0,4.2,9.8,59.0,0.0,,,,,,1.0,14.0,59.0,4.2,,,,,,,,,,,,,,,,,,0.0,0.0,0.0,0.0,2.0,0.0,0.0,0.0,0.0,0.0,0.0,0.0,0.0,0.0,0.0,0.0,0.0,,,,,,
Drake Maye,MayeDr00,2024,22,NWE,QB,13,12,3-9-0,225,338,66.6,2276,15,4.4,10,3.0,112,46.0,40.0,6.7,6.29,10.1,175.1,88.1,55.2,34,229,9.14,5.5,5.1,0,0,8,"PB,AP ORoY-8",88.0,91.0,107.0,86.0,89.0,96.0,84.0,102.0,93.0,1084.0,3.2,4.8,7.0,96.0,3.4,11.0,26.0,23.0,246.0,76.2,0.0,0.0,16.4,53.0,83.0,19.9,0.0,0.0,0.0,0.0,0.0,0.0,1.0,2442.0,7.2,14.0,1192.0,5.3,2.3,45.0,9.0,9.0,0.0,0.0,0.0,0.0,0.0,0.0,22.0,4.2,54.0,41.0,64.8,2.0,7.8,32.4,421.0,0.0,,,,,,2.0,54.0,421.0,7.8,0.0,0.0,0.0,0.0,0.0,2.0,27.0,86.0,1.6,335.0,6.2,,,,,,,0.0,4.0,0.0,-26.0,9.0,0.0,0.0,0.0,0.0,0.0,0.0,0.0,0.0,0.0,0.0,0.0,0.0,,,,,,
Drake Maye,MayeDr00,2025,23,NWE,QB,17,17,14-3-0,354,492,72.0,4394,31,6.3,8,1.6,203,54.7,72.0,8.9,9.46,12.4,258.5,113.5,77.1,47,201,8.72,7.78,8.26,1,2,18,"PB,AP-2,AP MVP-2,AP OPoY-5",131.0,137.0,127.0,109.0,134.0,133.0,87.0,121.0,140.0,2648.0,5.4,7.5,11.0,158.0,2.8,13.0,42.0,42.0,373.0,79.0,103.0,1049.0,13.8,65.0,131.0,21.8,39.0,32.0,235.0,7.0,44.0,279.0,0.0,4484.0,9.1,20.0,1746.0,4.9,2.4,62.0,6.9,8.0,1.0,0.1,0.0,0.0,0.1,2.0,38.0,6.1,103.0,28.0,47.6,4.0,4.4,26.5,450.0,1.0,100.0,2.0,0.0,2.0,2.0,4.0,104.0,452.0,4.3,-8.0,0.0,0.0,0.0,10.0,2.0,51.5,115.0,1.1,335.0,3.3,-8.0,-8.0,,0.0,79.2,10.0,0.0,5.0,0.0,-7.0,8.0,0.0,0.0,0.0,0.0,0.0,0.0,0.0,0.0,0.0,0.0,0.0,0.0,,,,,,
Drew Bledsoe,BledDr00,1993,21,NWE,QB,13,12,5-7-0,214,429,49.9,2494,15,3.5,15,3.5,130,39.3,54.0,5.8,4.94,11.7,191.8,65.0,,16,99,3.6,5.38,4.54,2,2,6,,92.0,85.0,76.0,98.0,91.0,84.0,121.0,97.0,81.0,,,,,,,,,,,,,,,,,,,,,,,,,,,,,,,,,8.0,0.0,0.0,0.0,0.0,0.0,0.0,6.0,2.5,32.0,15.0,28.1,0.0,2.6,6.3,82.0,0.0,,,,,,0.0,32.0,82.0,2.6,,,,,,,,,,,,,,,,,,0.0,5.0,0.0,-23.0,8.0,0.0,0.0,0.0,0.0,,,0.0,0.0,0.0,0.0,,0.0,,,,,,
Drew Bledsoe,BledDr00,1994,22,NWE,QB,16,16,10-6-0,400,691,57.9,4555,25,3.6,27,3.9,242,48.2,62.0,6.6,5.56,11.4,284.7,73.6,,22,139,3.09,6.19,5.19,3,3,13,PB,98.0,92.0,99.0,88.0,105.0,94.0,121.0,98.0,97.0,,,,,,,,,,,,,,,,,,,,,,,,,,,,,,,,,9.0,0.0,0.0,0.0,0.0,0.0,0.0,13.0,2.8,44.0,7.0,36.4,0.0,0.9,2.5,40.0,0.0,,,,,,0.0,44.0,40.0,0.9,,,,,,,,,,,,,,,,,,0.0,3.0,0.0,-5.0,9.0,0.0,0.0,0.0,0.0,,,0.0,0.0,0.0,0.0,,0.0,,,,,,
Drew Bledsoe,BledDr00,1995,23,NWE,QB,15,15,6-9-0,323,636,50.8,3507,13,2.0,16,2.5,192,38.1,47.0,5.5,4.79,10.9,233.8,63.7,,23,170,3.49,5.06,4.37,2,2,8,,86.0,80.0,76.0,111.0,80.0,79.0,118.0,76.0,70.0,,,,,,,,,,,,,,,,,,,,,,,,,,,,,,,,,11.0,1.0,0.1,0.0,0.0,-0.6,-9.0,4.0,1.3,20.0,15.0,20.0,0.0,1.4,1.9,28.0,1.0,100.0,-9.0,0.0,-9.0,-9.0,0.0,21.0,19.0,0.9,,,,,,,,,,,,,,,,,,0.0,1.0,0.0,-8.0,11.0,0.0,0.0,0.0,0.0,,,0.0,0.0,0.0,0.0,,0.0,,,,,,
Drew Bledsoe,BledDr00,1996,24,NWE,QB,16,16,11-5-0,373,623,59.9,4086,27,4.3,15,2.4,206,45.6,84.0,6.6,6.34,11.0,255.4,83.7,,30,190,4.59,5.97,5.76,3,4,16,PB,108.0,104.0,110.0,112.0,103.0,109.0,113.0,105.0,96.0,,,,,,,,,,,,,,,,,,,,,,,,,,,,,,,,,9.0,0.0,0.0,0.0,0.0,0.0,0.0,7.0,1.5,24.0,8.0,29.2,0.0,1.1,1.7,27.0,0.0,,,,,,0.0,24.0,27.0,1.1,,,,,,,,,,,,,,,,,,0.0,1.0,0.0,-2.0,9.0,0.0,0.0,0.0,0.0,,,0.0,0.0,0.0,0.0,,0.0,,,,,,
Drew Bledsoe,BledDr00,1997,25,NWE,QB,16,16,10-6-0,314,522,60.2,3706,28,5.4,15,2.9,168,44.2,76.0,7.1,6.88,11.8,231.6,87.7,,30,258,5.43,6.25,6.04,0,1,14,PB,111.0,110.0,113.0,105.0,108.0,113.0,109.0,114.0,107.0,,,,,,,,,,,,,,,,,,,,,,,,,,,,,,,,,4.0,0.0,0.0,0.0,0.0,0.0,0.0,10.0,1.8,28.0,8.0,50.0,0.0,2.0,3.4,55.0,0.0,,,,,,0.0,28.0,55.0,2.0,,,,,,,,,,,,,,,,,,0.0,3.0,0.0,-4.0,4.0,0.0,0.0,0.0,0.0,,,0.0,0.0,0.0,0.0,,0.0,,,,,,
Drew Bledsoe,BledDr00,1998,26,NWE,QB,14,14,8-6-0,263,481,54.7,3633,20,4.2,14,2.9,166,41.6,86.0,7.6,7.07,13.8,259.5,80.9,,36,295,6.96,6.46,6.01,3,4,12,,109.0,111.0,92.0,104.0,112.0,104.0,101.0,101.0,114.0,,,,,,,,,,,,,,,,,,,,,,,,,,,,,,,,,9.0,0.0,0.0,0.0,0.0,0.0,0.0,7.0,2.0,28.0,10.0,42.9,0.0,1.6,3.1,44.0,0.0,,,,,,0.0,28.0,44.0,1.6,,,,,,,,,,,,,,,,,,0.0,4.0,0.0,-10.0,9.0,0.0,0.0,0.0,0.0,,,0.0,0.0,0.0,0.0,,0.0,,,,,,
Drew Bledsoe,BledDr00,1999,27,NWE,QB,16,16,8-8-0,305,539,56.6,3985,19,3.5,21,3.9,184,42.1,68.0,7.4,6.35,13.1,249.1,75.6,,55,342,9.26,6.13,5.18,2,2,11,,99.0,103.0,97.0,92.0,104.0,97.0,87.0,95.0,110.0,,,,,,,,,,,,,,,,,,,,,,,,,,,,,,,,,8.0,0.0,0.0,0.0,0.0,0.0,0.0,12.0,2.6,42.0,25.0,31.0,0.0,2.4,6.3,101.0,0.0,,,,,,0.0,42.0,101.0,2.4,,,,,,,,,,,,,,,,,,0.0,6.0,0.0,-13.0,8.0,0.0,0.0,0.0,0.0,0.0,,0.0,0.0,0.0,0.0,0.0,0.0,,,,,,
Drew Bledsoe,BledDr00,2000,28,NWE,QB,16,16,5-11-0,312,531,58.8,3291,17,3.2,13,2.4,165,43.4,59.0,6.2,5.74,10.5,205.7,77.3,,45,264,7.81,5.26,4.83,2,3,11,,95.0,96.0,103.0,114.0,89.0,99.0,94.0,92.0,90.0,,,,,,,,,,,,,,,,,,,,,,,,,,,,,,,,,9.0,0.0,0.0,0.0,0.0,0.0,0.0,14.0,2.9,47.0,16.0,44.7,2.0,3.4,9.9,158.0,0.0,,,,,,2.0,47.0,158.0,3.4,,,,,,,,,,,,,,,,,,0.0,3.0,0.0,-20.0,9.0,0.0,0.0,0.0,0.0,0.0,,0.0,0.0,0.0,0.0,0.0,0.0,,,,,,
Drew Bledsoe,BledDr00,2001,29,NWE,QB,2,2,0-2-0,40,66,60.6,400,2,3.0,2,3.0,18,40.8,58.0,6.1,5.3,10.0,200.0,75.3,,5,21,7.04,5.34,4.63,0,0,2,,91.0,89.0,106.0,103.0,90.0,95.0,98.0,88.0,87.0,,,,,,,,,,,,,,,,,,,,,,,,,,,,,,,,,1.0,0.0,0.0,0.0,0.0,0.0,0.0,1.0,2.5,5.0,8.0,20.0,0.0,3.6,9.0,18.0,0.0,,,,,,0.0,5.0,18.0,3.6,,,,,,,,,,,,,,,,,,0.0,1.0,0.0,0.0,1.0,0.0,0.0,0.0,0.0,0.0,,0.0,0.0,0.0,0.0,0.0,0.0,,,,,,
Drew Bledsoe,BledDr00,2002,30,BUF,QB,16,16,8-8-0,375,610,61.5,4359,24,3.9,15,2.5,222,47.3,73.0,7.1,6.83,11.6,272.4,86.0,,54,369,8.13,6.01,5.72,2,4,14,"PB,AP CPoY-3",107.0,112.0,108.0,113.0,103.0,110.0,89.0,100.0,110.0,,,,,,,,,,,,,,,,,,,,,,,,,,,,,,,,,11.0,0.0,0.0,0.0,0.0,0.0,0.0,10.0,1.7,27.0,11.0,48.1,2.0,2.5,4.2,67.0,0.0,,,,,,2.0,27.0,67.0,2.5,,,,,,,,,,,,,,,,,,0.0,2.0,0.0,-8.0,11.0,0.0,0.0,0.0,0.0,0.0,,0.0,0.0,,,,,,,,,,
Drew Bledsoe,BledDr00,2003,31,BUF,QB,16,16,6-10-0,274,471,58.2,2860,11,2.3,12,2.5,141,40.0,54.0,6.1,5.39,10.4,178.8,73.0,,49,371,9.42,4.79,4.17,1,1,7,,84.0,90.0,96.0,110.0,79.0,90.0,80.0,78.0,87.0,,,,,,,,,,,,,,,,,,,,,,,,,,,,,,,,,15.0,0.0,0.0,0.0,0.0,0.0,0.0,5.0,1.5,24.0,11.0,25.0,2.0,1.2,1.8,29.0,0.0,,,,,,2.0,24.0,29.0,1.2,,,,,,,,,,,,,,,,,,0.0,4.0,0.0,-18.0,15.0,0.0,0.0,0.0,0.0,0.0,,0.0,0.0,0.0,0.0,0.0,0.0,,,,,,
Drew Bledsoe,BledDr00,2004,32,BUF,QB,16,16,9-7-0,256,450,56.9,2932,20,4.4,16,3.6,143,41.9,69.0,6.5,5.8,11.5,183.3,76.6,,37,215,7.6,5.58,4.92,0,0,10,,94.0,95.0,92.0,93.0,94.0,95.0,93.0,104.0,95.0,,,,,,,,,,,,,,,,,,,,,,,,,,,,,,,,,9.0,0.0,0.0,0.0,0.0,0.0,0.0,3.0,1.4,22.0,17.0,31.8,0.0,1.7,2.3,37.0,0.0,,,,,,0.0,22.0,37.0,1.7,,,,,,,,,,,,,,,,,,0.0,2.0,0.0,-56.0,9.0,0.0,0.0,0.0,0.0,0.0,,0.0,0.0,,,,,,,,,,
Drew Bledsoe,BledDr00,2005,33,DAL,QB,16,16,9-7-0,300,499,60.1,3639,23,4.6,17,3.4,178,43.4,71.0,7.3,6.68,12.1,227.4,83.7,,49,295,8.94,6.1,5.55,4,5,11,,101.0,105.0,101.0,95.0,101.0,103.0,86.0,106.0,107.0,,,,,,,,,,,,,,,,,,,,,,,,,,,,,,,,,17.0,0.0,0.0,0.0,0.0,0.0,0.0,7.0,2.1,34.0,9.0,29.4,2.0,1.5,3.1,50.0,0.0,,,,,,2.0,34.0,50.0,1.5,,,,,,,,,,,,,,,,,,0.0,3.0,0.0,-12.0,17.0,0.0,0.0,0.0,0.0,0.0,,0.0,0.0,0.0,0.0,0.0,0.0,,,,,,
Drew Bledsoe,BledDr00,2006,34,DAL,QB,6,6,3-3-0,90,169,53.3,1164,7,4.1,8,4.7,54,39.5,51.0,6.9,5.59,12.9,194.0,69.2,46.1,16,107,8.65,5.71,4.52,0,0,4,,89.0,92.0,76.0,74.0,95.0,84.0,86.0,101.0,101.0,,,,,,,,,,,,,,,,,,,,,,,,,,,,,,,,,3.0,0.0,0.0,0.0,0.0,0.0,0.0,6.0,1.3,8.0,11.0,75.0,2.0,3.5,4.7,28.0,0.0,,,,,,2.0,8.0,28.0,3.5,,,,,,,,,,,,,,,,,,0.0,1.0,0.0,0.0,3.0,0.0,0.0,0.0,0.0,0.0,,0.0,0.0,,,,,,,,,,
Drew Brees,BreeDr00,2001,22,SDG,QB,1,0,,15,27,55.6,221,1,3.7,0,0.0,11,48.3,40.0,8.2,8.93,14.7,221.0,94.8,,2,12,6.9,7.21,7.9,0,0,1,,,,,,,,,,,,,,,,,,,,,,,,,,,,,,,,,,,,,,,,,,,2.0,0.0,0.0,0.0,0.0,0.0,0.0,1.0,2.0,2.0,13.0,100.0,0.0,9.0,18.0,18.0,0.0,,,,,,0.0,2.0,18.0,9.0,,,,,,,,,,,,,,,,,,0.0,1.0,0.0,0.0,2.0,0.0,0.0,0.0,0.0,0.0,,0.0,0.0,0.0,0.0,0.0,0.0,,,,,,
Drew Brees,BreeDr00,2002,23,SDG,QB,16,16,8-8-0,320,526,60.8,3284,17,3.2,16,3.0,164,42.7,52.0,6.2,5.52,10.3,205.3,76.9,,24,180,4.36,5.64,4.95,2,4,10,,95.0,92.0,106.0,103.0,95.0,97.0,114.0,90.0,90.0,,,,,,,,,,,,,,,,,,,,,,,,,,,,,,,,,2.0,0.0,0.0,0.0,0.0,0.0,0.0,11.0,2.4,38.0,15.0,31.6,1.0,3.4,8.1,130.0,0.0,,,,,,1.0,38.0,130.0,3.4,,,,,,,,,,,,,,,,,,0.0,2.0,0.0,0.0,2.0,0.0,0.0,0.0,0.0,0.0,,0.0,0.0,0.0,0.0,0.0,0.0,,,,,,
Drew Brees,BreeDr00,2003,24,SDG,QB,11,11,2-9-0,205,356,57.6,2108,11,3.1,15,4.2,94,35.3,68.0,5.9,4.64,10.3,191.6,67.5,,21,178,5.57,5.12,3.91,0,1,6,,81.0,80.0,94.0,82.0,85.0,83.0,106.0,87.0,84.0,,,,,,,,,,,,,,,,,,,,,,,,,,,,,,,,,5.0,1.0,0.1,1.0,1.0,1.9,21.0,8.0,1.9,21.0,18.0,47.6,0.0,4.0,7.6,84.0,1.0,100.0,21.0,100.0,21.0,21.0,1.0,22.0,105.0,4.8,,,,,,,,,,,,,,,,,,0.0,0.0,0.0,-1.0,5.0,0.0,0.0,0.0,0.0,0.0,,0.0,0.0,0.0,0.0,0.0,0.0,,,,,,
Drew Brees,BreeDr00,2004,25,SDG,QB,15,15,11-4-0,262,400,65.5,3159,27,6.8,7,1.8,142,48.3,79.0,7.9,8.46,12.1,210.6,104.8,,18,131,4.31,7.24,7.78,1,2,17,"PB,AP OPoY-5,AP CPoY-1",129.0,127.0,120.0,125.0,122.0,131.0,116.0,132.0,119.0,,,,,,,,,,,,,,,,,,,,,,,,,,,,,,,,,7.0,1.0,0.1,1.0,0.0,2.5,38.0,18.0,3.5,53.0,22.0,39.6,2.0,1.6,5.7,85.0,1.0,100.0,38.0,100.0,38.0,38.0,2.0,54.0,123.0,2.3,,,,,,,,,,,,,,,,,,0.0,3.0,0.0,-9.0,7.0,0.0,0.0,0.0,0.0,0.0,,0.0,0.0,0.0,0.0,0.0,0.0,,,,,,
Drew Brees,BreeDr00,2005,26,SDG,QB,16,16,9-7-0,323,500,64.6,3576,24,4.8,15,3.0,183,48.2,54.0,7.2,6.76,11.1,223.5,89.2,,27,223,5.12,6.36,5.99,2,2,15,,106.0,105.0,116.0,102.0,106.0,110.0,110.0,108.0,104.0,,,,,,,,,,,,,,,,,,,,,,,,,,,,,,,,,8.0,0.0,0.0,0.0,0.0,0.0,0.0,8.0,1.3,21.0,9.0,47.6,1.0,2.3,3.1,49.0,1.0,0.0,,0.0,,0.0,1.0,21.0,49.0,2.3,,,,,,,,,,,,,,,,,,0.0,0.0,0.0,0.0,8.0,0.0,0.0,0.0,0.0,0.0,,0.0,0.0,0.0,0.0,0.0,0.0,,,,,,
Drew Brees,BreeDr00,2006,27,NOR,QB,16,16,10-6-0,356,554,64.3,4418,26,4.7,11,2.0,202,50.0,86.0,8.0,8.02,12.4,276.1,96.2,66.7,18,105,3.15,7.54,7.58,1,2,15,"PB,AP-1,AP MVP-2,AP OPoY-2,AP CPoY-2",127.0,123.0,114.0,118.0,127.0,120.0,121.0,108.0,123.0,,,,,,,,,,,,,,,,,,,,,,,,,,,,,,,,,8.0,0.0,0.0,0.0,0.0,0.0,0.0,5.0,2.6,42.0,16.0,11.9,0.0,0.8,2.0,32.0,0.0,,,,,,0.0,42.0,32.0,0.8,,,,,,,,,,,,,,,,,,0.0,1.0,0.0,-3.0,8.0,0.0,0.0,0.0,0.0,0.0,0.0,0.0,0.0,0.0,0.0,0.0,0.0,,,,,,
Drew Brees,BreeDr00,2007,28,NOR,QB,16,16,7-9-0,440,652,67.5,4423,28,4.3,18,2.8,233,53.0,58.0,6.8,6.4,10.1,276.4,89.4,64.6,16,109,2.4,6.46,6.08,1,1,14,,107.0,101.0,124.0,104.0,107.0,110.0,124.0,103.0,98.0,,,,,,,,,,,,,,,,,,,,,,,,,,,,,,,,,9.0,2.0,0.1,0.0,0.0,0.6,10.0,8.0,1.4,23.0,9.0,34.8,1.0,2.3,3.3,52.0,2.0,100.0,8.0,50.0,5.0,5.0,1.0,25.0,62.0,2.5,,,,,,,,,,,,,,,,,,0.0,0.0,0.0,-6.0,9.0,0.0,0.0,0.0,0.0,0.0,0.0,0.0,0.0,0.0,0.0,0.0,0.0,,,,,,
Drew Brees,BreeDr00,2008,29,NOR,QB,16,16,8-8-0,413,635,65.0,5069,34,5.4,17,2.7,233,52.0,84.0,8.0,7.85,12.3,316.8,96.2,65.7,13,92,2.01,7.68,7.55,2,2,17,"PB,AP-2,AP OPoY-1",122.0,117.0,113.0,104.0,126.0,116.0,128.0,114.0,120.0,,,,,,,,,,,,,,,,,,,,,,,,,,,,,,,,,6.0,0.0,0.0,0.0,0.0,0.0,0.0,4.0,1.4,22.0,9.0,22.7,0.0,0.0,-0.1,-1.0,0.0,,,,,,0.0,22.0,-1.0,0.0,,,,,,,,,,,,,,,,,,0.0,2.0,0.0,-34.0,6.0,0.0,0.0,0.0,0.0,0.0,0.0,0.0,0.0,0.0,0.0,0.0,0.0,,,,,,
Drew Brees,BreeDr00,2009,30,NOR,QB,15,15,13-2-0,363,514,70.6,4388,34,6.6,11,2.1,210,53.9,75.0,8.5,8.9,12.1,292.5,109.6,82.0,20,135,3.75,7.96,8.31,2,4,16,"PB,AP-2,AP MVP-2,AP OPoY-2",131.0,129.0,133.0,111.0,132.0,132.0,117.0,131.0,129.0,,,,,,,,,,,,,,,,,,,,,,,,,,,,,,,,,10.0,1.0,0.1,0.0,0.0,-0.3,-4.0,8.0,1.5,22.0,10.0,40.9,2.0,1.5,2.2,33.0,1.0,100.0,-4.0,0.0,-4.0,-4.0,2.0,23.0,29.0,1.3,,,,,,,,,,,,,,,,,,0.0,2.0,0.0,0.0,10.0,0.0,0.0,0.0,0.0,0.0,0.0,0.0,0.0,0.0,0.0,0.0,0.0,,,,,,
Drew Brees,BreeDr00,2010,31,NOR,QB,16,16,11-5-0,448,658,68.1,4620,33,5.0,22,3.3,238,51.2,80.0,7.0,6.52,10.3,288.8,90.9,70.8,25,185,3.66,6.49,6.01,4,5,14,PB,103.0,99.0,124.0,95.0,104.0,108.0,119.0,109.0,99.0,,,,,,,,,,,,,,,,,,,,,,,,,,,,,,,,,9.0,1.0,0.1,0.0,0.0,0.4,7.0,1.0,1.1,18.0,7.0,11.1,0.0,-0.2,-0.2,-3.0,1.0,100.0,7.0,0.0,7.0,7.0,0.0,19.0,4.0,0.2,,,,,,,,,,,,,,,,,,0.0,5.0,0.0,0.0,9.0,0.0,0.0,0.0,0.0,0.0,0.0,0.0,0.0,0.0,0.0,0.0,0.0,,,,,,
Drew Brees,BreeDr00,2011,32,NOR,QB,16,16,13-3-0,468,657,71.2,5476,46,7.0,14,2.1,279,56.5,79.0,8.3,8.78,11.7,342.3,110.6,82.3,24,158,3.52,7.81,8.23,3,4,20,"PB,AP-2,AP MVP-2,AP OPoY-1",132.0,128.0,137.0,111.0,130.0,133.0,122.0,131.0,125.0,,,,,,,,,,,,,,,,,,,,,,,,,,,,,,,,,1.0,0.0,0.0,0.0,0.0,0.0,0.0,5.0,1.3,21.0,20.0,52.4,1.0,4.1,5.4,86.0,0.0,,,,,,1.0,21.0,86.0,4.1,,,,,,,,,,,,,,,,,,0.0,0.0,0.0,-15.0,1.0,0.0,0.0,0.0,0.0,0.0,0.0,0.0,0.0,0.0,0.0,0.0,0.0,,,,,,
Drew Brees,BreeDr00,2012,33,NOR,QB,16,16,7-9-0,422,670,63.0,5177,43,6.4,19,2.8,266,50.3,80.0,7.7,7.73,12.3,323.6,96.3,68.7,26,190,3.74,7.17,7.17,1,2,15,PB,116.0,112.0,108.0,99.0,117.0,113.0,122.0,123.0,112.0,,,,,,,,,,,,,,,,,,,,,,,,,,,,,,,,,5.0,0.0,0.0,0.0,0.0,0.0,0.0,2.0,0.9,15.0,11.0,13.3,1.0,0.3,0.3,5.0,0.0,,,,,,1.0,15.0,5.0,0.3,,,,,,,,,,,,,,,,,,0.0,2.0,0.0,0.0,5.0,0.0,0.0,0.0,0.0,0.0,0.0,0.0,0.0,0.0,0.0,0.0,0.0,,,,,,
Drew Brees,BreeDr00,2013,34,NOR,QB,16,16,11-5-0,446,650,68.6,5162,39,6.0,12,1.8,246,52.0,76.0,7.9,8.31,11.6,322.6,104.7,69.1,37,244,5.39,7.16,7.51,2,2,17,"PB,AP OPoY-4",121.0,121.0,127.0,114.0,119.0,123.0,108.0,118.0,119.0,,,,,,,,,,,,,,,,,,,,,,,,,,,,,,,,,6.0,0.0,0.0,0.0,0.0,0.0,0.0,6.0,2.2,35.0,16.0,28.6,3.0,1.5,3.3,52.0,0.0,,,,,,3.0,35.0,52.0,1.5,,,,,,,,,,,,,,,,,,0.0,0.0,0.0,0.0,6.0,0.0,0.0,0.0,0.0,0.0,,0.0,0.0,0.0,0.0,,0.0,,,,,,
Drew Brees,BreeDr00,2014,35,NOR,QB,16,16,7-9-0,456,659,69.2,4952,33,5.0,17,2.6,259,52.9,69.0,7.5,7.36,10.9,309.5,97.0,73.2,29,186,4.22,6.93,6.77,2,2,16,PB,109.0,106.0,128.0,100.0,113.0,112.0,116.0,106.0,108.0,,,,,,,,,,,,,,,,,,,,,,,,,,,,,,,,,7.0,1.0,0.1,0.0,0.0,0.1,1.0,6.0,1.7,27.0,13.0,40.7,1.0,2.5,4.3,68.0,1.0,100.0,1.0,0.0,1.0,1.0,1.0,28.0,69.0,2.5,,,,,,,,,,,,,,,,,,0.0,4.0,0.0,-22.0,7.0,0.0,0.0,0.0,0.0,0.0,0.0,0.0,0.0,0.0,0.0,0.0,0.0,,,,,,
Drew Brees,BreeDr00,2015,36,NOR,QB,15,15,7-8-0,428,627,68.3,4870,32,5.1,11,1.8,228,48.5,80.0,7.8,8.0,11.4,324.7,101.0,66.8,31,235,4.71,7.04,7.26,1,2,14,,116.0,115.0,121.0,111.0,115.0,117.0,111.0,108.0,114.0,,,,,,,,,,,,,,,,,,,,,,,,,,,,,,,,,5.0,0.0,0.0,0.0,0.0,0.0,0.0,5.0,1.6,24.0,12.0,20.8,1.0,0.6,0.9,14.0,0.0,,,,,,1.0,24.0,14.0,0.6,,,,,,,,,,,,,,,,,,0.0,2.0,0.0,0.0,5.0,0.0,0.0,0.0,0.0,0.0,0.0,0.0,0.0,0.0,0.0,0.0,0.0,0%,100%,0%,0.0,1088.0,0.0
Drew Brees,BreeDr00,2016,37,NOR,QB,16,16,7-9-0,471,673,70.0,5208,37,5.5,15,2.2,265,53.9,98.0,7.7,7.84,11.1,325.5,101.7,66.8,27,184,3.86,7.18,7.27,2,4,16,"PB,AP OPoY-6",116.0,112.0,129.0,102.0,119.0,118.0,118.0,113.0,114.0,,,,,,,,,,,,,,,,,,,,,,,,,,,,,,,,,5.0,0.0,0.0,0.0,0.0,0.0,0.0,7.0,1.4,23.0,7.0,30.4,2.0,0.9,1.3,20.0,0.0,,,,,,2.0,23.0,20.0,0.9,,,,,,,,,,,,,,,,,,0.0,1.0,0.0,0.0,5.0,0.0,0.0,0.0,0.0,0.0,0.0,0.0,0.0,0.0,0.0,0.0,0.0,,,,,,
Drew Brees,BreeDr00,2017,38,NOR,QB,16,16,11-5-0,386,536,72.0,4334,23,4.3,8,1.5,203,51.6,54.0,8.1,8.27,11.2,270.9,103.9,63.1,20,145,3.6,7.53,7.71,2,2,17,PB,121.0,117.0,131.0,114.0,124.0,119.0,120.0,99.0,119.0,,,,,,,,,,,,,,,,,,,,,,,,,,,,,,,,,5.0,0.0,0.0,0.0,0.0,0.0,0.0,7.0,2.1,33.0,7.0,30.3,2.0,0.4,0.8,12.0,0.0,,,,,,2.0,33.0,12.0,0.4,,,,,,,,,,,,,,,,,,0.0,3.0,0.0,-12.0,5.0,0.0,0.0,0.0,0.0,0.0,0.0,0.0,0.0,0.0,0.0,0.0,0.0,,,,,,
Drew Brees,BreeDr00,2018,39,NOR,QB,15,15,13-2-0,364,489,74.4,3992,32,6.5,5,1.0,197,57.3,72.0,8.2,9.01,11.0,266.1,115.7,79.2,17,121,3.36,7.65,8.47,6,7,16,"PB,AP-2,AP MVP-2,AP OPoY-2",131.0,126.0,141.0,122.0,125.0,134.0,125.0,122.0,119.0,2165.0,4.4,5.9,0.0,137.0,4.6,22.0,24.0,43.0,,,,,10.3,49.0,84.0,16.5,,,,,,,0.0,3495.0,7.1,13.0,1827.0,5.0,2.4,4.0,6.8,5.0,1.0,0.1,0.0,0.0,0.1,1.0,11.0,2.1,31.0,11.0,38.7,4.0,0.7,1.5,22.0,1.0,100.0,1.0,0.0,1.0,1.0,4.0,32.0,23.0,0.7,-2.0,0.0,0.0,0.0,3.0,1.0,31.0,5.0,0.2,17.0,0.5,-2.0,-2.0,,0.0,79.2,3.0,0.0,4.0,0.0,0.0,5.0,0.0,0.0,0.0,0.0,0.0,0.0,0.0,0.0,0.0,0.0,0.0,0.0,,,,,,
Drew Brees,BreeDr00,2019,40,NOR,QB,11,11,8-3-0,281,378,74.3,2979,27,7.1,4,1.1,159,56.2,61.0,7.9,8.83,10.6,270.8,116.3,73.3,12,89,3.08,7.41,8.33,1,2,11,PB,126.0,122.0,139.0,121.0,119.0,132.0,125.0,125.0,112.0,1488.0,3.9,5.3,4.0,114.0,3.6,13.0,17.0,25.0,306.0,84.1,53.0,492.0,10.7,39.0,54.0,13.8,2.0,2.0,27.0,0.0,0.0,27.0,5.0,2429.0,6.4,9.0,1491.0,5.3,2.3,0.0,,0.0,0.0,0.0,0.0,0.0,0.0,0.0,2.0,0.8,9.0,2.0,22.2,1.0,-0.4,-0.4,-4.0,0.0,,,,,,1.0,9.0,-4.0,-0.4,0.0,0.0,0.0,0.0,0.0,0.0,,0.0,0.0,-4.0,-0.4,,,,,,,,,,,,,,,,,,,,,,,,,,,,,
Drew Brees,BreeDr00,2020,41,NOR,QB,12,12,9-3-0,275,390,70.5,2942,24,6.2,6,1.5,149,52.6,52.0,7.5,8.08,10.7,245.2,106.4,68.3,13,89,3.23,7.08,7.6,1,3,10,,118.0,114.0,126.0,114.0,115.0,120.0,124.0,116.0,107.0,1464.0,3.8,5.3,3.0,92.0,5.5,21.0,33.0,13.0,308.0,80.8,55.0,430.0,13.4,51.0,59.0,14.6,5.0,5.0,34.0,0.0,0.0,34.0,2.0,2361.0,6.1,7.0,1478.0,5.4,2.4,2.0,1.5,6.0,0.0,0.0,0.0,0.0,0.0,0.0,4.0,1.5,18.0,3.0,22.2,2.0,-0.1,-0.2,-2.0,0.0,,,,,,2.0,18.0,-2.0,-0.1,0.0,0.0,0.0,0.0,0.0,0.0,,4.0,0.2,-6.0,-0.3,,,,,,,0.0,2.0,0.0,0.0,6.0,0.0,0.0,0.0,0.0,0.0,0.0,0.0,0.0,0.0,0.0,0.0,0.0,0%,89%,0%,0.0,717.0,0.0
Eli Manning,MannEl00,2004,23,NYG,QB,9,7,1-6-0,95,197,48.2,1043,6,3.0,9,4.6,50,36.2,52.0,5.3,3.85,11.0,115.9,55.4,,13,83,6.19,4.57,3.21,1,1,-1,,74.0,71.0,63.0,76.0,77.0,68.0,103.0,88.0,73.0,,,,,,,,,,,,,,,,,,,,,,,,,,,,,,,,,3.0,0.0,0.0,0.0,0.0,0.0,0.0,2.0,0.7,6.0,15.0,50.0,0.0,5.8,3.9,35.0,0.0,,,,,,0.0,6.0,35.0,5.8,,,,,,,,,,,,,,,,,,0.0,0.0,0.0,-9.0,3.0,0.0,0.0,0.0,0.0,0.0,,0.0,0.0,,,,,,,,,,
Eli Manning,MannEl00,2005,24,NYG,QB,16,16,11-5-0,294,557,52.8,3762,24,4.3,17,3.1,176,42.4,78.0,6.8,6.24,12.8,235.1,75.9,,28,184,4.79,6.12,5.63,1,2,15,,102.0,99.0,77.0,101.0,102.0,93.0,112.0,103.0,97.0,,,,,,,,,,,,,,,,,,,,,,,,,,,,,,,,,9.0,0.0,0.0,0.0,0.0,0.0,0.0,6.0,1.8,29.0,14.0,34.5,1.0,2.8,5.0,80.0,0.0,,,,,,1.0,29.0,80.0,2.8,,,,,,,,,,,,,,,,,,0.0,0.0,0.0,0.0,9.0,0.0,0.0,0.0,0.0,0.0,,0.0,0.0,,,,,,,,,,
Eli Manning,MannEl00,2006,25,NYG,QB,16,16,8-8-0,301,522,57.7,3244,24,4.6,18,3.4,162,44.4,55.0,6.2,5.58,10.8,202.8,77.0,48.6,25,186,4.57,5.59,4.99,2,2,12,,95.0,92.0,91.0,95.0,93.0,95.0,112.0,107.0,88.0,,,,,,,,,,,,,,,,,,,,,,,,,,,,,,,,,9.0,0.0,0.0,0.0,0.0,0.0,0.0,5.0,1.6,25.0,9.0,24.0,0.0,0.8,1.3,21.0,0.0,,,,,,0.0,25.0,21.0,0.8,,,,,,,,,,,,,,,,,,0.0,1.0,0.0,-3.0,9.0,0.0,0.0,0.0,0.0,0.0,,0.0,0.0,,,,,,,,,,
Eli Manning,MannEl00,2007,26,NYG,QB,16,16,10-6-0,297,529,56.1,3336,23,4.3,20,3.8,167,42.8,60.0,6.3,5.47,11.2,208.5,73.9,52.0,27,217,4.86,5.61,4.82,3,3,10,,91.0,88.0,84.0,88.0,92.0,89.0,108.0,104.0,88.0,,,,,,,,,,,,,,,,,,,,,,,,,,,,,,,,,13.0,0.0,0.0,0.0,0.0,0.0,0.0,9.0,1.8,29.0,18.0,37.9,1.0,2.4,4.3,69.0,0.0,,,,,,1.0,29.0,69.0,2.4,,,,,,,,,,,,,,,,,,0.0,4.0,0.0,-5.0,13.0,0.0,0.0,0.0,0.0,0.0,0.0,0.0,0.0,0.0,0.0,0.0,0.0,,,,,,
Eli Manning,MannEl00,2008,27,NYG,QB,16,16,12-4-0,289,479,60.3,3238,21,4.4,10,2.1,168,48.0,48.0,6.8,6.7,11.2,202.4,86.4,66.9,27,174,5.34,6.06,6.0,3,3,12,PB,104.0,104.0,98.0,113.0,99.0,104.0,105.0,103.0,97.0,,,,,,,,,,,,,,,,,,,,,,,,,,,,,,,,,5.0,0.0,0.0,0.0,0.0,0.0,0.0,3.0,1.3,20.0,13.0,25.0,1.0,0.5,0.6,10.0,0.0,,,,,,1.0,20.0,10.0,0.5,,,,,,,,,,,,,,,,,,0.0,0.0,0.0,0.0,5.0,0.0,0.0,0.0,0.0,0.0,,0.0,0.0,0.0,0.0,,0.0,,,,,,
Eli Manning,MannEl00,2009,28,NYG,QB,16,16,8-8-0,317,509,62.3,4021,27,5.3,14,2.8,183,46.4,74.0,7.9,7.72,12.7,251.3,93.1,71.7,30,216,5.57,7.06,6.89,1,2,13,,114.0,115.0,105.0,103.0,116.0,112.0,103.0,115.0,117.0,,,,,,,,,,,,,,,,,,,,,,,,,,,,,,,,,13.0,0.0,0.0,0.0,0.0,0.0,0.0,5.0,1.1,17.0,14.0,41.2,0.0,3.8,4.1,65.0,0.0,,,,,,0.0,17.0,65.0,3.8,,,,,,,,,,,,,,,,,,0.0,1.0,0.0,0.0,13.0,0.0,0.0,0.0,0.0,0.0,0.0,0.0,0.0,0.0,0.0,0.0,0.0,,,,,,
Eli Manning,MannEl00,2010,29,NYG,QB,16,16,10-6-0,339,539,62.9,4002,31,5.8,25,4.6,169,47.9,92.0,7.4,6.49,11.8,250.1,85.3,57.7,16,117,2.88,7.0,6.09,1,1,12,,104.0,99.0,107.0,77.0,113.0,102.0,125.0,117.0,106.0,,,,,,,,,,,,,,,,,,,,,,,,,,,,,,,,,7.0,0.0,0.0,0.0,0.0,0.0,0.0,4.0,2.0,32.0,16.0,31.3,0.0,2.2,4.4,70.0,0.0,,,,,,0.0,32.0,70.0,2.2,,,,,,,,,,,,,,,,,,0.0,2.0,0.0,-4.0,7.0,0.0,0.0,0.0,0.0,0.0,0.0,0.0,0.0,0.0,0.0,0.0,0.0,,,,,,
Eli Manning,MannEl00,2011,30,NYG,QB,16,16,9-7-0,359,589,61.0,4933,29,4.9,16,2.7,218,48.3,99.0,8.4,8.14,13.7,308.3,92.9,64.2,28,199,4.54,7.67,7.45,5,6,15,"PB,AP CPoY-6",121.0,119.0,101.0,102.0,128.0,111.0,114.0,107.0,126.0,,,,,,,,,,,,,,,,,,,,,,,,,,,,,,,,,8.0,0.0,0.0,0.0,0.0,0.0,0.0,2.0,2.2,35.0,12.0,8.6,1.0,0.4,0.9,15.0,0.0,,,,,,1.0,35.0,15.0,0.4,,,,,,,,,,,,,,,,,,0.0,3.0,0.0,-3.0,8.0,0.0,0.0,0.0,0.0,0.0,0.0,0.0,0.0,0.0,0.0,0.0,0.0,,,,,,
Eli Manning,MannEl00,2012,31,NYG,QB,16,16,9-7-0,321,536,59.9,3948,26,4.9,15,2.8,187,46.7,80.0,7.4,7.08,12.3,246.8,87.2,67.0,19,136,3.42,6.87,6.59,3,3,16,PB,109.0,104.0,97.0,99.0,112.0,102.0,125.0,106.0,105.0,,,,,,,,,,,,,,,,,,,,,,,,,,,,,,,,,5.0,0.0,0.0,0.0,0.0,0.0,0.0,2.0,1.3,20.0,13.0,20.0,0.0,1.5,1.9,30.0,0.0,,,,,,0.0,20.0,30.0,1.5,,,,,,,,,,,,,,,,,,0.0,2.0,0.0,0.0,5.0,0.0,0.0,0.0,0.0,0.0,,0.0,0.0,0.0,0.0,,0.0,,,,,,
Eli Manning,MannEl00,2013,32,NYG,QB,16,16,7-9-0,317,551,57.5,3818,18,3.3,27,4.9,174,41.9,70.0,6.9,5.38,12.0,238.6,69.4,38.6,39,281,6.61,5.99,4.55,1,2,7,,81.0,80.0,84.0,60.0,94.0,77.0,98.0,87.0,95.0,,,,,,,,,,,,,,,,,,,,,,,,,,,,,,,,,7.0,0.0,0.0,0.0,0.0,0.0,0.0,3.0,1.1,18.0,14.0,16.7,0.0,2.0,2.3,36.0,0.0,,,,,,0.0,18.0,36.0,2.0,,,,,,,,,,,,,,,,,,0.0,1.0,0.0,-6.0,7.0,0.0,0.0,0.0,0.0,0.0,,0.0,0.0,0.0,0.0,,0.0,0%,96%,0%,0.0,987.0,0.0
Eli Manning,MannEl00,2014,33,NYG,QB,16,16,6-10-0,379,601,63.1,4410,30,5.0,14,2.3,219,47.4,80.0,7.3,7.29,11.6,275.6,92.1,61.0,28,187,4.45,6.71,6.67,1,1,13,,108.0,105.0,103.0,104.0,108.0,105.0,115.0,106.0,103.0,,,,,,,,,,,,,,,,,,,,,,,,,,,,,,,,,7.0,0.0,0.0,0.0,0.0,0.0,0.0,4.0,0.8,12.0,18.0,33.3,1.0,2.6,1.9,31.0,0.0,,,,,,1.0,12.0,31.0,2.6,,,,,,,,,,,,,,,,,,0.0,0.0,0.0,0.0,7.0,0.0,0.0,0.0,0.0,0.0,,0.0,0.0,0.0,0.0,,0.0,0%,98%,0%,0.0,1109.0,0.0
Eli Manning,MannEl00,2015,34,NYG,QB,16,16,6-10-0,387,618,62.6,4432,35,5.7,14,2.3,206,46.7,87.0,7.2,7.28,11.5,277.0,93.6,57.9,27,157,4.19,6.63,6.74,1,2,14,PB,108.0,104.0,99.0,102.0,106.0,106.0,115.0,115.0,99.0,,,,,,,,,,,,,,,,,,,,,,,,,,,,,,,,,11.0,0.0,0.0,0.0,0.0,0.0,0.0,5.0,1.3,20.0,18.0,20.0,0.0,3.1,3.8,61.0,0.0,,,,,,0.0,20.0,61.0,3.1,,,,,,,,,,,,,,,,,,0.0,4.0,0.0,-19.0,11.0,0.0,0.0,0.0,0.0,0.0,0.0,0.0,0.0,0.0,0.0,0.0,0.0,,,,,,
Eli Manning,MannEl00,2016,35,NYG,QB,16,16,11-5-0,377,598,63.0,4027,26,4.3,16,2.7,191,45.1,75.0,6.7,6.4,10.7,251.7,86.0,45.7,21,142,3.39,6.28,5.95,3,6,9,,97.0,92.0,101.0,94.0,99.0,96.0,122.0,100.0,91.0,,,,,,,,,,,,,,,,,,,,,,,,,,,,,,,,,7.0,0.0,0.0,0.0,0.0,0.0,0.0,2.0,1.3,21.0,6.0,9.5,0.0,-0.4,-0.6,-9.0,0.0,,,,,,0.0,21.0,-9.0,-0.4,,,,,,,,,,,,,,,,,,0.0,0.0,0.0,0.0,7.0,0.0,0.0,0.0,0.0,0.0,,0.0,0.0,0.0,0.0,,0.0,0%,100%,0%,0.0,1062.0,1.0
Eli Manning,MannEl00,2017,36,NYG,QB,15,15,3-12-0,352,571,61.6,3468,19,3.3,13,2.3,172,44.7,77.0,6.1,5.71,9.9,231.2,80.4,47.6,31,189,5.15,5.45,5.11,0,1,7,,86.0,83.0,94.0,101.0,83.0,88.0,109.0,88.0,77.0,,,,,,,,,,,,,,,,,,,,,,,,,,,,,,,,,11.0,0.0,0.0,0.0,0.0,0.0,0.0,2.0,0.8,12.0,14.0,16.7,1.0,2.2,1.7,26.0,0.0,,,,,,1.0,12.0,26.0,2.2,,,,,,,,,,,,,,,,,,0.0,5.0,0.0,-5.0,11.0,0.0,0.0,0.0,0.0,0.0,0.0,0.0,0.0,0.0,0.0,0.0,0.0,0%,100%,0%,0.0,1017.0,0.0
Eli Manning,MannEl00,2018,37,NYG,QB,16,16,5-11-0,380,576,66.0,4299,21,3.6,11,1.9,205,43.0,58.0,7.5,7.33,11.3,268.7,92.4,49.1,47,358,7.54,6.33,6.21,1,2,12,,101.0,104.0,109.0,107.0,101.0,103.0,93.0,91.0,105.0,2147.0,3.7,5.7,0.0,122.0,4.2,24.0,41.0,64.0,,,,,16.6,94.0,152.0,24.2,,,,,,,1.0,4239.0,7.4,9.0,2152.0,5.7,2.4,4.0,4.0,7.0,0.0,0.0,0.0,0.0,0.0,0.0,5.0,0.9,15.0,7.0,46.7,1.0,1.3,1.3,20.0,0.0,,,,,,1.0,15.0,20.0,1.3,0.0,0.0,0.0,0.0,0.0,0.0,,5.0,0.3,15.0,1.0,,,,,,,0.0,2.0,0.0,0.0,7.0,0.0,0.0,0.0,0.0,0.0,0.0,0.0,0.0,0.0,0.0,0.0,0.0,0%,98%,0%,0.0,1009.0,0.0
Eli Manning,MannEl00,2019,38,NYG,QB,4,4,1-3-0,91,147,61.9,1042,6,4.1,5,3.4,47,46.7,55.0,7.1,6.37,11.5,260.5,82.6,36.2,5,44,3.29,6.57,5.88,0,0,3,,95.0,89.0,89.0,80.0,103.0,87.0,123.0,94.0,96.0,625.0,4.3,6.9,4.0,37.0,2.8,4.0,8.0,10.0,106.0,74.1,34.0,282.0,19.6,28.0,23.0,15.0,14.0,14.0,112.0,0.0,0.0,112.0,0.0,1199.0,8.2,4.0,417.0,4.6,2.4,1.0,6.0,3.0,0.0,0.0,0.0,0.0,0.0,0.0,1.0,1.0,4.0,6.0,50.0,0.0,1.8,1.8,7.0,0.0,,,,,,0.0,4.0,7.0,1.8,0.0,0.0,0.0,0.0,0.0,0.0,,2.0,0.5,5.0,1.3,,,,,,,0.0,0.0,0.0,-3.0,3.0,0.0,0.0,0.0,0.0,0.0,0.0,0.0,0.0,0.0,0.0,0.0,0.0,0%,97%,0%,0.0,248.0,0.0
Geno Smith,SmitGe00,2013,23,NYJ,QB,16,16,8-8-0,247,443,55.8,3046,12,2.7,21,4.7,148,39.5,69.0,6.9,5.28,12.3,190.4,66.5,41.0,43,315,8.85,5.62,4.17,2,5,7,,76.0,79.0,78.0,63.0,86.0,73.0,80.0,81.0,94.0,,,,,,,,,,,,,,,,,,,,,,,,,,,,,,,,,8.0,1.0,0.1,1.0,0.0,0.8,13.0,24.0,4.5,72.0,32.0,50.0,6.0,5.1,22.9,366.0,1.0,100.0,13.0,100.0,13.0,13.0,6.0,73.0,379.0,5.2,,,,,,,,,,,,,,,,,,0.0,3.0,0.0,-2.0,8.0,0.0,0.0,0.0,0.0,0.0,0.0,0.0,0.0,0.0,0.0,0.0,0.0,0%,94%,0%,0.0,985.0,0.0
Geno Smith,SmitGe00,2014,24,NYJ,QB,14,13,3-10-0,219,367,59.7,2525,13,3.5,13,3.5,119,41.8,74.0,6.9,5.99,11.5,180.4,77.5,45.8,28,175,7.09,5.95,5.13,1,2,7,,87.0,87.0,89.0,83.0,92.0,85.0,94.0,89.0,93.0,,,,,,,,,,,,,,,,,,,,,,,,,,,,,,,,,8.0,0.0,0.0,0.0,0.0,0.0,0.0,18.0,4.2,59.0,18.0,42.4,1.0,4.0,17.0,238.0,1.0,0.0,,0.0,,0.0,1.0,59.0,238.0,4.0,,,,,,,,,,,,,,,,,,0.0,5.0,0.0,-21.0,8.0,0.0,0.0,0.0,0.0,0.0,0.0,0.0,0.0,0.0,0.0,0.0,0.0,0%,85%,0%,0.0,816.0,0.0
Geno Smith,SmitGe00,2015,25,NYJ,QB,1,0,,27,42,64.3,265,2,4.8,1,2.4,14,53.3,28.0,6.3,6.19,9.8,265.0,87.9,56.9,3,19,6.67,5.47,5.36,0,0,1,,,,,,,,,,,,,,,,,,,,,,,,,,,,,,,,,,,,,,,,,,,0.0,0.0,0.0,0.0,0.0,0.0,0.0,1.0,2.0,2.0,29.0,100.0,0.0,17.0,34.0,34.0,0.0,,,,,,0.0,2.0,34.0,17.0,,,,,,,,,,,,,,,,,,,,,,,,,,,,,,,,,,,0%,89%,0%,0.0,65.0,0.0
Geno Smith,SmitGe00,2016,26,NYJ,QB,2,1,1-0-0,8,14,57.1,126,1,7.1,1,7.1,3,41.2,69.0,9.0,7.21,15.8,63.0,81.2,26.2,3,19,17.65,6.29,4.82,0,0,0,,,,,,,,,,,,,,,,,,,,,,,,,,,,,,,,,,,,,,,,,,,1.0,0.0,0.0,0.0,0.0,0.0,0.0,1.0,1.0,2.0,7.0,50.0,0.0,4.5,4.5,9.0,0.0,,,,,,0.0,2.0,9.0,4.5,,,,,,,,,,,,,,,,,,0.0,0.0,0.0,0.0,1.0,0.0,0.0,0.0,0.0,0.0,,0.0,0.0,0.0,0.0,,0.0,0%,27%,0%,0.0,33.0,0.0
Geno Smith,SmitGe00,2017,27,NYG,QB,2,1,0-1-0,21,36,58.3,212,1,2.8,0,0.0,8,38.5,47.0,5.9,6.44,10.1,106.0,84.5,39.8,3,12,7.69,5.13,5.64,0,0,1,,,,,,,,,,,,,,,,,,,,,,,,,,,,,,,,,,,,,,,,,,,2.0,0.0,0.0,0.0,0.0,0.0,0.0,2.0,2.0,4.0,10.0,50.0,0.0,3.0,6.0,12.0,0.0,,,,,,0.0,4.0,12.0,3.0,,,,,,,,,,,,,,,,,,0.0,0.0,0.0,0.0,2.0,0.0,0.0,0.0,0.0,0.0,0.0,0.0,0.0,0.0,0.0,0.0,0.0,0%,51%,0%,0.0,66.0,0.0
Geno Smith,SmitGe00,2018,28,LAC,QB,5,0,,1,4,25.0,8,0,0.0,0,0.0,0,,8.0,2.0,2.0,8.0,1.6,39.6,0.7,1,16,20.0,-1.6,-1.6,0,0,0,,,,,,,,,,,-3.0,-0.8,-3.0,0.0,1.0,0.0,0.0,2.0,2.0,,,,,0.0,0.0,5.0,83.3,,,,,,,0.0,11.0,2.8,1.0,11.0,11.0,2.6,1.0,9.0,1.0,0.0,0.0,0.0,0.0,0.0,0.0,0.0,1.6,8.0,9.0,12.5,0.0,0.3,0.4,2.0,0.0,,,,,,0.0,8.0,2.0,0.3,0.0,0.0,0.0,0.0,0.0,0.0,,0.0,0.0,2.0,0.3,,,,,,,0.0,0.0,0.0,0.0,1.0,0.0,0.0,0.0,0.0,0.0,0.0,0.0,0.0,0.0,0.0,0.0,0.0,0%,10%,0%,0.0,32.0,0.0
Geno Smith,SmitGe00,2020,30,SEA,QB,1,0,,4,5,80.0,33,0,0.0,0,0.0,3,50.0,14.0,6.6,6.6,8.3,33.0,94.2,3.9,1,3,16.67,5.0,5.0,0,0,0,,,,,,,,,,,19.0,3.8,4.8,0.0,4.0,0.0,0.0,1.0,0.0,4.0,80.0,1.0,14.0,20.0,1.0,2.0,33.3,3.0,1.0,14.0,2.0,-2.0,12.0,0.0,25.0,5.0,0.0,14.0,3.5,2.1,0.0,,1.0,0.0,0.0,0.0,0.0,0.0,0.0,0.0,2.0,2.0,,0.0,0.0,-1.0,-2.0,-2.0,0.0,,,,,,0.0,2.0,-2.0,-1.0,0.0,0.0,0.0,0.0,0.0,0.0,,0.0,0.0,-2.0,-1.0,,,,,,,0.0,0.0,0.0,-6.0,1.0,0.0,0.0,0.0,0.0,0.0,0.0,0.0,0.0,0.0,0.0,0.0,0.0,0%,25%,0%,0.0,18.0,0.0
Geno Smith,SmitGe00,2021,31,SEA,QB,4,3,1-2-0,65,95,68.4,702,5,5.3,1,1.1,31,44.4,84.0,7.4,7.97,10.8,175.5,103.0,51.8,13,117,12.04,5.42,5.93,0,0,2,,97.0,113.0,115.0,124.0,83.0,115.0,59.0,107.0,105.0,342.0,3.6,5.3,3.0,38.0,0.0,0.0,6.0,12.0,65.0,73.9,19.0,214.0,14.8,13.0,31.0,27.7,3.0,3.0,25.0,0.0,0.0,25.0,1.0,669.0,7.0,6.0,360.0,5.5,2.5,4.0,9.3,1.0,0.0,0.0,0.0,0.0,0.0,0.0,3.0,2.3,9.0,12.0,77.8,1.0,4.7,10.5,42.0,0.0,,,,,,1.0,9.0,42.0,4.7,0.0,0.0,0.0,0.0,0.0,2.0,4.5,14.0,1.6,28.0,3.1,,,,,,,0.0,0.0,0.0,0.0,1.0,0.0,0.0,0.0,0.0,0.0,0.0,0.0,0.0,0.0,0.0,0.0,0.0,0%,84%,0%,0.0,203.0,0.0
Geno Smith,SmitGe00,2022,32,SEA,QB,17,17,9-8-0,399,572,69.8,4282,30,5.2,11,1.9,206,48.2,54.0,7.5,7.67,10.7,251.9,100.9,62.8,46,348,7.44,6.37,6.54,2,3,15,"PB,AP MVP-9,AP CPoY-1",108.0,113.0,124.0,108.0,104.0,117.0,93.0,111.0,110.0,2506.0,4.4,6.3,11.0,170.0,3.3,18.0,64.0,37.0,434.0,78.8,135.0,1150.0,11.8,65.0,147.0,22.5,37.0,34.0,278.0,2.0,5.0,283.0,1.0,4325.0,7.6,20.0,1776.0,4.5,2.4,34.0,9.1,8.0,0.0,0.0,0.0,0.0,0.0,0.0,24.0,4.0,68.0,25.0,55.9,1.0,5.4,21.5,366.0,0.0,,,,,,1.0,68.0,366.0,5.4,0.0,0.0,0.0,0.0,0.0,2.0,34.0,40.0,0.6,326.0,4.8,,,,,,,0.0,2.0,0.0,2.0,8.0,0.0,0.0,0.0,0.0,0.0,0.0,0.0,0.0,0.0,1.0,0.0,1.0,,,,,,
Geno Smith,SmitGe00,2023,33,SEA,QB,15,15,8-7-0,323,499,64.7,3624,20,4.0,9,1.8,169,47.2,73.0,7.3,7.25,11.2,241.6,92.1,60.3,31,231,5.85,6.4,6.39,4,5,12,PB,108.0,107.0,102.0,111.0,106.0,105.0,107.0,99.0,105.0,1910.0,3.8,5.9,18.0,145.0,5.1,24.0,46.0,63.0,358.0,75.5,113.0,1115.0,14.6,69.0,140.0,25.5,49.0,45.0,483.0,3.0,10.0,493.0,4.0,3500.0,7.0,21.0,1714.0,5.3,2.4,20.0,7.9,5.0,1.0,0.1,0.0,0.0,-0.1,-2.0,10.0,2.5,37.0,25.0,40.5,1.0,4.2,10.3,155.0,1.0,100.0,-2.0,0.0,-2.0,-2.0,1.0,38.0,153.0,4.0,-8.0,0.0,0.0,0.0,6.0,0.0,,12.0,0.3,143.0,3.9,-8.0,-8.0,,0.0,79.2,6.0,0.0,2.0,0.0,-3.0,5.0,0.0,0.0,0.0,0.0,0.0,0.0,0.0,0.0,0.0,0.0,0.0,0.0,,,,,,
Geno Smith,SmitGe00,2024,34,SEA,QB,17,17,10-7-0,407,578,70.4,4320,21,3.6,15,2.6,209,48.4,71.0,7.5,7.03,10.6,254.1,93.2,50.4,50,338,7.96,6.34,5.93,4,4,12,,99.0,102.0,122.0,93.0,104.0,104.0,93.0,92.0,108.0,2139.0,3.7,5.3,14.0,138.0,3.6,20.0,57.0,36.0,455.0,81.8,0.0,0.0,10.4,58.0,143.0,21.9,0.0,0.0,0.0,0.0,0.0,0.0,2.0,3942.0,6.8,20.0,2181.0,5.4,2.4,24.0,10.7,9.0,0.0,0.0,0.0,0.0,0.0,0.0,17.0,3.1,53.0,34.0,35.8,2.0,5.1,16.0,272.0,0.0,,,,,,2.0,53.0,272.0,5.1,0.0,0.0,0.0,0.0,0.0,0.0,,18.0,0.3,254.0,4.8,,,,,,,0.0,6.0,0.0,-47.0,9.0,0.0,0.0,0.0,0.0,0.0,0.0,0.0,0.0,0.0,0.0,0.0,0.0,0%,98%,0%,0.0,1075.0,0.0
Geno Smith,SmitGe00,2025,35,LVR,QB,15,15,2-13-0,302,448,67.4,3025,19,4.2,17,3.8,148,45.3,61.0,6.8,5.89,10.0,201.7,84.7,34.1,55,405,10.93,5.21,4.44,0,0,7,,76.0,83.0,110.0,72.0,81.0,89.0,71.0,96.0,93.0,1312.0,2.9,4.3,12.0,146.0,3.5,15.0,42.0,22.0,331.0,77.0,95.0,719.0,11.4,49.0,119.0,22.8,45.0,41.0,276.0,1.0,20.0,296.0,2.0,2713.0,6.1,16.0,1713.0,5.7,2.5,18.0,6.1,4.0,0.0,0.0,0.0,0.0,0.0,0.0,13.0,2.7,41.0,20.0,41.5,0.0,2.7,7.3,109.0,0.0,,,,,,0.0,41.0,109.0,2.7,0.0,0.0,0.0,0.0,0.0,2.0,20.5,52.0,1.3,57.0,1.4,,,,,,,0.0,3.0,0.0,-2.0,4.0,0.0,0.0,0.0,0.0,0.0,0.0,0.0,0.0,0.0,0.0,0.0,0.0,0%,97%,0%,0.0,863.0,0.0
J.J. McCarthy,McCaJJ00,2025,22,MIN,QB,10,10,6-4-0,140,243,57.6,1632,11,4.5,12,4.9,80,41.1,62.0,6.7,5.4,11.7,163.2,72.6,35.6,27,149,10.0,5.49,4.31,1,1,4,,74.0,76.0,72.0,53.0,87.0,71.0,78.0,99.0,92.0,940.0,3.9,6.7,16.0,70.0,5.0,12.0,39.0,10.0,159.0,66.5,65.0,400.0,21.3,51.0,76.0,26.5,20.0,13.0,84.0,4.0,39.0,123.0,0.0,2166.0,8.9,4.0,692.0,4.9,2.5,17.0,9.2,6.0,0.0,0.0,0.0,0.0,0.0,0.0,12.0,3.7,37.0,26.0,45.9,4.0,4.9,18.1,181.0,0.0,,,,,,4.0,37.0,181.0,4.9,0.0,0.0,0.0,0.0,0.0,5.0,7.4,63.0,1.7,118.0,3.2,,,,,,,0.0,4.0,0.0,-5.0,6.0,0.0,0.0,0.0,0.0,0.0,0.0,0.0,0.0,0.0,0.0,0.0,0.0,0%,91%,0%,0.0,523.0,0.0
Jacoby Brissett,BrisJa00,2016,24,NWE,QB,3,2,1-1-0,34,55,61.8,400,0,0.0,0,0.0,18,42.6,58.0,7.3,7.27,11.8,133.3,83.9,40.2,6,46,9.84,5.8,5.8,0,0,2,,95.0,104.0,96.0,142.0,89.0,93.0,69.0,48.0,103.0,,,,,,,,,,,,,,,,,,,,,,,,,,,,,,,,,3.0,0.0,0.0,0.0,0.0,0.0,0.0,5.0,5.3,16.0,27.0,43.8,1.0,5.2,27.7,83.0,0.0,,,,,,1.0,16.0,83.0,5.2,,,,,,,,,,,,,,,,,,0.0,1.0,0.0,0.0,3.0,0.0,0.0,0.0,0.0,0.0,0.0,0.0,0.0,0.0,0.0,0.0,0.0,0%,79%,0%,0.0,156.0,0.0
Jacoby Brissett,BrisJa00,2017,25,IND,QB,16,15,4-11-0,276,469,58.8,3098,13,2.8,7,1.5,146,40.1,80.0,6.6,6.49,11.2,193.6,81.7,44.0,52,305,9.98,5.36,5.26,0,1,11,,88.0,93.0,84.0,114.0,82.0,89.0,73.0,82.0,88.0,,,,,,,,,,,,,,,,,,,,,,,,,,,,,,,,,8.0,0.0,0.0,0.0,0.0,0.0,0.0,15.0,3.9,63.0,25.0,33.3,4.0,4.1,16.3,260.0,0.0,,,,,,4.0,63.0,260.0,4.1,,,,,,,,,,,,,,,,,,0.0,5.0,0.0,-13.0,8.0,0.0,0.0,0.0,0.0,0.0,0.0,0.0,0.0,0.0,0.0,0.0,0.0,0%,96%,0%,0.0,989.0,0.0
Jacoby Brissett,BrisJa00,2018,26,IND,QB,4,0,,2,4,50.0,2,0,0.0,0,0.0,1,25.0,4.0,0.5,0.5,1.0,0.5,56.2,100.0,0,0,0.0,0.5,0.5,0,0,0,,,,,,,,,,,1.0,0.3,0.5,0.0,2.0,0.0,0.0,1.0,1.0,,,,,25.0,1.0,2.0,50.0,,,,,,,0.0,82.0,20.5,0.0,1.0,0.5,2.1,0.0,,0.0,0.0,0.0,0.0,0.0,0.0,0.0,0.0,1.8,7.0,-1.0,0.0,0.0,-1.0,-1.8,-7.0,0.0,,,,,,0.0,7.0,-7.0,-1.0,0.0,0.0,0.0,0.0,0.0,0.0,,0.0,0.0,-7.0,-1.0,,,,,,,,,,,,,,,,,,,,,,,,0%,7%,0%,0.0,18.0,0.0
Jacoby Brissett,BrisJa00,2019,27,IND,QB,15,15,7-8-0,272,447,60.9,2942,18,4.0,6,1.3,143,42.8,50.0,6.6,6.78,10.8,196.1,88.0,52.1,27,159,5.7,5.87,6.06,2,2,10,,97.0,95.0,85.0,116.0,91.0,94.0,106.0,94.0,86.0,1437.0,3.2,5.3,12.0,135.0,5.7,24.0,54.0,56.0,315.0,74.5,110.0,827.0,18.4,78.0,137.0,27.0,60.0,50.0,305.0,9.0,38.0,343.0,3.0,3521.0,7.9,21.0,1505.0,5.5,2.6,33.0,6.1,7.0,1.0,0.1,0.0,0.0,0.1,2.0,20.0,3.7,56.0,24.0,55.4,4.0,4.1,15.2,228.0,1.0,100.0,2.0,0.0,2.0,2.0,4.0,57.0,230.0,4.0,0.0,0.0,0.0,0.0,2.0,1.0,56.0,42.0,0.8,186.0,3.3,0.0,0.0,,0.0,79.2,2.0,0.0,1.0,0.0,-5.0,7.0,0.0,0.0,0.0,0.0,0.0,0.0,0.0,0.0,0.0,0.0,0.0,0.0,0%,94%,0%,0.0,947.0,0.0
Jacoby Brissett,BrisJa00,2020,28,IND,QB,11,0,,2,8,25.0,17,0,0.0,0,0.0,1,10.0,13.0,2.1,2.13,8.5,1.5,39.6,58.3,2,15,20.0,0.2,0.2,0,0,0,,,,,,,,,,,-1.0,-0.1,-0.5,0.0,3.0,14.3,1.0,0.0,3.0,4.0,57.1,2.0,4.0,42.9,3.0,5.0,45.5,4.0,0.0,0.0,3.0,8.0,8.0,0.0,65.0,8.1,1.0,18.0,9.0,2.8,1.0,2.0,0.0,0.0,0.0,0.0,0.0,0.0,0.0,9.0,1.5,17.0,5.0,58.8,3.0,1.1,1.7,19.0,0.0,,,,,,3.0,17.0,19.0,1.1,0.0,0.0,0.0,0.0,0.0,0.0,,11.0,0.6,8.0,0.5,,,,,,,,,,,,,,,,,,,,,,,,0%,6%,0%,0.0,47.0,0.0
Jacoby Brissett,BrisJa00,2021,29,MIA,QB,11,5,2-3-0,141,225,62.7,1283,5,2.2,4,1.8,69,46.3,52.0,5.7,5.35,9.1,116.6,78.1,54.3,19,132,7.79,4.72,4.39,0,0,2,,77.0,77.0,90.0,109.0,70.0,81.0,89.0,77.0,70.0,775.0,3.4,5.5,1.0,63.0,7.8,17.0,24.0,27.0,158.0,72.8,33.0,243.0,17.1,37.0,70.0,27.2,23.0,21.0,152.0,1.0,4.0,156.0,1.0,1691.0,7.5,7.0,508.0,3.6,2.4,13.0,5.0,6.0,0.0,0.0,0.0,0.0,0.0,0.0,9.0,1.7,19.0,19.0,63.2,1.0,3.7,6.4,70.0,0.0,,,,,,1.0,19.0,70.0,3.7,0.0,0.0,0.0,0.0,0.0,0.0,,13.0,0.7,57.0,3.0,,,,,,,0.0,2.0,0.0,-9.0,6.0,0.0,0.0,0.0,0.0,0.0,0.0,0.0,0.0,0.0,0.0,0.0,0.0,0%,52%,0%,0.0,376.0,0.0
Jacoby Brissett,BrisJa00,2022,30,CLE,QB,16,11,4-7-0,236,369,64.0,2608,12,3.3,6,1.6,129,44.5,55.0,7.1,6.99,11.1,163.0,88.9,62.0,24,160,6.11,6.23,6.15,2,2,10,,102.0,102.0,97.0,115.0,101.0,98.0,102.0,87.0,100.0,1513.0,4.1,6.4,5.0,101.0,7.1,25.0,39.0,39.0,265.0,75.7,76.0,700.0,13.7,48.0,102.0,24.5,11.0,11.0,36.0,0.0,0.0,36.0,3.0,3154.0,8.5,16.0,1095.0,4.6,2.5,23.0,8.7,6.0,0.0,0.0,0.0,0.0,0.0,0.0,28.0,3.1,49.0,22.0,65.3,2.0,5.0,15.2,243.0,0.0,,,,,,2.0,49.0,243.0,5.0,0.0,0.0,0.0,0.0,0.0,2.0,24.5,73.0,1.5,170.0,3.5,,,,,,,0.0,1.0,0.0,-1.0,6.0,0.0,0.0,0.0,0.0,0.0,0.0,0.0,0.0,1.0,1.0,0.0,0.0,0%,71%,0%,0.0,787.0,0.0
Jacoby Brissett,BrisJa00,2023,31,WAS,QB,3,0,,18,23,78.3,224,3,13.0,0,0.0,10,56.5,48.0,9.7,12.35,12.4,74.7,146.8,95.7,0,0,0.0,9.74,12.35,0,0,1,,,,,,,,,,,154.0,6.7,8.6,0.0,2.0,4.5,1.0,2.0,0.0,19.0,86.4,3.0,21.0,4.5,1.0,2.0,8.0,0.0,0.0,0.0,0.0,0.0,0.0,0.0,178.0,7.7,1.0,70.0,3.9,2.5,2.0,9.5,0.0,0.0,0.0,0.0,0.0,0.0,0.0,0.0,1.0,3.0,10.0,66.7,0.0,6.3,6.3,19.0,0.0,,,,,,0.0,3.0,19.0,6.3,0.0,0.0,0.0,0.0,0.0,0.0,,9.0,3.0,10.0,3.3,,,,,,,,,,,,,,,,,,,,,,,,0%,26%,0%,0.0,46.0,0.0
Jacoby Brissett,BrisJa00,2024,32,NWE,QB,8,5,1-4-0,95,161,59.0,826,2,1.2,1,0.6,41,35.8,50.0,5.1,5.1,8.7,103.3,74.2,41.5,18,119,10.06,3.95,3.92,1,1,0,,72.0,74.0,77.0,131.0,60.0,76.0,77.0,64.0,60.0,389.0,2.4,4.1,1.0,55.0,8.5,13.0,28.0,16.0,118.0,77.1,3.0,10.0,19.0,29.0,62.0,33.0,2.0,2.0,19.0,0.0,0.0,19.0,1.0,1038.0,6.4,7.0,437.0,4.6,2.4,9.0,7.2,4.0,0.0,0.0,0.0,0.0,0.0,0.0,5.0,1.9,15.0,16.0,53.3,0.0,4.1,7.8,62.0,0.0,,,,,,0.0,15.0,62.0,4.1,0.0,0.0,0.0,0.0,0.0,0.0,,13.0,0.9,49.0,3.3,,,,,,,0.0,2.0,0.0,0.0,4.0,0.0,0.0,0.0,0.0,0.0,0.0,0.0,0.0,0.0,0.0,0.0,0.0,0%,70%,0%,0.0,351.0,0.0
Jacoby Brissett,BrisJa00,2025,33,ARI,QB,14,12,1-11-0,315,485,64.9,3366,23,4.7,8,1.6,165,45.8,50.0,6.9,7.15,10.7,240.4,94.1,41.2,43,288,8.14,5.83,6.02,0,0,10,,99.0,102.0,100.0,109.0,94.0,103.0,91.0,102.0,97.0,1809.0,3.7,5.7,4.0,104.0,2.4,11.0,63.0,45.0,336.0,73.2,108.0,799.0,17.6,81.0,151.0,27.5,41.0,34.0,230.0,2.0,7.0,237.0,1.0,3691.0,7.6,25.0,1557.0,4.9,2.4,22.0,6.8,5.0,0.0,0.0,0.0,0.0,0.0,0.0,16.0,2.7,38.0,15.0,52.6,1.0,4.4,12.0,168.0,0.0,,,,,,1.0,38.0,168.0,4.4,0.0,0.0,0.0,0.0,0.0,2.0,19.0,53.0,1.4,115.0,3.0,,,,,,,0.0,1.0,0.0,-2.0,5.0,0.0,0.0,0.0,0.0,0.0,0.0,0.0,0.0,0.0,0.0,0.0,0.0,0%,87%,0%,0.0,812.0,0.0
Jake Plummer,PlumJa00,1997,23,ARI,QB,10,9,3-6-0,157,296,53.0,2203,15,5.1,15,5.1,101,38.2,70.0,7.4,6.18,14.0,220.3,73.1,,52,291,14.94,5.49,4.42,2,2,7,AP ORoY-3,90.0,101.0,85.0,74.0,94.0,95.0,53.0,111.0,113.0,,,,,,,,,,,,,,,,,,,,,,,,,,,,,,,,,6.0,1.0,0.1,0.0,0.0,0.2,2.0,15.0,3.9,39.0,31.0,43.6,2.0,5.5,21.6,216.0,1.0,100.0,2.0,0.0,2.0,2.0,2.0,40.0,218.0,5.5,,,,,,,,,,,,,,,,,,0.0,1.0,0.0,-1.0,6.0,0.0,0.0,0.0,0.0,,,0.0,0.0,0.0,0.0,,0.0,,,,,,
Jake Plummer,PlumJa00,1998,24,ARI,QB,16,16,9-7-0,324,547,59.2,3737,17,3.1,20,3.7,177,43.6,57.0,6.8,5.81,11.5,233.6,75.0,,49,280,8.22,5.8,4.86,5,7,12,,96.0,96.0,110.0,94.0,100.0,97.0,94.0,91.0,101.0,,,,,,,,,,,,,,,,,,,,,,,,,,,,,,,,,12.0,0.0,0.0,0.0,0.0,0.0,0.0,24.0,3.2,51.0,27.0,52.9,4.0,4.3,13.6,217.0,0.0,,,,,,4.0,51.0,217.0,4.3,,,,,,,,,,,,,,,,,,0.0,3.0,0.0,-2.0,12.0,0.0,0.0,0.0,0.0,,,0.0,0.0,0.0,0.0,,0.0,,,,,,
Jake Plummer,PlumJa00,1999,25,ARI,QB,12,11,3-8-0,201,381,52.8,2111,9,2.4,24,6.3,110,38.0,63.0,5.5,3.18,10.5,175.9,50.8,,27,152,6.62,4.8,2.6,2,2,2,,71.0,68.0,83.0,59.0,83.0,69.0,103.0,83.0,80.0,,,,,,,,,,,,,,,,,,,,,,,,,,,,,,,,,7.0,0.0,0.0,0.0,0.0,0.0,0.0,16.0,3.3,39.0,17.0,35.9,2.0,3.1,10.1,121.0,0.0,,,,,,2.0,39.0,121.0,3.1,,,,,,,,,,,,,,,,,,0.0,5.0,0.0,-4.0,7.0,0.0,0.0,0.0,0.0,0.0,,0.0,0.0,0.0,0.0,0.0,0.0,,,,,,
Jake Plummer,PlumJa00,2000,26,ARI,QB,14,14,3-11-0,270,475,56.8,2946,13,2.7,21,4.4,134,41.4,70.0,6.2,4.76,10.9,210.4,66.0,,22,151,4.43,5.62,4.25,1,1,7,,87.0,83.0,95.0,83.0,96.0,84.0,116.0,86.0,90.0,,,,,,,,,,,,,,,,,,,,,,,,,,,,,,,,,8.0,0.0,0.0,0.0,0.0,0.0,0.0,12.0,2.6,37.0,24.0,45.9,0.0,4.9,13.1,183.0,0.0,,,,,,0.0,37.0,183.0,4.9,,,,,,,,,,,,,,,,,,0.0,4.0,0.0,-1.0,8.0,0.0,0.0,0.0,0.0,0.0,,0.0,0.0,0.0,0.0,0.0,0.0,,,,,,
Jake Plummer,PlumJa00,2001,27,ARI,QB,16,16,7-9-0,304,525,57.9,3653,18,3.4,14,2.7,177,39.9,68.0,7.0,6.44,12.0,228.3,79.6,,29,204,5.23,6.23,5.74,3,4,12,,107.0,105.0,96.0,109.0,107.0,101.0,109.0,94.0,104.0,,,,,,,,,,,,,,,,,,,,,,,,,,,,,,,,,8.0,0.0,0.0,0.0,0.0,0.0,0.0,8.0,2.2,35.0,21.0,34.3,0.0,4.7,10.2,163.0,0.0,,,,,,0.0,35.0,163.0,4.7,,,,,,,,,,,,,,,,,,0.0,5.0,0.0,-3.0,8.0,0.0,0.0,0.0,0.0,0.0,,0.0,0.0,0.0,0.0,0.0,0.0,,,,,,
Jake Plummer,PlumJa00,2002,28,ARI,QB,16,16,5-11-0,284,530,53.6,2972,18,3.4,20,3.8,147,40.1,80.0,5.6,4.59,10.5,185.8,65.7,,36,248,6.36,4.81,3.86,2,4,7,,79.0,77.0,80.0,90.0,77.0,80.0,101.0,92.0,75.0,,,,,,,,,,,,,,,,,,,,,,,,,,,,,,,,,13.0,1.0,0.1,0.0,0.0,0.1,2.0,22.0,2.9,46.0,34.0,60.9,2.0,6.2,17.7,283.0,1.0,100.0,2.0,0.0,2.0,2.0,2.0,47.0,285.0,6.1,,,,,,,,,,,,,,,,,,0.0,4.0,0.0,-10.0,13.0,0.0,0.0,0.0,0.0,0.0,,0.0,0.0,0.0,0.0,0.0,0.0,,,,,,
Jake Plummer,PlumJa00,2003,29,DEN,QB,11,11,9-2-0,189,302,62.6,2182,15,5.0,7,2.3,115,49.4,60.0,7.2,7.18,11.5,198.4,91.2,,14,73,4.43,6.67,6.63,1,1,10,AP CPoY-8,116.0,112.0,110.0,114.0,113.0,114.0,113.0,111.0,108.0,,,,,,,,,,,,,,,,,,,,,,,,,,,,,,,,,4.0,0.0,0.0,0.0,0.0,0.0,0.0,17.0,3.4,37.0,40.0,62.2,3.0,5.5,18.6,205.0,0.0,,,,,,3.0,37.0,205.0,5.5,,,,,,,,,,,,,,,,,,0.0,3.0,0.0,0.0,4.0,0.0,0.0,0.0,0.0,0.0,,0.0,0.0,0.0,0.0,0.0,0.0,,,,,,
Jake Plummer,PlumJa00,2004,30,DEN,QB,16,16,10-6-0,303,521,58.2,4089,27,5.2,20,3.8,185,47.6,85.0,7.8,7.16,13.5,255.6,84.5,,15,90,2.8,7.46,6.79,1,4,14,,117.0,111.0,96.0,88.0,125.0,105.0,126.0,113.0,118.0,,,,,,,,,,,,,,,,,,,,,,,,,,,,,,,,,6.0,0.0,0.0,0.0,0.0,0.0,0.0,16.0,3.9,62.0,22.0,38.7,1.0,3.3,12.6,202.0,0.0,,,,,,1.0,62.0,202.0,3.3,,,,,,,,,,,,,,,,,,0.0,6.0,0.0,-8.0,6.0,0.0,0.0,0.0,0.0,0.0,,0.0,0.0,0.0,0.0,0.0,0.0,,,,,,
Jake Plummer,PlumJa00,2005,31,DEN,QB,16,16,13-3-0,277,456,60.7,3366,18,3.9,7,1.5,161,47.5,72.0,7.4,7.48,12.2,210.4,90.2,,22,135,4.6,6.76,6.85,1,2,15,PB,116.0,114.0,103.0,127.0,112.0,112.0,113.0,98.0,108.0,,,,,,,,,,,,,,,,,,,,,,,,,,,,,,,,,4.0,0.0,0.0,0.0,0.0,0.0,0.0,14.0,2.9,46.0,22.0,37.0,2.0,3.3,9.4,151.0,0.0,,,,,,2.0,46.0,151.0,3.3,,,,,,,,,,,,,,,,,,0.0,1.0,0.0,-10.0,4.0,0.0,0.0,0.0,0.0,0.0,,0.0,0.0,0.0,0.0,0.0,0.0,,,,,,
Jake Plummer,PlumJa00,2006,32,DEN,QB,16,11,7-4-0,175,317,55.2,1994,11,3.5,13,4.1,102,40.6,83.0,6.3,5.14,11.4,124.6,68.8,49.2,18,111,5.37,5.62,4.53,2,3,6,,89.0,86.0,83.0,84.0,94.0,84.0,107.0,94.0,89.0,,,,,,,,,,,,,,,,,,,,,,,,,,,,,,,,,7.0,0.0,0.0,0.0,0.0,0.0,0.0,10.0,2.3,36.0,19.0,38.9,1.0,3.1,7.0,112.0,0.0,,,,,,1.0,36.0,112.0,3.1,,,,,,,,,,,,,,,,,,0.0,1.0,0.0,-5.0,7.0,0.0,0.0,0.0,0.0,0.0,0.0,0.0,0.0,0.0,0.0,0.0,0.0,,,,,,
Jalen Hurts,HurtJa00,2020,22,PHI,QB,15,4,1-3-0,77,148,52.0,1061,6,4.1,4,2.7,45,38.5,81.0,7.2,6.76,13.8,70.7,77.6,33.8,13,59,8.07,6.22,5.85,0,0,4,,95.0,96.0,46.0,92.0,98.0,81.0,85.0,95.0,100.0,593.0,4.0,7.7,5.0,55.0,3.0,4.0,12.0,16.0,82.0,60.7,19.0,236.0,26.7,36.0,41.0,22.2,40.0,15.0,198.0,22.0,140.0,338.0,1.0,1350.0,9.1,12.0,468.0,6.1,2.3,24.0,6.9,9.0,1.0,0.1,0.0,0.0,0.2,3.0,25.0,4.2,63.0,24.0,50.8,3.0,5.6,23.6,354.0,1.0,100.0,3.0,0.0,3.0,3.0,3.0,64.0,357.0,5.6,-6.0,1.0,0.0,0.0,9.0,4.0,15.8,69.0,1.1,285.0,4.5,-6.0,-6.0,1.0,0.0,79.2,9.0,0.0,3.0,0.0,-12.0,9.0,0.0,0.0,0.0,0.0,0.0,0.0,0.0,0.0,0.0,0.0,0.0,0.0,0%,32%,0%,0.0,334.0,0.0
Jalen Hurts,HurtJa00,2021,23,PHI,QB,15,15,8-7-0,265,432,61.3,3144,16,3.7,9,2.1,153,43.9,91.0,7.3,7.08,11.9,209.6,87.2,54.6,26,150,5.68,6.54,6.35,2,2,17,,102.0,101.0,85.0,103.0,105.0,94.0,104.0,92.0,103.0,1681.0,3.9,6.3,11.0,124.0,5.4,22.0,32.0,76.0,319.0,78.2,111.0,994.0,14.0,57.0,134.0,26.4,154.0,95.0,819.0,52.0,359.0,1178.0,2.0,3863.0,8.9,22.0,1463.0,5.5,2.6,50.0,8.3,9.0,0.0,0.0,0.0,0.0,0.0,0.0,57.0,9.3,139.0,31.0,61.9,10.0,5.6,52.3,784.0,1.0,0.0,,0.0,,0.0,10.0,139.0,784.0,5.6,0.0,0.0,0.0,0.0,0.0,9.0,15.4,142.0,1.0,642.0,4.6,3.0,,,0.0,39.6,,0.0,3.0,0.0,-23.0,9.0,0.0,0.0,0.0,0.0,0.0,0.0,0.0,0.0,0.0,0.0,0.0,0.0,0%,98%,0%,0.0,954.0,0.0
Jalen Hurts,HurtJa00,2022,24,PHI,QB,15,15,14-1-0,306,460,66.5,3701,22,4.8,6,1.3,171,46.4,68.0,8.0,8.42,12.1,246.7,101.5,68.3,38,231,7.63,6.97,7.31,1,2,20,"PB,AP-2,AP MVP-2,AP OPoY-3",119.0,125.0,109.0,122.0,117.0,118.0,91.0,106.0,123.0,1928.0,4.2,6.3,13.0,172.0,5.0,22.0,22.0,39.0,340.0,77.8,133.0,1094.0,14.2,62.0,99.0,18.3,148.0,122.0,1068.0,21.0,88.0,1156.0,0.0,3734.0,8.1,23.0,1773.0,5.8,2.3,44.0,7.8,9.0,0.0,0.0,0.0,0.0,0.0,0.0,70.0,11.0,165.0,42.0,59.4,13.0,4.6,50.7,760.0,0.0,,,,,,13.0,165.0,760.0,4.6,0.0,0.0,0.0,0.0,0.0,8.0,20.6,133.0,0.8,627.0,3.8,,,,,,,0.0,2.0,0.0,-13.0,9.0,0.0,0.0,0.0,0.0,0.0,0.0,0.0,0.0,0.0,2.0,0.0,2.0,,,,,,
Jalen Hurts,HurtJa00,2023,25,PHI,QB,17,17,11-6-0,352,538,65.4,3858,23,4.3,15,2.8,185,46.7,63.0,7.2,6.77,11.0,226.9,89.1,60.9,36,222,6.27,6.33,5.96,3,4,18,PB,101.0,99.0,105.0,89.0,105.0,100.0,104.0,102.0,103.0,2161.0,4.0,6.1,14.0,185.0,3.8,19.0,29.0,59.0,397.0,78.9,81.0,646.0,14.3,72.0,124.0,20.0,116.0,89.0,498.0,20.0,84.0,582.0,0.0,4646.0,8.6,35.0,1697.0,4.8,2.6,47.0,6.8,9.0,0.0,0.0,0.0,0.0,0.0,0.0,68.0,9.2,157.0,24.0,61.1,15.0,3.9,35.6,605.0,0.0,,,,,,15.0,157.0,605.0,3.9,0.0,0.0,0.0,0.0,0.0,3.0,52.3,120.0,0.8,485.0,3.1,,,,,,,0.0,4.0,0.0,-3.0,9.0,0.0,0.0,0.0,0.0,0.0,0.0,0.0,0.0,0.0,0.0,0.0,0.0,,,,,,
Jalen Hurts,HurtJa00,2024,26,PHI,QB,15,15,12-3-0,248,361,68.7,2903,18,5.0,5,1.4,174,46.6,67.0,8.0,8.42,11.7,193.5,103.7,62.5,38,271,9.52,6.6,6.93,3,4,16,,113.0,122.0,115.0,117.0,109.0,119.0,81.0,108.0,120.0,1528.0,4.2,6.2,8.0,126.0,1.8,6.0,23.0,29.0,265.0,79.1,6.0,34.0,13.4,45.0,90.0,20.5,2.0,2.0,8.0,0.0,0.0,8.0,1.0,2812.0,7.8,25.0,1375.0,5.5,2.7,39.0,9.4,9.0,0.0,0.0,0.0,0.0,0.0,0.0,76.0,10.0,150.0,35.0,55.3,14.0,4.2,42.0,630.0,0.0,,,,,,14.0,150.0,630.0,4.2,0.0,0.0,0.0,0.0,0.0,11.0,13.6,181.0,1.2,449.0,3.0,,,,,,,0.0,2.0,0.0,-8.0,9.0,0.0,0.0,0.0,0.0,0.0,0.0,0.0,0.0,0.0,0.0,0.0,0.0,0%,91%,0%,0.0,934.0,0.0
Jalen Hurts,HurtJa00,2025,27,PHI,QB,16,16,11-5-0,294,454,64.8,3224,25,5.5,6,1.3,150,43.2,79.0,7.1,7.61,11.0,201.5,98.5,55.2,32,181,6.58,6.26,6.73,1,1,13,PB,109.0,109.0,100.0,115.0,102.0,110.0,102.0,111.0,101.0,1959.0,4.3,6.7,8.0,162.0,2.6,11.0,25.0,48.0,318.0,74.0,79.0,610.0,16.7,72.0,105.0,20.0,80.0,67.0,427.0,10.0,49.0,476.0,2.0,4085.0,9.0,22.0,1265.0,4.3,2.5,40.0,6.7,8.0,0.0,0.0,0.0,0.0,0.0,0.0,40.0,6.6,105.0,29.0,53.3,8.0,4.0,26.3,421.0,0.0,,,,,,8.0,105.0,421.0,4.0,0.0,0.0,0.0,0.0,0.0,3.0,35.0,74.0,0.7,347.0,3.3,,,,,,,0.0,3.0,0.0,-7.0,8.0,0.0,0.0,0.0,0.0,0.0,0.0,0.0,0.0,0.0,0.0,0.0,0.0,,,,,,
Jameis Winston,WinsJa00,2015,21,TAM,QB,16,16,6-10-0,312,535,58.3,4042,22,4.1,15,2.8,201,45.6,68.0,7.6,7.12,13.0,252.6,84.2,57.2,27,190,4.8,6.85,6.44,2,3,13,"PB,AP ORoY-2",103.0,101.0,82.0,92.0,111.0,92.0,110.0,96.0,108.0,,,,,,,,,,,,,,,,,,,,,,,,,,,,,,,,,6.0,0.0,0.0,0.0,0.0,0.0,0.0,19.0,3.4,54.0,21.0,42.6,6.0,3.9,13.3,213.0,0.0,,,,,,6.0,54.0,213.0,3.9,,,,,,,,,,,,,,,,,,0.0,4.0,0.0,-8.0,6.0,0.0,0.0,0.0,0.0,0.0,0.0,0.0,0.0,0.0,0.0,0.0,0.0,,,,,,
Jameis Winston,WinsJa00,2016,22,TAM,QB,16,16,9-7-0,345,567,60.8,4090,28,4.9,18,3.2,216,47.8,45.0,7.2,6.77,11.9,255.6,86.1,59.5,35,239,5.81,6.4,5.98,1,3,12,,98.0,97.0,92.0,85.0,102.0,96.0,102.0,107.0,102.0,,,,,,,,,,,,,,,,,,,,,,,,,,,,,,,,,10.0,0.0,0.0,0.0,0.0,0.0,0.0,13.0,3.3,53.0,14.0,32.1,1.0,3.1,10.3,165.0,0.0,,,,,,1.0,53.0,165.0,3.1,,,,,,,,,,,,,,,,,,0.0,3.0,0.0,-21.0,10.0,0.0,0.0,0.0,0.0,0.0,0.0,0.0,0.0,0.0,0.0,0.0,0.0,0%,99%,0%,0.0,1119.0,0.0
Jameis Winston,WinsJa00,2017,23,TAM,QB,13,13,3-10-0,282,442,63.8,3504,19,4.3,11,2.5,185,49.7,70.0,7.9,7.67,12.4,269.5,92.2,52.1,33,207,6.95,6.94,6.7,2,2,10,,107.0,109.0,102.0,98.0,112.0,103.0,95.0,99.0,115.0,,,,,,,,,,,,,,,,,,,,,,,,,,,,,,,,,15.0,0.0,0.0,0.0,0.0,0.0,0.0,8.0,2.5,33.0,17.0,45.5,1.0,4.1,10.4,135.0,0.0,,,,,,1.0,33.0,135.0,4.1,,,,,,,,,,,,,,,,,,0.0,7.0,0.0,-9.0,15.0,0.0,0.0,0.0,0.0,0.0,0.0,0.0,0.0,0.0,0.0,0.0,0.0,0%,90%,0%,0.0,790.0,0.0
Jameis Winston,WinsJa00,2018,24,TAM,QB,11,9,3-6-0,244,378,64.6,2992,19,5.0,14,3.7,152,50.6,64.0,7.9,7.25,12.3,272.0,90.2,66.2,27,157,6.67,7.0,6.38,0,1,9,,103.0,103.0,104.0,78.0,113.0,100.0,100.0,106.0,114.0,2082.0,5.5,8.5,0.0,84.0,4.8,18.0,29.0,43.0,,,,,16.1,60.0,99.0,22.4,,,,,,,1.0,4079.0,10.8,5.0,910.0,3.7,2.4,36.0,7.1,7.0,0.0,0.0,0.0,0.0,0.0,0.0,19.0,4.5,49.0,18.0,53.1,1.0,5.7,25.5,281.0,0.0,,,,,,1.0,49.0,281.0,5.7,0.0,0.0,0.0,0.0,0.0,1.0,49.0,134.0,2.7,147.0,3.0,,,,,,,0.0,2.0,0.0,-18.0,7.0,0.0,0.0,0.0,0.0,0.0,0.0,0.0,0.0,0.0,0.0,0.0,0.0,0%,88%,0%,0.0,688.0,0.0
Jameis Winston,WinsJa00,2019,25,TAM,QB,16,16,7-9-0,380,626,60.7,5109,33,5.3,30,4.8,243,46.7,71.0,8.2,7.06,13.4,319.3,84.3,55.7,47,282,6.98,7.17,6.15,2,2,15,,98.0,98.0,84.0,56.0,115.0,89.0,96.0,106.0,117.0,3249.0,5.2,8.6,11.0,241.0,3.8,23.0,54.0,60.0,421.0,69.9,93.0,1133.0,20.6,124.0,161.0,22.9,9.0,8.0,80.0,1.0,2.0,82.0,2.0,6486.0,10.4,22.0,1860.0,4.9,2.5,31.0,7.4,12.0,0.0,0.0,0.0,0.0,0.0,0.0,18.0,3.7,59.0,26.0,37.3,1.0,4.2,15.6,250.0,0.0,,,,,,1.0,59.0,250.0,4.2,0.0,0.0,0.0,0.0,0.0,2.0,29.5,57.0,1.0,193.0,3.3,,,,,,,0.0,3.0,0.0,-14.0,12.0,0.0,0.0,0.0,0.0,0.0,0.0,0.0,0.0,0.0,0.0,0.0,0.0,0%,99%,0%,0.0,1128.0,0.0
Jameis Winston,WinsJa00,2020,26,NOR,QB,4,0,,7,11,63.6,75,0,0.0,0,0.0,5,38.5,19.0,6.8,6.82,10.7,18.8,83.5,12.0,2,11,15.38,4.92,4.92,0,0,0,,,,,,,,,,,14.0,1.3,2.0,0.0,5.0,0.0,0.0,1.0,1.0,7.0,63.6,3.0,31.0,27.3,3.0,4.0,28.6,0.0,0.0,0.0,0.0,0.0,0.0,0.0,51.0,4.6,0.0,61.0,8.7,2.2,1.0,3.0,0.0,0.0,0.0,0.0,0.0,0.0,0.0,0.0,2.0,8.0,3.0,12.5,0.0,-0.8,-1.5,-6.0,0.0,,,,,,0.0,8.0,-6.0,-0.8,0.0,0.0,0.0,0.0,0.0,0.0,,1.0,0.1,-7.0,-0.9,,,,,,,,,,,,,,,,,,,,,,,,0%,21%,0%,0.0,54.0,0.0
Jameis Winston,WinsJa00,2021,27,NOR,QB,7,7,5-2-0,95,161,59.0,1170,14,8.7,3,1.9,56,44.8,72.0,7.3,8.17,12.3,167.1,102.8,69.8,11,69,6.4,6.4,7.24,0,1,5,,114.0,115.0,75.0,108.0,102.0,115.0,98.0,141.0,103.0,589.0,3.7,6.2,5.0,68.0,6.6,10.0,18.0,18.0,108.0,71.1,37.0,355.0,21.7,33.0,47.0,24.9,2.0,1.0,0.0,1.0,11.0,11.0,0.0,1340.0,8.3,9.0,581.0,6.1,2.6,17.0,9.5,2.0,0.0,0.0,0.0,0.0,0.0,0.0,17.0,4.6,32.0,20.0,56.3,1.0,5.2,23.7,166.0,0.0,,,,,,1.0,32.0,166.0,5.2,0.0,0.0,0.0,0.0,0.0,2.0,16.0,53.0,1.7,113.0,3.5,,,,,,,0.0,1.0,0.0,0.0,2.0,0.0,0.0,0.0,0.0,0.0,0.0,0.0,0.0,0.0,0.0,0.0,0.0,0%,84%,0%,0.0,371.0,0.0
Jameis Winston,WinsJa00,2022,28,NOR,QB,3,3,1-2-0,73,115,63.5,858,4,3.5,5,4.3,35,43.7,51.0,7.5,6.2,11.8,286.0,79.5,34.7,11,74,8.73,6.22,5.07,1,1,2,,86.0,89.0,95.0,56.0,101.0,83.0,84.0,90.0,109.0,651.0,5.7,8.9,2.0,41.0,2.7,3.0,11.0,9.0,81.0,72.3,11.0,32.0,20.5,23.0,31.0,24.0,2.0,2.0,21.0,0.0,0.0,21.0,1.0,1315.0,11.4,2.0,207.0,2.8,2.5,3.0,3.7,3.0,0.0,0.0,0.0,0.0,0.0,0.0,0.0,1.7,5.0,6.0,40.0,0.0,3.2,5.3,16.0,0.0,,,,,,0.0,5.0,16.0,3.2,0.0,0.0,0.0,0.0,0.0,0.0,,9.0,1.8,7.0,1.4,,,,,,,0.0,2.0,0.0,-2.0,3.0,0.0,0.0,0.0,0.0,0.0,0.0,0.0,0.0,0.0,0.0,0.0,0.0,0%,99%,0%,0.0,196.0,0.0
Jameis Winston,WinsJa00,2023,29,NOR,QB,7,0,,25,47,53.2,264,2,4.3,3,6.4,10,32.7,30.0,5.6,3.6,10.6,37.7,57.4,36.4,2,13,4.08,5.12,3.18,0,0,1,,,,,,,,,,,179.0,3.8,7.2,0.0,19.0,6.5,3.0,2.0,3.0,35.0,76.1,1.0,11.0,21.7,10.0,7.0,14.3,1.0,1.0,11.0,0.0,0.0,11.0,0.0,603.0,12.8,1.0,85.0,3.4,2.1,0.0,,0.0,0.0,0.0,0.0,0.0,0.0,0.0,0.0,0.7,5.0,-1.0,0.0,0.0,-1.2,-0.9,-6.0,0.0,,,,,,0.0,5.0,-6.0,-1.2,0.0,0.0,0.0,0.0,0.0,0.0,,0.0,0.0,-6.0,-1.2,,,,,,,,,,,,,,,,,,,,,,,,0%,17%,0%,0.0,76.0,0.0
Jameis Winston,WinsJa00,2024,30,CLE,QB,12,7,2-5-0,181,296,61.1,2121,13,4.4,12,4.1,103,44.1,89.0,7.2,6.22,11.7,176.8,80.6,52.2,24,130,7.5,6.22,5.35,2,2,4,,91.0,90.0,85.0,65.0,102.0,85.0,96.0,101.0,102.0,1356.0,4.6,7.5,11.0,61.0,4.5,13.0,24.0,23.0,205.0,70.4,0.0,0.0,17.9,52.0,71.0,21.6,0.0,0.0,0.0,0.0,0.0,0.0,1.0,2632.0,8.9,4.0,765.0,4.2,2.4,8.0,5.8,5.0,0.0,0.0,0.0,0.0,0.0,0.0,17.0,2.1,25.0,13.0,76.0,1.0,3.3,6.9,83.0,0.0,,,,,,1.0,25.0,83.0,3.3,0.0,0.0,0.0,0.0,0.0,0.0,,11.0,0.4,72.0,2.9,,,,,,,0.0,3.0,0.0,0.0,5.0,0.0,0.0,0.0,0.0,0.0,0.0,0.0,0.0,0.0,0.0,0.0,0.0,0%,60%,0%,0.0,504.0,0.0
Jameis Winston,WinsJa00,2025,31,NYG,QB,3,2,0-2-0,37,66,56.1,567,2,3.0,2,3.0,25,46.4,42.0,8.6,7.83,15.3,189.0,82.1,68.5,3,11,4.35,8.06,7.33,0,0,2,,118.0,112.0,67.0,85.0,139.0,85.0,118.0,81.0,133.0,357.0,5.4,9.6,0.0,18.0,1.6,1.0,9.0,10.0,41.0,66.1,17.0,178.0,25.8,16.0,22.0,31.4,8.0,6.0,47.0,2.0,3.0,50.0,0.0,619.0,9.4,4.0,210.0,5.7,2.5,1.0,11.0,1.0,1.0,0.3,1.0,1.0,11.0,33.0,3.0,2.3,7.0,11.0,42.9,1.0,3.3,7.7,23.0,1.0,100.0,33.0,100.0,33.0,33.0,2.0,8.0,56.0,7.0,13.0,1.0,0.0,0.0,20.0,0.0,,12.0,1.7,11.0,1.6,13.0,13.0,1.0,0.0,158.3,20.0,0.0,0.0,0.0,0.0,1.0,0.0,0.0,0.0,0.0,0.0,0.0,0.0,0.0,0.0,0.0,0.0,0.0,0%,70%,0%,0.0,156.0,0.0
Jared Goff,GoffJa00,2016,22,LAR,QB,7,7,0-7-0,112,205,54.6,1089,5,2.4,7,3.4,48,29.4,66.0,5.3,4.26,9.7,155.6,63.6,18.3,26,222,11.26,3.75,2.82,0,0,-2,,52.0,62.0,68.0,81.0,45.0,64.0,57.0,77.0,58.0,,,,,,,,,,,,,,,,,,,,,,,,,,,,,,,,,5.0,0.0,0.0,0.0,0.0,0.0,0.0,1.0,1.1,8.0,6.0,25.0,1.0,2.0,2.3,16.0,0.0,,,,,,1.0,8.0,16.0,2.0,,,,,,,,,,,,,,,,,,0.0,1.0,0.0,0.0,5.0,0.0,0.0,0.0,0.0,0.0,0.0,0.0,0.0,0.0,0.0,0.0,0.0,0%,94%,0%,0.0,392.0,0.0
Jared Goff,GoffJa00,2017,23,LAR,QB,15,15,11-4-0,296,477,62.1,3804,28,5.9,7,1.5,177,46.6,94.0,8.0,8.49,12.9,253.6,100.5,56.3,25,172,4.98,7.24,7.72,1,1,15,PB,121.0,120.0,95.0,115.0,118.0,114.0,110.0,116.0,116.0,,,,,,,,,,,,,,,,,,,,,,,,,,,,,,,,,8.0,0.0,0.0,0.0,0.0,0.0,0.0,3.0,1.9,28.0,22.0,25.0,1.0,1.8,3.4,51.0,0.0,,,,,,1.0,28.0,51.0,1.8,,,,,,,,,,,,,,,,,,0.0,0.0,0.0,0.0,8.0,0.0,0.0,0.0,0.0,0.0,0.0,0.0,0.0,0.0,0.0,0.0,0.0,,,,,,
Jared Goff,GoffJa00,2018,24,LAR,QB,16,16,13-3-0,364,561,64.9,4688,32,5.7,12,2.1,233,50.7,70.0,8.4,8.53,12.9,293.0,101.1,63.6,33,223,5.56,7.52,7.69,4,4,18,PB,120.0,120.0,105.0,104.0,123.0,115.0,108.0,113.0,123.0,2562.0,4.6,7.0,0.0,151.0,2.5,13.0,34.0,66.0,,,,,17.5,93.0,133.0,21.7,,,,,,,2.0,4865.0,8.7,29.0,2126.0,5.8,2.6,18.0,6.2,12.0,0.0,0.0,0.0,0.0,0.0,0.0,9.0,2.7,43.0,16.0,32.6,2.0,2.5,6.8,108.0,0.0,,,,,,2.0,43.0,108.0,2.5,0.0,0.0,0.0,0.0,0.0,0.0,,5.0,0.1,103.0,2.4,,,,,,,0.0,3.0,0.0,-5.0,12.0,0.0,0.0,0.0,0.0,0.0,0.0,0.0,0.0,0.0,0.0,0.0,0.0,,,,,,
Jared Goff,GoffJa00,2019,25,LAR,QB,16,16,9-7-0,394,626,62.9,4638,22,3.5,16,2.6,220,47.7,66.0,7.4,6.96,11.8,289.9,86.5,50.6,22,170,3.4,6.9,6.46,1,2,12,,102.0,97.0,93.0,95.0,110.0,92.0,123.0,89.0,103.0,2388.0,3.8,6.1,17.0,219.0,4.4,27.0,48.0,52.0,437.0,71.6,182.0,1564.0,20.2,123.0,122.0,18.5,2.0,0.0,0.0,2.0,3.0,3.0,1.0,4825.0,7.7,15.0,2250.0,5.7,2.6,10.0,3.8,10.0,0.0,0.0,0.0,0.0,0.0,0.0,5.0,2.1,33.0,8.0,30.3,2.0,1.2,2.5,40.0,0.0,,,,,,2.0,33.0,40.0,1.2,0.0,0.0,0.0,0.0,0.0,0.0,,4.0,0.1,36.0,1.1,,,,,,,0.0,0.0,0.0,-19.0,10.0,0.0,0.0,0.0,0.0,0.0,0.0,0.0,0.0,0.0,0.0,0.0,0.0,0%,99%,0%,0.0,1096.0,0.0
Jared Goff,GoffJa00,2020,26,LAR,QB,15,15,9-6-0,370,552,67.0,3952,20,3.6,13,2.4,194,51.8,56.0,7.2,6.82,10.7,263.5,90.0,50.8,23,161,4.0,6.59,6.27,0,1,10,,101.0,97.0,111.0,98.0,105.0,98.0,118.0,90.0,99.0,1800.0,3.3,4.9,6.0,185.0,5.1,27.0,54.0,42.0,413.0,78.5,172.0,1384.0,16.0,84.0,119.0,19.9,2.0,0.0,0.0,2.0,11.0,11.0,2.0,3579.0,6.5,24.0,2152.0,5.8,2.5,22.0,4.5,7.0,0.0,0.0,0.0,0.0,0.0,0.0,12.0,3.4,51.0,10.0,37.3,4.0,1.9,6.6,99.0,0.0,,,,,,4.0,51.0,99.0,1.9,0.0,0.0,0.0,0.0,0.0,0.0,,6.0,0.1,93.0,1.8,,,,,,,0.0,1.0,0.0,0.0,7.0,0.0,0.0,0.0,0.0,0.0,0.0,0.0,0.0,0.0,0.0,0.0,0.0,0%,100%,0%,0.0,1046.0,0.0
Jared Goff,GoffJa00,2021,27,DET,QB,14,14,3-10-1,332,494,67.2,3245,19,3.8,8,1.6,162,46.9,63.0,6.6,6.61,9.8,231.8,91.5,45.5,35,280,6.62,5.6,5.64,2,2,10,,93.0,94.0,110.0,112.0,87.0,100.0,97.0,93.0,88.0,1490.0,3.0,4.5,5.0,110.0,4.5,21.0,48.0,50.0,375.0,80.1,79.0,647.0,16.5,77.0,133.0,24.6,24.0,22.0,174.0,1.0,17.0,191.0,5.0,3149.0,6.4,21.0,1755.0,5.3,2.4,11.0,6.1,9.0,0.0,0.0,0.0,0.0,0.0,0.0,4.0,1.2,17.0,26.0,29.4,0.0,5.1,6.2,87.0,0.0,,,,,,0.0,17.0,87.0,5.1,0.0,0.0,0.0,0.0,0.0,0.0,,2.0,0.1,85.0,5.0,,,,,,,0.0,3.0,0.0,3.0,9.0,0.0,0.0,0.0,0.0,0.0,0.0,0.0,0.0,0.0,0.0,0.0,0.0,0%,99%,0%,0.0,918.0,0.0
Jared Goff,GoffJa00,2022,28,DET,QB,17,17,9-8-0,382,587,65.1,4438,29,4.9,7,1.2,227,50.3,81.0,7.6,8.01,11.6,261.1,99.3,63.3,23,156,3.77,7.02,7.45,3,3,16,"PB,AP CPoY-6",122.0,118.0,102.0,124.0,118.0,115.0,119.0,107.0,112.0,2151.0,3.7,5.6,11.0,186.0,6.1,34.0,53.0,43.0,426.0,76.2,154.0,1445.0,16.8,94.0,119.0,19.1,20.0,20.0,108.0,0.0,0.0,108.0,1.0,4106.0,7.0,27.0,2287.0,6.0,2.4,14.0,4.6,7.0,1.0,0.1,0.0,0.0,0.3,5.0,5.0,1.7,29.0,14.0,24.1,0.0,2.5,4.3,73.0,1.0,100.0,5.0,100.0,5.0,5.0,0.0,30.0,78.0,2.6,0.0,0.0,0.0,0.0,5.0,0.0,,6.0,0.2,67.0,2.3,0.0,0.0,,0.0,87.5,5.0,0.0,2.0,0.0,5.0,7.0,0.0,0.0,0.0,0.0,0.0,0.0,0.0,0.0,0.0,2.0,0.0,2.0,,,,,,
Jared Goff,GoffJa00,2023,29,DET,QB,17,17,12-5-0,407,605,67.3,4575,30,5.0,12,2.0,261,50.9,70.0,7.6,7.66,11.2,269.1,97.9,61.1,30,197,4.72,6.89,6.99,2,3,16,,116.0,114.0,114.0,107.0,116.0,115.0,116.0,111.0,112.0,2428.0,4.0,6.0,14.0,212.0,6.1,35.0,69.0,42.0,461.0,80.3,151.0,1415.0,15.2,87.0,141.0,22.0,23.0,22.0,186.0,1.0,3.0,189.0,4.0,4064.0,6.7,27.0,2147.0,5.3,2.3,7.0,4.4,6.0,0.0,0.0,0.0,0.0,0.0,0.0,6.0,1.9,32.0,11.0,21.9,2.0,0.7,1.2,21.0,0.0,,,,,,2.0,32.0,21.0,0.7,0.0,0.0,0.0,0.0,0.0,0.0,,8.0,0.3,13.0,0.4,,,,,,,0.0,2.0,0.0,0.0,6.0,0.0,0.0,0.0,0.0,0.0,0.0,0.0,0.0,0.0,0.0,0.0,0.0,0%,100%,0%,0.0,1175.0,0.0
Jared Goff,GoffJa00,2024,30,DET,QB,17,17,15-2-0,390,539,72.4,4629,37,6.9,12,2.2,253,54.7,82.0,8.6,8.96,11.9,272.3,111.8,65.4,31,234,5.44,7.71,8.06,4,4,18,"PB,AP MVP-5,AP OPoY-9",129.0,129.0,129.0,101.0,130.0,131.0,111.0,130.0,131.0,1994.0,3.7,5.1,4.0,143.0,2.1,11.0,57.0,34.0,412.0,80.5,10.0,98.0,13.5,69.0,122.0,20.9,2.0,2.0,0.0,0.0,0.0,0.0,3.0,3390.0,6.3,24.0,2635.0,6.8,2.3,14.0,4.9,6.0,1.0,0.1,1.0,1.0,0.4,7.0,10.0,2.1,35.0,10.0,34.3,0.0,1.6,3.3,56.0,1.0,100.0,7.0,100.0,7.0,7.0,1.0,36.0,63.0,1.8,5.0,0.0,0.0,0.0,2.0,0.0,,4.0,0.1,52.0,1.5,5.0,5.0,,0.0,135.4,2.0,0.0,2.0,0.0,0.0,6.0,0.0,0.0,0.0,0.0,0.0,0.0,0.0,0.0,0.0,0.0,0.0,0.0,,,,,,
Jared Goff,GoffJa00,2025,31,DET,QB,17,17,9-8-0,393,578,68.0,4564,34,5.9,8,1.4,223,48.7,64.0,7.9,8.45,11.6,268.5,105.5,57.3,38,259,6.17,6.99,7.51,1,3,15,PB,121.0,121.0,112.0,113.0,117.0,121.0,105.0,116.0,118.0,2140.0,3.7,5.4,15.0,152.0,4.6,25.0,76.0,38.0,427.0,78.3,160.0,1502.0,15.8,86.0,152.0,24.5,13.0,12.0,65.0,0.0,0.0,65.0,2.0,3684.0,6.4,31.0,2424.0,6.2,2.3,5.0,9.6,6.0,0.0,0.0,0.0,0.0,0.0,0.0,5.0,1.1,19.0,24.0,36.8,0.0,2.4,2.6,45.0,0.0,,,,,,0.0,19.0,45.0,2.4,0.0,0.0,0.0,0.0,0.0,0.0,,4.0,0.2,41.0,2.2,,,,,,,0.0,1.0,0.0,-23.0,6.0,0.0,0.0,0.0,0.0,0.0,0.0,0.0,0.0,0.0,0.0,0.0,0.0,,,,,,
Jay Cutler,CutlJa00,2006,23,DEN,QB,5,5,2-3-0,81,137,59.1,1001,9,6.6,5,3.6,49,41.3,71.0,7.3,6.98,12.4,200.2,88.5,41.9,13,85,8.67,6.11,5.81,0,0,3,,105.0,110.0,96.0,92.0,102.0,110.0,86.0,129.0,109.0,,,,,,,,,,,,,,,,,,,,,,,,,,,,,,,,,8.0,0.0,0.0,0.0,0.0,0.0,0.0,1.0,2.4,12.0,9.0,25.0,0.0,1.5,3.6,18.0,0.0,,,,,,0.0,12.0,18.0,1.5,,,,,,,,,,,,,,,,,,0.0,3.0,0.0,-8.0,8.0,0.0,0.0,0.0,0.0,0.0,0.0,0.0,0.0,0.0,0.0,0.0,0.0,,,,,,
Jay Cutler,CutlJa00,2007,24,DEN,QB,16,16,7-9-0,297,467,63.6,3497,20,4.3,14,3.0,174,47.2,68.0,7.5,7.0,11.8,218.6,88.1,64.3,27,153,5.47,6.77,6.3,2,3,12,,110.0,109.0,110.0,101.0,113.0,108.0,104.0,103.0,112.0,,,,,,,,,,,,,,,,,,,,,,,,,,,,,,,,,11.0,0.0,0.0,0.0,0.0,0.0,0.0,15.0,2.8,44.0,31.0,45.5,1.0,4.7,12.8,205.0,0.0,,,,,,1.0,44.0,205.0,4.7,,,,,,,,,,,,,,,,,,0.0,3.0,0.0,-31.0,11.0,0.0,0.0,0.0,0.0,0.0,0.0,0.0,0.0,0.0,0.0,0.0,0.0,,,,,,
Jay Cutler,CutlJa00,2008,25,DEN,QB,16,16,8-8-0,384,616,62.3,4526,25,4.1,18,2.9,223,51.7,93.0,7.3,6.84,11.8,282.9,86.0,61.9,11,69,1.75,7.11,6.61,3,4,15,PB,111.0,105.0,104.0,101.0,117.0,104.0,130.0,100.0,108.0,,,,,,,,,,,,,,,,,,,,,,,,,,,,,,,,,5.0,0.0,0.0,0.0,0.0,0.0,0.0,14.0,3.6,57.0,18.0,42.1,2.0,3.5,12.5,200.0,0.0,,,,,,2.0,57.0,200.0,3.5,,,,,,,,,,,,,,,,,,0.0,0.0,0.0,-11.0,5.0,0.0,0.0,0.0,0.0,0.0,0.0,0.0,0.0,0.0,0.0,0.0,0.0,,,,,,
Jay Cutler,CutlJa00,2009,26,CHI,QB,16,16,7-9-0,336,555,60.5,3666,27,4.9,26,4.7,169,41.7,71.0,6.6,5.47,10.9,229.1,76.8,49.9,35,204,5.93,5.87,4.8,2,4,10,,89.0,88.0,99.0,75.0,95.0,92.0,101.0,109.0,93.0,,,,,,,,,,,,,,,,,,,,,,,,,,,,,,,,,9.0,0.0,0.0,0.0,0.0,0.0,0.0,14.0,2.5,40.0,30.0,40.0,1.0,4.3,10.8,173.0,0.0,,,,,,1.0,40.0,173.0,4.3,,,,,,,,,,,,,,,,,,0.0,5.0,0.0,-8.0,9.0,0.0,0.0,0.0,0.0,0.0,0.0,0.0,0.0,0.0,0.0,0.0,0.0,,,,,,
Jay Cutler,CutlJa00,2010,27,CHI,QB,15,15,10-5-0,261,432,60.4,3274,23,5.3,16,3.7,159,43.6,89.0,7.6,6.98,12.5,218.3,86.3,51.4,52,352,10.74,6.04,5.5,4,4,12,,97.0,104.0,99.0,90.0,97.0,103.0,65.0,112.0,109.0,,,,,,,,,,,,,,,,,,,,,,,,,,,,,,,,,10.0,0.0,0.0,0.0,0.0,0.0,0.0,18.0,3.3,50.0,25.0,48.0,1.0,4.6,15.5,232.0,0.0,,,,,,1.0,50.0,232.0,4.6,,,,,,,,,,,,,,,,,,0.0,1.0,0.0,0.0,10.0,0.0,0.0,0.0,0.0,0.0,,0.0,0.0,0.0,1.0,,1.0,,,,,,
Jay Cutler,CutlJa00,2011,28,CHI,QB,10,10,7-3-0,182,314,58.0,2319,13,4.1,7,2.2,107,41.8,56.0,7.4,7.21,12.7,231.9,85.7,60.5,23,159,6.82,6.41,6.25,1,1,7,,105.0,107.0,91.0,110.0,103.0,101.0,95.0,98.0,106.0,,,,,,,,,,,,,,,,,,,,,,,,,,,,,,,,,7.0,0.0,0.0,0.0,0.0,0.0,0.0,4.0,1.8,18.0,12.0,27.8,1.0,3.1,5.5,55.0,0.0,,,,,,1.0,18.0,55.0,3.1,,,,,,,,,,,,,,,,,,0.0,4.0,0.0,-8.0,7.0,0.0,0.0,0.0,0.0,0.0,0.0,0.0,0.0,0.0,0.0,0.0,0.0,,,,,,
Jay Cutler,CutlJa00,2012,29,CHI,QB,15,15,10-5-0,255,434,58.8,3033,19,4.4,14,3.2,152,40.3,60.0,7.0,6.41,11.9,202.2,81.3,48.1,38,250,8.05,5.9,5.37,1,1,11,,93.0,96.0,93.0,92.0,93.0,95.0,87.0,101.0,97.0,,,,,,,,,,,,,,,,,,,,,,,,,,,,,,,,,8.0,0.0,0.0,0.0,0.0,0.0,0.0,15.0,2.7,41.0,24.0,51.2,0.0,5.7,15.5,233.0,0.0,,,,,,0.0,41.0,233.0,5.7,,,,,,,,,,,,,,,,,,0.0,1.0,0.0,-7.0,8.0,0.0,0.0,0.0,0.0,0.0,0.0,0.0,0.0,0.0,0.0,0.0,0.0,0%,93%,0%,0.0,920.0,0.0
Jay Cutler,CutlJa00,2013,30,CHI,QB,11,11,5-6-0,224,355,63.1,2621,19,5.4,12,3.4,125,45.2,67.0,7.4,6.93,11.7,238.3,89.2,70.1,19,132,5.08,6.66,6.23,3,3,9,,103.0,101.0,106.0,87.0,108.0,103.0,110.0,111.0,106.0,,,,,,,,,,,,,,,,,,,,,,,,,,,,,,,,,5.0,0.0,0.0,0.0,0.0,0.0,0.0,7.0,2.1,23.0,18.0,43.5,0.0,5.1,10.7,118.0,0.0,,,,,,0.0,23.0,118.0,5.1,,,,,,,,,,,,,,,,,,0.0,1.0,0.0,-10.0,5.0,0.0,0.0,0.0,0.0,0.0,0.0,0.0,0.0,0.0,0.0,0.0,0.0,0%,91%,0%,0.0,636.0,0.0
Jay Cutler,CutlJa00,2014,31,CHI,QB,15,15,5-10-0,370,561,66.0,3812,28,5.0,18,3.2,181,46.6,74.0,6.8,6.35,10.3,254.1,88.6,50.9,38,223,6.34,5.99,5.57,1,1,11,,93.0,92.0,115.0,89.0,93.0,100.0,100.0,106.0,91.0,,,,,,,,,,,,,,,,,,,,,,,,,,,,,,,,,12.0,0.0,0.0,0.0,0.0,0.0,0.0,14.0,2.6,39.0,25.0,38.5,2.0,4.9,12.7,191.0,0.0,,,,,,2.0,39.0,191.0,4.9,,,,,,,,,,,,,,,,,,0.0,4.0,0.0,-29.0,12.0,0.0,0.0,0.0,0.0,0.0,0.0,0.0,0.0,0.0,0.0,0.0,0.0,0%,98%,0%,0.0,969.0,0.0
Jay Cutler,CutlJa00,2015,32,CHI,QB,15,15,6-9-0,311,483,64.4,3659,21,4.3,11,2.3,173,47.1,87.0,7.6,7.42,11.8,243.9,92.3,61.0,29,150,5.66,6.85,6.71,4,4,11,,108.0,106.0,106.0,102.0,111.0,104.0,103.0,99.0,109.0,,,,,,,,,,,,,,,,,,,,,,,,,,,,,,,,,8.0,0.0,0.0,0.0,0.0,0.0,0.0,16.0,2.5,38.0,26.0,63.2,1.0,5.3,13.4,201.0,0.0,,,,,,1.0,38.0,201.0,5.3,,,,,,,,,,,,,,,,,,0.0,2.0,0.0,-8.0,8.0,0.0,0.0,0.0,0.0,0.0,0.0,0.0,0.0,0.0,0.0,0.0,0.0,0%,96%,0%,0.0,990.0,0.0
Jay Cutler,CutlJa00,2016,33,CHI,QB,5,5,1-4-0,81,137,59.1,1059,4,2.9,5,3.6,45,40.9,54.0,7.7,6.67,13.1,211.8,78.1,28.1,17,104,11.04,6.2,5.26,0,0,2,,87.0,96.0,86.0,77.0,98.0,85.0,59.0,83.0,113.0,,,,,,,,,,,,,,,,,,,,,,,,,,,,,,,,,6.0,0.0,0.0,0.0,0.0,0.0,0.0,1.0,1.0,5.0,12.0,40.0,0.0,4.8,4.8,24.0,0.0,,,,,,0.0,5.0,24.0,4.8,,,,,,,,,,,,,,,,,,0.0,2.0,0.0,0.0,6.0,0.0,0.0,0.0,0.0,0.0,0.0,0.0,0.0,0.0,0.0,0.0,0.0,0%,95%,0%,0.0,274.0,0.0
Jay Cutler,CutlJa00,2017,34,MIA,QB,14,14,6-8-0,266,429,62.0,2666,19,4.4,14,3.3,138,44.3,65.0,6.2,5.63,10.0,190.4,80.8,43.5,20,154,4.45,5.59,5.04,2,3,6,,85.0,81.0,95.0,85.0,86.0,88.0,114.0,100.0,80.0,,,,,,,,,,,,,,,,,,,,,,,,,,,,,,,,,6.0,0.0,0.0,0.0,0.0,0.0,0.0,3.0,1.4,19.0,9.0,31.6,0.0,1.7,2.3,32.0,0.0,,,,,,0.0,19.0,32.0,1.7,,,,,,,,,,,,,,,,,,0.0,6.0,0.0,-5.0,6.0,0.0,0.0,0.0,0.0,0.0,,0.0,0.0,0.0,0.0,,0.0,0%,84%,0%,0.0,762.0,0.0
Jayden Daniels,DaniJa02,2024,24,WAS,QB,17,17,12-5-0,331,480,69.0,3568,25,5.2,9,1.9,213,47.1,86.0,7.4,7.63,10.8,209.9,100.1,67.7,47,238,8.92,6.32,6.5,4,4,20,"PB,AP MVP-7,AP OPoY-17,AP ORoY-1",107.0,110.0,116.0,107.0,104.0,114.0,86.0,111.0,107.0,1788.0,3.7,5.4,12.0,153.0,4.3,20.0,28.0,36.0,362.0,78.2,18.0,147.0,14.5,67.0,111.0,18.5,11.0,10.0,99.0,1.0,12.0,111.0,2.0,3526.0,7.3,15.0,1780.0,5.4,2.4,73.0,8.1,5.0,0.0,0.0,0.0,0.0,0.0,0.0,64.0,8.7,148.0,46.0,62.8,6.0,6.0,52.4,891.0,0.0,,,,,,6.0,148.0,891.0,6.0,0.0,0.0,0.0,0.0,0.0,9.0,16.4,238.0,1.6,653.0,4.4,,,,,,,0.0,0.0,0.0,-11.0,5.0,0.0,0.0,0.0,0.0,0.0,0.0,0.0,0.0,0.0,0.0,0.0,0.0,,,,,,
Jayden Daniels,DaniJa02,2025,25,WAS,QB,7,7,2-5-0,114,188,60.6,1262,8,4.3,3,1.6,59,44.7,50.0,6.7,6.85,11.1,180.3,88.1,44.7,18,79,8.74,5.74,5.86,0,0,6,,97.0,97.0,84.0,110.0,92.0,94.0,87.0,96.0,92.0,685.0,3.6,6.0,4.0,61.0,6.9,12.0,11.0,12.0,133.0,76.4,28.0,243.0,14.9,26.0,41.0,16.7,48.0,32.0,278.0,14.0,79.0,357.0,2.0,1354.0,7.2,12.0,577.0,5.1,2.3,39.0,6.5,3.0,0.0,0.0,0.0,0.0,0.0,0.0,14.0,8.3,58.0,18.0,51.7,2.0,4.8,39.7,278.0,0.0,,,,,,2.0,58.0,278.0,4.8,0.0,0.0,0.0,0.0,0.0,4.0,14.5,111.0,1.9,167.0,2.9,,,,,,,0.0,1.0,0.0,-4.0,3.0,0.0,0.0,0.0,0.0,0.0,0.0,0.0,0.0,0.0,0.0,0.0,0.0,0%,91%,0%,0.0,405.0,0.0
Jim Harbaugh,HarbJi00,1987,24,CHI,QB,6,0,,8,11,72.7,62,0,0.0,0,0.0,3,33.3,21.0,5.6,5.64,7.8,10.3,86.2,,4,45,26.67,1.13,1.13,0,0,0,,,,,,,,,,,,,,,,,,,,,,,,,,,,,,,,,,,,,,,,,,,0.0,0.0,0.0,0.0,0.0,0.0,0.0,1.0,0.7,4.0,9.0,25.0,0.0,3.8,2.5,15.0,0.0,,,,,,0.0,4.0,15.0,3.8,,,,,,,,,,,,,,,,,,,,,,,,,,,,,,,,,,,,,,,,
Jim Harbaugh,HarbJi00,1988,25,CHI,QB,10,2,1-1-0,47,97,48.5,514,0,0.0,2,2.1,20,33.0,56.0,5.3,4.37,10.9,51.4,55.9,,6,49,5.83,4.51,3.64,1,1,2,,80.0,77.0,79.0,125.0,70.0,76.0,108.0,55.0,63.0,,,,,,,,,,,,,,,,,,,,,,,,,,,,,,,,,1.0,0.0,0.0,0.0,0.0,0.0,0.0,6.0,1.9,19.0,19.0,52.6,1.0,5.8,11.0,110.0,0.0,,,,,,1.0,19.0,110.0,5.8,,,,,,,,,,,,,,,,,,0.0,0.0,0.0,-1.0,1.0,0.0,0.0,0.0,0.0,,,0.0,0.0,0.0,0.0,,0.0,,,,,,
Jim Harbaugh,HarbJi00,1989,26,CHI,QB,12,5,1-4-0,111,178,62.4,1204,5,2.8,9,5.1,58,45.4,49.0,6.8,5.05,10.8,100.3,70.5,,18,106,9.18,5.6,4.05,0,0,5,,85.0,86.0,124.0,83.0,92.0,94.0,86.0,85.0,95.0,,,,,,,,,,,,,,,,,,,,,,,,,,,,,,,,,2.0,0.0,0.0,0.0,0.0,0.0,0.0,17.0,3.8,45.0,26.0,62.2,3.0,6.1,23.0,276.0,0.0,,,,,,3.0,45.0,276.0,6.1,,,,,,,,,,,,,,,,,,0.0,0.0,0.0,0.0,2.0,0.0,0.0,0.0,0.0,,,0.0,0.0,0.0,0.0,,0.0,,,,,,
Jim Harbaugh,HarbJi00,1990,27,CHI,QB,14,14,10-4-0,180,312,57.7,2178,10,3.2,6,1.9,100,42.9,80.0,7.0,6.76,12.1,155.6,81.9,,31,206,9.04,5.75,5.55,1,3,10,,104.0,108.0,105.0,124.0,94.0,108.0,87.0,91.0,99.0,,,,,,,,,,,,,,,,,,,,,,,,,,,,,,,,,8.0,0.0,0.0,0.0,0.0,0.0,0.0,22.0,3.6,51.0,21.0,64.7,4.0,6.3,22.9,321.0,0.0,,,,,,4.0,51.0,321.0,6.3,,,,,,,,,,,,,,,,,,0.0,3.0,0.0,-4.0,8.0,0.0,0.0,0.0,0.0,,,0.0,0.0,0.0,0.0,,0.0,,,,,,
Jim Harbaugh,HarbJi00,1991,28,CHI,QB,16,16,11-5-0,275,478,57.5,3121,15,3.1,16,3.3,160,45.6,84.0,6.5,5.65,11.3,195.1,73.7,,24,163,4.78,5.89,5.06,3,3,13,,99.0,94.0,102.0,104.0,100.0,96.0,115.0,91.0,92.0,,,,,,,,,,,,,,,,,,,,,,,,,,,,,,,,,6.0,0.0,0.0,0.0,0.0,0.0,0.0,28.0,4.4,70.0,20.0,54.3,2.0,4.8,21.1,338.0,0.0,,,,,,2.0,70.0,338.0,4.8,,,,,,,,,,,,,,,,,,0.0,0.0,0.0,-3.0,6.0,0.0,0.0,0.0,0.0,,,0.0,0.0,0.0,0.0,,0.0,,,,,,
Jim Harbaugh,HarbJi00,1992,29,CHI,QB,16,13,5-8-0,202,358,56.4,2486,13,3.6,12,3.4,121,43.4,83.0,6.9,6.16,12.3,155.4,76.2,,31,167,7.97,5.96,5.24,1,1,10,,102.0,103.0,96.0,102.0,102.0,100.0,94.0,99.0,102.0,,,,,,,,,,,,,,,,,,,,,,,,,,,,,,,,,6.0,0.0,0.0,0.0,0.0,0.0,0.0,14.0,2.9,47.0,17.0,51.1,1.0,5.8,17.0,272.0,0.0,,,,,,1.0,47.0,272.0,5.8,,,,,,,,,,,,,,,,,,0.0,3.0,0.0,0.0,6.0,0.0,0.0,0.0,0.0,,,0.0,0.0,0.0,0.0,,0.0,,,,,,
Jim Harbaugh,HarbJi00,1993,30,CHI,QB,15,15,7-8-0,200,325,61.5,2002,7,2.2,11,3.4,98,38.3,48.0,6.2,5.07,10.0,133.5,72.1,,43,210,11.68,4.87,3.9,1,1,8,,84.0,87.0,111.0,100.0,82.0,94.0,69.0,79.0,88.0,,,,,,,,,,,,,,,,,,,,,,,,,,,,,,,,,15.0,1.0,0.1,0.0,0.0,0.1,1.0,20.0,4.0,60.0,25.0,45.0,4.0,4.6,18.5,277.0,1.0,100.0,1.0,0.0,1.0,1.0,4.0,61.0,278.0,4.6,,,,,,,,,,,,,,,,,,0.0,4.0,0.0,-1.0,15.0,0.0,0.0,0.0,0.0,,,0.0,0.0,0.0,0.0,,0.0,,,,,,
Jim Harbaugh,HarbJi00,1994,31,IND,QB,12,9,4-5-0,125,202,61.9,1440,9,4.5,6,3.0,72,42.5,85.0,7.1,6.68,11.5,120.0,85.8,,17,72,7.76,6.25,5.84,0,0,7,,107.0,108.0,112.0,102.0,106.0,110.0,90.0,108.0,108.0,,,,,,,,,,,,,,,,,,,,,,,,,,,,,,,,,1.0,0.0,0.0,0.0,0.0,0.0,0.0,11.0,3.3,39.0,41.0,46.2,0.0,5.7,18.6,223.0,0.0,,,,,,0.0,39.0,223.0,5.7,,,,,,,,,,,,,,,,,,0.0,0.0,0.0,0.0,1.0,0.0,0.0,0.0,0.0,,,0.0,0.0,0.0,0.0,,0.0,,,,,,
Jim Harbaugh,HarbJi00,1995,32,IND,QB,15,12,7-5-0,200,314,63.7,2575,17,5.4,5,1.6,115,47.4,52.0,8.2,8.57,12.9,171.7,100.7,,36,219,10.29,6.73,7.06,3,4,12,"PB,AP MVP-4",127.0,139.0,119.0,126.0,119.0,132.0,72.0,119.0,136.0,,,,,,,,,,,,,,,,,,,,,,,,,,,,,,,,,4.0,1.0,0.1,0.0,0.0,-0.6,-9.0,16.0,3.5,52.0,21.0,42.3,2.0,4.5,15.7,235.0,1.0,100.0,-9.0,0.0,-9.0,-9.0,2.0,53.0,226.0,4.3,,,,,,,,,,,,,,,,,,0.0,1.0,0.0,-20.0,4.0,0.0,0.0,0.0,0.0,,,0.0,0.0,0.0,0.0,,0.0,,,,,,
Jim Harbaugh,HarbJi00,1996,33,IND,QB,14,14,7-7-0,232,405,57.3,2630,13,3.2,11,2.7,129,43.8,51.0,6.5,5.91,11.3,187.9,76.3,,36,190,8.16,5.53,5.0,2,2,10,,96.0,98.0,100.0,107.0,93.0,98.0,90.0,91.0,95.0,,,,,,,,,,,,,,,,,,,,,,,,,,,,,,,,,8.0,0.0,0.0,0.0,0.0,0.0,0.0,15.0,3.4,48.0,21.0,43.8,1.0,4.0,13.7,192.0,0.0,,,,,,1.0,48.0,192.0,4.0,,,,,,,,,,,,,,,,,,0.0,4.0,0.0,-3.0,8.0,0.0,0.0,0.0,0.0,,,0.0,0.0,0.0,0.0,,0.0,,,,,,
Jim Harbaugh,HarbJi00,1997,34,IND,QB,12,11,2-9-0,189,309,61.2,2060,10,3.2,4,1.3,100,41.7,58.0,6.7,6.73,10.9,171.7,86.2,,41,256,11.71,5.15,5.21,0,0,8,,100.0,108.0,117.0,127.0,87.0,111.0,72.0,92.0,99.0,,,,,,,,,,,,,,,,,,,,,,,,,,,,,,,,,4.0,0.0,0.0,0.0,0.0,0.0,0.0,12.0,3.0,36.0,18.0,52.8,0.0,5.7,17.2,206.0,0.0,,,,,,0.0,36.0,206.0,5.7,,,,,,,,,,,,,,,,,,0.0,1.0,0.0,0.0,4.0,0.0,0.0,0.0,0.0,,,0.0,0.0,0.0,0.0,,0.0,,,,,,
Jim Harbaugh,HarbJi00,1998,35,BAL,QB,14,12,5-7-0,164,293,56.0,1839,12,4.1,11,3.8,86,38.6,66.0,6.3,5.41,11.2,131.4,72.9,,23,145,7.28,5.36,4.55,1,2,5,,92.0,92.0,97.0,93.0,92.0,94.0,99.0,101.0,91.0,,,,,,,,,,,,,,,,,,,,,,,,,,,,,,,,,7.0,0.0,0.0,0.0,0.0,0.0,0.0,11.0,2.9,40.0,15.0,37.5,0.0,4.3,12.3,172.0,0.0,,,,,,0.0,40.0,172.0,4.3,,,,,,,,,,,,,,,,,,0.0,3.0,0.0,-7.0,7.0,0.0,0.0,0.0,0.0,,,0.0,0.0,0.0,0.0,,0.0,,,,,,
Jim Harbaugh,HarbJi00,1999,36,SDG,QB,14,12,6-6-0,249,434,57.4,2761,10,2.3,14,3.2,130,39.3,80.0,6.4,5.37,11.1,197.2,70.6,,37,208,7.86,5.42,4.51,2,2,8,,92.0,92.0,100.0,101.0,93.0,92.0,95.0,83.0,93.0,,,,,,,,,,,,,,,,,,,,,,,,,,,,,,,,,12.0,0.0,0.0,0.0,0.0,0.0,0.0,11.0,2.4,34.0,16.0,29.4,0.0,3.7,9.0,126.0,0.0,,,,,,0.0,34.0,126.0,3.7,,,,,,,,,,,,,,,,,,0.0,4.0,0.0,-20.0,12.0,0.0,0.0,0.0,0.0,0.0,,0.0,0.0,0.0,0.0,0.0,0.0,,,,,,
Jim Harbaugh,HarbJi00,2000,37,SDG,QB,7,5,0-5-0,123,202,60.9,1416,8,4.0,10,5.0,67,43.5,62.0,7.0,5.57,11.5,202.3,74.6,,14,96,6.48,6.11,4.77,0,0,4,,94.0,94.0,111.0,74.0,105.0,95.0,103.0,101.0,105.0,,,,,,,,,,,,,,,,,,,,,,,,,,,,,,,,,5.0,0.0,0.0,0.0,0.0,0.0,0.0,1.0,2.3,16.0,7.0,12.5,0.0,1.5,3.4,24.0,0.0,,,,,,0.0,16.0,24.0,1.5,,,,,,,,,,,,,,,,,,0.0,1.0,0.0,-5.0,5.0,0.0,0.0,0.0,0.0,0.0,,0.0,0.0,0.0,0.0,0.0,0.0,,,,,,
Jimmy Garoppolo,GaroJi00,2014,23,NWE,QB,6,0,,19,27,70.4,182,1,3.7,0,0.0,8,34.4,37.0,6.7,7.48,9.6,30.3,101.2,19.5,5,36,15.63,4.56,5.19,0,0,1,,,,,,,,,,,,,,,,,,,,,,,,,,,,,,,,,,,,,,,,,,,0.0,0.0,0.0,0.0,0.0,0.0,0.0,2.0,1.7,10.0,9.0,30.0,0.0,0.9,1.5,9.0,0.0,,,,,,0.0,10.0,9.0,0.9,,,,,,,,,,,,,,,,,,,,,,,,,,,,,,,,,,,0%,17%,0%,0.0,69.0,0.0
Jimmy Garoppolo,GaroJi00,2015,24,NWE,QB,5,0,,1,4,25.0,6,0,0.0,0,0.0,0,,6.0,1.5,1.5,6.0,1.2,39.6,8.1,0,0,0.0,1.5,1.5,0,0,0,,,,,,,,,,,,,,,,,,,,,,,,,,,,,,,,,,,,,,,,,,,0.0,0.0,0.0,0.0,0.0,0.0,0.0,0.0,1.0,5.0,-1.0,0.0,0.0,-1.0,-1.0,-5.0,0.0,,,,,,0.0,5.0,-5.0,-1.0,,,,,,,,,,,,,,,,,,,,,,,,,,,,,,,,,,,0%,4%,0%,0.0,13.0,0.0
Jimmy Garoppolo,GaroJi00,2016,25,NWE,QB,6,2,2-0-0,43,63,68.3,502,4,6.3,0,0.0,22,53.0,37.0,8.0,9.24,11.7,83.7,113.3,87.5,3,15,4.55,7.38,8.59,1,1,2,,135.0,132.0,122.0,142.0,123.0,135.0,113.0,124.0,119.0,,,,,,,,,,,,,,,,,,,,,,,,,,,,,,,,,2.0,1.0,0.2,0.0,0.0,0.5,3.0,1.0,1.7,10.0,10.0,10.0,0.0,0.6,1.0,6.0,1.0,100.0,3.0,0.0,3.0,3.0,0.0,11.0,9.0,0.8,,,,,,,,,,,,,,,,,,0.0,0.0,0.0,-2.0,2.0,0.0,0.0,0.0,0.0,0.0,0.0,0.0,0.0,0.0,0.0,0.0,0.0,0%,33%,0%,0.0,144.0,0.0
Jimmy Garoppolo,GaroJi00,2017,26,SFO,QB,6,5,5-0-0,120,178,67.4,1560,7,3.9,5,2.8,81,54.3,61.0,8.8,8.29,13.0,260.0,96.2,83.0,8,57,4.3,8.08,7.62,2,2,5,,120.0,117.0,115.0,92.0,134.0,109.0,115.0,95.0,133.0,,,,,,,,,,,,,,,,,,,,,,,,,,,,,,,,,1.0,1.0,0.2,0.0,0.0,-1.0,-6.0,4.0,2.5,15.0,8.0,26.7,1.0,0.7,1.8,11.0,1.0,100.0,-6.0,0.0,-6.0,-6.0,1.0,16.0,5.0,0.3,,,,,,,,,,,,,,,,,,0.0,1.0,0.0,-1.0,1.0,0.0,0.0,0.0,0.0,0.0,0.0,0.0,0.0,0.0,0.0,0.0,0.0,0%,84%,0%,0.0,351.0,0.0
Jimmy Garoppolo,GaroJi00,2018,27,SFO,QB,3,3,1-2-0,53,89,59.6,718,5,5.6,3,3.4,35,45.1,56.0,8.1,7.67,13.5,239.3,90.0,27.5,13,97,12.75,6.09,5.75,0,0,2,,95.0,109.0,85.0,83.0,96.0,100.0,54.0,112.0,117.0,350.0,3.9,6.6,0.0,21.0,5.7,5.0,4.0,16.0,,,,,18.4,16.0,33.0,30.8,,,,,,,0.0,792.0,8.9,2.0,368.0,6.9,2.4,5.0,6.6,4.0,0.0,0.0,0.0,0.0,0.0,0.0,2.0,2.7,8.0,13.0,62.5,0.0,4.1,11.0,33.0,0.0,,,,,,0.0,8.0,33.0,4.1,0.0,0.0,0.0,0.0,0.0,0.0,,37.0,4.6,-4.0,-0.5,,,,,,,0.0,1.0,0.0,-3.0,4.0,0.0,0.0,0.0,0.0,0.0,0.0,0.0,0.0,0.0,0.0,0.0,0.0,0%,100%,0%,0.0,197.0,0.0
Jimmy Garoppolo,GaroJi00,2019,28,SFO,QB,16,16,13-3-0,329,476,69.1,3978,27,5.7,13,2.7,193,48.6,75.0,8.4,8.26,12.1,248.6,102.0,60.8,36,237,7.03,7.31,7.22,4,4,15,AP CPoY-2,112.0,114.0,118.0,92.0,117.0,113.0,96.0,110.0,121.0,1819.0,3.8,5.5,6.0,201.0,6.0,28.0,32.0,41.0,377.0,80.7,125.0,1438.0,13.7,64.0,109.0,20.8,24.0,23.0,349.0,0.0,0.0,349.0,2.0,3106.0,6.5,7.0,2159.0,6.6,2.4,12.0,4.7,10.0,0.0,0.0,0.0,0.0,0.0,0.0,13.0,2.9,46.0,11.0,32.6,1.0,1.3,3.9,62.0,0.0,,,,,,1.0,46.0,62.0,1.3,0.0,0.0,0.0,0.0,0.0,1.0,46.0,17.0,0.4,45.0,1.0,,,,,,,0.0,3.0,0.0,-21.0,10.0,0.0,0.0,0.0,0.0,0.0,0.0,0.0,0.0,0.0,0.0,0.0,0.0,0%,99%,0%,0.0,1056.0,0.0
Jimmy Garoppolo,GaroJi00,2020,29,SFO,QB,6,6,3-3-0,94,140,67.1,1096,7,5.0,5,3.6,55,49.0,76.0,7.8,7.22,11.7,182.7,92.4,54.0,11,77,7.28,6.75,6.19,0,0,3,,100.0,102.0,111.0,75.0,108.0,101.0,92.0,104.0,113.0,382.0,2.7,4.1,1.0,50.0,6.4,9.0,14.0,8.0,109.0,77.9,40.0,385.0,17.1,24.0,33.0,21.3,10.0,8.0,57.0,0.0,0.0,57.0,0.0,879.0,6.3,0.0,714.0,7.6,2.3,4.0,5.3,2.0,0.0,0.0,0.0,0.0,0.0,0.0,3.0,1.7,10.0,9.0,40.0,0.0,2.5,4.2,25.0,0.0,,,,,,0.0,10.0,25.0,2.5,0.0,0.0,0.0,0.0,0.0,1.0,10.0,6.0,0.6,19.0,1.9,,,,,,,0.0,0.0,0.0,0.0,2.0,0.0,0.0,0.0,0.0,0.0,0.0,0.0,0.0,0.0,0.0,0.0,0.0,0%,77%,0%,0.0,305.0,0.0
Jimmy Garoppolo,GaroJi00,2021,30,SFO,QB,15,15,9-6-0,301,441,68.3,3810,20,4.5,12,2.7,202,50.4,83.0,8.6,8.32,12.7,254.0,98.7,59.2,29,201,6.17,7.68,7.38,3,3,12,,115.0,117.0,114.0,91.0,127.0,110.0,100.0,100.0,131.0,1844.0,4.2,6.1,5.0,100.0,5.4,23.0,36.0,24.0,348.0,81.5,100.0,1017.0,12.9,55.0,89.0,18.7,38.0,37.0,334.0,1.0,5.0,339.0,3.0,3304.0,7.5,11.0,1966.0,6.5,2.4,6.0,3.7,8.0,0.0,0.0,0.0,0.0,0.0,0.0,15.0,2.5,38.0,7.0,47.4,3.0,1.3,3.4,51.0,0.0,,,,,,3.0,38.0,51.0,1.3,0.0,0.0,0.0,0.0,0.0,0.0,,11.0,0.3,40.0,1.1,,,,,,,0.0,3.0,0.0,12.0,8.0,0.0,0.0,0.0,0.0,0.0,0.0,0.0,0.0,0.0,0.0,0.0,0.0,0%,95%,0%,0.0,913.0,0.0
Jimmy Garoppolo,GaroJi00,2022,31,SFO,QB,11,10,7-3-0,207,308,67.2,2437,16,5.2,4,1.3,114,53.1,57.0,7.9,8.37,11.8,221.5,103.0,56.3,18,100,5.52,7.17,7.6,1,1,10,,124.0,124.0,112.0,122.0,122.0,121.0,107.0,111.0,120.0,990.0,3.2,4.8,10.0,87.0,6.9,21.0,24.0,9.0,228.0,74.5,52.0,420.0,12.7,39.0,51.0,15.5,32.0,29.0,189.0,1.0,1.0,190.0,0.0,2115.0,6.9,2.0,1447.0,7.0,2.3,3.0,3.7,3.0,0.0,0.0,0.0,0.0,0.0,0.0,12.0,2.1,23.0,6.0,47.8,2.0,1.4,3.0,33.0,0.0,,,,,,2.0,23.0,33.0,1.4,0.0,0.0,0.0,0.0,0.0,0.0,,19.0,0.8,14.0,0.6,,,,,,,0.0,0.0,0.0,0.0,3.0,0.0,0.0,0.0,0.0,0.0,0.0,0.0,0.0,0.0,0.0,0.0,0.0,0%,85%,0%,0.0,614.0,0.0
Jimmy Garoppolo,GaroJi00,2023,32,LVR,QB,7,6,3-3-0,110,169,65.1,1205,7,4.1,9,5.3,60,47.5,32.0,7.1,5.56,11.0,172.1,77.7,34.7,14,101,7.65,6.03,4.58,2,2,2,,81.0,80.0,103.0,32.0,99.0,80.0,94.0,100.0,102.0,737.0,4.4,6.7,5.0,51.0,3.0,5.0,15.0,5.0,117.0,70.9,37.0,309.0,18.2,30.0,34.0,17.8,3.0,3.0,16.0,0.0,0.0,16.0,1.0,1380.0,8.2,3.0,468.0,4.3,2.5,8.0,4.9,1.0,0.0,0.0,0.0,0.0,0.0,0.0,6.0,2.9,20.0,9.0,30.0,0.0,2.0,5.6,39.0,0.0,,,,,,0.0,20.0,39.0,2.0,0.0,0.0,0.0,0.0,0.0,1.0,20.0,13.0,0.7,26.0,1.3,,,,,,,0.0,1.0,0.0,0.0,1.0,0.0,0.0,0.0,0.0,0.0,0.0,0.0,0.0,0.0,0.0,0.0,0.0,0%,78%,0%,0.0,325.0,0.0
Jimmy Garoppolo,GaroJi00,2024,33,LAR,QB,1,1,0-1-0,27,41,65.9,334,2,4.9,1,2.4,16,50.0,50.0,8.1,8.02,12.4,334.0,97.0,44.9,3,15,6.82,7.25,7.14,0,0,1,,,,,,,,,,,102.0,2.5,3.8,0.0,13.0,0.0,0.0,5.0,0.0,27.0,67.5,0.0,0.0,20.0,8.0,8.0,17.8,0.0,0.0,0.0,0.0,0.0,0.0,0.0,221.0,5.4,1.0,232.0,8.6,2.2,1.0,5.0,0.0,0.0,0.0,0.0,0.0,0.0,0.0,0.0,2.0,2.0,5.0,50.0,0.0,2.5,5.0,5.0,0.0,,,,,,0.0,2.0,5.0,2.5,0.0,0.0,0.0,0.0,0.0,0.0,,0.0,0.0,5.0,2.5,,,,,,,,,,,,,,,,,,,,,,,,0%,100%,0%,0.0,66.0,0.0
Jimmy Garoppolo,GaroJi00,2025,34,LAR,QB,3,0,,0,0,,0,0,,0,,0,,,,,,0.0,,0.8,0,0,,,,0,0,0,,,,,,,,,,,,,,,,,,,,,,,,,,,,,,,,,,,,,,,,,,,0.0,0.0,0.0,0.0,0.0,0.0,0.0,0.0,3.0,9.0,-1.0,0.0,0.0,-1.1,-3.3,-10.0,0.0,,,,,,0.0,9.0,-10.0,-1.1,0.0,0.0,0.0,0.0,0.0,0.0,,0.0,0.0,-10.0,-1.1,,,,,,,,,,,,,,,,,,,,,,,,0%,8%,0%,0.0,18.0,0.0
Joe Burrow,BurrJo01,2020,24,CIN,QB,10,10,2-7-1,264,404,65.3,2688,13,3.2,5,1.2,150,47.2,67.0,6.7,6.74,10.2,268.8,89.8,48.5,32,231,7.34,5.64,5.72,0,0,7,,93.0,95.0,103.0,120.0,87.0,98.0,91.0,86.0,89.0,1550.0,3.8,5.9,4.0,138.0,4.8,19.0,47.0,30.0,296.0,75.3,78.0,503.0,14.8,58.0,109.0,24.1,38.0,34.0,170.0,2.0,15.0,185.0,3.0,3438.0,8.5,8.0,1138.0,4.3,2.3,16.0,5.2,9.0,0.0,0.0,0.0,0.0,0.0,0.0,14.0,3.7,37.0,23.0,54.1,3.0,3.8,14.2,142.0,0.0,,,,,,3.0,37.0,142.0,3.8,0.0,0.0,0.0,0.0,0.0,3.0,12.3,23.0,0.6,119.0,3.2,,,,,,,0.0,4.0,0.0,-27.0,9.0,0.0,0.0,0.0,0.0,0.0,0.0,0.0,0.0,0.0,0.0,0.0,0.0,0%,97%,0%,0.0,709.0,0.0
Joe Burrow,BurrJo01,2021,25,CIN,QB,16,16,10-6-0,366,520,70.4,4611,34,6.5,14,2.7,250,47.6,82.0,8.9,8.96,12.6,288.2,108.3,60.2,51,370,8.93,7.43,7.51,2,3,15,AP CPoY-1,117.0,126.0,123.0,91.0,122.0,123.0,81.0,120.0,136.0,2332.0,4.5,6.4,8.0,125.0,4.5,23.0,48.0,46.0,419.0,82.8,75.0,807.0,10.7,54.0,145.0,24.5,23.0,20.0,167.0,1.0,1.0,168.0,2.0,4192.0,8.1,12.0,2279.0,6.2,2.4,21.0,5.4,5.0,0.0,0.0,0.0,0.0,0.0,0.0,20.0,2.5,40.0,12.0,40.0,2.0,3.0,7.4,118.0,0.0,,,,,,2.0,40.0,118.0,3.0,0.0,0.0,0.0,0.0,0.0,2.0,20.0,34.0,0.9,84.0,2.1,,,,,,,0.0,1.0,0.0,0.0,5.0,0.0,0.0,0.0,0.0,0.0,0.0,0.0,0.0,0.0,1.0,0.0,1.0,0%,96%,0%,0.0,1007.0,0.0
Joe Burrow,BurrJo01,2022,26,CIN,QB,16,16,12-4-0,414,606,68.3,4475,35,5.8,12,2.0,244,50.1,60.0,7.4,7.65,10.8,279.7,100.8,60.8,41,259,6.34,6.52,6.76,3,4,17,"PB,AP MVP-4,AP OPoY-9",111.0,112.0,117.0,107.0,107.0,117.0,101.0,117.0,108.0,2319.0,3.8,5.6,24.0,110.0,5.8,34.0,48.0,22.0,465.0,79.1,95.0,619.0,12.9,76.0,111.0,16.5,65.0,58.0,414.0,2.0,18.0,432.0,1.0,4121.0,6.8,17.0,2156.0,5.2,2.2,27.0,7.5,6.0,0.0,0.0,0.0,0.0,0.0,0.0,32.0,4.7,75.0,23.0,49.3,5.0,3.4,16.1,257.0,0.0,,,,,,5.0,75.0,257.0,3.4,0.0,0.0,0.0,0.0,0.0,0.0,,37.0,0.5,220.0,2.9,,,,,,,0.0,1.0,0.0,0.0,6.0,0.0,0.0,0.0,0.0,0.0,0.0,0.0,0.0,0.0,0.0,0.0,0.0,,,,,,
Joe Burrow,BurrJo01,2023,27,CIN,QB,10,10,5-5-0,244,365,66.8,2309,15,4.1,6,1.6,115,46.0,64.0,6.3,6.41,9.5,230.9,91.0,52.4,24,180,6.17,5.47,5.55,0,0,8,,95.0,94.0,112.0,115.0,88.0,103.0,105.0,100.0,85.0,1070.0,2.9,4.4,10.0,83.0,5.9,21.0,37.0,13.0,267.0,75.6,35.0,361.0,14.7,52.0,74.0,18.4,55.0,54.0,262.0,1.0,1.0,263.0,1.0,2315.0,6.3,11.0,1239.0,5.1,2.2,14.0,6.5,2.0,0.0,0.0,0.0,0.0,0.0,0.0,9.0,3.1,31.0,20.0,38.7,0.0,2.8,8.8,88.0,0.0,,,,,,0.0,31.0,88.0,2.8,0.0,0.0,0.0,0.0,0.0,0.0,,10.0,0.3,78.0,2.5,,,,,,,0.0,0.0,0.0,0.0,2.0,0.0,0.0,0.0,0.0,0.0,0.0,0.0,0.0,0.0,0.0,0.0,0.0,0%,94%,0%,0.0,602.0,0.0
Joe Burrow,BurrJo01,2024,28,CIN,QB,17,17,9-8-0,460,652,70.6,4918,43,6.6,9,1.4,253,53.6,70.0,7.5,8.24,10.7,289.3,108.5,72.1,48,278,6.86,6.63,7.28,1,2,16,"PB,AP MVP-4,AP OPoY-5,AP CPoY-1",118.0,119.0,122.0,117.0,110.0,127.0,101.0,127.0,110.0,2726.0,4.2,5.9,10.0,164.0,4.8,30.0,69.0,38.0,507.0,80.3,0.0,0.0,11.6,73.0,155.0,21.5,0.0,0.0,0.0,0.0,0.0,0.0,1.0,4603.0,7.1,20.0,2192.0,4.8,2.2,22.0,9.3,11.0,0.0,0.0,0.0,0.0,0.0,0.0,16.0,2.5,42.0,47.0,47.6,2.0,4.8,11.8,201.0,0.0,,,,,,2.0,42.0,201.0,4.8,0.0,0.0,0.0,0.0,0.0,0.0,,35.0,0.8,166.0,4.0,,,,,,,0.0,2.0,0.0,-3.0,11.0,0.0,0.0,0.0,0.0,0.0,0.0,0.0,0.0,0.0,0.0,0.0,0.0,,,,,,
Joe Burrow,BurrJo01,2025,29,CIN,QB,8,8,5-3-0,173,259,66.8,1809,17,6.6,5,1.9,100,51.8,43.0,7.0,7.43,10.5,226.1,100.7,63.0,17,113,6.16,6.14,6.56,0,0,6,PB,107.0,106.0,107.0,104.0,100.0,114.0,105.0,124.0,98.0,985.0,3.8,5.7,5.0,56.0,3.6,9.0,28.0,17.0,186.0,75.0,19.0,131.0,11.3,28.0,62.0,21.7,34.0,31.0,187.0,1.0,3.0,190.0,0.0,1856.0,7.2,11.0,824.0,4.8,2.3,10.0,3.8,0.0,0.0,0.0,0.0,0.0,0.0,0.0,5.0,1.8,14.0,9.0,42.9,0.0,2.9,5.1,41.0,0.0,,,,,,0.0,14.0,41.0,2.9,0.0,0.0,0.0,0.0,0.0,0.0,,1.0,0.1,40.0,2.9,,,,,,,,,,,,,,,,,,,,,,,,,,,,,
Joe Flacco,FlacJo00,2008,23,BAL,QB,16,16,11-5-0,257,428,60.0,2971,14,3.3,12,2.8,143,40.4,70.0,6.9,6.33,11.6,185.7,80.3,47.1,32,276,6.96,5.86,5.29,1,1,12,,96.0,99.0,97.0,103.0,95.0,97.0,93.0,91.0,100.0,,,,,,,,,,,,,,,,,,,,,,,,,,,,,,,,,11.0,1.0,0.1,1.0,0.0,2.7,43.0,16.0,3.3,52.0,38.0,34.6,2.0,3.5,11.3,180.0,1.0,100.0,43.0,100.0,43.0,43.0,2.0,53.0,223.0,4.2,,,,,,,,,,,,,,,,,,0.0,3.0,0.0,-18.0,11.0,0.0,0.0,0.0,0.0,0.0,0.0,0.0,0.0,0.0,0.0,0.0,0.0,,,,,,
Joe Flacco,FlacJo00,2009,24,BAL,QB,16,16,9-7-0,315,499,63.1,3613,21,4.2,12,2.4,184,46.4,72.0,7.2,7.0,11.5,225.8,88.9,58.5,36,218,6.73,6.35,6.12,1,2,13,,105.0,106.0,107.0,107.0,103.0,107.0,95.0,101.0,105.0,,,,,,,,,,,,,,,,,,,,,,,,,,,,,,,,,8.0,0.0,0.0,0.0,0.0,0.0,0.0,9.0,2.2,35.0,10.0,31.4,0.0,1.6,3.5,56.0,0.0,,,,,,0.0,35.0,56.0,1.6,,,,,,,,,,,,,,,,,,0.0,3.0,0.0,0.0,8.0,0.0,0.0,0.0,0.0,0.0,0.0,0.0,0.0,0.0,0.0,0.0,0.0,,,,,,
Joe Flacco,FlacJo00,2010,25,BAL,QB,16,16,12-4-0,306,489,62.6,3622,25,5.1,10,2.0,174,44.0,67.0,7.4,7.51,11.8,226.4,93.6,59.1,40,294,7.56,6.29,6.39,2,4,12,,107.0,110.0,106.0,112.0,101.0,111.0,90.0,110.0,106.0,,,,,,,,,,,,,,,,,,,,,,,,,,,,,,,,,9.0,0.0,0.0,0.0,0.0,0.0,0.0,10.0,2.7,43.0,14.0,30.2,1.0,2.0,5.3,84.0,0.0,,,,,,1.0,43.0,84.0,2.0,,,,,,,,,,,,,,,,,,0.0,1.0,0.0,-8.0,9.0,0.0,0.0,0.0,0.0,0.0,0.0,0.0,0.0,0.0,0.0,0.0,0.0,,,,,,
Joe Flacco,FlacJo00,2011,26,BAL,QB,16,16,12-4-0,312,542,57.6,3610,20,3.7,12,2.2,180,42.1,74.0,6.7,6.4,11.6,225.6,80.9,63.7,31,203,5.41,5.95,5.7,2,3,12,,98.0,96.0,89.0,110.0,94.0,95.0,107.0,93.0,91.0,,,,,,,,,,,,,,,,,,,,,,,,,,,,,,,,,11.0,1.0,0.1,0.0,0.0,-0.5,-8.0,13.0,2.4,39.0,33.0,35.9,1.0,2.3,5.5,88.0,1.0,100.0,-8.0,0.0,-8.0,-8.0,1.0,40.0,80.0,2.0,,,,,,,,,,,,,,,,,,0.0,4.0,0.0,-7.0,11.0,0.0,0.0,0.0,0.0,0.0,0.0,0.0,0.0,0.0,0.0,0.0,0.0,,,,,,
Joe Flacco,FlacJo00,2012,27,BAL,QB,16,16,10-6-0,317,531,59.7,3817,22,4.1,10,1.9,178,43.1,61.0,7.2,7.17,12.0,238.6,87.7,51.1,35,227,6.18,6.34,6.33,3,3,13,,105.0,105.0,96.0,114.0,102.0,103.0,102.0,98.0,101.0,,,,,,,,,,,,,,,,,,,,,,,,,,,,,,,,,9.0,0.0,0.0,0.0,0.0,0.0,0.0,11.0,2.0,32.0,16.0,34.4,3.0,0.7,1.4,22.0,0.0,,,,,,3.0,32.0,22.0,0.7,,,,,,,,,,,,,,,,,,0.0,1.0,0.0,-10.0,9.0,0.0,0.0,0.0,0.0,0.0,,0.0,0.0,0.0,0.0,,0.0,0%,92%,0%,0.0,1002.0,0.0
Joe Flacco,FlacJo00,2013,28,BAL,QB,16,16,8-8-0,362,614,59.0,3912,19,3.1,22,3.6,191,38.5,74.0,6.4,5.38,10.8,244.5,73.1,48.0,48,324,7.25,5.42,4.5,2,4,8,,80.0,80.0,90.0,83.0,82.0,82.0,93.0,85.0,82.0,,,,,,,,,,,,,,,,,,,,,,,,,,,,,,,,,8.0,0.0,0.0,0.0,0.0,0.0,0.0,12.0,1.7,27.0,22.0,59.3,1.0,4.9,8.2,131.0,0.0,,,,,,1.0,27.0,131.0,4.9,,,,,,,,,,,,,,,,,,0.0,2.0,0.0,0.0,8.0,0.0,0.0,0.0,0.0,0.0,0.0,0.0,0.0,0.0,0.0,0.0,0.0,0%,99%,0%,0.0,1128.0,0.0
Joe Flacco,FlacJo00,2014,29,BAL,QB,16,16,10-6-0,344,554,62.1,3986,27,4.9,12,2.2,194,47.8,80.0,7.2,7.19,11.6,249.1,91.0,68.6,19,167,3.32,6.66,6.66,2,2,13,,108.0,103.0,99.0,107.0,107.0,104.0,123.0,104.0,100.0,,,,,,,,,,,,,,,,,,,,,,,,,,,,,,,,,5.0,0.0,0.0,0.0,0.0,0.0,0.0,17.0,2.4,39.0,15.0,43.6,2.0,1.8,4.4,70.0,0.0,,,,,,2.0,39.0,70.0,1.8,,,,,,,,,,,,,,,,,,0.0,3.0,0.0,-5.0,5.0,0.0,0.0,0.0,0.0,0.0,0.0,0.0,0.0,0.0,0.0,0.0,0.0,0%,99%,0%,0.0,1068.0,0.0
Joe Flacco,FlacJo00,2015,30,BAL,QB,10,10,3-7-0,266,413,64.4,2791,14,3.4,12,2.9,125,45.7,50.0,6.8,6.13,10.5,279.1,83.1,50.8,16,124,3.73,6.22,5.61,3,3,5,,91.0,87.0,106.0,91.0,96.0,91.0,118.0,87.0,89.0,,,,,,,,,,,,,,,,,,,,,,,,,,,,,,,,,5.0,0.0,0.0,0.0,0.0,0.0,0.0,6.0,1.3,13.0,16.0,53.8,3.0,1.8,2.3,23.0,0.0,,,,,,3.0,13.0,23.0,1.8,,,,,,,,,,,,,,,,,,0.0,3.0,0.0,-22.0,5.0,0.0,0.0,0.0,0.0,0.0,,0.0,0.0,0.0,0.0,,0.0,0%,100%,0%,0.0,716.0,0.0
Joe Flacco,FlacJo00,2016,31,BAL,QB,16,16,8-8-0,436,672,64.9,4317,20,3.0,15,2.2,204,43.0,95.0,6.4,6.01,9.9,269.8,83.5,52.5,33,243,4.68,5.78,5.39,2,2,9,,89.0,87.0,109.0,102.0,88.0,92.0,112.0,83.0,83.0,,,,,,,,,,,,,,,,,,,,,,,,,,,,,,,,,5.0,0.0,0.0,0.0,0.0,0.0,0.0,6.0,1.3,21.0,16.0,33.3,2.0,2.8,3.6,58.0,0.0,,,,,,2.0,21.0,58.0,2.8,,,,,,,,,,,,,,,,,,0.0,2.0,0.0,-2.0,5.0,0.0,0.0,0.0,0.0,0.0,0.0,0.0,0.0,0.0,0.0,0.0,0.0,0%,98%,0%,0.0,1111.0,0.0
Joe Flacco,FlacJo00,2017,32,BAL,QB,16,16,9-7-0,352,549,64.1,3141,18,3.3,13,2.4,163,40.6,66.0,5.7,5.31,8.9,196.3,80.4,47.1,27,205,4.69,5.1,4.71,0,0,9,,81.0,77.0,103.0,100.0,77.0,88.0,112.0,87.0,70.0,,,,,,,,,,,,,,,,,,,,,,,,,,,,,,,,,6.0,0.0,0.0,0.0,0.0,0.0,0.0,4.0,1.6,25.0,25.0,20.0,1.0,2.2,3.4,54.0,0.0,,,,,,1.0,25.0,54.0,2.2,,,,,,,,,,,,,,,,,,0.0,4.0,0.0,-3.0,6.0,0.0,0.0,0.0,0.0,0.0,0.0,0.0,0.0,0.0,0.0,0.0,0.0,0%,95%,0%,0.0,1026.0,0.0
Joe Flacco,FlacJo00,2018,33,BAL,QB,9,9,4-5-0,232,379,61.2,2465,12,3.2,6,1.6,119,44.8,71.0,6.5,6.42,10.6,273.9,84.2,54.8,16,79,4.05,6.04,5.96,0,0,7,,98.0,92.0,91.0,113.0,95.0,92.0,119.0,86.0,86.0,1450.0,3.8,6.3,0.0,116.0,6.0,22.0,22.0,47.0,,,,,17.7,65.0,85.0,21.3,,,,,,,3.0,3237.0,8.5,9.0,1015.0,4.4,2.3,4.0,7.0,3.0,0.0,0.0,0.0,0.0,0.0,0.0,10.0,2.1,19.0,13.0,57.9,0.0,2.4,5.0,45.0,0.0,,,,,,0.0,19.0,45.0,2.4,0.0,0.0,0.0,0.0,0.0,0.0,,9.0,0.5,36.0,1.9,,,,,,,0.0,1.0,0.0,-6.0,3.0,0.0,0.0,0.0,0.0,0.0,0.0,0.0,0.0,0.0,0.0,0.0,0.0,0%,95%,0%,0.0,641.0,0.0
Joe Flacco,FlacJo00,2019,34,DEN,QB,8,8,2-6-0,171,262,65.3,1822,6,2.3,5,1.9,86,42.0,70.0,7.0,6.55,10.7,227.8,85.1,50.8,26,194,9.03,5.65,5.29,0,0,5,,87.0,92.0,103.0,106.0,87.0,91.0,81.0,76.0,94.0,915.0,3.5,5.4,9.0,76.0,6.0,15.0,14.0,41.0,194.0,77.9,38.0,287.0,16.1,40.0,81.0,27.6,4.0,4.0,16.0,0.0,0.0,16.0,1.0,1750.0,6.7,12.0,907.0,5.3,2.4,5.0,4.2,8.0,0.0,0.0,0.0,0.0,0.0,0.0,4.0,1.5,12.0,9.0,41.7,0.0,1.7,2.5,20.0,0.0,,,,,,0.0,12.0,20.0,1.7,0.0,0.0,0.0,0.0,0.0,0.0,,4.0,0.3,16.0,1.3,,,,,,,0.0,2.0,0.0,0.0,8.0,0.0,0.0,0.0,0.0,0.0,0.0,0.0,0.0,0.0,0.0,0.0,0.0,0%,100%,0%,0.0,532.0,0.0
Joe Flacco,FlacJo00,2020,35,NYJ,QB,5,4,0-4-0,74,134,55.2,864,6,4.5,3,2.2,36,41.8,52.0,6.4,6.34,11.7,172.8,80.6,50.3,7,69,4.96,5.64,5.53,0,0,2,,91.0,90.0,59.0,101.0,87.0,85.0,110.0,99.0,85.0,519.0,3.9,7.0,1.0,56.0,4.0,5.0,20.0,16.0,88.0,71.0,28.0,213.0,23.4,29.0,43.0,29.5,4.0,4.0,9.0,0.0,0.0,9.0,0.0,1422.0,10.6,10.0,345.0,4.7,2.3,5.0,4.4,1.0,0.0,0.0,0.0,0.0,0.0,0.0,3.0,1.2,6.0,9.0,50.0,0.0,3.7,4.4,22.0,0.0,,,,,,0.0,6.0,22.0,3.7,0.0,0.0,0.0,0.0,0.0,0.0,,1.0,0.2,21.0,3.5,,,,,,,0.0,1.0,0.0,-6.0,1.0,0.0,0.0,0.0,0.0,0.0,0.0,0.0,0.0,0.0,0.0,0.0,0.0,0%,77%,0%,0.0,250.0,0.0
Joe Flacco,FlacJo00,2021,36,NYJ,QB,2,1,0-1-0,27,42,64.3,338,3,7.1,0,0.0,14,56.8,62.0,8.0,9.48,12.5,169.0,113.0,49.5,2,13,4.55,7.39,8.75,0,0,1,,,,,,,,,,,163.0,3.9,6.0,1.0,24.0,2.6,1.0,6.0,4.0,29.0,76.3,7.0,81.0,15.8,6.0,12.0,26.7,1.0,1.0,5.0,0.0,0.0,5.0,0.0,330.0,7.9,4.0,175.0,6.5,2.1,1.0,1.0,1.0,0.0,0.0,0.0,0.0,0.0,0.0,1.0,1.0,2.0,2.0,50.0,0.0,1.5,1.5,3.0,0.0,,,,,,0.0,2.0,3.0,1.5,0.0,0.0,0.0,0.0,0.0,0.0,,2.0,1.0,1.0,0.5,,,,,,,0.0,0.0,0.0,0.0,1.0,0.0,0.0,0.0,0.0,0.0,0.0,0.0,0.0,0.0,0.0,0.0,0.0,0%,48%,0%,0.0,66.0,0.0
Joe Flacco,FlacJo00,2022,37,NYJ,QB,5,4,1-3-0,110,191,57.6,1051,5,2.6,3,1.6,55,39.3,66.0,5.5,5.32,9.6,210.2,75.2,36.1,10,66,4.98,4.9,4.73,1,1,1,,81.0,75.0,68.0,116.0,72.0,76.0,110.0,80.0,62.0,587.0,3.1,5.3,5.0,55.0,7.0,13.0,26.0,16.0,127.0,68.6,33.0,244.0,20.5,38.0,52.0,25.7,8.0,7.0,47.0,0.0,0.0,47.0,0.0,1491.0,7.8,6.0,464.0,4.2,2.4,1.0,7.0,5.0,0.0,0.0,0.0,0.0,-0.6,-3.0,1.0,0.6,3.0,7.0,33.3,0.0,2.0,1.2,6.0,0.0,,,,,,0.0,3.0,3.0,1.0,-3.0,0.0,0.0,0.0,0.0,0.0,,0.0,0.0,6.0,2.0,,,,,,,0.0,0.0,0.0,0.0,5.0,0.0,0.0,0.0,0.0,0.0,0.0,0.0,0.0,0.0,1.0,0.0,1.0,0%,82%,0%,0.0,295.0,0.0
Joe Flacco,FlacJo00,2023,38,CLE,QB,5,5,4-1-0,123,204,60.3,1616,13,6.4,8,3.9,74,46.7,75.0,7.9,7.43,13.1,323.2,90.2,49.1,8,57,3.77,7.35,6.88,1,1,5,AP CPoY-1,115.0,110.0,80.0,64.0,125.0,102.0,122.0,129.0,120.0,938.0,4.6,7.6,3.0,46.0,4.6,9.0,14.0,19.0,138.0,70.1,63.0,704.0,17.8,35.0,41.0,19.3,9.0,9.0,177.0,0.0,0.0,177.0,0.0,1900.0,9.3,7.0,678.0,5.5,2.6,0.0,,4.0,0.0,0.0,0.0,0.0,0.0,0.0,5.0,1.8,9.0,3.0,33.3,0.0,0.2,0.4,2.0,0.0,,,,,,0.0,9.0,2.0,0.2,0.0,0.0,0.0,0.0,0.0,0.0,,1.0,0.1,1.0,0.1,,,,,,,0.0,1.0,0.0,-2.0,4.0,0.0,0.0,0.0,0.0,0.0,0.0,0.0,0.0,0.0,0.0,0.0,0.0,0%,97%,0%,0.0,346.0,0.0
Joe Flacco,FlacJo00,2024,39,IND,QB,8,6,2-4-0,162,248,65.3,1761,12,4.8,7,2.8,87,46.2,65.0,7.1,6.8,10.9,220.1,90.5,50.0,18,123,6.77,6.16,5.88,1,2,5,,99.0,98.0,102.0,89.0,101.0,100.0,101.0,106.0,101.0,1110.0,4.5,6.9,5.0,61.0,4.5,11.0,18.0,13.0,178.0,73.6,14.0,176.0,17.4,42.0,49.0,18.2,13.0,11.0,170.0,0.0,0.0,170.0,0.0,2183.0,8.8,6.0,651.0,4.0,2.3,3.0,8.7,4.0,0.0,0.0,0.0,0.0,0.0,0.0,2.0,1.1,9.0,21.0,22.2,0.0,2.9,3.3,26.0,0.0,,,,,,0.0,9.0,26.0,2.9,0.0,0.0,0.0,0.0,0.0,0.0,,2.0,0.2,24.0,2.7,,,,,,,0.0,0.0,0.0,0.0,4.0,0.0,0.0,0.0,0.0,0.0,0.0,0.0,0.0,0.0,0.0,0.0,0.0,0%,86%,0%,0.0,467.0,0.0
Joe Flacco,FlacJo00,2025,40,2TM,QB,13,10,2-8-0,251,416,60.3,2479,15,3.6,10,2.4,115,41.7,44.0,6.0,5.6,9.9,190.7,79.2,,18,118,4.15,5.44,5.09,2,2,3,PB,86.0,79.0,83.0,96.0,86.0,81.0,119.0,88.0,75.0,1314.0,3.2,5.2,7.0,83.0,4.9,19.0,41.0,31.0,283.0,73.5,46.0,297.0,16.4,63.0,90.0,20.5,42.0,39.0,229.0,1.0,12.0,241.0,4.0,3042.0,7.3,27.0,1165.0,4.6,2.3,4.0,7.5,3.0,0.0,0.0,0.0,0.0,0.0,0.0,9.0,1.6,21.0,13.0,42.9,1.0,1.7,2.7,35.0,0.0,,,,,,1.0,21.0,35.0,1.7,0.0,0.0,0.0,0.0,0.0,0.0,,4.0,0.2,31.0,1.5,,,,,,,0.0,0.0,0.0,0.0,3.0,0.0,0.0,0.0,0.0,0.0,0.0,0.0,0.0,0.0,0.0,0.0,0.0,,,,,,
Joe Montana,MontJo01,1979,23,SFO,QB,16,1,0-1-0,13,23,56.5,96,1,4.3,0,0.0,6,30.4,18.0,4.2,5.04,7.4,6.0,81.1,,0,0,0.0,4.17,5.04,0,0,0,,,,,,,,,,,,,,,,,,,,,,,,,,,,,,,,,,,,,,,,,,,1.0,0.0,0.0,0.0,0.0,0.0,0.0,1.0,0.2,3.0,13.0,33.3,0.0,7.3,1.4,22.0,0.0,,,,,,0.0,3.0,22.0,7.3,,,,,,,,,,,,,,,,,,0.0,1.0,0.0,0.0,1.0,0.0,0.0,0.0,0.0,,,0.0,0.0,0.0,0.0,,0.0,,,,,,
Joe Montana,MontJo01,1980,24,SFO,QB,15,7,2-5-0,176,273,64.5,1795,15,5.5,9,3.3,81,43.8,71.0,6.6,6.19,10.2,119.7,87.8,,15,100,5.21,5.89,5.52,1,1,6,,110.0,106.0,132.0,116.0,99.0,123.0,111.0,116.0,91.0,,,,,,,,,,,,,,,,,,,,,,,,,,,,,,,,,4.0,0.0,0.0,0.0,0.0,0.0,0.0,6.0,2.1,32.0,11.0,40.6,2.0,2.4,5.1,77.0,0.0,,,,,,2.0,32.0,77.0,2.4,,,,,,,,,,,,,,,,,,0.0,1.0,0.0,0.0,4.0,0.0,0.0,0.0,0.0,,,0.0,0.0,0.0,0.0,,0.0,,,,,,
Joe Montana,MontJo01,1981,25,SFO,QB,16,16,13-3-0,311,488,63.7,3565,19,3.9,12,2.5,173,45.9,78.0,7.3,6.98,11.5,222.8,88.4,,26,193,5.06,6.56,6.25,2,2,12,"PB,AP-2,AP MVP-2,AP OPoY-3",119.0,116.0,127.0,126.0,113.0,122.0,112.0,96.0,106.0,,,,,,,,,,,,,,,,,,,,,,,,,,,,,,,,,2.0,0.0,0.0,0.0,0.0,0.0,0.0,7.0,1.6,25.0,20.0,36.0,2.0,3.8,5.9,95.0,0.0,,,,,,2.0,25.0,95.0,3.8,,,,,,,,,,,,,,,,,,0.0,0.0,0.0,0.0,2.0,0.0,0.0,0.0,0.0,,,0.0,0.0,0.0,0.0,,0.0,,,,,,
Joe Montana,MontJo01,1982,26,SFO,QB,9,9,3-6-0,213,346,61.6,2613,17,4.9,11,3.2,120,45.4,55.0,7.6,7.1,12.3,290.3,88.0,,20,166,5.46,6.69,6.26,2,2,16,,117.0,115.0,118.0,115.0,114.0,118.0,111.0,108.0,110.0,,,,,,,,,,,,,,,,,,,,,,,,,,,,,,,,,4.0,0.0,0.0,0.0,0.0,0.0,0.0,7.0,3.3,30.0,21.0,50.0,1.0,3.9,13.1,118.0,0.0,,,,,,1.0,30.0,118.0,3.9,,,,,,,,,,,,,,,,,,0.0,2.0,0.0,-2.0,4.0,0.0,0.0,0.0,0.0,,,0.0,0.0,0.0,0.0,,0.0,,,,,,
Joe Montana,MontJo01,1983,27,SFO,QB,16,16,10-6-0,332,515,64.5,3910,26,5.0,12,2.3,199,51.3,77.0,7.6,7.55,11.8,244.4,94.6,,33,224,6.02,6.73,6.69,2,1,17,"PB,AP MVP-5,AP OPoY-5",122.0,119.0,125.0,125.0,116.0,124.0,112.0,109.0,109.0,,,,,,,,,,,,,,,,,,,,,,,,,,,,,,,,,3.0,0.0,0.0,0.0,0.0,0.0,0.0,26.0,3.8,61.0,18.0,65.6,2.0,4.7,17.8,284.0,0.0,,,,,,2.0,61.0,284.0,4.7,,,,,,,,,,,,,,,,,,0.0,0.0,0.0,0.0,3.0,0.0,0.0,0.0,0.0,,,0.0,0.0,0.0,0.0,,0.0,,,,,,
Joe Montana,MontJo01,1984,28,SFO,QB,16,15,14-1-0,279,432,64.6,3630,28,6.5,10,2.3,184,50.2,80.0,8.4,8.66,13.0,226.9,102.9,,22,138,4.85,7.69,7.93,2,2,16,"PB,AP-2",138.0,133.0,128.0,124.0,135.0,134.0,120.0,125.0,127.0,,,,,,,,,,,,,,,,,,,,,,,,,,,,,,,,,4.0,0.0,0.0,0.0,0.0,0.0,0.0,14.0,2.4,39.0,15.0,46.2,2.0,3.0,7.4,118.0,0.0,,,,,,2.0,39.0,118.0,3.0,,,,,,,,,,,,,,,,,,0.0,2.0,0.0,-3.0,4.0,0.0,0.0,0.0,0.0,,,0.0,0.0,0.0,0.0,,0.0,,,,,,
Joe Montana,MontJo01,1985,29,SFO,QB,15,15,9-6-0,303,494,61.3,3653,27,5.5,13,2.6,164,45.2,73.0,7.4,7.3,12.1,243.5,91.3,,35,246,6.62,6.44,6.36,1,1,13,PB,119.0,117.0,121.0,119.0,111.0,122.0,109.0,115.0,107.0,,,,,,,,,,,,,,,,,,,,,,,,,,,,,,,,,5.0,0.0,0.0,0.0,0.0,0.0,0.0,18.0,2.8,42.0,16.0,50.0,3.0,3.6,10.2,153.0,0.0,,,,,,3.0,42.0,153.0,3.6,,,,,,,,,,,,,,,,,,0.0,3.0,0.0,-11.0,5.0,0.0,0.0,0.0,0.0,,,0.0,0.0,0.0,0.0,,0.0,,,,,,
Joe Montana,MontJo01,1986,30,SFO,QB,8,8,6-2-0,191,307,62.2,2236,8,2.6,9,2.9,111,45.5,48.0,7.3,6.49,11.7,279.5,80.7,,12,95,3.76,6.71,5.94,1,1,7,AP MVP-6,113.0,106.0,127.0,115.0,118.0,108.0,124.0,82.0,106.0,,,,,,,,,,,,,,,,,,,,,,,,,,,,,,,,,3.0,0.0,0.0,0.0,0.0,0.0,0.0,4.0,2.1,17.0,17.0,47.1,0.0,2.2,4.8,38.0,0.0,,,,,,0.0,17.0,38.0,2.2,,,,,,,,,,,,,,,,,,0.0,0.0,0.0,0.0,3.0,0.0,0.0,0.0,0.0,,,0.0,0.0,0.0,0.0,,0.0,,,,,,
Joe Montana,MontJo01,1987,31,SFO,QB,13,11,10-1-0,266,398,66.8,3054,31,7.8,13,3.3,158,52.6,57.0,7.7,7.76,11.5,234.9,102.1,,22,158,5.24,6.9,6.98,3,3,16,"PB,AP-1,AP MVP-3,AP OPoY-2",127.0,123.0,139.0,110.0,120.0,136.0,113.0,138.0,115.0,,,,,,,,,,,,,,,,,,,,,,,,,,,,,,,,,3.0,0.0,0.0,0.0,0.0,0.0,0.0,10.0,2.7,35.0,20.0,51.4,1.0,4.0,10.8,141.0,0.0,,,,,,1.0,35.0,141.0,4.0,,,,,,,,,,,,,,,,,,0.0,2.0,0.0,-5.0,3.0,0.0,0.0,0.0,0.0,,,0.0,0.0,0.0,0.0,,0.0,,,,,,
Joe Montana,MontJo01,1988,32,SFO,QB,14,13,8-5-0,238,397,59.9,2981,18,4.5,10,2.5,131,45.2,96.0,7.5,7.28,12.5,212.9,87.9,,34,223,7.89,6.4,6.19,2,2,13,,115.0,116.0,116.0,119.0,108.0,117.0,95.0,104.0,111.0,,,,,,,,,,,,,,,,,,,,,,,,,,,,,,,,,3.0,0.0,0.0,0.0,0.0,0.0,0.0,12.0,2.7,38.0,15.0,42.1,3.0,3.5,9.4,132.0,0.0,,,,,,3.0,38.0,132.0,3.5,,,,,,,,,,,,,,,,,,0.0,1.0,0.0,-3.0,3.0,0.0,0.0,0.0,0.0,,,0.0,0.0,0.0,0.0,,0.0,,,,,,
Joe Montana,MontJo01,1989,33,SFO,QB,13,13,11-2-0,271,386,70.2,3521,26,6.7,8,2.1,160,53.7,95.0,9.1,9.54,13.0,270.8,112.4,,33,198,7.88,7.93,8.31,4,5,17,"PB,AP-1,AP MVP-1,AP OPoY-1",141.0,145.0,152.0,123.0,138.0,149.0,95.0,132.0,145.0,,,,,,,,,,,,,,,,,,,,,,,,,,,,,,,,,9.0,0.0,0.0,0.0,0.0,0.0,0.0,21.0,3.8,49.0,19.0,46.9,3.0,4.6,17.5,227.0,0.0,,,,,,3.0,49.0,227.0,4.6,,,,,,,,,,,,,,,,,,0.0,3.0,0.0,-3.0,9.0,0.0,0.0,0.0,0.0,,,0.0,0.0,0.0,0.0,,0.0,,,,,,
Joe Montana,MontJo01,1990,34,SFO,QB,15,15,14-1-0,321,520,61.7,3944,26,5.0,16,3.1,182,48.1,78.0,7.6,7.2,12.3,262.9,89.0,,29,153,5.28,6.91,6.54,3,5,14,"PB,AP-1,AP MVP-1,AP OPoY-3",117.0,115.0,120.0,108.0,117.0,118.0,111.0,112.0,113.0,,,,,,,,,,,,,,,,,,,,,,,,,,,,,,,,,4.0,0.0,0.0,0.0,0.0,0.0,0.0,11.0,2.7,40.0,20.0,47.5,1.0,4.1,10.8,162.0,0.0,,,,,,1.0,40.0,162.0,4.1,,,,,,,,,,,,,,,,,,0.0,0.0,0.0,0.0,4.0,0.0,0.0,0.0,0.0,,,0.0,0.0,0.0,0.0,,0.0,,,,,,
Joe Montana,MontJo01,1992,36,SFO,QB,1,0,,15,21,71.4,126,2,9.5,0,0.0,7,45.5,17.0,6.0,7.9,8.4,126.0,118.4,,1,8,4.55,5.36,7.18,0,0,1,,,,,,,,,,,,,,,,,,,,,,,,,,,,,,,,,,,,,,,,,,,0.0,0.0,0.0,0.0,0.0,0.0,0.0,3.0,3.0,3.0,16.0,100.0,0.0,9.3,28.0,28.0,0.0,,,,,,0.0,3.0,28.0,9.3,,,,,,,,,,,,,,,,,,,,,,,,,,,,,,,,,,,,,,,,
Joe Montana,MontJo01,1993,37,KAN,QB,11,11,8-3-0,181,298,60.7,2144,13,4.4,7,2.3,110,47.4,50.0,7.2,7.01,11.8,194.9,87.4,,12,61,3.87,6.72,6.54,1,1,9,PB,119.0,114.0,108.0,116.0,116.0,114.0,119.0,108.0,108.0,,,,,,,,,,,,,,,,,,,,,,,,,,,,,,,,,1.0,0.0,0.0,0.0,0.0,0.0,0.0,3.0,2.3,25.0,17.0,28.0,0.0,2.6,5.8,64.0,0.0,,,,,,0.0,25.0,64.0,2.6,,,,,,,,,,,,,,,,,,0.0,0.0,0.0,-1.0,1.0,0.0,0.0,0.0,0.0,,,0.0,0.0,0.0,0.0,,0.0,,,,,,
Joe Montana,MontJo01,1994,38,KAN,QB,14,14,9-5-0,299,493,60.6,3283,16,3.2,9,1.8,172,46.7,57.0,6.7,6.49,11.0,234.5,83.6,,19,132,3.71,6.15,5.99,2,2,9,,109.0,105.0,108.0,120.0,105.0,107.0,117.0,93.0,98.0,,,,,,,,,,,,,,,,,,,,,,,,,,,,,,,,,7.0,0.0,0.0,0.0,0.0,0.0,0.0,2.0,1.3,18.0,13.0,16.7,0.0,0.9,1.2,17.0,0.0,,,,,,0.0,18.0,17.0,0.9,,,,,,,,,,,,,,,,,,0.0,1.0,0.0,-6.0,7.0,0.0,0.0,0.0,0.0,,,0.0,0.0,0.0,0.0,,0.0,,,,,,
John Elway,ElwaJo00,1983,23,DEN,QB,11,10,4-6-0,123,259,47.5,1663,7,2.7,14,5.4,74,35.5,49.0,6.4,4.53,13.5,151.2,54.9,,28,218,9.76,5.03,3.33,1,1,4,,79.0,81.0,71.0,85.0,83.0,75.0,90.0,84.0,86.0,,,,,,,,,,,,,,,,,,,,,,,,,,,,,,,,,6.0,0.0,0.0,0.0,0.0,0.0,0.0,11.0,2.5,28.0,23.0,46.4,1.0,5.2,13.3,146.0,0.0,,,,,,1.0,28.0,146.0,5.2,,,,,,,,,,,,,,,,,,0.0,3.0,0.0,0.0,6.0,0.0,0.0,0.0,0.0,,,0.0,0.0,0.0,0.0,,0.0,,,,,,
John Elway,ElwaJo00,1984,24,DEN,QB,15,14,12-2-0,214,380,56.3,2598,18,4.7,15,3.9,125,40.8,73.0,6.8,6.01,12.1,173.2,76.8,,24,158,5.94,6.04,5.26,2,2,10,,104.0,99.0,101.0,103.0,103.0,102.0,114.0,106.0,94.0,,,,,,,,,,,,,,,,,,,,,,,,,,,,,,,,,14.0,0.0,0.0,0.0,0.0,0.0,0.0,16.0,3.7,56.0,21.0,41.1,1.0,4.2,15.8,237.0,0.0,,,,,,1.0,56.0,237.0,4.2,,,,,,,,,,,,,,,,,,0.0,5.0,0.0,-10.0,14.0,0.0,0.0,0.0,0.0,,,0.0,0.0,0.0,0.0,,0.0,,,,,,
John Elway,ElwaJo00,1985,25,DEN,QB,16,16,11-5-0,327,605,54.0,3891,22,3.6,23,3.8,190,41.2,65.0,6.4,5.45,11.9,243.2,70.2,,38,307,5.91,5.57,4.65,6,6,13,,96.0,92.0,94.0,104.0,94.0,94.0,113.0,95.0,87.0,,,,,,,,,,,,,,,,,,,,,,,,,,,,,,,,,7.0,0.0,0.0,0.0,0.0,0.0,0.0,20.0,3.2,51.0,22.0,52.9,0.0,5.0,15.8,253.0,0.0,,,,,,0.0,51.0,253.0,5.0,,,,,,,,,,,,,,,,,,0.0,2.0,0.0,-35.0,7.0,0.0,0.0,0.0,0.0,,,0.0,0.0,0.0,0.0,,0.0,,,,,,
John Elway,ElwaJo00,1986,26,DEN,QB,16,16,11-5-0,280,504,55.6,3485,19,3.8,13,2.6,168,40.9,53.0,6.9,6.51,12.4,217.8,79.0,,32,233,5.97,6.07,5.68,1,1,14,"PB,AP MVP-5,AP OPoY-5",110.0,107.0,102.0,120.0,104.0,106.0,111.0,95.0,98.0,,,,,,,,,,,,,,,,,,,,,,,,,,,,,,,,,8.0,1.0,0.1,1.0,1.0,1.4,23.0,21.0,3.3,52.0,24.0,53.8,1.0,4.9,16.1,257.0,1.0,100.0,23.0,100.0,23.0,23.0,2.0,53.0,280.0,5.3,,,,,,,,,,,,,,,,,,0.0,1.0,0.0,-13.0,8.0,0.0,0.0,0.0,0.0,,,0.0,0.0,0.0,0.0,,0.0,,,,,,
John Elway,ElwaJo00,1987,27,DEN,QB,12,12,8-3-1,224,410,54.6,3198,19,4.6,12,2.9,144,43.5,72.0,7.8,7.41,14.3,266.5,83.4,,20,138,4.65,7.12,6.74,3,2,14,"PB,AP-2,AP MVP-1,AP OPoY-3",124.0,119.0,99.0,114.0,124.0,112.0,116.0,105.0,118.0,,,,,,,,,,,,,,,,,,,,,,,,,,,,,,,,,2.0,0.0,0.0,0.0,0.0,0.0,0.0,28.0,5.5,66.0,29.0,51.5,4.0,4.6,25.3,304.0,1.0,0.0,,0.0,,0.0,4.0,66.0,304.0,4.6,,,,,,,,,,,,,,,,,,0.0,0.0,0.0,-1.0,2.0,0.0,0.0,0.0,0.0,,,0.0,0.0,0.0,0.0,,0.0,,,,,,
John Elway,ElwaJo00,1988,28,DEN,QB,15,15,8-7-0,274,496,55.2,3309,17,3.4,19,3.8,171,44.5,86.0,6.7,5.63,12.1,220.6,71.4,,30,237,5.7,5.84,4.86,1,1,12,,96.0,94.0,101.0,101.0,97.0,96.0,109.0,92.0,93.0,,,,,,,,,,,,,,,,,,,,,,,,,,,,,,,,,7.0,0.0,0.0,0.0,0.0,0.0,0.0,19.0,3.6,54.0,26.0,42.6,1.0,4.3,15.6,234.0,0.0,,,,,,1.0,54.0,234.0,4.3,,,,,,,,,,,,,,,,,,0.0,5.0,0.0,-9.0,7.0,0.0,0.0,0.0,0.0,,,0.0,0.0,0.0,0.0,,0.0,,,,,,
John Elway,ElwaJo00,1989,29,DEN,QB,15,15,10-5-0,223,416,53.6,3051,18,4.3,18,4.3,145,42.1,69.0,7.3,6.25,13.7,203.4,73.7,,35,298,7.76,6.1,5.11,2,2,12,PB,99.0,101.0,94.0,92.0,102.0,98.0,95.0,103.0,107.0,,,,,,,,,,,,,,,,,,,,,,,,,,,,,,,,,9.0,0.0,0.0,0.0,0.0,0.0,0.0,18.0,3.2,48.0,31.0,45.8,3.0,5.1,16.3,244.0,0.0,,,,,,3.0,48.0,244.0,5.1,,,,,,,,,,,,,,,,,,0.0,2.0,0.0,-4.0,9.0,0.0,0.0,0.0,0.0,,,0.0,0.0,0.0,0.0,,0.0,,,,,,
John Elway,ElwaJo00,1990,30,DEN,QB,16,16,5-11-0,294,502,58.6,3526,15,3.0,14,2.8,165,43.9,66.0,7.0,6.37,12.0,220.4,78.5,,43,311,7.89,5.9,5.29,1,3,14,,101.0,103.0,108.0,112.0,97.0,103.0,94.0,89.0,100.0,,,,,,,,,,,,,,,,,,,,,,,,,,,,,,,,,8.0,0.0,0.0,0.0,0.0,0.0,0.0,24.0,3.1,50.0,21.0,56.0,3.0,5.2,16.1,258.0,1.0,0.0,,0.0,,0.0,3.0,50.0,258.0,5.2,,,,,,,,,,,,,,,,,,0.0,1.0,0.0,-3.0,8.0,0.0,0.0,0.0,0.0,,,0.0,0.0,0.0,0.0,,0.0,,,,,,
John Elway,ElwaJo00,1991,31,DEN,QB,16,16,12-4-0,242,451,53.7,3253,13,2.9,12,2.7,147,39.9,71.0,7.2,6.59,13.4,203.3,75.4,,45,305,9.07,5.94,5.38,1,4,14,PB,103.0,107.0,88.0,114.0,101.0,99.0,89.0,88.0,106.0,,,,,,,,,,,,,,,,,,,,,,,,,,,,,,,,,12.0,1.0,0.1,1.0,0.0,1.5,24.0,24.0,3.4,55.0,17.0,58.2,6.0,4.6,15.9,255.0,1.0,100.0,24.0,100.0,24.0,24.0,6.0,56.0,279.0,5.0,,,,,,,,,,,,,,,,,,0.0,2.0,0.0,0.0,12.0,0.0,0.0,0.0,0.0,,,0.0,0.0,0.0,0.0,,0.0,,,,,,
John Elway,ElwaJo00,1992,32,DEN,QB,12,12,8-4-0,174,316,55.1,2242,10,3.2,17,5.4,90,37.8,80.0,7.1,5.31,12.9,186.8,65.7,,36,272,10.23,5.6,3.99,3,3,7,,86.0,91.0,92.0,72.0,96.0,86.0,80.0,94.0,105.0,,,,,,,,,,,,,,,,,,,,,,,,,,,,,,,,,12.0,0.0,0.0,0.0,0.0,0.0,0.0,13.0,2.8,34.0,9.0,47.1,2.0,2.8,7.8,94.0,0.0,,,,,,2.0,34.0,94.0,2.8,,,,,,,,,,,,,,,,,,0.0,1.0,0.0,0.0,12.0,0.0,0.0,0.0,0.0,,,0.0,0.0,0.0,0.0,,0.0,,,,,,
John Elway,ElwaJo00,1993,33,DEN,QB,16,16,9-7-0,348,551,63.2,4030,25,4.5,10,1.8,184,45.3,63.0,7.3,7.4,11.6,251.9,92.8,,39,293,6.61,6.33,6.42,1,1,17,"PB,AP-2,AP MVP-4,AP OPoY-4",117.0,119.0,116.0,124.0,109.0,121.0,101.0,110.0,111.0,,,,,,,,,,,,,,,,,,,,,,,,,,,,,,,,,8.0,0.0,0.0,0.0,0.0,0.0,0.0,11.0,2.8,44.0,18.0,34.1,0.0,3.5,9.6,153.0,0.0,,,,,,0.0,44.0,153.0,3.5,,,,,,,,,,,,,,,,,,0.0,5.0,0.0,-5.0,8.0,0.0,0.0,0.0,0.0,,,0.0,0.0,0.0,0.0,,0.0,,,,,,
John Elway,ElwaJo00,1994,34,DEN,QB,14,14,7-7-0,307,494,62.1,3490,16,3.2,10,2.0,162,45.2,63.0,7.1,6.8,11.4,249.3,85.7,,46,303,8.52,5.9,5.66,2,3,13,PB,105.0,110.0,113.0,117.0,100.0,110.0,85.0,93.0,107.0,,,,,,,,,,,,,,,,,,,,,,,,,,,,,,,,,11.0,0.0,0.0,0.0,0.0,0.0,0.0,17.0,4.1,58.0,22.0,56.9,4.0,4.1,16.8,235.0,1.0,0.0,,0.0,,0.0,4.0,58.0,235.0,4.1,,,,,,,,,,,,,,,,,,0.0,2.0,0.0,-5.0,11.0,0.0,0.0,0.0,0.0,,,0.0,0.0,0.0,0.0,,0.0,,,,,,
John Elway,ElwaJo00,1995,35,DEN,QB,16,16,8-8-0,316,542,58.3,3970,26,4.8,14,2.6,190,46.1,62.0,7.3,7.12,12.6,248.1,86.4,,22,180,3.9,6.72,6.52,1,3,15,,118.0,116.0,101.0,110.0,118.0,112.0,115.0,111.0,114.0,,,,,,,,,,,,,,,,,,,,,,,,,,,,,,,,,9.0,0.0,0.0,0.0,0.0,0.0,0.0,17.0,2.6,41.0,25.0,56.1,1.0,4.3,11.0,176.0,0.0,,,,,,1.0,41.0,176.0,4.3,,,,,,,,,,,,,,,,,,0.0,1.0,0.0,-7.0,9.0,0.0,0.0,0.0,0.0,,,0.0,0.0,0.0,0.0,,0.0,,,,,,
John Elway,ElwaJo00,1996,36,DEN,QB,15,15,13-2-0,287,466,61.6,3328,26,5.6,14,3.0,165,48.2,51.0,7.1,6.91,11.6,221.9,89.2,,26,194,5.28,6.37,6.15,4,4,15,"PB,AP-2,AP MVP-2,AP OPoY-3",114.0,113.0,116.0,102.0,113.0,117.0,109.0,121.0,111.0,,,,,,,,,,,,,,,,,,,,,,,,,,,,,,,,,6.0,0.0,0.0,0.0,0.0,0.0,0.0,19.0,3.3,50.0,22.0,48.0,4.0,5.0,16.6,249.0,0.0,,,,,,4.0,50.0,249.0,5.0,,,,,,,,,,,,,,,,,,0.0,2.0,0.0,-4.0,6.0,0.0,0.0,0.0,0.0,,,0.0,0.0,0.0,0.0,,0.0,,,,,,
John Elway,ElwaJo00,1997,37,DEN,QB,16,16,12-4-0,280,502,55.8,3635,27,5.4,11,2.2,169,42.2,78.0,7.2,7.33,13.0,227.2,87.5,,34,203,6.34,6.4,6.49,0,2,18,PB,116.0,115.0,96.0,115.0,112.0,113.0,104.0,114.0,110.0,,,,,,,,,,,,,,,,,,,,,,,,,,,,,,,,,11.0,0.0,0.0,0.0,0.0,0.0,0.0,13.0,3.1,50.0,23.0,42.0,1.0,4.4,13.6,218.0,0.0,,,,,,1.0,50.0,218.0,4.4,,,,,,,,,,,,,,,,,,0.0,1.0,0.0,-21.0,11.0,0.0,0.0,0.0,0.0,,,0.0,0.0,0.0,0.0,,0.0,,,,,,
John Elway,ElwaJo00,1998,38,DEN,QB,13,12,10-2-0,210,356,59.0,2806,22,6.2,10,2.8,139,49.2,58.0,7.9,7.85,13.4,215.8,93.0,,18,135,4.81,7.14,7.11,2,2,14,PB,123.0,120.0,109.0,106.0,124.0,119.0,114.0,122.0,120.0,,,,,,,,,,,,,,,,,,,,,,,,,,,,,,,,,7.0,1.0,0.1,1.0,0.0,1.1,14.0,10.0,2.8,37.0,16.0,35.1,1.0,2.5,7.2,94.0,1.0,100.0,14.0,100.0,14.0,14.0,1.0,38.0,108.0,2.8,,,,,,,,,,,,,,,,,,0.0,2.0,0.0,-18.0,7.0,0.0,0.0,0.0,0.0,,,0.0,0.0,0.0,0.0,,0.0,,,,,,
Jordan Love,LoveJo03,2021,23,GNB,QB,6,1,0-1-0,36,62,58.1,411,2,3.2,3,4.8,22,38.5,62.0,6.6,5.1,11.4,68.5,68.7,36.8,3,23,4.62,5.97,4.51,0,0,2,,79.0,74.0,71.0,49.0,94.0,69.0,111.0,87.0,89.0,178.0,2.9,4.9,0.0,29.0,3.3,2.0,7.0,9.0,40.0,66.7,10.0,104.0,25.0,15.0,19.0,27.1,2.0,2.0,0.0,0.0,0.0,0.0,0.0,488.0,7.9,2.0,233.0,6.5,2.4,5.0,6.6,3.0,0.0,0.0,0.0,0.0,0.0,0.0,1.0,2.0,12.0,10.0,25.0,0.0,2.3,4.5,27.0,0.0,,,,,,0.0,12.0,27.0,2.3,0.0,0.0,0.0,0.0,0.0,0.0,,3.0,0.3,24.0,2.0,,,,,,,0.0,2.0,0.0,0.0,3.0,0.0,0.0,0.0,0.0,0.0,0.0,0.0,0.0,0.0,0.0,0.0,0.0,0%,34%,0%,0.0,131.0,0.0
Jordan Love,LoveJo03,2022,24,GNB,QB,4,0,,14,21,66.7,195,1,4.8,0,0.0,9,57.1,63.0,9.3,10.24,13.9,48.8,112.2,83.2,0,0,0.0,9.29,10.24,0,0,1,,,,,,,,,,,78.0,3.7,5.6,0.0,1.0,5.0,1.0,0.0,0.0,16.0,80.0,1.0,63.0,15.0,3.0,0.0,0.0,0.0,0.0,0.0,0.0,0.0,0.0,1.0,151.0,7.2,0.0,117.0,8.4,2.1,0.0,,0.0,0.0,0.0,0.0,0.0,0.0,0.0,0.0,0.3,1.0,-1.0,0.0,0.0,-1.0,-0.3,-1.0,0.0,,,,,,0.0,1.0,-1.0,-1.0,0.0,0.0,0.0,0.0,0.0,0.0,,0.0,0.0,-1.0,-1.0,,,,,,,,,,,,,,,,,,,,,,,,0%,11%,0%,0.0,26.0,0.0
Jordan Love,LoveJo03,2023,25,GNB,QB,17,17,9-8-0,372,579,64.2,4159,32,5.5,11,1.9,220,47.6,77.0,7.2,7.43,11.2,244.6,96.1,62.9,30,242,4.93,6.43,6.67,2,3,15,,112.0,110.0,99.0,109.0,107.0,112.0,114.0,118.0,103.0,2242.0,3.9,6.0,8.0,215.0,5.2,29.0,42.0,47.0,428.0,76.6,113.0,1105.0,17.5,98.0,119.0,18.8,75.0,63.0,495.0,9.0,40.0,535.0,2.0,4902.0,8.5,18.0,1917.0,5.2,2.5,24.0,8.5,9.0,0.0,0.0,0.0,0.0,0.0,0.0,16.0,2.9,50.0,37.0,44.0,4.0,4.9,14.5,247.0,0.0,,,,,,4.0,50.0,247.0,4.9,0.0,0.0,0.0,0.0,0.0,2.0,25.0,28.0,0.6,219.0,4.4,,,,,,,0.0,3.0,0.0,-6.0,9.0,0.0,0.0,0.0,0.0,0.0,0.0,0.0,0.0,0.0,0.0,0.0,0.0,0%,99%,0%,0.0,1083.0,0.0
Jordan Love,LoveJo03,2024,26,GNB,QB,15,15,9-6-0,268,425,63.1,3389,25,5.9,11,2.6,163,48.3,70.0,8.0,7.99,12.6,225.9,96.7,66.3,14,95,3.19,7.5,7.51,2,2,12,,121.0,115.0,93.0,94.0,126.0,109.0,128.0,119.0,119.0,1735.0,4.1,6.5,6.0,142.0,7.3,30.0,49.0,37.0,301.0,73.2,4.0,0.0,18.2,75.0,100.0,22.2,7.0,7.0,76.0,0.0,0.0,76.0,0.0,3685.0,8.7,14.0,1654.0,6.2,2.4,12.0,7.1,4.0,0.0,0.0,0.0,0.0,0.0,0.0,9.0,1.7,25.0,14.0,44.0,1.0,3.3,5.5,83.0,0.0,,,,,,1.0,25.0,83.0,3.3,0.0,0.0,0.0,0.0,0.0,0.0,,35.0,1.4,48.0,1.9,,,,,,,0.0,2.0,0.0,-7.0,4.0,0.0,0.0,0.0,0.0,0.0,0.0,0.0,0.0,0.0,0.0,0.0,0.0,0%,91%,0%,0.0,868.0,0.0
Jordan Love,LoveJo03,2025,27,GNB,QB,15,15,9-5-1,291,439,66.3,3381,23,5.2,6,1.4,159,50.2,59.0,7.7,8.13,11.6,225.4,101.2,72.7,21,169,4.57,6.98,7.4,4,4,14,,119.0,117.0,106.0,114.0,117.0,114.0,116.0,108.0,114.0,1870.0,4.3,6.4,6.0,135.0,4.1,17.0,49.0,37.0,319.0,77.4,106.0,861.0,14.6,60.0,107.0,22.1,45.0,39.0,324.0,6.0,26.0,350.0,1.0,3834.0,8.7,26.0,1511.0,5.2,2.4,24.0,7.6,7.0,0.0,0.0,0.0,0.0,0.0,0.0,14.0,3.1,47.0,25.0,48.9,0.0,4.2,13.3,199.0,0.0,,,,,,0.0,47.0,199.0,4.2,0.0,0.0,0.0,0.0,0.0,2.0,23.5,51.0,1.1,148.0,3.1,,,,,,,0.0,5.0,0.0,-6.0,7.0,0.0,0.0,0.0,0.0,0.0,0.0,0.0,0.0,0.0,0.0,0.0,0.0,0%,94%,0%,0.0,894.0,0.0
Josh Allen,AlleJo02,2018,22,BUF,QB,12,11,5-6-0,169,320,52.8,2074,10,3.1,12,3.8,89,37.1,75.0,6.5,5.42,12.3,172.8,67.9,49.8,28,213,8.05,5.35,4.37,2,3,6,,77.0,78.0,60.0,77.0,83.0,70.0,89.0,86.0,86.0,1126.0,3.5,6.7,0.0,126.0,5.9,18.0,33.0,54.0,,,,,25.7,78.0,115.0,29.2,,,,,,,0.0,3508.0,11.0,17.0,948.0,5.6,2.4,46.0,11.0,8.0,0.0,0.0,0.0,0.0,0.0,0.0,41.0,7.4,89.0,45.0,59.6,8.0,7.1,52.6,631.0,1.0,0.0,,0.0,,0.0,8.0,89.0,631.0,7.1,0.0,0.0,0.0,0.0,0.0,2.0,44.5,280.0,3.1,351.0,3.9,13.0,,,0.0,39.6,,0.0,2.0,0.0,-14.0,8.0,0.0,0.0,0.0,0.0,0.0,0.0,0.0,0.0,0.0,0.0,0.0,0.0,0%,93%,0%,0.0,719.0,0.0
Josh Allen,AlleJo02,2019,23,BUF,QB,16,16,10-6-0,271,461,58.8,3089,20,4.3,9,2.0,146,41.7,53.0,6.7,6.69,11.4,193.1,85.3,49.4,38,237,7.62,5.72,5.71,4,5,11,,92.0,93.0,77.0,106.0,88.0,91.0,91.0,97.0,89.0,1758.0,3.8,6.5,10.0,201.0,7.2,31.0,43.0,45.0,317.0,73.2,93.0,787.0,20.3,88.0,126.0,23.2,42.0,32.0,240.0,8.0,27.0,267.0,3.0,4266.0,9.3,25.0,1331.0,4.9,2.3,43.0,7.3,14.0,0.0,0.0,0.0,0.0,0.0,0.0,42.0,6.8,109.0,36.0,54.1,9.0,4.7,31.9,510.0,0.0,,,,,,9.0,109.0,510.0,4.7,0.0,0.0,0.0,0.0,0.0,5.0,21.8,243.0,2.2,267.0,2.4,,,,,,,0.0,4.0,0.0,-1.0,14.0,0.0,0.0,0.0,0.0,0.0,0.0,0.0,0.0,0.0,0.0,0.0,0.0,0%,92%,0%,0.0,988.0,0.0
Josh Allen,AlleJo02,2020,24,BUF,QB,16,16,13-3-0,396,572,69.2,4544,37,6.5,10,1.7,228,56.5,55.0,7.9,8.45,11.5,284.0,107.2,76.6,26,159,4.35,7.33,7.82,2,3,18,"PB,AP-2,AP MVP-2,AP OPoY-4",121.0,119.0,120.0,110.0,120.0,121.0,115.0,119.0,116.0,2692.0,4.7,6.8,4.0,244.0,4.5,25.0,47.0,64.0,435.0,79.1,160.0,1501.0,16.0,88.0,137.0,21.9,82.0,62.0,547.0,18.0,70.0,617.0,0.0,4857.0,8.5,22.0,1852.0,4.7,2.6,29.0,7.9,9.0,1.0,0.1,1.0,1.0,0.8,12.0,38.0,6.4,102.0,24.0,54.9,8.0,4.1,26.3,421.0,1.0,100.0,12.0,100.0,12.0,12.0,9.0,103.0,433.0,4.2,-5.0,1.0,0.0,0.0,17.0,4.0,25.5,134.0,1.3,287.0,2.8,-5.0,-5.0,1.0,0.0,156.2,17.0,0.0,1.0,0.0,-2.0,9.0,0.0,0.0,0.0,0.0,0.0,0.0,0.0,0.0,0.0,0.0,0.0,0.0,,,,,,
Josh Allen,AlleJo02,2021,25,BUF,QB,17,17,11-6-0,409,646,63.3,4407,36,5.6,15,2.3,261,49.4,61.0,6.8,6.89,10.8,259.2,92.2,66.3,26,164,3.87,6.31,6.38,0,0,19,,103.0,98.0,93.0,99.0,101.0,101.0,116.0,110.0,93.0,2664.0,4.1,6.5,16.0,182.0,5.7,35.0,64.0,95.0,459.0,74.8,178.0,1643.0,17.4,107.0,185.0,25.7,124.0,93.0,762.0,31.0,154.0,916.0,0.0,5305.0,8.2,32.0,1743.0,4.3,2.4,48.0,9.6,8.0,0.0,0.0,0.0,0.0,0.0,0.0,64.0,7.2,122.0,34.0,61.5,6.0,6.3,44.9,763.0,0.0,,,,,,6.0,122.0,763.0,6.3,0.0,0.0,0.0,0.0,0.0,12.0,10.2,292.0,2.4,471.0,3.9,,,,,,,0.0,2.0,0.0,-4.0,8.0,0.0,0.0,0.0,0.0,0.0,0.0,0.0,0.0,0.0,1.0,0.0,1.0,0%,97%,0%,0.0,1161.0,0.0
Josh Allen,AlleJo02,2022,26,BUF,QB,16,16,13-3-0,359,567,63.3,4283,35,6.2,14,2.5,214,52.2,98.0,7.6,7.68,11.9,267.7,96.6,73.4,33,162,5.5,6.87,6.99,3,4,20,"PB,AP MVP-3,AP OPoY-8",115.0,113.0,94.0,96.0,115.0,110.0,107.0,122.0,112.0,2691.0,4.7,7.5,14.0,144.0,6.8,37.0,40.0,41.0,404.0,73.7,145.0,1235.0,16.6,91.0,114.0,17.4,69.0,62.0,471.0,5.0,22.0,493.0,1.0,5205.0,9.2,18.0,1592.0,4.4,2.5,57.0,9.4,13.0,0.0,0.0,0.0,0.0,0.0,0.0,55.0,7.8,124.0,44.0,61.3,7.0,6.1,47.6,762.0,0.0,,,,,,7.0,124.0,762.0,6.1,0.0,0.0,0.0,0.0,0.0,5.0,24.8,170.0,1.4,592.0,4.8,,,,,,,0.0,5.0,0.0,-2.0,13.0,0.0,0.0,0.0,0.0,0.0,0.0,0.0,0.0,0.0,3.0,0.0,3.0,,,,,,
Josh Allen,AlleJo02,2023,27,BUF,QB,17,17,11-6-0,385,579,66.5,4306,29,5.0,18,3.1,210,50.7,81.0,7.4,7.04,11.2,253.3,92.2,70.3,24,152,3.98,6.89,6.51,2,4,18,"AP MVP-5,AP OPoY-6",109.0,104.0,110.0,82.0,116.0,105.0,121.0,112.0,109.0,2333.0,4.0,6.1,7.0,181.0,5.6,31.0,51.0,51.0,427.0,77.8,92.0,929.0,14.2,78.0,126.0,19.3,83.0,70.0,637.0,9.0,38.0,675.0,2.0,5028.0,8.7,28.0,1973.0,5.1,2.3,50.0,7.6,7.0,0.0,0.0,0.0,0.0,0.0,0.0,61.0,6.5,111.0,23.0,65.8,15.0,4.7,30.8,524.0,0.0,,,,,,15.0,111.0,524.0,4.7,0.0,0.0,0.0,0.0,0.0,9.0,12.3,199.0,1.8,325.0,2.9,,,,,,,0.0,1.0,0.0,-4.0,7.0,0.0,0.0,0.0,0.0,0.0,0.0,0.0,0.0,0.0,0.0,0.0,0.0,0%,97%,0%,0.0,1126.0,0.0
Josh Allen,AlleJo02,2024,28,BUF,QB,17,17,13-4-0,307,483,63.6,3731,28,5.8,6,1.2,199,49.1,64.0,7.7,8.33,12.2,219.5,101.4,74.8,14,63,2.82,7.38,7.96,0,2,20,"PB,AP-2,AP MVP-1,AP OPoY-6",127.0,120.0,95.0,120.0,123.0,116.0,130.0,118.0,113.0,1726.0,3.6,5.6,9.0,136.0,4.3,20.0,37.0,37.0,344.0,74.8,13.0,90.0,18.7,86.0,88.0,16.4,4.0,3.0,47.0,1.0,-4.0,43.0,1.0,3836.0,7.9,22.0,2005.0,6.5,2.4,41.0,8.9,5.0,0.0,0.0,0.0,1.0,0.4,7.0,66.0,6.0,102.0,30.0,64.7,12.0,5.2,31.2,531.0,0.0,,7.0,,,,13.0,102.0,538.0,5.3,0.0,0.0,0.0,0.0,7.0,7.0,14.6,190.0,1.9,341.0,3.3,,,,,,,0.0,1.0,0.0,0.0,5.0,0.0,0.0,0.0,0.0,0.0,0.0,0.0,0.0,0.0,0.0,0.0,0.0,,,,,,
Josh Allen,AlleJo02,2025,29,BUF,QB,17,17,12-5-0,319,460,69.3,3668,25,5.4,10,2.2,177,48.2,54.0,8.0,8.08,11.5,215.8,102.2,65.4,40,298,8.0,6.74,6.84,4,4,18,"PB,AP MVP-3",111.0,116.0,117.0,100.0,112.0,116.0,92.0,110.0,120.0,1706.0,3.7,5.3,7.0,128.0,4.0,18.0,29.0,30.0,357.0,79.9,114.0,954.0,13.0,58.0,99.0,18.0,42.0,36.0,286.0,6.0,25.0,311.0,1.0,3351.0,7.3,12.0,1962.0,6.2,2.5,49.0,8.8,7.0,0.0,0.0,0.0,0.0,0.0,0.0,46.0,6.6,112.0,40.0,58.0,14.0,5.2,34.1,579.0,0.0,,,,,,14.0,112.0,579.0,5.2,0.0,0.0,0.0,0.0,0.0,7.0,16.0,223.0,2.0,356.0,3.2,,,,,,,0.0,2.0,0.0,-17.0,7.0,0.0,0.0,0.0,0.0,0.0,0.0,0.0,0.0,0.0,0.0,0.0,0.0,,,,,,
Justin Fields,FielJu00,2021,22,CHI,QB,12,10,2-8-0,159,270,58.9,1870,7,2.6,10,3.7,83,38.2,64.0,6.9,5.78,11.8,155.8,73.2,31.4,36,264,11.76,5.25,4.24,0,0,6,,75.0,83.0,74.0,71.0,80.0,75.0,61.0,81.0,96.0,1178.0,4.4,7.4,3.0,96.0,6.9,18.0,31.0,29.0,189.0,72.7,48.0,413.0,21.9,57.0,96.0,27.3,22.0,8.0,75.0,11.0,62.0,137.0,2.0,2641.0,9.8,8.0,692.0,4.4,2.5,46.0,8.0,12.0,0.0,0.0,0.0,0.0,0.0,0.0,22.0,6.0,72.0,23.0,48.6,2.0,5.8,35.0,420.0,0.0,,,,,,2.0,72.0,420.0,5.8,0.0,0.0,0.0,0.0,0.0,5.0,14.4,127.0,1.8,293.0,4.1,,,,,,,0.0,4.0,0.0,-11.0,12.0,0.0,0.0,0.0,0.0,0.0,0.0,0.0,0.0,0.0,0.0,0.0,0.0,0%,84%,0%,0.0,635.0,0.0
Justin Fields,FielJu00,2022,23,CHI,QB,15,15,3-12-0,192,318,60.4,2242,17,5.3,11,3.5,91,36.7,56.0,7.1,6.56,11.7,149.5,85.2,56.3,55,359,14.75,5.05,4.63,1,2,16,AP MVP-9,79.0,95.0,81.0,75.0,75.0,92.0,41.0,112.0,100.0,1285.0,4.0,6.7,12.0,102.0,5.2,16.0,31.0,33.0,216.0,70.8,83.0,759.0,19.3,59.0,119.0,26.9,90.0,61.0,368.0,25.0,107.0,475.0,0.0,2899.0,9.1,13.0,957.0,5.0,2.7,69.0,9.8,16.0,0.0,0.0,0.0,0.0,0.0,0.0,65.0,10.7,160.0,67.0,56.3,8.0,7.1,76.2,1143.0,0.0,,,,,,8.0,160.0,1143.0,7.1,0.0,0.0,0.0,0.0,0.0,10.0,16.0,287.0,1.8,856.0,5.4,,,,,,,0.0,8.0,0.0,-22.0,16.0,0.0,0.0,0.0,0.0,0.0,0.0,0.0,0.0,0.0,0.0,0.0,0.0,0%,99%,0%,0.0,917.0,0.0
Justin Fields,FielJu00,2023,24,CHI,QB,13,13,5-8-0,227,370,61.4,2562,16,4.3,9,2.4,121,38.4,58.0,6.9,6.69,11.3,197.1,86.3,46.9,44,285,10.63,5.5,5.29,1,1,13,,91.0,98.0,85.0,97.0,89.0,95.0,73.0,103.0,98.0,1338.0,3.6,5.9,11.0,143.0,3.8,13.0,33.0,44.0,252.0,73.0,73.0,534.0,16.8,58.0,121.0,26.5,60.0,39.0,397.0,16.0,83.0,480.0,0.0,2965.0,8.0,25.0,1224.0,5.4,2.8,43.0,8.4,10.0,0.0,0.0,0.0,0.0,0.0,0.0,43.0,9.5,124.0,39.0,52.4,4.0,5.3,50.5,657.0,0.0,,,,,,4.0,124.0,657.0,5.3,0.0,0.0,0.0,0.0,0.0,9.0,13.8,210.0,1.7,447.0,3.6,,,,,,,0.0,1.0,0.0,-8.0,10.0,0.0,0.0,0.0,0.0,0.0,0.0,0.0,0.0,0.0,0.0,0.0,0.0,0%,96%,0%,0.0,829.0,0.0
Justin Fields,FielJu00,2024,25,PIT,QB,10,6,4-2-0,106,161,65.8,1106,5,3.1,1,0.6,45,42.9,55.0,6.9,7.21,10.4,110.6,93.3,47.4,16,124,9.04,5.55,5.86,0,1,6,,98.0,104.0,104.0,131.0,89.0,104.0,85.0,86.0,96.0,586.0,3.6,5.5,3.0,48.0,4.6,7.0,16.0,11.0,114.0,75.0,0.0,0.0,15.8,24.0,43.0,22.2,1.0,0.0,0.0,1.0,9.0,9.0,1.0,1235.0,7.7,8.0,520.0,4.9,2.5,17.0,6.3,6.0,0.0,0.0,0.0,0.0,0.0,0.0,19.0,6.2,62.0,30.0,54.8,5.0,4.7,28.9,289.0,0.0,,,,,,5.0,62.0,289.0,4.7,0.0,0.0,0.0,0.0,0.0,2.0,31.0,75.0,1.2,214.0,3.5,,,,,,,0.0,3.0,0.0,-22.0,6.0,0.0,0.0,0.0,0.0,0.0,0.0,0.0,0.0,0.0,0.0,0.0,0.0,0%,62%,0%,0.0,408.0,0.0
Justin Fields,FielJu00,2025,26,NYJ,QB,9,9,2-7-0,128,204,62.7,1259,7,3.4,1,0.5,58,42.0,42.0,6.2,6.64,9.8,139.9,89.5,38.7,27,192,11.69,4.62,5.03,1,2,6,,85.0,94.0,92.0,129.0,69.0,96.0,66.0,86.0,80.0,673.0,3.3,5.3,9.0,59.0,5.7,11.0,28.0,14.0,150.0,77.3,34.0,238.0,12.9,25.0,69.0,26.5,17.0,12.0,57.0,3.0,16.0,73.0,2.0,1385.0,6.8,8.0,586.0,4.6,2.6,29.0,8.6,4.0,0.0,0.0,0.0,0.0,0.0,0.0,26.0,7.9,71.0,43.0,57.7,4.0,5.4,42.6,383.0,1.0,0.0,,0.0,,0.0,4.0,71.0,383.0,5.4,0.0,0.0,0.0,0.0,0.0,3.0,23.7,74.0,1.0,309.0,4.4,6.0,,,0.0,39.6,,0.0,0.0,0.0,-4.0,4.0,0.0,0.0,0.0,0.0,0.0,0.0,0.0,0.0,0.0,0.0,0.0,0.0,0%,91%,0%,0.0,501.0,0.0
Justin Herbert,HerbJu00,2020,22,LAC,QB,15,15,6-9-0,396,595,66.6,4336,31,5.2,10,1.7,216,47.8,72.0,7.3,7.57,10.9,289.1,98.3,62.6,32,218,5.1,6.57,6.84,1,3,13,AP ORoY-1,108.0,107.0,109.0,111.0,105.0,109.0,109.0,106.0,102.0,2121.0,3.6,5.4,7.0,170.0,3.9,23.0,70.0,85.0,447.0,76.5,127.0,1140.0,18.0,105.0,187.0,28.7,32.0,20.0,115.0,10.0,81.0,196.0,4.0,4378.0,7.4,7.0,2215.0,5.6,2.4,25.0,5.6,8.0,0.0,0.0,0.0,0.0,0.0,0.0,20.0,3.7,55.0,31.0,49.1,5.0,4.3,15.6,234.0,0.0,,,,,,5.0,55.0,234.0,4.3,0.0,0.0,0.0,0.0,0.0,2.0,27.5,57.0,1.0,177.0,3.2,,,,,,,0.0,3.0,0.0,-12.0,8.0,0.0,0.0,0.0,0.0,0.0,0.0,0.0,0.0,0.0,0.0,0.0,0.0,0%,100%,0%,0.0,1097.0,0.0
Justin Herbert,HerbJu00,2021,23,LAC,QB,17,17,9-8-0,443,672,65.9,5014,38,5.7,15,2.2,256,51.1,72.0,7.5,7.59,11.3,294.9,97.7,70.9,31,214,4.41,6.83,6.95,5,5,18,PB,110.0,107.0,104.0,100.0,111.0,108.0,112.0,111.0,107.0,2627.0,3.9,5.9,17.0,155.0,5.8,38.0,61.0,51.0,527.0,80.2,166.0,1515.0,14.6,96.0,143.0,19.4,54.0,46.0,484.0,6.0,32.0,516.0,1.0,5075.0,7.6,14.0,2387.0,5.4,2.4,36.0,7.8,1.0,0.0,0.0,0.0,0.0,0.0,0.0,28.0,3.7,63.0,36.0,58.7,3.0,4.8,17.8,302.0,0.0,,,,,,3.0,63.0,302.0,4.8,0.0,0.0,0.0,0.0,0.0,2.0,31.5,48.0,0.8,254.0,4.0,,,,,,,0.0,0.0,0.0,0.0,1.0,0.0,0.0,0.0,0.0,0.0,0.0,0.0,0.0,0.0,1.0,0.0,1.0,,,,,,
Justin Herbert,HerbJu00,2022,24,LAC,QB,17,17,10-7-0,477,699,68.2,4739,25,3.6,10,1.4,228,46.3,55.0,6.8,6.85,9.9,278.8,93.2,60.2,38,206,5.16,6.15,6.22,4,5,14,AP MVP-9,103.0,99.0,117.0,119.0,99.0,105.0,109.0,91.0,93.0,2246.0,3.2,4.7,23.0,182.0,5.8,39.0,72.0,50.0,508.0,75.6,188.0,1435.0,12.9,87.0,160.0,21.1,41.0,41.0,328.0,0.0,0.0,328.0,2.0,4476.0,6.4,25.0,2493.0,5.2,2.5,22.0,6.5,8.0,2.0,0.1,0.0,0.0,-0.6,-10.0,17.0,3.2,54.0,23.0,40.7,0.0,2.7,8.6,147.0,2.0,100.0,-2.0,0.0,-5.0,-5.0,0.0,56.0,137.0,2.4,-15.0,0.0,0.0,0.0,5.0,0.0,,9.0,0.2,138.0,2.6,-7.5,-7.5,,0.0,79.2,2.5,0.0,4.0,0.0,0.0,8.0,0.0,0.0,0.0,0.0,0.0,0.0,0.0,0.0,0.0,1.0,0.0,1.0,0%,98%,0%,0.0,1162.0,0.0
Justin Herbert,HerbJu00,2023,25,LAC,QB,13,13,5-8-0,297,456,65.1,3134,20,4.4,7,1.5,150,46.2,60.0,6.9,7.06,10.6,241.1,93.2,64.8,29,233,5.98,5.98,6.16,1,1,11,,104.0,104.0,104.0,118.0,98.0,107.0,106.0,104.0,97.0,1571.0,3.4,5.3,11.0,158.0,4.9,22.0,42.0,36.0,339.0,76.2,80.0,517.0,16.0,71.0,107.0,20.9,68.0,60.0,402.0,7.0,33.0,435.0,0.0,3479.0,7.6,11.0,1563.0,5.3,2.4,27.0,8.4,4.0,1.0,0.1,1.0,0.0,0.8,10.0,16.0,4.0,52.0,35.0,40.4,3.0,4.4,17.5,228.0,1.0,100.0,10.0,100.0,10.0,10.0,3.0,53.0,238.0,4.5,-7.0,0.0,0.0,0.0,17.0,2.0,26.0,53.0,1.0,175.0,3.4,-7.0,-7.0,,0.0,108.3,17.0,0.0,3.0,0.0,-4.0,4.0,0.0,0.0,0.0,0.0,0.0,0.0,0.0,0.0,0.0,0.0,0.0,0.0,0%,96%,0%,0.0,838.0,0.0
Justin Herbert,HerbJu00,2024,26,LAC,QB,17,17,11-6-0,332,504,65.9,3870,23,4.6,3,0.6,184,44.4,66.0,7.7,8.32,11.7,227.6,101.7,61.7,41,244,7.52,6.65,7.25,1,2,14,"AP MVP-9,AP CPoY-12",118.0,120.0,104.0,132.0,110.0,116.0,96.0,103.0,112.0,2182.0,4.3,6.6,10.0,156.0,6.6,32.0,62.0,20.0,388.0,79.7,15.0,57.0,13.8,67.0,123.0,21.4,3.0,3.0,8.0,0.0,0.0,8.0,3.0,4326.0,8.6,14.0,1688.0,5.1,2.5,31.0,10.0,6.0,0.0,0.0,0.0,0.0,0.0,0.0,23.0,4.1,69.0,41.0,46.4,2.0,4.4,18.0,306.0,0.0,,,,,,2.0,69.0,306.0,4.4,0.0,0.0,0.0,0.0,0.0,2.0,34.5,82.0,1.2,224.0,3.2,,,,,,,0.0,4.0,0.0,-6.0,6.0,0.0,0.0,0.0,0.0,0.0,0.0,0.0,0.0,0.0,0.0,0.0,0.0,0%,98%,0%,0.0,1045.0,0.0
Justin Herbert,HerbJu00,2025,27,LAC,QB,16,16,11-5-0,340,512,66.4,3727,26,5.1,13,2.5,175,47.2,60.0,7.3,7.15,11.0,232.9,94.1,60.6,54,301,9.54,6.05,5.94,3,3,14,PB,98.0,102.0,106.0,94.0,98.0,103.0,81.0,106.0,104.0,2070.0,4.0,6.1,10.0,158.0,5.1,25.0,74.0,55.0,378.0,76.4,99.0,904.0,15.2,75.0,183.0,29.8,64.0,51.0,387.0,9.0,57.0,444.0,0.0,4011.0,7.8,17.0,1657.0,4.9,2.4,48.0,9.0,7.0,0.0,0.0,0.0,0.0,0.0,0.0,34.0,5.2,83.0,41.0,57.8,2.0,6.0,31.1,498.0,0.0,,,,,,2.0,83.0,498.0,6.0,0.0,0.0,0.0,0.0,0.0,3.0,27.7,91.0,1.1,407.0,4.9,,,,,,,0.0,3.0,0.0,-7.0,7.0,0.0,0.0,0.0,0.0,0.0,0.0,0.0,0.0,0.0,0.0,0.0,0.0,,,,,,
Kirk Cousins,CousKi00,2012,24,WAS,QB,3,1,1-0-0,33,48,68.8,466,4,8.3,3,6.3,20,47.1,77.0,9.7,8.56,14.1,155.3,101.6,77.7,3,27,5.88,8.61,7.53,1,1,2,,,,,,,,,,,,,,,,,,,,,,,,,,,,,,,,,,,,,,,,,,,1.0,0.0,0.0,0.0,0.0,0.0,0.0,1.0,1.0,3.0,17.0,66.7,0.0,7.3,7.3,22.0,0.0,,,,,,0.0,3.0,22.0,7.3,,,,,,,,,,,,,,,,,,0.0,1.0,0.0,0.0,1.0,0.0,0.0,0.0,0.0,0.0,0.0,0.0,0.0,0.0,0.0,0.0,0.0,0%,49%,0%,0.0,95.0,0.0
Kirk Cousins,CousKi00,2013,25,WAS,QB,5,3,0-3-0,81,155,52.3,854,4,2.6,7,4.5,42,38.1,62.0,5.5,3.99,10.5,170.8,58.4,36.5,5,32,3.13,5.14,3.67,0,0,-2,,69.0,61.0,64.0,67.0,76.0,63.0,126.0,79.0,61.0,,,,,,,,,,,,,,,,,,,,,,,,,,,,,,,,,3.0,0.0,0.0,0.0,0.0,0.0,0.0,2.0,0.8,4.0,6.0,50.0,0.0,3.5,2.8,14.0,0.0,,,,,,0.0,4.0,14.0,3.5,,,,,,,,,,,,,,,,,,0.0,0.0,0.0,0.0,3.0,0.0,0.0,0.0,0.0,0.0,,0.0,0.0,0.0,0.0,,0.0,0%,69%,0%,0.0,238.0,0.0
Kirk Cousins,CousKi00,2014,26,WAS,QB,6,5,1-4-0,126,204,61.8,1710,10,4.9,9,4.4,75,48.1,81.0,8.4,7.38,13.6,285.0,86.4,52.3,8,70,3.77,7.74,6.77,0,0,4,,109.0,106.0,98.0,68.0,130.0,97.0,120.0,105.0,128.0,,,,,,,,,,,,,,,,,,,,,,,,,,,,,,,,,2.0,0.0,0.0,0.0,0.0,0.0,0.0,3.0,1.2,7.0,12.0,57.1,0.0,2.9,3.3,20.0,0.0,,,,,,0.0,7.0,20.0,2.9,,,,,,,,,,,,,,,,,,0.0,0.0,0.0,0.0,2.0,0.0,0.0,0.0,0.0,0.0,,0.0,0.0,0.0,0.0,,0.0,0%,90%,0%,0.0,357.0,0.0
Kirk Cousins,CousKi00,2015,27,WAS,QB,16,16,9-7-0,379,543,69.8,4166,29,5.3,11,2.0,205,51.1,78.0,7.7,7.83,11.0,260.4,101.6,67.8,26,186,4.57,6.99,7.14,2,3,12,,114.0,112.0,128.0,107.0,114.0,118.0,112.0,111.0,111.0,,,,,,,,,,,,,,,,,,,,,,,,,,,,,,,,,9.0,0.0,0.0,0.0,0.0,0.0,0.0,8.0,1.6,26.0,13.0,38.5,5.0,1.8,3.0,48.0,0.0,,,,,,5.0,26.0,48.0,1.8,,,,,,,,,,,,,,,,,,0.0,5.0,0.0,-8.0,9.0,0.0,0.0,0.0,0.0,0.0,0.0,0.0,0.0,0.0,0.0,0.0,0.0,0%,96%,0%,0.0,1025.0,0.0
Kirk Cousins,CousKi00,2016,28,WAS,QB,16,16,8-7-1,406,606,67.0,4917,25,4.1,12,2.0,227,51.2,80.0,8.1,8.05,12.1,307.3,97.2,66.5,23,190,3.66,7.52,7.45,4,4,15,PB,119.0,115.0,117.0,107.0,126.0,112.0,120.0,97.0,122.0,,,,,,,,,,,,,,,,,,,,,,,,,,,,,,,,,9.0,0.0,0.0,0.0,0.0,0.0,0.0,14.0,2.1,34.0,19.0,44.1,4.0,2.8,6.0,96.0,0.0,,,,,,4.0,34.0,96.0,2.8,,,,,,,,,,,,,,,,,,0.0,5.0,0.0,0.0,9.0,0.0,0.0,0.0,0.0,0.0,0.0,0.0,0.0,0.0,0.0,0.0,0.0,,,,,,
Kirk Cousins,CousKi00,2017,29,WAS,QB,16,16,7-9-0,347,540,64.3,4093,27,5.0,13,2.4,194,45.6,74.0,7.6,7.5,11.8,255.8,93.9,56.2,41,342,7.06,6.46,6.38,1,4,12,,103.0,107.0,103.0,99.0,103.0,105.0,94.0,107.0,108.0,,,,,,,,,,,,,,,,,,,,,,,,,,,,,,,,,13.0,0.0,0.0,0.0,0.0,0.0,0.0,19.0,3.1,49.0,18.0,49.0,4.0,3.7,11.2,179.0,0.0,,,,,,4.0,49.0,179.0,3.7,,,,,,,,,,,,,,,,,,0.0,4.0,0.0,-52.0,13.0,0.0,0.0,0.0,0.0,0.0,0.0,0.0,0.0,0.0,0.0,0.0,0.0,0%,100%,0%,0.0,1008.0,0.0
Kirk Cousins,CousKi00,2018,30,MIN,QB,16,16,8-7-1,425,606,70.1,4298,30,5.0,10,1.7,218,49.4,75.0,7.1,7.34,10.1,268.6,99.7,59.5,40,262,6.19,6.25,6.48,1,0,12,,105.0,104.0,125.0,112.0,99.0,113.0,103.0,105.0,98.0,2345.0,3.9,5.5,0.0,143.0,4.3,25.0,39.0,97.0,,,,,11.6,68.0,176.0,26.5,,,,,,,3.0,4390.0,7.2,17.0,1953.0,4.6,2.5,17.0,5.6,9.0,1.0,0.1,0.0,0.0,-0.1,-1.0,12.0,2.8,44.0,19.0,36.4,1.0,2.8,7.7,123.0,1.0,100.0,-1.0,0.0,-1.0,-1.0,1.0,45.0,122.0,2.7,-7.0,0.0,0.0,0.0,6.0,1.0,44.0,18.0,0.4,105.0,2.4,-7.0,-7.0,,0.0,79.2,6.0,0.0,3.0,0.0,-31.0,9.0,0.0,0.0,0.0,0.0,0.0,0.0,0.0,0.0,0.0,0.0,0.0,0.0,0%,100%,0%,0.0,1051.0,0.0
Kirk Cousins,CousKi00,2019,31,MIN,QB,15,15,10-5-0,307,444,69.1,3603,26,5.9,6,1.4,165,50.4,66.0,8.1,8.68,11.7,240.2,107.4,60.4,28,206,5.93,7.2,7.73,1,1,14,PB,119.0,120.0,118.0,116.0,115.0,120.0,104.0,112.0,116.0,1818.0,4.1,5.9,9.0,107.0,4.0,17.0,30.0,48.0,332.0,79.0,124.0,1235.0,15.5,65.0,106.0,22.0,1.0,1.0,46.0,0.0,0.0,46.0,0.0,3395.0,7.6,24.0,1785.0,5.8,2.7,9.0,5.6,10.0,0.0,0.0,0.0,0.0,0.0,0.0,8.0,2.1,31.0,14.0,41.9,1.0,2.0,4.2,63.0,1.0,0.0,,0.0,,0.0,1.0,31.0,63.0,2.0,0.0,0.0,0.0,0.0,0.0,0.0,,12.0,0.4,51.0,1.6,12.0,,,0.0,39.6,,0.0,4.0,0.0,-7.0,10.0,0.0,0.0,0.0,0.0,0.0,0.0,0.0,0.0,0.0,0.0,0.0,0.0,,,,,,
Kirk Cousins,CousKi00,2020,32,MIN,QB,16,16,7-9-0,349,516,67.6,4265,35,6.8,13,2.5,212,51.2,71.0,8.3,8.49,12.2,266.6,105.0,55.8,39,256,7.03,7.22,7.43,1,3,14,,116.0,119.0,113.0,95.0,118.0,118.0,94.0,122.0,122.0,2329.0,4.5,6.7,11.0,181.0,3.7,18.0,78.0,56.0,395.0,81.3,127.0,1286.0,13.8,67.0,173.0,30.2,3.0,2.0,10.0,1.0,2.0,12.0,3.0,4103.0,8.0,27.0,1936.0,5.5,2.6,17.0,8.1,9.0,0.0,0.0,0.0,0.0,0.0,0.0,16.0,2.0,32.0,16.0,59.4,1.0,4.9,9.8,156.0,0.0,,,,,,1.0,32.0,156.0,4.9,0.0,0.0,0.0,0.0,0.0,1.0,32.0,15.0,0.5,141.0,4.4,,,,,,,0.0,1.0,0.0,-1.0,9.0,0.0,0.0,0.0,0.0,0.0,0.0,0.0,0.0,0.0,0.0,0.0,0.0,0%,100%,0%,0.0,1082.0,0.0
Kirk Cousins,CousKi00,2021,33,MIN,QB,16,16,8-8-0,372,561,66.3,4221,33,5.9,7,1.2,192,46.2,64.0,7.5,8.14,11.3,263.8,103.1,58.3,28,197,4.75,6.83,7.42,3,4,13,PB,116.0,115.0,106.0,120.0,111.0,116.0,110.0,113.0,108.0,2415.0,4.3,6.5,4.0,168.0,4.1,22.0,65.0,68.0,418.0,77.0,113.0,1107.0,17.1,93.0,161.0,26.6,8.0,7.0,21.0,1.0,2.0,23.0,5.0,4577.0,8.2,13.0,1806.0,4.9,2.4,16.0,7.8,12.0,0.0,0.0,0.0,0.0,0.0,0.0,8.0,1.8,29.0,29.0,48.3,1.0,4.0,7.2,115.0,0.0,,,,,,1.0,29.0,115.0,4.0,0.0,0.0,0.0,0.0,0.0,0.0,,18.0,0.6,97.0,3.3,,,,,,,0.0,4.0,0.0,0.0,12.0,0.0,0.0,0.0,0.0,0.0,0.0,0.0,0.0,0.0,1.0,0.0,1.0,,,,,,
Kirk Cousins,CousKi00,2022,34,MIN,QB,17,17,13-4-0,424,643,65.9,4547,29,4.5,14,2.2,246,46.3,66.0,7.1,6.99,10.7,267.5,92.5,52.3,46,329,6.68,6.12,6.05,8,8,13,PB,101.0,102.0,106.0,103.0,99.0,104.0,98.0,102.0,100.0,2569.0,4.0,6.1,14.0,159.0,4.1,25.0,84.0,36.0,469.0,76.5,191.0,1283.0,15.2,93.0,166.0,23.7,20.0,19.0,175.0,0.0,0.0,175.0,3.0,4806.0,7.5,27.0,1978.0,4.7,2.5,12.0,9.1,7.0,0.0,0.0,0.0,0.0,0.0,0.0,12.0,1.8,31.0,19.0,38.7,2.0,3.1,5.7,97.0,0.0,,,,,,2.0,31.0,97.0,3.1,0.0,0.0,0.0,0.0,0.0,0.0,,31.0,1.0,66.0,2.1,,,,,,,0.0,0.0,0.0,-5.0,7.0,0.0,0.0,0.0,0.0,0.0,0.0,0.0,0.0,1.0,1.0,0.0,0.0,,,,,,
Kirk Cousins,CousKi00,2023,35,MIN,QB,8,8,4-4-0,216,311,69.5,2331,18,5.8,5,1.6,112,46.6,62.0,7.5,7.93,10.8,291.4,103.8,64.0,17,110,5.18,6.77,7.18,0,0,7,,119.0,118.0,125.0,116.0,113.0,126.0,112.0,122.0,110.0,1335.0,4.3,6.2,3.0,106.0,5.3,16.0,45.0,21.0,250.0,82.2,85.0,616.0,12.8,39.0,83.0,25.1,15.0,13.0,39.0,0.0,0.0,39.0,2.0,2256.0,7.3,5.0,996.0,4.6,2.5,3.0,7.0,7.0,0.0,0.0,0.0,0.0,0.0,0.0,6.0,1.8,14.0,10.0,50.0,0.0,1.8,3.1,25.0,0.0,,,,,,0.0,14.0,25.0,1.8,0.0,0.0,0.0,0.0,0.0,0.0,,3.0,0.2,22.0,1.6,,,,,,,0.0,2.0,0.0,1.0,7.0,0.0,0.0,0.0,0.0,0.0,0.0,0.0,0.0,0.0,0.0,0.0,0.0,0%,98%,0%,0.0,512.0,0.0
Kirk Cousins,CousKi00,2024,36,ATL,QB,14,14,7-7-0,303,453,66.9,3508,18,4.0,16,3.5,163,46.4,60.0,7.7,6.95,11.6,250.6,88.6,47.0,28,201,5.82,6.88,6.13,3,3,10,AP CPoY-13,102.0,100.0,108.0,75.0,114.0,97.0,108.0,96.0,114.0,1821.0,4.0,6.0,15.0,106.0,3.7,16.0,47.0,25.0,340.0,77.8,8.0,52.0,11.7,51.0,100.0,20.7,0.0,0.0,0.0,0.0,0.0,0.0,4.0,3392.0,7.5,12.0,1687.0,5.6,2.4,3.0,5.3,13.0,0.0,0.0,0.0,0.0,0.0,0.0,2.0,1.6,23.0,,13.0,0.0,0.0,0.0,0.0,0.0,,,,,,0.0,23.0,0.0,0.0,0.0,0.0,0.0,0.0,0.0,0.0,,8.0,0.3,-8.0,-0.3,,,,,,,0.0,2.0,0.0,-16.0,13.0,0.0,0.0,0.0,0.0,0.0,0.0,0.0,0.0,0.0,0.0,0.0,0.0,0%,98%,0%,0.0,913.0,0.0
Kirk Cousins,CousKi00,2025,37,ATL,QB,10,8,5-3-0,166,269,61.7,1721,10,3.7,5,1.9,86,44.3,49.0,6.4,6.3,10.4,172.1,84.8,47.6,13,79,4.61,5.82,5.73,1,2,5,,95.0,89.0,88.0,105.0,93.0,89.0,116.0,89.0,85.0,738.0,2.7,4.4,3.0,70.0,4.7,12.0,31.0,17.0,183.0,72.0,63.0,597.0,16.1,41.0,61.0,21.5,3.0,3.0,11.0,0.0,0.0,11.0,3.0,1875.0,7.0,12.0,983.0,5.9,2.4,2.0,4.0,3.0,0.0,0.0,0.0,0.0,0.0,0.0,4.0,1.4,14.0,6.0,28.6,1.0,0.5,0.7,7.0,0.0,,,,,,1.0,14.0,7.0,0.5,0.0,0.0,0.0,0.0,0.0,0.0,,4.0,0.3,3.0,0.2,,,,,,,0.0,1.0,0.0,-1.0,3.0,0.0,0.0,0.0,0.0,0.0,0.0,0.0,0.0,0.0,0.0,0.0,0.0,0%,86%,0%,0.0,543.0,0.0
Kurt Warner,WarnKu00,1998,27,STL,QB,1,0,,4,11,36.4,39,0,0.0,0,0.0,2,27.3,21.0,3.5,3.55,9.8,39.0,47.2,,0,0,0.0,3.55,3.55,0,0,0,,,,,,,,,,,,,,,,,,,,,,,,,,,,,,,,,,,,,,,,,,,,,,,,,,,,,,,,,,,,,,,,,,,,,,,,,,,,,,,,,,,,,,,,,,,,,,,,,,,,,,,,,,,,
Kurt Warner,WarnKu00,1999,28,STL,QB,16,16,13-3-0,325,499,65.1,4353,41,8.2,13,2.6,197,50.8,75.0,8.7,9.19,13.4,272.1,109.2,,29,201,5.49,7.86,8.31,0,0,19,"PB,AP-1,AP MVP-1,AP OPoY-2",134.0,133.0,130.0,109.0,132.0,136.0,109.0,143.0,132.0,,,,,,,,,,,,,,,,,,,,,,,,,,,,,,,,,9.0,0.0,0.0,0.0,0.0,0.0,0.0,10.0,1.4,23.0,22.0,34.8,1.0,4.0,5.8,92.0,0.0,,,,,,1.0,23.0,92.0,4.0,,,,,,,,,,,,,,,,,,0.0,0.0,0.0,-4.0,9.0,0.0,0.0,0.0,0.0,0.0,,0.0,0.0,0.0,0.0,0.0,0.0,,,,,,
Kurt Warner,WarnKu00,2000,29,STL,QB,11,11,8-3-0,235,347,67.7,3429,21,6.1,18,5.2,153,55.6,85.0,9.9,8.76,14.6,311.7,98.3,,20,115,5.45,9.03,7.97,1,2,15,PB,137.0,136.0,138.0,70.0,158.0,128.0,109.0,126.0,158.0,,,,,,,,,,,,,,,,,,,,,,,,,,,,,,,,,4.0,0.0,0.0,0.0,0.0,0.0,0.0,3.0,1.6,18.0,11.0,22.2,0.0,0.9,1.5,17.0,0.0,,,,,,0.0,18.0,17.0,0.9,,,,,,,,,,,,,,,,,,0.0,0.0,0.0,-8.0,4.0,0.0,0.0,0.0,0.0,0.0,,0.0,0.0,,,,,,,,,,
Kurt Warner,WarnKu00,2001,30,STL,QB,16,16,14-2-0,375,546,68.7,4830,36,6.6,22,4.0,233,53.8,65.0,8.8,8.35,12.9,301.9,101.4,,38,233,6.51,7.87,7.41,1,2,20,"PB,AP-1,AP MVP-1,AP OPoY-2",130.0,132.0,133.0,87.0,137.0,132.0,101.0,136.0,140.0,,,,,,,,,,,,,,,,,,,,,,,,,,,,,,,,,10.0,0.0,0.0,0.0,0.0,0.0,0.0,3.0,1.8,28.0,23.0,21.4,0.0,2.1,3.8,60.0,0.0,,,,,,0.0,28.0,60.0,2.1,,,,,,,,,,,,,,,,,,0.0,2.0,0.0,-14.0,10.0,0.0,0.0,0.0,0.0,0.0,,0.0,0.0,0.0,0.0,0.0,0.0,,,,,,
Kurt Warner,WarnKu00,2002,31,STL,QB,7,6,0-6-0,144,220,65.5,1431,3,1.4,11,5.0,68,46.9,43.0,6.5,4.53,9.9,204.4,67.4,,21,130,8.71,5.4,3.59,0,0,2,,75.0,76.0,122.0,69.0,90.0,82.0,85.0,62.0,96.0,,,,,,,,,,,,,,,,,,,,,,,,,,,,,,,,,8.0,0.0,0.0,0.0,0.0,0.0,0.0,2.0,1.1,8.0,9.0,50.0,0.0,4.1,4.7,33.0,0.0,,,,,,0.0,8.0,33.0,4.1,,,,,,,,,,,,,,,,,,0.0,2.0,0.0,-3.0,8.0,0.0,0.0,0.0,0.0,0.0,,0.0,0.0,0.0,0.0,0.0,0.0,,,,,,
Kurt Warner,WarnKu00,2003,32,STL,QB,2,1,0-1-0,38,65,58.5,365,1,1.5,1,1.5,15,32.4,37.0,5.6,5.23,9.6,182.5,72.9,,6,38,8.45,4.61,4.25,0,0,1,,85.0,88.0,97.0,128.0,76.0,90.0,87.0,68.0,78.0,,,,,,,,,,,,,,,,,,,,,,,,,,,,,,,,,6.0,0.0,0.0,0.0,0.0,0.0,0.0,0.0,0.5,1.0,,0.0,0.0,0.0,0.0,0.0,0.0,,,,,,0.0,1.0,0.0,0.0,,,,,,,,,,,,,,,,,,0.0,1.0,0.0,-9.0,6.0,0.0,0.0,0.0,0.0,0.0,,0.0,0.0,0.0,0.0,0.0,0.0,,,,,,
Kurt Warner,WarnKu00,2004,33,NYG,QB,10,9,5-4-0,174,277,62.8,2054,6,2.2,4,1.4,94,44.6,62.0,7.4,7.2,11.8,205.4,86.5,,39,196,12.34,5.88,5.69,0,1,7,,104.0,112.0,111.0,130.0,99.0,108.0,59.0,77.0,110.0,,,,,,,,,,,,,,,,,,,,,,,,,,,,,,,,,12.0,0.0,0.0,0.0,0.0,0.0,0.0,5.0,1.3,13.0,13.0,38.5,1.0,2.3,3.0,30.0,0.0,,,,,,1.0,13.0,30.0,2.3,,,,,,,,,,,,,,,,,,0.0,1.0,0.0,-3.0,12.0,0.0,0.0,0.0,0.0,0.0,,0.0,0.0,0.0,0.0,0.0,0.0,,,,,,
Kurt Warner,WarnKu00,2005,34,ARI,QB,10,10,2-8-0,242,375,64.5,2713,11,2.9,9,2.4,133,45.5,63.0,7.2,6.74,11.2,271.3,85.8,,23,158,5.78,6.42,5.95,2,2,7,,106.0,105.0,116.0,113.0,107.0,106.0,106.0,87.0,106.0,,,,,,,,,,,,,,,,,,,,,,,,,,,,,,,,,9.0,1.0,0.1,0.0,0.0,0.0,0.0,3.0,1.3,13.0,13.0,38.5,0.0,2.2,2.8,28.0,1.0,100.0,,0.0,0.0,0.0,0.0,14.0,28.0,2.0,,,,,,,,,,,,,,,,,,0.0,3.0,0.0,-9.0,9.0,0.0,0.0,0.0,0.0,0.0,,0.0,0.0,0.0,0.0,0.0,0.0,,,,,,
Kurt Warner,WarnKu00,2006,35,ARI,QB,6,5,1-4-0,108,168,64.3,1377,6,3.6,5,3.0,65,47.3,64.0,8.2,7.57,12.8,229.5,89.3,45.2,14,104,7.69,6.99,6.42,0,0,5,,112.0,117.0,114.0,102.0,118.0,111.0,92.0,95.0,127.0,,,,,,,,,,,,,,,,,,,,,,,,,,,,,,,,,10.0,0.0,0.0,0.0,0.0,0.0,0.0,3.0,2.2,13.0,9.0,23.1,0.0,0.2,0.5,3.0,0.0,,,,,,0.0,13.0,3.0,0.2,,,,,,,,,,,,,,,,,,0.0,3.0,0.0,-12.0,10.0,0.0,0.0,0.0,0.0,0.0,0.0,0.0,0.0,0.0,0.0,0.0,0.0,,,,,,
Kurt Warner,WarnKu00,2007,36,ARI,QB,14,11,5-6-0,281,451,62.3,3417,27,6.0,17,3.8,169,48.2,62.0,7.6,7.08,12.2,244.1,89.8,67.9,20,140,4.25,6.96,6.48,1,1,10,,112.0,110.0,106.0,88.0,116.0,111.0,112.0,123.0,114.0,,,,,,,,,,,,,,,,,,,,,,,,,,,,,,,,,12.0,0.0,0.0,0.0,0.0,0.0,0.0,1.0,1.2,17.0,9.0,11.8,1.0,0.9,1.1,15.0,0.0,,,,,,1.0,17.0,15.0,0.9,,,,,,,,,,,,,,,,,,0.0,5.0,0.0,-28.0,12.0,0.0,0.0,0.0,0.0,0.0,0.0,0.0,0.0,0.0,0.0,0.0,0.0,,,,,,
Kurt Warner,WarnKu00,2008,37,ARI,QB,16,16,9-7-0,401,598,67.1,4583,30,5.0,14,2.3,224,51.4,79.0,7.7,7.61,11.4,286.4,96.9,68.5,26,182,4.17,7.05,7.0,1,1,16,"PB,AP MVP-7,AP CPoY-4",116.0,115.0,120.0,109.0,116.0,117.0,113.0,110.0,114.0,,,,,,,,,,,,,,,,,,,,,,,,,,,,,,,,,11.0,0.0,0.0,0.0,0.0,0.0,0.0,1.0,1.1,18.0,11.0,5.6,0.0,-0.1,-0.1,-2.0,0.0,,,,,,0.0,18.0,-2.0,-0.1,,,,,,,,,,,,,,,,,,0.0,2.0,0.0,-8.0,11.0,0.0,0.0,0.0,0.0,0.0,0.0,0.0,0.0,0.0,0.0,0.0,0.0,,,,,,
Kurt Warner,WarnKu00,2009,38,ARI,QB,15,15,10-5-0,339,513,66.1,3753,26,5.1,14,2.7,192,50.5,45.0,7.3,7.1,11.1,250.2,93.2,66.2,24,172,4.47,6.67,6.46,1,2,11,,109.0,107.0,117.0,103.0,109.0,112.0,112.0,112.0,106.0,,,,,,,,,,,,,,,,,,,,,,,,,,,,,,,,,11.0,0.0,0.0,0.0,0.0,0.0,0.0,1.0,1.4,21.0,10.0,9.5,0.0,0.5,0.7,10.0,0.0,,,,,,0.0,21.0,10.0,0.5,,,,,,,,,,,,,,,,,,0.0,0.0,0.0,-2.0,11.0,0.0,0.0,0.0,0.0,0.0,0.0,0.0,0.0,0.0,0.0,0.0,0.0,,,,,,
Kyler Murray,MurrKy00,2019,22,ARI,QB,16,16,5-10-1,349,542,64.4,3722,20,3.7,12,2.2,173,43.7,88.0,6.9,6.61,10.7,232.6,87.4,57.7,48,309,8.14,5.78,5.55,1,2,14,AP ORoY-1,90.0,92.0,99.0,101.0,89.0,94.0,87.0,90.0,92.0,1870.0,3.5,5.4,18.0,151.0,3.3,17.0,16.0,63.0,378.0,73.5,116.0,938.0,17.9,92.0,127.0,20.6,108.0,70.0,536.0,33.0,244.0,780.0,4.0,3987.0,7.4,24.0,1852.0,5.3,2.3,28.0,6.9,5.0,0.0,0.0,0.0,0.0,0.0,0.0,27.0,5.8,93.0,35.0,48.4,4.0,5.8,34.0,544.0,0.0,,,,,,4.0,93.0,544.0,5.8,0.0,0.0,0.0,0.0,0.0,4.0,23.3,99.0,1.1,445.0,4.8,,,,,,,0.0,3.0,0.0,-15.0,5.0,0.0,0.0,0.0,0.0,0.0,0.0,0.0,0.0,0.0,0.0,0.0,0.0,0%,96%,0%,0.0,1009.0,0.0
Kyler Murray,MurrKy00,2020,23,ARI,QB,16,16,8-8-0,375,558,67.2,3971,26,4.7,12,2.2,205,48.9,80.0,7.1,7.08,10.6,248.2,94.3,61.9,27,176,4.62,6.49,6.45,3,4,16,PB,103.0,100.0,112.0,102.0,103.0,104.0,113.0,101.0,99.0,2213.0,4.0,5.9,14.0,156.0,2.5,13.0,24.0,55.0,405.0,77.1,107.0,877.0,16.8,88.0,106.0,16.7,171.0,121.0,1107.0,43.0,288.0,1395.0,8.0,4340.0,7.8,25.0,1758.0,4.7,2.4,51.0,8.4,9.0,0.0,0.0,0.0,0.0,0.0,0.0,52.0,8.3,133.0,48.0,57.1,11.0,6.2,51.2,819.0,0.0,,,,,,11.0,133.0,819.0,6.2,0.0,0.0,0.0,0.0,0.0,5.0,26.6,128.0,1.0,691.0,5.2,,,,,,,0.0,2.0,0.0,-3.0,9.0,0.0,0.0,0.0,0.0,0.0,0.0,0.0,0.0,0.0,0.0,0.0,0.0,,,,,,
Kyler Murray,MurrKy00,2021,24,ARI,QB,14,14,9-5-0,333,481,69.2,3787,24,5.0,10,2.1,179,49.6,77.0,7.9,7.94,11.4,270.5,100.6,63.2,31,286,6.05,6.84,6.9,1,1,16,PB,109.0,112.0,118.0,103.0,111.0,112.0,101.0,105.0,115.0,1986.0,4.1,6.0,10.0,110.0,3.5,16.0,13.0,69.0,367.0,79.6,109.0,937.0,14.3,66.0,113.0,20.8,111.0,79.0,702.0,28.0,78.0,780.0,0.0,3847.0,8.0,20.0,1801.0,5.4,2.3,30.0,7.6,13.0,0.0,0.0,0.0,0.0,0.5,7.0,26.0,6.3,88.0,57.0,53.4,5.0,4.8,30.2,423.0,0.0,,,,,,5.0,88.0,430.0,4.9,7.0,0.0,0.0,0.0,0.0,0.0,,47.0,0.5,376.0,4.3,,,,,,,0.0,13.0,0.0,-1.0,13.0,0.0,0.0,0.0,0.0,0.0,0.0,0.0,0.0,0.0,0.0,0.0,0.0,,,,,,
Kyler Murray,MurrKy00,2022,25,ARI,QB,11,11,3-8-0,259,390,66.4,2368,14,3.6,7,1.8,119,45.1,38.0,6.1,5.98,9.1,215.3,87.2,53.6,25,192,6.02,5.24,5.16,1,1,8,,87.0,85.0,108.0,111.0,80.0,95.0,103.0,91.0,76.0,1114.0,2.9,4.3,9.0,89.0,5.9,22.0,15.0,42.0,289.0,77.9,61.0,440.0,11.9,44.0,82.0,18.5,50.0,43.0,336.0,7.0,57.0,393.0,3.0,2673.0,6.9,16.0,1254.0,4.8,2.2,29.0,7.9,8.0,0.0,0.0,0.0,0.0,0.0,0.0,23.0,6.1,67.0,42.0,61.2,3.0,6.2,38.0,418.0,0.0,,,,,,3.0,67.0,418.0,6.2,0.0,0.0,0.0,0.0,0.0,2.0,33.5,23.0,0.3,395.0,5.9,,,,,,,0.0,6.0,0.0,5.0,8.0,0.0,0.0,0.0,0.0,0.0,0.0,0.0,0.0,0.0,0.0,0.0,0.0,0%,90%,0%,0.0,719.0,0.0
Kyler Murray,MurrKy00,2023,26,ARI,QB,8,8,3-5-0,176,268,65.7,1799,10,3.7,5,1.9,88,43.7,48.0,6.7,6.62,10.2,224.9,89.4,48.0,18,119,6.29,5.87,5.79,2,2,8,AP CPoY-9,99.0,97.0,106.0,110.0,96.0,101.0,104.0,95.0,93.0,822.0,3.1,4.7,10.0,73.0,3.8,10.0,19.0,20.0,196.0,74.8,44.0,467.0,13.4,35.0,57.0,18.8,32.0,22.0,128.0,7.0,20.0,148.0,1.0,1955.0,7.3,5.0,977.0,5.6,2.4,18.0,9.6,7.0,0.0,0.0,0.0,0.0,0.0,0.0,15.0,5.5,44.0,33.0,59.1,3.0,5.5,30.5,244.0,0.0,,,,,,3.0,44.0,244.0,5.5,0.0,0.0,0.0,0.0,0.0,0.0,,15.0,0.3,229.0,5.2,,,,,,,0.0,1.0,0.0,-11.0,7.0,0.0,0.0,0.0,0.0,0.0,0.0,0.0,0.0,0.0,0.0,0.0,0.0,0%,99%,0%,0.0,538.0,0.0
Kyler Murray,MurrKy00,2024,27,ARI,QB,17,17,8-9-0,372,541,68.8,3851,21,3.9,11,2.0,191,51.7,60.0,7.1,6.98,10.4,226.5,93.5,63.4,30,220,5.25,6.36,6.23,3,3,15,AP CPoY-10,103.0,101.0,115.0,104.0,105.0,104.0,112.0,95.0,101.0,1883.0,3.5,5.1,14.0,155.0,3.3,17.0,23.0,47.0,412.0,79.1,5.0,21.0,12.7,66.0,100.0,16.3,6.0,5.0,43.0,1.0,13.0,56.0,1.0,3669.0,6.8,19.0,1968.0,5.3,2.4,42.0,8.7,8.0,0.0,0.0,0.0,0.0,0.0,0.0,27.0,4.6,78.0,50.0,52.6,5.0,7.3,33.6,572.0,0.0,,,,,,5.0,78.0,572.0,7.3,0.0,0.0,0.0,0.0,0.0,2.0,39.0,104.0,1.3,468.0,6.0,,,,,,,0.0,3.0,0.0,-4.0,8.0,0.0,0.0,0.0,0.0,0.0,0.0,0.0,0.0,0.0,0.0,0.0,0.0,0%,97%,0%,0.0,1065.0,0.0
Kyler Murray,MurrKy00,2025,28,ARI,QB,5,5,2-3-0,110,161,68.3,962,6,3.7,3,1.9,50,44.1,45.0,6.0,5.88,8.7,192.4,88.6,47.2,16,111,9.04,4.81,4.72,0,0,3,,80.0,83.0,113.0,105.0,73.0,95.0,85.0,90.0,76.0,417.0,2.6,3.8,7.0,35.0,3.2,5.0,9.0,7.0,118.0,75.2,25.0,146.0,15.9,25.0,32.0,16.5,26.0,17.0,122.0,8.0,38.0,160.0,0.0,951.0,5.9,4.0,545.0,5.0,2.3,17.0,8.9,1.0,0.0,0.0,0.0,0.0,0.0,0.0,10.0,5.8,29.0,30.0,41.4,1.0,6.0,34.6,173.0,0.0,,,,,,1.0,29.0,173.0,6.0,0.0,0.0,0.0,0.0,0.0,2.0,14.5,43.0,1.5,130.0,4.5,,,,,,,0.0,0.0,0.0,-4.0,1.0,0.0,0.0,0.0,0.0,0.0,0.0,0.0,0.0,0.0,0.0,0.0,0.0,0%,99%,0%,0.0,318.0,0.0
Lamar Jackson,JackLa00,2018,21,BAL,QB,16,7,6-1-0,99,170,58.2,1201,6,3.5,3,1.8,60,43.5,74.0,7.1,6.98,12.1,75.1,84.5,42.6,16,71,8.6,6.08,5.99,0,1,8,,98.0,99.0,80.0,110.0,96.0,92.0,85.0,90.0,97.0,685.0,4.0,6.9,0.0,51.0,4.3,7.0,9.0,33.0,,,,,20.7,34.0,58.0,28.3,,,,,,,0.0,1479.0,8.7,6.0,516.0,5.2,2.5,19.0,6.2,12.0,0.0,0.0,0.0,0.0,0.0,0.0,45.0,9.2,147.0,39.0,51.0,5.0,4.7,43.4,695.0,2.0,0.0,,0.0,,0.0,5.0,147.0,695.0,4.7,0.0,0.0,0.0,0.0,0.0,3.0,49.0,196.0,1.3,499.0,3.4,-1.0,,,0.0,39.6,,0.0,5.0,0.0,-21.0,12.0,0.0,0.0,0.0,0.0,0.0,0.0,0.0,0.0,0.0,0.0,0.0,0.0,0%,49%,0%,0.0,585.0,0.0
Lamar Jackson,JackLa00,2019,22,BAL,QB,15,15,13-2-0,265,401,66.1,3127,36,9.0,6,1.5,161,50.5,83.0,7.8,8.92,11.8,208.5,113.3,83.0,23,106,5.42,7.13,8.19,1,2,25,"PB,AP-1,AP MVP-1,AP OPoY-2",125.0,123.0,106.0,114.0,114.0,128.0,108.0,143.0,110.0,1767.0,4.4,6.7,12.0,138.0,3.6,14.0,21.0,31.0,295.0,76.0,116.0,892.0,17.5,68.0,75.0,16.2,173.0,77.0,588.0,92.0,671.0,1259.0,2.0,3545.0,8.8,11.0,1360.0,5.1,2.6,39.0,11.0,9.0,0.0,0.0,0.0,0.0,0.0,0.0,71.0,11.7,176.0,47.0,58.0,7.0,6.9,80.4,1206.0,0.0,,,,,,7.0,176.0,1206.0,6.9,0.0,0.0,0.0,0.0,0.0,3.0,58.7,339.0,1.9,867.0,4.9,,,,,,,0.0,4.0,0.0,-3.0,9.0,0.0,0.0,0.0,0.0,0.0,0.0,0.0,0.0,0.0,0.0,0.0,0.0,,,,,,
Lamar Jackson,JackLa00,2020,23,BAL,QB,15,15,11-4-0,242,376,64.4,2757,26,6.9,9,2.4,138,46.2,47.0,7.3,7.64,11.4,183.8,99.3,67.3,29,160,7.16,6.41,6.7,1,1,18,,106.0,108.0,99.0,98.0,102.0,110.0,93.0,124.0,103.0,1588.0,4.2,6.6,6.0,104.0,5.5,20.0,24.0,49.0,274.0,75.3,87.0,767.0,17.6,64.0,102.0,22.5,157.0,75.0,742.0,76.0,559.0,1301.0,3.0,3241.0,8.6,9.0,1169.0,4.8,2.5,49.0,7.2,10.0,0.0,0.0,0.0,0.0,0.0,0.0,56.0,10.6,159.0,50.0,51.6,7.0,6.3,67.0,1005.0,0.0,,,,,,7.0,159.0,1005.0,6.3,0.0,0.0,0.0,0.0,0.0,8.0,19.9,205.0,1.3,800.0,5.0,,,,,,,0.0,4.0,0.0,-9.0,10.0,0.0,0.0,0.0,0.0,0.0,0.0,0.0,0.0,0.0,0.0,0.0,0.0,0%,94%,0%,0.0,917.0,0.0
Lamar Jackson,JackLa00,2021,24,BAL,QB,12,12,7-5-0,246,382,64.4,2882,16,4.2,13,3.4,135,46.9,49.0,7.5,6.85,11.7,240.2,87.0,56.8,38,190,9.05,6.41,5.78,4,4,11,PB,95.0,98.0,98.0,77.0,102.0,94.0,80.0,97.0,108.0,1734.0,4.5,7.0,9.0,151.0,4.9,18.0,29.0,39.0,272.0,73.3,93.0,831.0,19.9,74.0,106.0,22.6,119.0,63.0,574.0,54.0,260.0,834.0,4.0,3543.0,9.3,7.0,1148.0,4.7,2.5,49.0,8.0,6.0,0.0,0.0,0.0,0.0,0.0,0.0,48.0,11.1,133.0,31.0,56.4,2.0,5.8,63.9,767.0,0.0,,,,,,2.0,133.0,767.0,5.8,0.0,0.0,0.0,0.0,0.0,11.0,12.1,282.0,2.1,485.0,3.6,,,,,,,0.0,2.0,0.0,9.0,6.0,0.0,0.0,0.0,0.0,0.0,0.0,0.0,0.0,0.0,0.0,0.0,0.0,,,,,,
Lamar Jackson,JackLa00,2022,25,BAL,QB,12,12,8-4-0,203,326,62.3,2242,17,5.2,7,2.1,105,44.6,75.0,6.9,6.95,11.0,186.8,91.1,61.1,26,114,7.39,6.05,6.12,1,2,12,,102.0,101.0,90.0,104.0,97.0,102.0,93.0,111.0,95.0,1271.0,3.9,6.3,8.0,125.0,8.4,26.0,15.0,32.0,233.0,75.4,99.0,814.0,18.1,56.0,73.0,19.4,110.0,72.0,587.0,35.0,332.0,919.0,1.0,2752.0,8.4,16.0,971.0,4.8,2.6,24.0,8.2,5.0,0.0,0.0,0.0,0.0,0.0,0.0,47.0,9.3,112.0,79.0,64.3,3.0,6.8,63.7,764.0,0.0,,,,,,3.0,112.0,764.0,6.8,0.0,0.0,0.0,0.0,0.0,14.0,8.0,222.0,2.0,542.0,4.8,,,,,,,0.0,2.0,0.0,-5.0,5.0,0.0,0.0,0.0,0.0,0.0,0.0,0.0,0.0,0.0,1.0,0.0,1.0,0%,92%,0%,0.0,728.0,0.0
Lamar Jackson,JackLa00,2023,26,BAL,QB,16,16,13-3-0,307,457,67.2,3678,24,5.3,7,1.5,178,48.2,80.0,8.0,8.41,12.0,229.9,102.7,65.4,37,218,7.49,7.0,7.34,1,0,19,"PB,AP-1,AP MVP-1,AP OPoY-4,AP CPoY-9",122.0,125.0,114.0,118.0,118.0,124.0,96.0,115.0,122.0,1929.0,4.2,6.3,9.0,169.0,5.0,22.0,29.0,22.0,326.0,73.9,58.0,525.0,16.6,73.0,88.0,15.7,115.0,86.0,893.0,25.0,153.0,1046.0,1.0,3831.0,8.4,15.0,1749.0,5.7,2.7,65.0,6.4,11.0,0.0,0.0,1.0,0.0,0.0,0.0,50.0,9.3,148.0,30.0,54.1,5.0,5.5,51.3,821.0,0.0,,,,,,5.0,148.0,821.0,5.5,0.0,0.0,0.0,0.0,0.0,14.0,10.6,229.0,1.5,592.0,4.0,,,,,,,0.0,4.0,0.0,-7.0,11.0,0.0,0.0,0.0,0.0,0.0,0.0,0.0,0.0,0.0,0.0,0.0,0.0,,,,,,
Lamar Jackson,JackLa00,2024,27,BAL,QB,17,17,12-5-0,316,474,66.7,4172,41,8.6,4,0.8,218,51.3,84.0,8.8,10.15,13.2,245.4,119.6,74.8,23,149,4.63,8.09,9.38,2,2,21,"PB,AP-1,AP MVP-2,AP OPoY-2",147.0,147.0,107.0,127.0,137.0,143.0,117.0,151.0,136.0,2087.0,4.4,6.6,12.0,162.0,6.1,28.0,31.0,53.0,359.0,78.7,7.0,94.0,15.1,69.0,107.0,19.7,8.0,4.0,34.0,3.0,24.0,58.0,5.0,4056.0,8.6,13.0,2085.0,6.6,2.5,45.0,9.0,10.0,0.0,0.0,0.0,0.0,0.0,0.0,55.0,8.2,139.0,48.0,56.1,4.0,6.6,53.8,915.0,0.0,,,,,,4.0,139.0,915.0,6.6,0.0,0.0,0.0,0.0,0.0,7.0,19.9,249.0,1.8,666.0,4.8,,,,,,,0.0,5.0,0.0,-28.0,10.0,0.0,0.0,0.0,0.0,0.0,0.0,0.0,0.0,0.0,0.0,0.0,0.0,,,,,,
Lamar Jackson,JackLa00,2025,28,BAL,QB,13,13,6-7-0,192,302,63.6,2549,21,7.0,7,2.3,109,46.2,64.0,8.4,8.79,13.3,196.1,103.8,62.7,36,239,10.65,6.83,7.14,1,1,13,,115.0,126.0,95.0,97.0,114.0,118.0,73.0,129.0,130.0,1485.0,4.9,7.7,11.0,125.0,4.5,13.0,23.0,28.0,210.0,72.4,67.0,825.0,18.3,53.0,87.0,23.6,46.0,27.0,322.0,16.0,88.0,410.0,2.0,2663.0,8.8,10.0,1064.0,5.5,2.5,30.0,7.3,7.0,0.0,0.0,0.0,0.0,0.0,0.0,24.0,5.2,67.0,20.0,47.8,2.0,5.2,26.8,349.0,0.0,,,,,,2.0,67.0,349.0,5.2,0.0,0.0,0.0,0.0,0.0,7.0,9.6,92.0,1.4,257.0,3.8,,,,,,,0.0,3.0,0.0,0.0,7.0,0.0,0.0,0.0,0.0,0.0,0.0,0.0,0.0,0.0,0.0,0.0,0.0,0%,93%,0%,0.0,702.0,0.0
Mark Brunell,BrunMa00,1994,24,GNB,QB,2,0,,12,27,44.4,95,0,0.0,0,0.0,5,27.6,25.0,3.5,3.52,7.9,47.5,53.8,,2,16,6.9,2.72,2.72,0,0,0,,,,,,,,,,,,,,,,,,,,,,,,,,,,,,,,,,,,,,,,,,,1.0,0.0,0.0,0.0,0.0,0.0,0.0,1.0,3.0,6.0,5.0,16.7,1.0,1.2,3.5,7.0,0.0,,,,,,1.0,6.0,7.0,1.2,,,,,,,,,,,,,,,,,,0.0,0.0,0.0,-2.0,1.0,0.0,0.0,0.0,0.0,,,0.0,0.0,0.0,0.0,,0.0,,,,,,
Mark Brunell,BrunMa00,1995,25,JAX,QB,13,10,3-7-0,201,346,58.1,2168,15,4.3,7,2.0,107,39.5,45.0,6.3,6.22,10.8,166.8,82.6,,39,238,10.13,5.01,4.97,2,2,9,,95.0,102.0,100.0,119.0,79.0,106.0,73.0,105.0,88.0,,,,,,,,,,,,,,,,,,,,,,,,,,,,,,,,,5.0,0.0,0.0,0.0,0.0,0.0,0.0,31.0,5.2,67.0,27.0,61.2,4.0,7.2,36.9,480.0,0.0,,,,,,4.0,67.0,480.0,7.2,,,,,,,,,,,,,,,,,,0.0,3.0,0.0,0.0,5.0,0.0,0.0,0.0,0.0,,,0.0,0.0,0.0,0.0,,0.0,,,,,,
Mark Brunell,BrunMa00,1996,26,JAX,QB,16,16,9-7-0,353,557,63.4,4367,19,3.4,20,3.6,208,48.6,62.0,7.8,6.91,12.4,272.9,84.0,,50,257,8.24,6.77,5.91,3,3,16,PB,110.0,113.0,123.0,93.0,122.0,109.0,90.0,94.0,128.0,,,,,,,,,,,,,,,,,,,,,,,,,,,,,,,,,14.0,0.0,0.0,0.0,0.0,0.0,0.0,25.0,5.0,80.0,33.0,43.8,3.0,5.0,24.8,396.0,0.0,,,,,,3.0,80.0,396.0,5.0,,,,,,,,,,,,,,,,,,0.0,5.0,0.0,-14.0,14.0,0.0,0.0,0.0,0.0,,,0.0,0.0,0.0,0.0,,0.0,,,,,,
Mark Brunell,BrunMa00,1997,27,JAX,QB,14,14,9-5-0,264,435,60.7,3281,18,4.1,7,1.6,160,46.4,75.0,7.5,7.65,12.4,234.4,91.2,,33,189,7.05,6.61,6.7,1,1,15,PB,119.0,119.0,115.0,123.0,115.0,117.0,100.0,101.0,115.0,,,,,,,,,,,,,,,,,,,,,,,,,,,,,,,,,4.0,0.0,0.0,0.0,0.0,0.0,0.0,16.0,3.4,48.0,15.0,56.3,2.0,5.4,18.4,257.0,0.0,,,,,,2.0,48.0,257.0,5.4,,,,,,,,,,,,,,,,,,0.0,0.0,0.0,-5.0,4.0,0.0,0.0,0.0,0.0,,,0.0,0.0,0.0,0.0,,0.0,,,,,,
Mark Brunell,BrunMa00,1998,28,JAX,QB,13,13,10-3-0,208,354,58.8,2601,20,5.6,9,2.5,125,45.3,78.0,7.3,7.33,12.5,200.1,89.9,,28,172,7.33,6.36,6.35,4,4,11,,113.0,114.0,108.0,109.0,110.0,115.0,99.0,117.0,110.0,,,,,,,,,,,,,,,,,,,,,,,,,,,,,,,,,3.0,0.0,0.0,0.0,0.0,0.0,0.0,15.0,3.8,49.0,18.0,46.9,0.0,3.9,14.8,192.0,0.0,,,,,,0.0,49.0,192.0,3.9,,,,,,,,,,,,,,,,,,0.0,2.0,0.0,-1.0,3.0,0.0,0.0,0.0,0.0,,,0.0,0.0,0.0,0.0,,0.0,,,,,,
Mark Brunell,BrunMa00,1999,29,JAX,QB,15,15,13-2-0,259,441,58.7,3060,14,3.2,9,2.0,154,44.0,62.0,6.9,6.66,11.8,204.0,82.0,,29,174,6.17,6.14,5.87,2,3,12,PB,107.0,106.0,105.0,117.0,104.0,105.0,105.0,91.0,103.0,,,,,,,,,,,,,,,,,,,,,,,,,,,,,,,,,6.0,0.0,0.0,0.0,0.0,0.0,0.0,24.0,3.1,47.0,15.0,51.1,1.0,4.4,13.9,208.0,0.0,,,,,,1.0,47.0,208.0,4.4,,,,,,,,,,,,,,,,,,0.0,3.0,0.0,-2.0,6.0,0.0,0.0,0.0,0.0,0.0,,0.0,0.0,0.0,0.0,0.0,0.0,,,,,,
Mark Brunell,BrunMa00,2000,30,JAX,QB,16,16,7-9-0,311,512,60.7,3640,20,3.9,14,2.7,177,46.1,67.0,7.1,6.66,11.7,227.5,84.0,,54,289,9.54,5.92,5.51,0,2,15,,104.0,108.0,111.0,109.0,101.0,108.0,84.0,100.0,107.0,,,,,,,,,,,,,,,,,,,,,,,,,,,,,,,,,7.0,0.0,0.0,0.0,0.0,0.0,0.0,13.0,3.0,48.0,16.0,47.9,2.0,4.9,14.8,236.0,0.0,,,,,,2.0,48.0,236.0,4.9,,,,,,,,,,,,,,,,,,0.0,3.0,0.0,-2.0,7.0,0.0,0.0,0.0,0.0,0.0,,0.0,0.0,0.0,0.0,0.0,0.0,,,,,,
Mark Brunell,BrunMa00,2001,31,JAX,QB,15,15,6-9-0,289,473,61.1,3309,19,4.0,13,2.7,165,44.3,44.0,7.0,6.56,11.4,220.6,84.1,,57,387,10.75,5.51,5.13,1,1,12,,98.0,107.0,107.0,107.0,94.0,107.0,75.0,101.0,105.0,,,,,,,,,,,,,,,,,,,,,,,,,,,,,,,,,8.0,0.0,0.0,0.0,0.0,0.0,0.0,13.0,2.6,39.0,38.0,46.2,1.0,5.7,14.9,224.0,0.0,,,,,,1.0,39.0,224.0,5.7,,,,,,,,,,,,,,,,,,0.0,2.0,0.0,-8.0,8.0,0.0,0.0,0.0,0.0,0.0,,0.0,0.0,0.0,0.0,0.0,0.0,,,,,,
Mark Brunell,BrunMa00,2002,32,JAX,QB,15,15,6-9-0,245,416,58.9,2788,17,4.1,7,1.7,140,42.4,79.0,6.7,6.76,11.4,185.9,85.7,,34,210,7.56,5.73,5.78,0,1,12,,108.0,111.0,99.0,126.0,97.0,110.0,93.0,102.0,100.0,,,,,,,,,,,,,,,,,,,,,,,,,,,,,,,,,5.0,0.0,0.0,0.0,0.0,0.0,0.0,11.0,2.9,43.0,27.0,44.2,0.0,4.8,13.8,207.0,0.0,,,,,,0.0,43.0,207.0,4.8,,,,,,,,,,,,,,,,,,0.0,2.0,0.0,0.0,5.0,0.0,0.0,0.0,0.0,0.0,,0.0,0.0,0.0,0.0,0.0,0.0,,,,,,
Mark Brunell,BrunMa00,2003,33,JAX,QB,3,3,0-3-0,54,82,65.9,484,2,2.4,0,0.0,22,39.6,65.0,5.9,6.39,9.0,161.3,89.7,,9,46,9.89,4.81,5.25,0,0,2,,98.0,102.0,121.0,154.0,79.0,112.0,77.0,79.0,83.0,,,,,,,,,,,,,,,,,,,,,,,,,,,,,,,,,1.0,0.0,0.0,0.0,0.0,0.0,0.0,3.0,2.7,8.0,12.0,37.5,1.0,2.4,6.3,19.0,0.0,,,,,,1.0,8.0,19.0,2.4,,,,,,,,,,,,,,,,,,0.0,0.0,0.0,-5.0,1.0,0.0,0.0,0.0,0.0,0.0,,0.0,0.0,,,,,,,,,,
Mark Brunell,BrunMa00,2004,34,WAS,QB,9,9,3-6-0,118,237,49.8,1194,7,3.0,6,2.5,68,36.9,49.0,5.0,4.49,10.1,132.7,63.9,,15,105,5.95,4.32,3.81,0,1,0,,81.0,79.0,68.0,111.0,72.0,79.0,104.0,87.0,69.0,,,,,,,,,,,,,,,,,,,,,,,,,,,,,,,,,6.0,0.0,0.0,0.0,0.0,0.0,0.0,2.0,2.1,19.0,21.0,26.3,0.0,3.3,6.9,62.0,0.0,,,,,,0.0,19.0,62.0,3.3,,,,,,,,,,,,,,,,,,0.0,2.0,0.0,-6.0,6.0,0.0,0.0,0.0,0.0,0.0,,0.0,0.0,,,,,,,,,,
Mark Brunell,BrunMa00,2005,35,WAS,QB,16,15,9-6-0,262,454,57.7,3050,23,5.1,10,2.2,155,42.8,78.0,6.7,6.74,11.6,190.6,85.9,,27,213,5.61,5.9,5.92,2,3,10,AP CPoY-3,105.0,105.0,93.0,116.0,98.0,106.0,107.0,111.0,97.0,,,,,,,,,,,,,,,,,,,,,,,,,,,,,,,,,11.0,0.0,0.0,0.0,0.0,0.0,0.0,12.0,2.6,42.0,25.0,28.6,0.0,2.6,6.9,111.0,0.0,,,,,,0.0,42.0,111.0,2.6,,,,,,,,,,,,,,,,,,0.0,1.0,0.0,-17.0,11.0,0.0,0.0,0.0,0.0,0.0,,0.0,0.0,0.0,0.0,0.0,0.0,,,,,,
Mark Brunell,BrunMa00,2006,36,WAS,QB,10,9,3-6-0,162,260,62.3,1789,8,3.1,4,1.5,80,44.5,74.0,6.9,6.8,11.0,178.9,86.5,42.1,12,92,4.41,6.24,6.17,1,1,6,,109.0,107.0,107.0,125.0,105.0,107.0,113.0,89.0,101.0,,,,,,,,,,,,,,,,,,,,,,,,,,,,,,,,,5.0,0.0,0.0,0.0,0.0,0.0,0.0,4.0,1.3,13.0,12.0,30.8,0.0,2.6,3.4,34.0,0.0,,,,,,0.0,13.0,34.0,2.6,,,,,,,,,,,,,,,,,,0.0,1.0,0.0,-8.0,5.0,0.0,0.0,0.0,0.0,0.0,0.0,0.0,0.0,0.0,0.0,0.0,0.0,,,,,,
Mark Brunell,BrunMa00,2008,38,NOR,QB,2,0,,0,0,,0,0,,0,,0,,,,,,0.0,,,0,0,,,,0,0,0,,,,,,,,,,,,,,,,,,,,,,,,,,,,,,,,,,,,,,,,,,,,,,,,,,,,,,,,,,,,,,,,,,,,,,,,,,,,,,,,,,,,,,,,,,,,,,,,,,,,,,,,,,,,
Mark Brunell,BrunMa00,2009,39,NOR,QB,16,1,0-1-0,15,30,50.0,102,0,0.0,1,3.3,5,30.0,18.0,3.4,1.9,6.8,6.4,44.0,9.5,0,0,0.0,3.4,1.9,0,0,0,,,,,,,,,,,,,,,,,,,,,,,,,,,,,,,,,,,,,,,,,,,0.0,0.0,0.0,0.0,0.0,0.0,0.0,0.0,0.3,4.0,-1.0,0.0,0.0,-3.0,-0.8,-12.0,0.0,,,,,,0.0,4.0,-12.0,-3.0,,,,,,,,,,,,,,,,,,,,,,,,,,,,,,,,,,,,,,,,
Mark Brunell,BrunMa00,2010,40,NYJ,QB,2,0,,7,13,53.8,117,2,15.4,1,7.7,7,50.0,52.0,9.0,8.62,16.7,58.5,92.0,62.9,1,7,7.14,7.86,7.5,0,0,0,,,,,,,,,,,,,,,,,,,,,,,,,,,,,,,,,,,,,,,,,,,,,,,,,,,,,,,,,,,,,,,,,,,,,,,,,,,,,,,,,,,,,,,,,,,,,,,,,,,,,,,,,,,,
Mark Brunell,BrunMa00,2011,41,NYJ,QB,16,0,,1,3,33.3,27,0,0.0,0,0.0,1,33.3,27.0,9.0,9.0,27.0,1.7,67.4,3.3,0,0,0.0,9.0,9.0,0,0,0,,,,,,,,,,,,,,,,,,,,,,,,,,,,,,,,,,,,,,,,,,,,,,,,,,,,,,,,,,,,,,,,,,,,,,,,,,,,,,,,,,,,,,,,,,,,,,,,,,,,,,,,,,,,
Matt Hasselbeck,HassMa00,1999,24,GNB,QB,16,0,,3,10,30.0,41,1,10.0,0,0.0,2,18.2,19.0,4.1,6.1,13.7,2.6,77.5,,1,9,9.09,2.91,4.73,0,0,0,,,,,,,,,,,,,,,,,,,,,,,,,,,,,,,,,,,,,,,,,,,1.0,0.0,0.0,0.0,0.0,0.0,0.0,1.0,0.4,6.0,13.0,16.7,0.0,2.5,0.9,15.0,0.0,,,,,,0.0,6.0,15.0,2.5,,,,,,,,,,,,,,,,,,0.0,1.0,0.0,-16.0,1.0,0.0,0.0,0.0,0.0,0.0,,0.0,0.0,1.0,1.0,0.0,0.0,,,,,,
Matt Hasselbeck,HassMa00,2000,25,GNB,QB,16,0,,10,19,52.6,104,1,5.3,0,0.0,4,35.0,27.0,5.5,6.53,10.4,6.5,86.3,,1,2,5.0,5.1,6.1,0,0,0,,,,,,,,,,,,,,,,,,,,,,,,,,,,,,,,,,,,,,,,,,,0.0,0.0,0.0,0.0,0.0,0.0,0.0,0.0,0.3,4.0,-1.0,0.0,0.0,-1.3,-0.3,-5.0,0.0,,,,,,0.0,4.0,-5.0,-1.3,,,,,,,,,,,,,,,,,,,,,,,,,,,,,,,,,,,,,,,,
Matt Hasselbeck,HassMa00,2001,26,SEA,QB,13,12,5-7-0,176,321,54.8,2023,7,2.2,8,2.5,92,37.3,64.0,6.3,5.62,11.5,155.6,70.9,,38,251,10.58,4.94,4.32,0,2,7,,87.0,93.0,86.0,112.0,83.0,88.0,76.0,77.0,92.0,,,,,,,,,,,,,,,,,,,,,,,,,,,,,,,,,6.0,0.0,0.0,0.0,0.0,0.0,0.0,14.0,3.1,40.0,17.0,40.0,0.0,3.5,10.8,141.0,0.0,,,,,,0.0,40.0,141.0,3.5,,,,,,,,,,,,,,,,,,0.0,0.0,0.0,-16.0,6.0,0.0,0.0,0.0,0.0,0.0,,0.0,0.0,0.0,0.0,0.0,0.0,,,,,,
Matt Hasselbeck,HassMa00,2002,27,SEA,QB,16,10,5-5-0,267,419,63.7,3075,15,3.6,10,2.4,160,48.1,49.0,7.3,6.98,11.5,192.2,87.8,,26,143,5.84,6.59,6.25,1,3,11,,115.0,115.0,116.0,114.0,116.0,113.0,104.0,95.0,114.0,,,,,,,,,,,,,,,,,,,,,,,,,,,,,,,,,5.0,0.0,0.0,0.0,0.0,0.0,0.0,17.0,2.5,40.0,21.0,65.0,1.0,5.1,12.6,202.0,0.0,,,,,,1.0,40.0,202.0,5.1,,,,,,,,,,,,,,,,,,0.0,1.0,0.0,0.0,5.0,0.0,0.0,0.0,0.0,0.0,,0.0,0.0,0.0,0.0,0.0,0.0,,,,,,
Matt Hasselbeck,HassMa00,2003,28,SEA,QB,16,16,10-6-0,313,513,61.0,3841,26,5.1,15,2.9,189,48.3,80.0,7.5,7.19,12.3,240.1,88.8,,42,246,7.57,6.48,6.2,2,3,15,PB,110.0,113.0,105.0,104.0,109.0,111.0,93.0,112.0,113.0,,,,,,,,,,,,,,,,,,,,,,,,,,,,,,,,,4.0,0.0,0.0,0.0,0.0,0.0,0.0,10.0,2.3,36.0,18.0,38.9,2.0,3.5,7.8,125.0,0.0,,,,,,2.0,36.0,125.0,3.5,,,,,,,,,,,,,,,,,,0.0,0.0,0.0,-7.0,4.0,0.0,0.0,0.0,0.0,0.0,,0.0,0.0,0.0,0.0,0.0,0.0,,,,,,
Matt Hasselbeck,HassMa00,2004,29,SEA,QB,14,14,7-7-0,279,474,58.9,3382,22,4.6,15,3.2,176,47.0,60.0,7.1,6.64,12.1,241.6,83.1,,30,155,5.95,6.4,5.94,0,0,11,,107.0,105.0,98.0,100.0,107.0,103.0,104.0,107.0,105.0,,,,,,,,,,,,,,,,,,,,,,,,,,,,,,,,,5.0,0.0,0.0,0.0,0.0,0.0,0.0,6.0,1.9,27.0,19.0,29.6,1.0,3.3,6.4,90.0,0.0,,,,,,1.0,27.0,90.0,3.3,,,,,,,,,,,,,,,,,,0.0,2.0,0.0,-8.0,5.0,0.0,0.0,0.0,0.0,0.0,,0.0,0.0,0.0,0.0,0.0,0.0,,,,,,
Matt Hasselbeck,HassMa00,2005,30,SEA,QB,16,16,13-3-0,294,449,65.5,3459,24,5.3,9,2.0,182,53.7,56.0,7.7,7.87,11.8,216.2,98.2,,24,154,5.07,6.99,7.15,2,2,15,PB,120.0,119.0,119.0,119.0,116.0,122.0,110.0,115.0,114.0,,,,,,,,,,,,,,,,,,,,,,,,,,,,,,,,,4.0,0.0,0.0,0.0,0.0,0.0,0.0,8.0,2.3,36.0,23.0,38.9,1.0,3.4,7.8,124.0,0.0,,,,,,1.0,36.0,124.0,3.4,,,,,,,,,,,,,,,,,,0.0,0.0,0.0,0.0,4.0,0.0,0.0,0.0,0.0,0.0,,0.0,0.0,0.0,0.0,0.0,0.0,,,,,,
Matt Hasselbeck,HassMa00,2006,31,SEA,QB,12,12,7-5-0,210,371,56.6,2442,18,4.9,15,4.0,128,42.2,72.0,6.6,5.73,11.6,203.5,76.0,56.9,34,229,8.4,5.46,4.69,3,4,8,,91.0,94.0,88.0,85.0,91.0,93.0,88.0,110.0,95.0,,,,,,,,,,,,,,,,,,,,,,,,,,,,,,,,,3.0,0.0,0.0,0.0,0.0,0.0,0.0,8.0,1.5,18.0,19.0,55.6,0.0,6.1,9.2,110.0,0.0,,,,,,0.0,18.0,110.0,6.1,,,,,,,,,,,,,,,,,,0.0,2.0,0.0,-3.0,3.0,0.0,0.0,0.0,0.0,0.0,0.0,0.0,0.0,0.0,0.0,0.0,0.0,,,,,,
Matt Hasselbeck,HassMa00,2007,32,SEA,QB,16,16,10-6-0,352,562,62.6,3966,28,5.0,12,2.1,204,49.2,65.0,7.1,7.09,11.3,247.9,91.4,54.4,33,204,5.55,6.32,6.36,2,2,11,PB,110.0,110.0,107.0,114.0,105.0,113.0,104.0,111.0,104.0,,,,,,,,,,,,,,,,,,,,,,,,,,,,,,,,,9.0,0.0,0.0,0.0,0.0,0.0,0.0,9.0,2.4,39.0,12.0,35.9,0.0,2.3,5.6,89.0,0.0,,,,,,0.0,39.0,89.0,2.3,,,,,,,,,,,,,,,,,,0.0,3.0,0.0,-8.0,9.0,0.0,0.0,0.0,0.0,0.0,0.0,0.0,0.0,0.0,0.0,0.0,0.0,,,,,,
Matt Hasselbeck,HassMa00,2008,33,SEA,QB,7,7,1-6-0,109,209,52.2,1216,5,2.4,10,4.8,64,38.2,34.0,5.8,4.14,11.2,173.7,57.8,36.3,19,119,8.33,4.81,3.28,0,0,0,,73.0,73.0,70.0,74.0,78.0,70.0,84.0,81.0,79.0,,,,,,,,,,,,,,,,,,,,,,,,,,,,,,,,,1.0,0.0,0.0,0.0,0.0,0.0,0.0,5.0,1.6,11.0,15.0,81.8,0.0,6.3,9.9,69.0,0.0,,,,,,0.0,11.0,69.0,6.3,,,,,,,,,,,,,,,,,,0.0,0.0,0.0,0.0,1.0,0.0,0.0,0.0,0.0,0.0,,0.0,0.0,0.0,0.0,,0.0,,,,,,
Matt Hasselbeck,HassMa00,2009,34,SEA,QB,14,14,5-9-0,293,488,60.0,3029,17,3.5,17,3.5,148,41.3,53.0,6.2,5.34,10.3,216.4,75.1,34.0,32,209,6.15,5.42,4.61,0,1,7,,87.0,86.0,97.0,92.0,87.0,90.0,99.0,92.0,86.0,,,,,,,,,,,,,,,,,,,,,,,,,,,,,,,,,11.0,0.0,0.0,0.0,0.0,0.0,0.0,5.0,1.9,26.0,23.0,38.5,0.0,4.6,8.5,119.0,0.0,,,,,,0.0,26.0,119.0,4.6,,,,,,,,,,,,,,,,,,0.0,5.0,0.0,-17.0,11.0,0.0,0.0,0.0,0.0,0.0,0.0,0.0,0.0,0.0,0.0,0.0,0.0,,,,,,
Matt Hasselbeck,HassMa00,2010,35,SEA,QB,14,14,6-8-0,266,444,59.9,3001,12,2.7,17,3.8,137,44.6,87.0,6.8,5.58,11.3,214.4,73.2,52.3,29,175,6.13,5.97,4.86,0,0,8,,90.0,89.0,98.0,88.0,96.0,88.0,100.0,82.0,95.0,,,,,,,,,,,,,,,,,,,,,,,,,,,,,,,,,7.0,0.0,0.0,0.0,0.0,0.0,0.0,7.0,1.6,23.0,20.0,43.5,3.0,2.6,4.3,60.0,0.0,,,,,,3.0,23.0,60.0,2.6,,,,,,,,,,,,,,,,,,0.0,1.0,0.0,0.0,7.0,0.0,0.0,0.0,0.0,0.0,0.0,0.0,0.0,0.0,0.0,0.0,0.0,,,,,,
Matt Hasselbeck,HassMa00,2011,36,TEN,QB,16,16,9-7-0,319,518,61.6,3571,18,3.5,14,2.7,163,42.3,80.0,6.9,6.37,11.2,223.2,82.4,51.4,19,153,3.54,6.36,5.86,2,3,9,,100.0,96.0,103.0,102.0,102.0,97.0,122.0,91.0,96.0,,,,,,,,,,,,,,,,,,,,,,,,,,,,,,,,,4.0,0.0,0.0,0.0,0.0,0.0,0.0,4.0,1.3,20.0,21.0,30.0,0.0,2.6,3.3,52.0,0.0,,,,,,0.0,20.0,52.0,2.6,,,,,,,,,,,,,,,,,,0.0,1.0,0.0,0.0,4.0,0.0,0.0,0.0,0.0,0.0,0.0,0.0,0.0,0.0,0.0,0.0,0.0,,,,,,
Matt Hasselbeck,HassMa00,2012,37,TEN,QB,8,5,2-3-0,138,221,62.4,1367,7,3.2,5,2.3,71,45.1,37.0,6.2,5.8,9.9,170.9,81.0,45.0,14,103,5.96,5.38,5.02,2,2,3,,89.0,88.0,106.0,108.0,83.0,95.0,104.0,87.0,81.0,,,,,,,,,,,,,,,,,,,,,,,,,,,,,,,,,3.0,0.0,0.0,0.0,0.0,0.0,0.0,2.0,1.6,13.0,16.0,23.1,0.0,2.9,4.8,38.0,0.0,,,,,,0.0,13.0,38.0,2.9,,,,,,,,,,,,,,,,,,0.0,2.0,0.0,-4.0,3.0,0.0,0.0,0.0,0.0,0.0,0.0,0.0,0.0,0.0,0.0,0.0,0.0,0%,78%,0%,0.0,395.0,0.0
Matt Hasselbeck,HassMa00,2013,38,IND,QB,3,0,,7,12,58.3,130,0,0.0,1,8.3,6,58.3,57.0,10.8,7.08,18.6,43.3,61.1,25.0,0,0,0.0,10.83,7.08,0,0,0,,,,,,,,,,,,,,,,,,,,,,,,,,,,,,,,,,,,,,,,,,,0.0,0.0,0.0,0.0,0.0,0.0,0.0,0.0,0.7,2.0,-1.0,0.0,0.0,-1.0,-0.7,-2.0,0.0,,,,,,0.0,2.0,-2.0,-1.0,,,,,,,,,,,,,,,,,,,,,,,,,,,,,,,,,,,0%,10%,0%,0.0,23.0,0.0
Matt Hasselbeck,HassMa00,2014,39,IND,QB,4,0,,30,44,68.2,301,2,4.5,0,0.0,17,47.8,32.0,6.8,7.75,10.0,75.3,102.6,58.8,2,7,4.35,6.39,7.26,0,0,1,,,,,,,,,,,,,,,,,,,,,,,,,,,,,,,,,,,,,,,,,,,1.0,0.0,0.0,0.0,0.0,0.0,0.0,0.0,2.0,8.0,,0.0,0.0,-1.4,-2.8,-11.0,0.0,,,,,,0.0,8.0,-11.0,-1.4,,,,,,,,,,,,,,,,,,0.0,0.0,0.0,0.0,1.0,0.0,0.0,0.0,0.0,0.0,,0.0,0.0,0.0,0.0,,0.0,0%,28%,0%,0.0,82.0,0.0
Matt Hasselbeck,HassMa00,2015,40,IND,QB,8,8,5-3-0,156,256,60.9,1690,9,3.5,5,2.0,87,44.1,57.0,6.6,6.43,10.8,211.3,84.0,45.1,16,101,5.88,5.84,5.68,1,2,4,,92.0,91.0,92.0,108.0,88.0,92.0,101.0,89.0,85.0,,,,,,,,,,,,,,,,,,,,,,,,,,,,,,,,,3.0,0.0,0.0,0.0,0.0,0.0,0.0,2.0,2.0,16.0,10.0,25.0,0.0,0.9,1.9,15.0,0.0,,,,,,0.0,16.0,15.0,0.9,,,,,,,,,,,,,,,,,,0.0,0.0,0.0,0.0,3.0,0.0,0.0,0.0,0.0,0.0,,0.0,0.0,0.0,0.0,,0.0,0%,88%,0%,0.0,458.0,0.0
Matt Ryan,RyanMa00,2008,23,ATL,QB,16,16,11-5-0,265,434,61.1,3440,16,3.7,11,2.5,156,45.5,70.0,7.9,7.52,13.0,215.0,87.7,68.8,17,104,3.77,7.4,7.01,2,4,14,AP ORoY-1,116.0,114.0,100.0,107.0,121.0,106.0,116.0,96.0,119.0,,,,,,,,,,,,,,,,,,,,,,,,,,,,,,,,,6.0,0.0,0.0,0.0,0.0,0.0,0.0,13.0,3.4,55.0,17.0,30.9,1.0,1.9,6.5,104.0,0.0,,,,,,1.0,55.0,104.0,1.9,,,,,,,,,,,,,,,,,,0.0,2.0,0.0,-13.0,6.0,0.0,0.0,0.0,0.0,0.0,,0.0,0.0,0.0,0.0,,0.0,,,,,,
Matt Ryan,RyanMa00,2009,24,ATL,QB,14,14,9-5-0,263,451,58.3,2916,22,4.9,14,3.1,153,44.0,90.0,6.5,6.04,11.1,208.3,80.9,67.7,19,92,4.04,6.01,5.6,1,3,10,,99.0,95.0,91.0,97.0,97.0,97.0,115.0,109.0,90.0,,,,,,,,,,,,,,,,,,,,,,,,,,,,,,,,,5.0,0.0,0.0,0.0,0.0,0.0,0.0,9.0,2.1,30.0,7.0,43.3,1.0,1.6,3.5,49.0,0.0,,,,,,1.0,30.0,49.0,1.6,,,,,,,,,,,,,,,,,,0.0,2.0,0.0,0.0,5.0,0.0,0.0,0.0,0.0,0.0,0.0,0.0,0.0,0.0,0.0,0.0,0.0,,,,,,
Matt Ryan,RyanMa00,2010,25,ATL,QB,16,16,13-3-0,357,571,62.5,3705,28,4.9,9,1.6,202,46.1,46.0,6.5,6.76,10.4,231.6,91.0,71.2,23,158,3.87,5.97,6.23,5,6,16,PB,105.0,102.0,106.0,119.0,96.0,108.0,118.0,107.0,90.0,,,,,,,,,,,,,,,,,,,,,,,,,,,,,,,,,4.0,0.0,0.0,0.0,0.0,0.0,0.0,10.0,2.9,46.0,20.0,34.8,0.0,2.7,7.6,122.0,0.0,,,,,,0.0,46.0,122.0,2.7,,,,,,,,,,,,,,,,,,0.0,0.0,0.0,0.0,4.0,0.0,0.0,0.0,0.0,0.0,,0.0,0.0,0.0,0.0,,0.0,,,,,,
Matt Ryan,RyanMa00,2011,26,ATL,QB,16,16,10-6-0,347,566,61.3,4177,29,5.1,12,2.1,208,47.3,80.0,7.4,7.45,12.0,261.1,92.2,69.3,26,173,4.39,6.76,6.83,3,3,15,,113.0,110.0,102.0,111.0,110.0,110.0,115.0,109.0,106.0,,,,,,,,,,,,,,,,,,,,,,,,,,,,,,,,,5.0,0.0,0.0,0.0,0.0,0.0,0.0,11.0,2.3,37.0,12.0,35.1,2.0,2.3,5.3,84.0,0.0,,,,,,2.0,37.0,84.0,2.3,,,,,,,,,,,,,,,,,,0.0,2.0,0.0,0.0,5.0,0.0,0.0,0.0,0.0,0.0,0.0,0.0,0.0,0.0,0.0,0.0,0.0,,,,,,
Matt Ryan,RyanMa00,2012,27,ATL,QB,16,16,13-3-0,422,615,68.6,4719,32,5.2,14,2.3,248,52.7,80.0,7.7,7.69,11.2,294.9,99.1,71.6,28,210,4.35,7.01,7.03,4,6,18,PB,114.0,112.0,128.0,108.0,114.0,117.0,117.0,110.0,111.0,,,,,,,,,,,,,,,,,,,,,,,,,,,,,,,,,3.0,0.0,0.0,0.0,0.0,0.0,0.0,8.0,2.1,34.0,16.0,44.1,1.0,4.1,8.8,141.0,0.0,,,,,,1.0,34.0,141.0,4.1,,,,,,,,,,,,,,,,,,0.0,0.0,0.0,-2.0,3.0,0.0,0.0,0.0,0.0,0.0,0.0,0.0,0.0,0.0,0.0,0.0,0.0,,,,,,
Matt Ryan,RyanMa00,2013,28,ATL,QB,16,16,4-12-0,439,651,67.4,4515,26,4.0,17,2.6,228,47.1,81.0,6.9,6.56,10.3,282.2,89.6,67.5,44,298,6.33,6.07,5.72,1,1,13,,96.0,96.0,122.0,100.0,96.0,104.0,101.0,95.0,95.0,,,,,,,,,,,,,,,,,,,,,,,,,,,,,,,,,5.0,0.0,0.0,0.0,0.0,0.0,0.0,5.0,1.1,17.0,17.0,35.3,0.0,3.2,3.4,55.0,0.0,,,,,,0.0,17.0,55.0,3.2,,,,,,,,,,,,,,,,,,0.0,1.0,0.0,-2.0,5.0,0.0,0.0,0.0,0.0,0.0,0.0,0.0,0.0,0.0,0.0,0.0,0.0,0%,99%,0%,0.0,1065.0,0.0
Matt Ryan,RyanMa00,2014,29,ATL,QB,16,16,6-10-0,415,628,66.1,4694,28,4.5,14,2.2,233,49.0,79.0,7.5,7.36,11.3,293.4,93.9,66.8,31,205,4.7,6.81,6.71,3,3,15,PB,108.0,106.0,115.0,106.0,110.0,107.0,113.0,99.0,107.0,,,,,,,,,,,,,,,,,,,,,,,,,,,,,,,,,5.0,0.0,0.0,0.0,0.0,0.0,0.0,10.0,1.8,29.0,15.0,58.6,0.0,5.0,9.1,145.0,0.0,,,,,,0.0,29.0,145.0,5.0,,,,,,,,,,,,,,,,,,0.0,0.0,0.0,-3.0,5.0,0.0,0.0,0.0,0.0,0.0,,0.0,0.0,0.0,0.0,,0.0,,,,,,
Matt Ryan,RyanMa00,2015,30,ATL,QB,16,16,8-8-0,407,614,66.3,4591,21,3.4,16,2.6,228,50.8,70.0,7.5,6.99,11.3,286.9,89.0,64.1,30,203,4.66,6.81,6.35,4,4,14,,102.0,99.0,113.0,96.0,110.0,99.0,111.0,87.0,107.0,,,,,,,,,,,,,,,,,,,,,,,,,,,,,,,,,12.0,0.0,0.0,0.0,0.0,0.0,0.0,9.0,2.3,36.0,18.0,33.3,0.0,1.8,3.9,63.0,0.0,,,,,,0.0,36.0,63.0,1.8,,,,,,,,,,,,,,,,,,0.0,4.0,0.0,-24.0,12.0,0.0,0.0,0.0,0.0,0.0,0.0,0.0,0.0,0.0,0.0,0.0,0.0,0%,98%,0%,0.0,1115.0,0.0
Matt Ryan,RyanMa00,2016,31,ATL,QB,16,16,11-5-0,373,534,69.9,4944,38,7.1,7,1.3,240,52.5,76.0,9.3,10.09,13.3,309.0,117.1,79.6,37,235,6.48,8.25,9.03,1,2,21,"PB,AP-1,AP MVP-1,AP OPoY-1",141.0,145.0,128.0,119.0,142.0,140.0,97.0,133.0,148.0,,,,,,,,,,,,,,,,,,,,,,,,,,,,,,,,,4.0,0.0,0.0,0.0,0.0,0.0,0.0,13.0,2.2,35.0,18.0,42.9,0.0,3.3,7.3,117.0,0.0,,,,,,0.0,35.0,117.0,3.3,,,,,,,,,,,,,,,,,,0.0,2.0,0.0,-3.0,4.0,0.0,0.0,0.0,0.0,0.0,0.0,0.0,0.0,0.0,0.0,0.0,0.0,,,,,,
Matt Ryan,RyanMa00,2017,32,ATL,QB,16,16,10-6-0,342,529,64.7,4095,20,3.8,12,2.3,199,49.9,88.0,7.7,7.48,12.0,255.9,91.4,66.7,24,156,4.34,7.12,6.87,2,3,15,,110.0,106.0,105.0,101.0,116.0,102.0,115.0,93.0,112.0,,,,,,,,,,,,,,,,,,,,,,,,,,,,,,,,,4.0,0.0,0.0,0.0,0.0,0.0,0.0,11.0,2.0,32.0,16.0,50.0,0.0,4.5,8.9,143.0,0.0,,,,,,0.0,32.0,143.0,4.5,,,,,,,,,,,,,,,,,,0.0,1.0,0.0,-4.0,4.0,0.0,0.0,0.0,0.0,0.0,0.0,0.0,0.0,0.0,0.0,0.0,0.0,0%,100%,0%,0.0,1024.0,0.0
Matt Ryan,RyanMa00,2018,33,ATL,QB,16,16,7-9-0,422,608,69.4,4924,35,5.8,7,1.2,236,51.7,75.0,8.1,8.73,11.7,307.8,108.1,65.7,42,296,6.46,7.12,7.71,1,1,16,,121.0,123.0,122.0,120.0,116.0,124.0,101.0,114.0,118.0,2791.0,4.6,6.6,0.0,201.0,6.1,36.0,48.0,53.0,,,,,13.4,79.0,143.0,21.4,,,,,,,1.0,5210.0,8.6,18.0,2133.0,5.1,2.3,18.0,6.7,10.0,1.0,0.1,1.0,1.0,0.3,5.0,15.0,2.1,33.0,15.0,57.6,3.0,3.8,7.8,125.0,1.0,100.0,5.0,100.0,5.0,5.0,4.0,34.0,130.0,3.8,1.0,0.0,0.0,0.0,4.0,3.0,11.0,12.0,0.4,113.0,3.4,1.0,1.0,,0.0,127.1,4.0,0.0,2.0,0.0,0.0,10.0,0.0,0.0,0.0,0.0,0.0,0.0,0.0,0.0,0.0,0.0,0.0,0.0,0%,99%,0%,0.0,1048.0,0.0
Matt Ryan,RyanMa00,2019,34,ATL,QB,15,15,7-8-0,408,616,66.2,4466,26,4.2,14,2.3,228,46.5,93.0,7.3,7.07,10.9,297.7,92.1,59.6,48,316,7.23,6.25,6.08,3,2,13,,97.0,99.0,107.0,100.0,98.0,100.0,94.0,96.0,100.0,2816.0,4.6,6.9,19.0,199.0,2.9,17.0,62.0,54.0,443.0,75.3,108.0,827.0,14.6,86.0,164.0,23.9,31.0,31.0,253.0,0.0,0.0,253.0,1.0,5009.0,8.1,27.0,1650.0,4.0,2.5,21.0,7.1,9.0,0.0,0.0,0.0,0.0,0.0,0.0,10.0,2.3,34.0,12.0,50.0,1.0,4.3,9.8,147.0,0.0,,,,,,1.0,34.0,147.0,4.3,0.0,0.0,0.0,0.0,0.0,0.0,,14.0,0.4,133.0,3.9,,,,,,,0.0,2.0,0.0,0.0,9.0,0.0,0.0,0.0,0.0,0.0,0.0,0.0,0.0,0.0,0.0,0.0,0.0,0%,98%,0%,0.0,1065.0,0.0
Matt Ryan,RyanMa00,2020,35,ATL,QB,16,16,4-12-0,407,626,65.0,4581,26,4.2,11,1.8,242,47.8,63.0,7.3,7.36,11.3,286.3,93.3,59.8,41,257,6.15,6.48,6.52,0,0,13,,104.0,104.0,102.0,110.0,103.0,102.0,101.0,96.0,103.0,2939.0,4.7,7.2,6.0,204.0,5.4,33.0,70.0,55.0,458.0,75.5,152.0,1432.0,14.7,89.0,166.0,24.3,18.0,16.0,166.0,0.0,0.0,166.0,1.0,5337.0,8.5,18.0,1642.0,4.0,2.6,16.0,6.5,6.0,0.0,0.0,0.0,0.0,0.0,0.0,8.0,1.8,29.0,16.0,37.9,2.0,3.2,5.8,92.0,0.0,,,,,,2.0,29.0,92.0,3.2,0.0,0.0,0.0,0.0,0.0,0.0,,9.0,0.3,83.0,2.9,,,,,,,0.0,1.0,0.0,-3.0,6.0,0.0,0.0,0.0,0.0,0.0,0.0,0.0,0.0,0.0,0.0,0.0,0.0,0%,99%,0%,0.0,1113.0,0.0
Matt Ryan,RyanMa00,2021,36,ATL,QB,17,17,7-10-0,375,560,67.0,3968,20,3.6,12,2.1,195,46.0,64.0,7.1,6.84,10.6,233.4,90.4,52.2,40,274,6.67,6.16,5.92,3,4,10,,97.0,97.0,109.0,102.0,98.0,98.0,97.0,90.0,99.0,2244.0,4.0,6.0,9.0,166.0,3.9,21.0,84.0,48.0,425.0,78.1,131.0,1099.0,14.5,79.0,172.0,27.9,28.0,22.0,214.0,1.0,5.0,219.0,1.0,3987.0,7.1,15.0,1724.0,4.6,2.4,16.0,4.9,11.0,0.0,0.0,0.0,0.0,0.0,0.0,9.0,2.4,40.0,17.0,30.0,1.0,2.1,4.8,82.0,0.0,,,,,,1.0,40.0,82.0,2.1,0.0,0.0,0.0,0.0,0.0,0.0,,15.0,0.4,67.0,1.7,,,,,,,0.0,3.0,0.0,-5.0,11.0,0.0,0.0,0.0,0.0,0.0,0.0,0.0,0.0,0.0,0.0,0.0,0.0,0%,97%,0%,0.0,1023.0,0.0
Matt Ryan,RyanMa00,2022,37,IND,QB,12,12,4-7-1,309,461,67.0,3057,14,3.0,13,2.8,156,44.9,45.0,6.6,5.97,9.9,254.8,83.9,44.9,38,287,7.62,5.55,4.94,5,4,7,,84.0,85.0,111.0,89.0,86.0,90.0,92.0,85.0,90.0,1643.0,3.6,5.3,12.0,145.0,4.3,19.0,51.0,33.0,340.0,76.7,80.0,494.0,13.5,60.0,122.0,24.0,33.0,30.0,212.0,0.0,0.0,212.0,1.0,2763.0,6.0,17.0,1414.0,4.6,2.3,10.0,8.0,15.0,0.0,0.0,0.0,0.0,0.0,0.0,9.0,2.3,27.0,39.0,37.0,1.0,2.6,5.8,70.0,0.0,,,,,,1.0,27.0,70.0,2.6,0.0,0.0,0.0,0.0,0.0,0.0,,11.0,0.4,59.0,2.2,,,,,,,0.0,3.0,0.0,-8.0,15.0,0.0,0.0,0.0,0.0,0.0,0.0,0.0,0.0,0.0,1.0,0.0,1.0,0%,100%,0%,0.0,846.0,0.0
Matthew Stafford,StafMa00,2009,21,DET,QB,10,10,2-8-0,201,377,53.3,2267,13,3.4,20,5.3,111,39.4,75.0,6.0,4.32,11.3,226.7,61.0,37.1,24,169,5.99,5.23,3.64,1,1,3,,75.0,74.0,74.0,66.0,83.0,72.0,100.0,92.0,82.0,,,,,,,,,,,,,,,,,,,,,,,,,,,,,,,,,4.0,0.0,0.0,0.0,0.0,0.0,0.0,7.0,2.0,20.0,21.0,40.0,2.0,5.4,10.8,108.0,0.0,,,,,,2.0,20.0,108.0,5.4,,,,,,,,,,,,,,,,,,0.0,2.0,0.0,0.0,4.0,0.0,0.0,0.0,0.0,0.0,0.0,0.0,0.0,0.0,0.0,0.0,0.0,,,,,,
Matthew Stafford,StafMa00,2010,22,DET,QB,3,3,1-2-0,57,96,59.4,535,6,6.3,1,1.0,28,40.0,36.0,5.6,6.35,9.4,178.3,91.3,50.1,4,36,4.0,4.99,5.74,1,1,2,,100.0,97.0,96.0,126.0,79.0,108.0,117.0,123.0,74.0,,,,,,,,,,,,,,,,,,,,,,,,,,,,,,,,,2.0,0.0,0.0,0.0,0.0,0.0,0.0,1.0,1.3,4.0,9.0,50.0,1.0,2.8,3.7,11.0,0.0,,,,,,1.0,4.0,11.0,2.8,,,,,,,,,,,,,,,,,,0.0,0.0,0.0,-5.0,2.0,0.0,0.0,0.0,0.0,0.0,,0.0,0.0,0.0,0.0,,0.0,,,,,,
Matthew Stafford,StafMa00,2011,23,DET,QB,16,16,10-6-0,421,663,63.5,5038,41,6.2,16,2.4,243,49.8,73.0,7.6,7.75,12.0,314.9,97.2,60.5,36,257,5.15,6.84,6.98,3,4,16,AP CPoY-1,115.0,114.0,110.0,107.0,112.0,116.0,109.0,121.0,110.0,,,,,,,,,,,,,,,,,,,,,,,,,,,,,,,,,5.0,0.0,0.0,0.0,0.0,0.0,0.0,7.0,1.4,22.0,22.0,31.8,0.0,3.5,4.9,78.0,0.0,,,,,,0.0,22.0,78.0,3.5,,,,,,,,,,,,,,,,,,0.0,1.0,0.0,-4.0,5.0,0.0,0.0,0.0,0.0,0.0,0.0,0.0,0.0,0.0,0.0,0.0,0.0,,,,,,
Matthew Stafford,StafMa00,2012,24,DET,QB,16,16,4-12-0,435,727,59.8,4967,20,2.8,17,2.3,267,47.5,57.0,6.8,6.33,11.4,310.4,79.8,56.1,29,212,3.84,6.29,5.81,3,3,13,,99.0,95.0,97.0,107.0,101.0,93.0,121.0,83.0,94.0,,,,,,,,,,,,,,,,,,,,,,,,,,,,,,,,,6.0,1.0,0.1,0.0,0.0,0.2,3.0,12.0,2.2,35.0,11.0,51.4,4.0,3.6,7.9,126.0,1.0,100.0,3.0,0.0,3.0,3.0,4.0,36.0,129.0,3.6,,,,,,,,,,,,,,,,,,0.0,2.0,0.0,-7.0,6.0,0.0,0.0,0.0,0.0,0.0,0.0,0.0,0.0,0.0,0.0,0.0,0.0,0%,98%,0%,0.0,1180.0,0.0
Matthew Stafford,StafMa00,2013,25,DET,QB,16,16,7-9-0,371,634,58.5,4650,29,4.6,19,3.0,223,46.9,87.0,7.3,6.9,12.5,290.6,84.2,53.5,23,168,3.5,6.82,6.4,2,3,13,,106.0,101.0,88.0,94.0,112.0,97.0,123.0,102.0,105.0,,,,,,,,,,,,,,,,,,,,,,,,,,,,,,,,,12.0,0.0,0.0,0.0,0.0,0.0,0.0,13.0,2.3,37.0,14.0,40.5,2.0,1.9,4.3,69.0,0.0,,,,,,2.0,37.0,69.0,1.9,,,,,,,,,,,,,,,,,,0.0,5.0,0.0,-35.0,12.0,0.0,0.0,0.0,0.0,0.0,0.0,0.0,0.0,1.0,1.0,0.0,0.0,0%,100%,0%,0.0,1133.0,0.0
Matthew Stafford,StafMa00,2014,26,DET,QB,16,16,11-5-0,363,602,60.3,4257,22,3.7,12,2.0,212,43.3,73.0,7.1,6.91,11.7,266.1,85.7,44.7,45,254,6.96,6.19,6.03,5,5,13,PB,99.0,99.0,92.0,110.0,97.0,96.0,95.0,90.0,97.0,,,,,,,,,,,,,,,,,,,,,,,,,,,,,,,,,8.0,0.0,0.0,0.0,0.0,0.0,0.0,11.0,2.7,43.0,18.0,27.9,2.0,2.2,5.8,93.0,0.0,,,,,,2.0,43.0,93.0,2.2,,,,,,,,,,,,,,,,,,0.0,3.0,0.0,-5.0,8.0,0.0,0.0,0.0,0.0,0.0,0.0,0.0,0.0,0.0,0.0,0.0,0.0,,,,,,
Matthew Stafford,StafMa00,2015,27,DET,QB,16,16,7-9-0,398,592,67.2,4262,32,5.4,13,2.2,224,49.4,57.0,7.2,7.29,10.7,266.4,97.0,58.3,44,251,6.92,6.31,6.39,2,3,13,,103.0,104.0,117.0,103.0,98.0,111.0,93.0,112.0,100.0,,,,,,,,,,,,,,,,,,,,,,,,,,,,,,,,,4.0,1.0,0.1,0.0,0.0,-0.4,-6.0,13.0,2.8,44.0,18.0,36.4,1.0,3.6,9.9,159.0,1.0,100.0,-6.0,0.0,-6.0,-6.0,1.0,45.0,153.0,3.4,,,,,,,,,,,,,,,,,,0.0,2.0,0.0,-5.0,4.0,0.0,0.0,0.0,0.0,0.0,0.0,0.0,0.0,0.0,0.0,0.0,0.0,0%,96%,0%,0.0,1033.0,0.0
Matthew Stafford,StafMa00,2016,28,DET,QB,16,16,9-7-0,388,594,65.3,4327,24,4.0,10,1.7,218,48.0,73.0,7.3,7.34,11.2,270.4,93.3,65.2,37,216,5.86,6.52,6.56,8,8,14,,106.0,105.0,110.0,112.0,104.0,106.0,102.0,96.0,103.0,,,,,,,,,,,,,,,,,,,,,,,,,,,,,,,,,3.0,0.0,0.0,0.0,0.0,0.0,0.0,16.0,2.3,37.0,24.0,54.1,2.0,5.6,12.9,207.0,1.0,0.0,,0.0,,0.0,2.0,37.0,207.0,5.6,,,,,,,,,,,,,,,,,,0.0,1.0,0.0,0.0,3.0,0.0,0.0,0.0,0.0,0.0,0.0,0.0,0.0,0.0,0.0,0.0,0.0,0%,100%,0%,0.0,1037.0,0.0
Matthew Stafford,StafMa00,2017,29,DET,QB,16,16,9-7-0,371,565,65.7,4446,29,5.1,10,1.8,210,45.6,71.0,7.9,8.1,12.0,277.9,99.3,65.3,47,287,7.68,6.8,7.01,1,4,15,,111.0,115.0,108.0,110.0,109.0,113.0,90.0,108.0,114.0,,,,,,,,,,,,,,,,,,,,,,,,,,,,,,,,,12.0,0.0,0.0,0.0,0.0,0.0,0.0,9.0,1.8,29.0,15.0,34.5,0.0,3.4,6.1,98.0,0.0,,,,,,0.0,29.0,98.0,3.4,,,,,,,,,,,,,,,,,,0.0,3.0,0.0,-13.0,12.0,0.0,0.0,0.0,0.0,0.0,0.0,0.0,0.0,0.0,0.0,0.0,0.0,0%,99%,0%,0.0,1032.0,0.0
Matthew Stafford,StafMa00,2018,30,DET,QB,16,16,6-10-0,367,555,66.1,3777,21,3.8,11,2.0,197,45.7,67.0,6.8,6.67,10.3,236.1,89.9,51.3,40,255,6.72,5.92,5.79,0,1,10,,96.0,95.0,110.0,106.0,93.0,100.0,99.0,93.0,92.0,1759.0,3.2,4.8,0.0,165.0,5.4,29.0,34.0,56.0,,,,,17.4,94.0,130.0,21.4,,,,,,,1.0,3840.0,6.9,15.0,2018.0,5.5,2.3,12.0,6.5,6.0,0.0,0.0,0.0,0.0,0.0,0.0,8.0,1.6,25.0,10.0,44.0,0.0,2.8,4.4,71.0,0.0,,,,,,0.0,25.0,71.0,2.8,0.0,0.0,0.0,0.0,0.0,0.0,,2.0,0.1,69.0,2.8,,,,,,,0.0,1.0,0.0,0.0,6.0,0.0,0.0,0.0,0.0,0.0,0.0,0.0,0.0,0.0,0.0,0.0,0.0,0%,98%,0%,0.0,1052.0,0.0
Matthew Stafford,StafMa00,2019,31,DET,QB,8,8,3-4-1,187,291,64.3,2499,19,6.5,5,1.7,117,48.9,66.0,8.6,9.12,13.4,312.4,106.0,71.3,18,137,5.83,7.64,8.15,2,1,8,,124.0,126.0,99.0,110.0,123.0,118.0,105.0,119.0,126.0,1609.0,5.5,8.6,5.0,87.0,3.2,9.0,20.0,23.0,201.0,70.8,69.0,672.0,20.8,59.0,61.0,19.1,14.0,8.0,52.0,5.0,38.0,90.0,2.0,3097.0,10.6,5.0,890.0,4.8,2.4,10.0,5.6,5.0,0.0,0.0,0.0,0.0,0.0,0.0,5.0,2.5,20.0,12.0,40.0,0.0,3.3,8.3,66.0,0.0,,,,,,0.0,20.0,66.0,3.3,0.0,0.0,0.0,0.0,0.0,1.0,20.0,12.0,0.6,54.0,2.7,,,,,,,0.0,1.0,0.0,-10.0,5.0,0.0,0.0,0.0,0.0,0.0,0.0,0.0,0.0,0.0,0.0,0.0,0.0,0%,100%,0%,0.0,542.0,0.0
Matthew Stafford,StafMa00,2020,32,DET,QB,16,16,5-11-0,339,528,64.2,4084,26,4.9,10,1.9,205,47.9,73.0,7.7,7.87,12.0,255.3,96.3,61.3,38,254,6.71,6.77,6.89,3,4,13,,109.0,111.0,98.0,107.0,109.0,106.0,96.0,103.0,111.0,2343.0,4.4,6.9,7.0,179.0,6.4,33.0,39.0,45.0,399.0,77.6,105.0,959.0,18.3,94.0,122.0,21.0,27.0,27.0,273.0,0.0,0.0,273.0,7.0,4609.0,8.7,7.0,1741.0,5.1,2.4,16.0,7.3,2.0,0.0,0.0,0.0,0.0,0.0,0.0,12.0,1.8,29.0,17.0,51.7,0.0,3.9,7.0,112.0,1.0,0.0,,0.0,,0.0,0.0,29.0,112.0,3.9,0.0,0.0,0.0,0.0,0.0,0.0,,5.0,0.2,107.0,3.7,15.0,,,0.0,39.6,,0.0,1.0,0.0,-1.0,2.0,0.0,0.0,0.0,0.0,0.0,0.0,0.0,0.0,0.0,0.0,0.0,0.0,0%,92%,0%,0.0,966.0,0.0
Matthew Stafford,StafMa00,2021,33,LAR,QB,17,17,12-5-0,404,601,67.2,4886,41,6.8,17,2.8,291,52.6,79.0,8.1,8.22,12.1,287.4,102.9,69.2,30,243,4.75,7.36,7.45,3,4,15,,116.0,116.0,110.0,89.0,121.0,115.0,110.0,123.0,120.0,2760.0,4.6,6.8,9.0,137.0,5.2,31.0,42.0,32.0,458.0,76.6,122.0,1247.0,18.6,111.0,104.0,16.3,25.0,25.0,233.0,0.0,0.0,233.0,0.0,5090.0,8.5,3.0,2126.0,5.3,2.5,8.0,6.1,5.0,0.0,0.0,0.0,0.0,0.0,0.0,13.0,1.9,32.0,12.0,31.3,0.0,1.3,2.5,43.0,0.0,,,,,,0.0,32.0,43.0,1.3,0.0,0.0,0.0,0.0,0.0,0.0,,7.0,0.2,36.0,1.1,,,,,,,0.0,3.0,0.0,2.0,5.0,0.0,0.0,0.0,0.0,0.0,0.0,0.0,0.0,0.0,0.0,0.0,0.0,0%,98%,0%,0.0,1065.0,0.0
Matthew Stafford,StafMa00,2022,34,LAR,QB,9,9,3-6-0,206,303,68.0,2087,10,3.3,8,2.6,105,49.7,75.0,6.9,6.36,10.1,231.9,87.4,52.3,29,208,8.73,5.66,5.18,0,0,7,,88.0,91.0,116.0,93.0,89.0,96.0,84.0,88.0,96.0,959.0,3.2,4.7,3.0,77.0,3.7,11.0,27.0,23.0,224.0,75.7,68.0,614.0,18.2,54.0,79.0,23.4,14.0,14.0,146.0,0.0,0.0,146.0,1.0,2018.0,6.7,6.0,1128.0,5.5,2.3,5.0,3.0,5.0,0.0,0.0,0.0,0.0,0.0,0.0,3.0,1.4,13.0,4.0,38.5,1.0,0.7,1.0,9.0,0.0,,,,,,1.0,13.0,9.0,0.7,0.0,0.0,0.0,0.0,0.0,1.0,13.0,6.0,0.5,3.0,0.2,,,,,,,0.0,2.0,0.0,0.0,5.0,0.0,0.0,0.0,0.0,0.0,0.0,0.0,0.0,0.0,1.0,0.0,1.0,0%,95%,0%,0.0,534.0,0.0
Matthew Stafford,StafMa00,2023,35,LAR,QB,15,15,9-6-0,326,521,62.6,3965,24,4.6,11,2.1,202,47.5,80.0,7.6,7.58,12.2,264.3,92.5,64.2,30,205,5.44,6.82,6.8,1,2,13,"PB,AP MVP-8,AP CPoY-4",114.0,112.0,91.0,104.0,114.0,106.0,110.0,106.0,113.0,2075.0,4.0,6.4,8.0,171.0,6.7,33.0,43.0,27.0,372.0,75.0,97.0,1013.0,19.0,94.0,100.0,17.7,20.0,19.0,157.0,0.0,0.0,157.0,3.0,4033.0,7.7,22.0,1890.0,5.8,2.5,13.0,5.5,0.0,0.0,0.0,0.0,0.0,0.0,0.0,4.0,1.4,21.0,9.0,33.3,0.0,3.1,4.3,65.0,0.0,,,,,,0.0,21.0,65.0,3.1,0.0,0.0,0.0,0.0,0.0,0.0,,4.0,0.2,61.0,2.9,,,,,,,,,,,,,,,,,,,,,,,,,,,,,
Matthew Stafford,StafMa00,2024,36,LAR,QB,16,16,10-6-0,340,517,65.8,3762,20,3.9,8,1.5,201,50.1,69.0,7.3,7.35,11.1,235.1,93.7,61.5,28,213,5.14,6.51,6.59,3,5,12,,108.0,106.0,103.0,114.0,107.0,105.0,113.0,95.0,104.0,2036.0,3.9,6.0,15.0,144.0,3.0,15.0,63.0,31.0,372.0,74.3,0.0,0.0,17.6,88.0,122.0,22.3,0.0,0.0,0.0,0.0,0.0,0.0,1.0,3696.0,7.1,15.0,1726.0,5.1,2.4,3.0,12.7,6.0,0.0,0.0,0.0,0.0,0.0,0.0,10.0,1.9,30.0,15.0,36.7,0.0,1.4,2.6,41.0,0.0,,,,,,0.0,30.0,41.0,1.4,0.0,0.0,0.0,0.0,0.0,0.0,,5.0,0.2,36.0,1.2,,,,,,,0.0,3.0,0.0,-15.0,6.0,0.0,0.0,0.0,0.0,0.0,0.0,0.0,0.0,0.0,0.0,0.0,0.0,0%,100%,0%,0.0,1024.0,0.0
Matthew Stafford,StafMa00,2025,37,LAR,QB,17,17,12-5-0,388,597,65.0,4707,46,7.7,8,1.3,236,54.4,88.0,7.9,8.82,12.1,276.9,109.2,71.2,23,150,3.71,7.35,8.25,1,1,16,"PB,AP-1,AP MVP-1",131.0,127.0,101.0,114.0,125.0,127.0,122.0,138.0,118.0,2857.0,4.8,7.4,5.0,159.0,4.8,28.0,52.0,41.0,427.0,73.6,207.0,1744.0,18.1,105.0,116.0,18.5,16.0,16.0,102.0,0.0,0.0,102.0,3.0,5358.0,9.0,14.0,1850.0,4.8,2.4,7.0,3.1,7.0,0.0,0.0,0.0,0.0,0.0,0.0,0.0,1.7,29.0,6.0,3.4,0.0,0.0,0.1,1.0,0.0,,,,,,0.0,29.0,1.0,0.0,0.0,0.0,0.0,0.0,0.0,0.0,,2.0,0.1,-1.0,0.0,,,,,,,0.0,3.0,0.0,-30.0,7.0,0.0,0.0,0.0,0.0,0.0,0.0,0.0,0.0,0.0,0.0,0.0,0.0,,,,,,
Mitchell Trubisky,TrubMi00,2017,23,CHI,QB,12,12,4-8-0,196,330,59.4,2193,7,2.1,7,2.1,100,35.5,70.0,6.6,6.12,11.2,182.8,77.5,33.3,31,196,8.59,5.53,5.05,0,1,8,,85.0,88.0,86.0,104.0,85.0,84.0,83.0,75.0,89.0,,,,,,,,,,,,,,,,,,,,,,,,,,,,,,,,,10.0,0.0,0.0,0.0,0.0,0.0,0.0,14.0,3.4,41.0,46.0,39.0,2.0,6.0,20.7,248.0,0.0,,,,,,2.0,41.0,248.0,6.0,,,,,,,,,,,,,,,,,,0.0,6.0,0.0,-13.0,10.0,0.0,0.0,0.0,0.0,0.0,0.0,0.0,0.0,0.0,0.0,0.0,0.0,0%,100%,0%,0.0,724.0,0.0
Mitchell Trubisky,TrubMi00,2018,24,CHI,QB,14,14,11-3-0,289,434,66.6,3223,24,5.5,12,2.8,151,48.9,70.0,7.4,7.29,11.2,230.2,95.4,71.0,24,143,5.24,6.72,6.59,1,2,13,PB,106.0,103.0,111.0,93.0,108.0,107.0,110.0,111.0,104.0,1809.0,4.2,6.3,0.0,120.0,2.6,11.0,18.0,59.0,,,,,18.4,78.0,101.0,20.4,,,,,,,1.0,3836.0,8.8,10.0,1414.0,4.9,2.4,36.0,8.9,6.0,0.0,0.0,0.0,0.0,0.0,0.0,29.0,4.9,68.0,39.0,58.8,3.0,6.2,30.1,421.0,0.0,,,,,,3.0,68.0,421.0,6.2,0.0,0.0,0.0,0.0,0.0,1.0,68.0,115.0,1.7,306.0,4.5,,,,,,,0.0,1.0,0.0,-8.0,6.0,0.0,0.0,0.0,0.0,0.0,0.0,0.0,0.0,0.0,0.0,0.0,0.0,,,,,,
Mitchell Trubisky,TrubMi00,2019,25,CHI,QB,15,15,8-7-0,326,516,63.2,3138,17,3.3,10,1.9,156,43.3,53.0,6.1,5.87,9.6,209.2,83.0,41.5,38,234,6.86,5.24,5.04,3,3,8,,84.0,83.0,94.0,106.0,79.0,88.0,97.0,86.0,77.0,1729.0,3.4,5.3,8.0,140.0,5.5,28.0,32.0,56.0,377.0,74.5,86.0,692.0,18.4,93.0,126.0,21.9,40.0,26.0,132.0,14.0,71.0,203.0,3.0,4108.0,8.0,7.0,1409.0,4.3,2.3,22.0,5.5,5.0,0.0,0.0,0.0,0.0,0.0,0.0,12.0,3.2,48.0,23.0,43.8,2.0,4.0,12.9,193.0,0.0,,,,,,2.0,48.0,193.0,4.0,0.0,0.0,0.0,0.0,0.0,4.0,12.0,53.0,1.1,140.0,2.9,,,,,,,0.0,3.0,0.0,-10.0,5.0,0.0,0.0,0.0,0.0,0.0,0.0,0.0,0.0,0.0,0.0,0.0,0.0,0%,93%,0%,0.0,942.0,0.0
Mitchell Trubisky,TrubMi00,2020,26,CHI,QB,10,9,6-3-0,199,297,67.0,2055,16,5.4,8,2.7,124,53.7,53.0,6.9,6.78,10.3,205.5,93.5,53.8,18,125,5.71,6.13,6.0,1,1,7,,97.0,96.0,111.0,92.0,96.0,102.0,104.0,108.0,95.0,1052.0,3.5,5.3,1.0,80.0,3.1,9.0,21.0,25.0,222.0,75.8,96.0,798.0,18.1,53.0,64.0,19.3,31.0,25.0,200.0,6.0,13.0,213.0,0.0,2329.0,7.8,4.0,1003.0,5.0,2.3,17.0,9.8,6.0,0.0,0.0,0.0,0.0,0.0,0.0,12.0,3.3,33.0,45.0,63.6,1.0,5.9,19.5,195.0,0.0,,,,,,1.0,33.0,195.0,5.9,0.0,0.0,0.0,0.0,0.0,2.0,16.5,50.0,1.5,145.0,4.4,,,,,,,0.0,3.0,0.0,-1.0,6.0,0.0,0.0,0.0,0.0,0.0,0.0,0.0,0.0,0.0,0.0,0.0,0.0,0%,83%,0%,0.0,570.0,0.0
Mitchell Trubisky,TrubMi00,2021,27,BUF,QB,6,0,,6,8,75.0,43,0,0.0,1,12.5,2,50.0,15.0,5.4,-0.25,7.2,7.2,47.4,77.7,0,0,0.0,5.38,-0.25,0,0,0,,,,,,,,,,,26.0,3.3,4.3,0.0,1.0,12.5,1.0,0.0,0.0,7.0,87.5,3.0,24.0,12.5,1.0,0.0,0.0,1.0,1.0,1.0,0.0,0.0,1.0,0.0,41.0,5.1,0.0,17.0,2.8,2.2,2.0,15.0,0.0,0.0,0.0,0.0,0.0,0.0,0.0,3.0,2.2,13.0,22.0,23.1,1.0,1.8,4.0,24.0,0.0,,,,,,1.0,13.0,24.0,1.8,0.0,0.0,0.0,0.0,0.0,0.0,,0.0,0.0,24.0,1.8,,,,,,,,,,,,,,,,,,,,,,,,0%,8%,0%,0.0,33.0,0.0
Mitchell Trubisky,TrubMi00,2022,28,PIT,QB,7,5,2-3-0,117,180,65.0,1252,4,2.2,5,2.8,65,45.5,45.0,7.0,6.15,10.7,178.9,81.1,58.5,11,68,5.76,6.2,5.44,0,1,4,,91.0,88.0,102.0,90.0,100.0,85.0,105.0,75.0,97.0,870.0,4.8,7.4,4.0,43.0,4.0,7.0,10.0,9.0,130.0,73.4,29.0,287.0,14.1,25.0,30.0,15.4,13.0,11.0,96.0,2.0,7.0,103.0,1.0,1730.0,9.6,2.0,382.0,3.3,2.3,4.0,4.5,0.0,0.0,0.0,0.0,0.0,0.0,0.0,7.0,2.7,19.0,9.0,52.6,2.0,2.0,5.4,38.0,0.0,,,,,,2.0,19.0,38.0,2.0,0.0,0.0,0.0,0.0,0.0,1.0,19.0,15.0,0.8,23.0,1.2,,,,,,,0.0,1.0,0.0,0.0,0.0,0.0,0.0,0.0,0.0,0.0,0.0,0.0,0.0,0.0,0.0,0.0,0.0,0%,82%,0%,0.0,356.0,0.0
Mitchell Trubisky,TrubMi00,2023,29,PIT,QB,5,2,0-2-0,67,107,62.6,632,4,3.7,5,4.7,36,50.0,26.0,5.9,4.55,9.4,126.4,71.9,35.3,7,42,6.14,5.18,3.9,0,0,2,,71.0,64.0,91.0,47.0,82.0,70.0,105.0,95.0,76.0,358.0,3.3,5.3,1.0,18.0,4.8,5.0,8.0,6.0,82.0,78.1,8.0,37.0,19.0,20.0,21.0,17.2,4.0,3.0,19.0,1.0,5.0,24.0,1.0,983.0,9.2,1.0,274.0,4.1,2.4,8.0,6.3,1.0,0.0,0.0,0.0,0.0,0.0,0.0,6.0,3.2,16.0,15.0,50.0,2.0,3.4,10.8,54.0,0.0,,,,,,2.0,16.0,54.0,3.4,0.0,0.0,0.0,0.0,0.0,1.0,16.0,11.0,0.7,43.0,2.7,,,,,,,0.0,1.0,0.0,-6.0,1.0,0.0,0.0,0.0,0.0,0.0,0.0,0.0,0.0,0.0,0.0,0.0,0.0,0%,64%,0%,0.0,202.0,0.0
Mitchell Trubisky,TrubMi00,2024,30,BUF,QB,9,0,,19,26,73.1,179,2,7.7,0,0.0,7,42.3,69.0,6.9,8.42,9.4,19.9,117.3,57.8,0,0,0.0,6.88,8.42,0,0,1,,,,,,,,,,,30.0,1.2,1.6,0.0,8.0,0.0,0.0,1.0,2.0,21.0,84.0,0.0,0.0,16.0,4.0,3.0,11.1,0.0,0.0,0.0,0.0,0.0,0.0,0.0,144.0,5.5,1.0,149.0,7.8,2.2,1.0,8.0,1.0,0.0,0.0,0.0,0.0,0.0,0.0,1.0,1.9,17.0,8.0,11.8,0.0,0.1,0.1,1.0,0.0,,,,,,0.0,17.0,1.0,0.1,0.0,0.0,0.0,0.0,0.0,0.0,,0.0,0.0,1.0,0.1,,,,,,,0.0,1.0,0.0,0.0,1.0,0.0,0.0,0.0,0.0,0.0,0.0,0.0,0.0,0.0,0.0,0.0,0.0,0%,18%,0%,0.0,102.0,0.0
Mitchell Trubisky,TrubMi00,2025,31,BUF,QB,4,0,,25,35,71.4,313,4,11.4,0,0.0,19,60.0,37.0,8.9,11.23,12.5,78.3,137.0,91.4,0,0,0.0,8.94,11.23,0,0,1,,,,,,,,,,,177.0,5.1,7.1,0.0,5.0,8.8,3.0,0.0,0.0,29.0,85.3,15.0,153.0,11.8,4.0,0.0,0.0,4.0,4.0,56.0,0.0,0.0,56.0,0.0,255.0,7.3,1.0,136.0,5.4,2.6,1.0,4.0,0.0,0.0,0.0,0.0,0.0,0.0,0.0,0.0,2.3,9.0,9.0,11.1,0.0,0.7,1.5,6.0,0.0,,,,,,0.0,9.0,6.0,0.7,0.0,0.0,0.0,0.0,0.0,0.0,,4.0,0.4,2.0,0.2,,,,,,,,,,,,,,,,,,,,,,,,0%,35%,0%,0.0,98.0,0.0
Patrick Mahomes,MahoPa00,2017,22,KAN,QB,1,1,1-0-0,22,35,62.9,284,0,0.0,1,2.9,15,51.4,51.0,8.1,6.83,12.9,284.0,76.4,66.8,2,15,5.41,7.27,6.05,0,1,1,,,,,,,,,,,,,,,,,,,,,,,,,,,,,,,,,,,,,,,,,,,0.0,0.0,0.0,0.0,0.0,0.0,0.0,0.0,7.0,7.0,5.0,14.3,0.0,1.4,10.0,10.0,0.0,,,,,,0.0,7.0,10.0,1.4,,,,,,,,,,,,,,,,,,0.0,1.0,0.0,0.0,0.0,0.0,0.0,0.0,0.0,0.0,0.0,0.0,0.0,0.0,0.0,0.0,0.0,0%,94%,0%,0.0,62.0,0.0
Patrick Mahomes,MahoPa00,2018,23,KAN,QB,16,16,12-4-0,383,580,66.0,5097,50,8.6,12,2.1,237,54.1,89.0,8.8,9.58,13.3,318.6,113.8,80.3,26,171,4.29,8.13,8.89,2,2,22,"PB,AP-1,AP MVP-1,AP OPoY-1",136.0,134.0,109.0,105.0,134.0,131.0,118.0,144.0,131.0,2489.0,4.3,6.5,0.0,127.0,5.0,28.0,67.0,121.0,,,,,17.1,95.0,214.0,33.8,,,,,,,1.0,5260.0,9.1,24.0,2608.0,6.8,2.4,27.0,7.9,9.0,0.0,0.0,0.0,0.0,0.0,0.0,17.0,3.8,60.0,28.0,53.3,2.0,4.5,17.0,272.0,0.0,,,,,,2.0,60.0,272.0,4.5,0.0,0.0,0.0,0.0,0.0,0.0,,48.0,0.8,224.0,3.7,,,,,,,0.0,5.0,0.0,-4.0,9.0,0.0,0.0,0.0,0.0,0.0,0.0,0.0,0.0,0.0,0.0,0.0,0.0,,,,,,
Patrick Mahomes,MahoPa00,2019,24,KAN,QB,14,14,11-3-0,319,484,65.9,4031,26,5.4,5,1.0,176,50.9,83.0,8.3,8.94,12.6,287.9,105.3,77.7,17,127,3.39,7.79,8.38,1,1,17,"PB,AP OPoY-4",127.0,123.0,105.0,122.0,126.0,117.0,123.0,107.0,121.0,2076.0,4.3,6.5,6.0,108.0,5.4,25.0,34.0,54.0,359.0,77.2,115.0,908.0,18.3,85.0,105.0,20.0,71.0,64.0,469.0,6.0,28.0,497.0,0.0,4273.0,8.8,19.0,1955.0,6.1,2.5,23.0,9.3,3.0,0.0,0.0,0.0,0.0,0.0,0.0,15.0,3.1,43.0,25.0,41.9,2.0,5.1,15.6,218.0,0.0,,,,,,2.0,43.0,218.0,5.1,0.0,0.0,0.0,0.0,0.0,1.0,43.0,24.0,0.6,194.0,4.5,,,,,,,0.0,1.0,0.0,0.0,3.0,0.0,0.0,0.0,0.0,0.0,0.0,0.0,0.0,0.0,0.0,0.0,0.0,,,,,,
Patrick Mahomes,MahoPa00,2020,25,KAN,QB,15,15,14-1-0,390,588,66.3,4740,38,6.5,6,1.0,238,54.1,75.0,8.1,8.89,12.2,316.0,108.2,78.1,22,147,3.61,7.53,8.33,3,3,17,"PB,AP-2,AP MVP-3,AP OPoY-2",128.0,125.0,108.0,124.0,124.0,122.0,121.0,119.0,118.0,2473.0,4.2,6.3,8.0,141.0,4.9,28.0,59.0,62.0,436.0,76.9,144.0,1068.0,17.6,100.0,143.0,22.0,100.0,94.0,756.0,4.0,14.0,770.0,1.0,4910.0,8.4,20.0,2267.0,5.8,2.6,40.0,7.3,5.0,0.0,0.0,0.0,0.0,0.0,0.0,22.0,4.1,62.0,24.0,53.2,2.0,5.0,20.5,308.0,2.0,0.0,,0.0,,0.0,2.0,62.0,308.0,5.0,0.0,0.0,0.0,1.0,0.0,2.0,31.0,47.0,0.8,261.0,4.2,12.5,,,0.0,0.0,,0.0,2.0,0.0,-10.0,5.0,0.0,0.0,0.0,0.0,0.0,0.0,0.0,0.0,0.0,0.0,0.0,0.0,,,,,,
Patrick Mahomes,MahoPa00,2021,26,KAN,QB,17,17,12-5-0,436,658,66.3,4839,37,5.6,13,2.0,316,53.2,75.0,7.4,7.59,11.1,284.6,98.5,67.7,28,146,4.08,6.84,7.07,3,3,18,PB,111.0,107.0,106.0,105.0,111.0,109.0,115.0,111.0,104.0,2140.0,3.3,4.9,7.0,113.0,5.0,31.0,60.0,76.0,485.0,77.6,148.0,1099.0,19.0,119.0,164.0,22.4,97.0,91.0,638.0,5.0,14.0,652.0,0.0,4829.0,7.3,33.0,2699.0,6.2,2.4,46.0,8.7,9.0,0.0,0.0,0.0,0.0,0.0,0.0,30.0,3.9,66.0,32.0,50.0,2.0,5.8,22.4,381.0,0.0,,,,,,2.0,66.0,381.0,5.8,0.0,0.0,0.0,0.0,0.0,0.0,,15.0,0.2,366.0,5.5,,,,,,,0.0,2.0,0.0,-17.0,9.0,0.0,0.0,0.0,0.0,0.0,0.0,0.0,0.0,0.0,1.0,0.0,1.0,,,,,,
Patrick Mahomes,MahoPa00,2022,27,KAN,QB,17,17,14-3-0,435,648,67.1,5250,41,6.3,12,1.9,289,54.6,67.0,8.1,8.53,12.1,308.8,105.2,79.0,26,188,3.86,7.51,7.93,4,4,19,"PB,AP-1,AP MVP-1,AP OPoY-2",129.0,126.0,112.0,110.0,129.0,124.0,118.0,124.0,125.0,2397.0,3.7,5.5,8.0,160.0,5.4,33.0,56.0,58.0,474.0,77.1,143.0,1394.0,15.4,95.0,140.0,19.4,91.0,86.0,692.0,4.0,21.0,713.0,0.0,4686.0,7.2,33.0,2853.0,6.6,2.6,46.0,7.5,5.0,1.0,0.1,0.0,0.0,0.4,6.0,26.0,3.6,61.0,20.0,59.0,4.0,5.9,21.1,358.0,1.0,100.0,6.0,100.0,6.0,6.0,4.0,62.0,364.0,5.9,-9.0,0.0,0.0,0.0,15.0,0.0,,13.0,0.2,345.0,5.7,-9.0,-9.0,,0.0,91.7,15.0,0.0,4.0,0.0,-3.0,5.0,0.0,0.0,0.0,0.0,0.0,0.0,0.0,0.0,1.0,2.0,0.0,1.0,,,,,,
Patrick Mahomes,MahoPa00,2023,28,KAN,QB,16,16,10-6-0,401,597,67.2,4183,27,4.5,14,2.3,233,48.2,67.0,7.0,6.86,10.4,261.4,92.6,63.9,27,186,4.33,6.41,6.26,1,2,15,"PB,AP MVP-7",106.0,101.0,114.0,99.0,106.0,106.0,118.0,105.0,100.0,1628.0,2.7,4.1,6.0,133.0,6.9,39.0,65.0,60.0,457.0,80.7,79.0,794.0,13.3,75.0,152.0,22.6,56.0,51.0,325.0,3.0,12.0,337.0,2.0,3874.0,6.5,29.0,2555.0,6.4,2.5,50.0,8.1,5.0,0.0,0.0,0.0,0.0,0.0,0.0,33.0,4.7,75.0,25.0,50.7,0.0,5.2,24.3,389.0,0.0,,,,,,0.0,75.0,389.0,5.2,0.0,0.0,0.0,0.0,0.0,2.0,37.5,39.0,0.5,350.0,4.7,,,,,,,0.0,4.0,0.0,0.0,5.0,0.0,0.0,0.0,0.0,0.0,0.0,0.0,0.0,0.0,0.0,0.0,0.0,,,,,,
Patrick Mahomes,MahoPa00,2024,29,KAN,QB,16,16,15-1-0,392,581,67.5,3928,26,4.5,11,1.9,246,50.7,54.0,6.8,6.8,10.0,245.5,93.5,64.6,36,239,5.83,5.98,6.02,5,7,14,"AP MVP-6,AP OPoY-17",101.0,98.0,110.0,107.0,97.0,104.0,108.0,102.0,94.0,1628.0,2.8,4.2,10.0,140.0,4.7,26.0,70.0,46.0,425.0,76.9,2.0,36.0,15.7,87.0,152.0,23.3,6.0,6.0,25.0,0.0,0.0,25.0,2.0,3601.0,6.2,26.0,2300.0,5.9,2.3,36.0,9.1,2.0,1.0,0.1,0.0,0.0,0.1,2.0,29.0,3.6,58.0,33.0,50.0,2.0,5.3,19.2,307.0,1.0,100.0,2.0,0.0,2.0,2.0,2.0,59.0,309.0,5.2,-1.0,0.0,0.0,0.0,3.0,0.0,,67.0,1.2,240.0,4.1,-1.0,-1.0,,0.0,79.2,3.0,0.0,1.0,0.0,0.0,2.0,0.0,0.0,0.0,0.0,0.0,0.0,0.0,0.0,0.0,0.0,0.0,0.0,0%,99%,0%,0.0,1106.0,0.0
Patrick Mahomes,MahoPa00,2025,30,KAN,QB,14,14,6-8-0,315,502,62.7,3587,22,4.4,11,2.2,173,47.9,61.0,7.1,7.04,11.4,256.2,89.6,68.5,34,193,6.34,6.33,6.23,1,1,14,,102.0,100.0,92.0,100.0,104.0,97.0,104.0,98.0,102.0,1692.0,3.4,5.4,9.0,96.0,5.7,27.0,69.0,38.0,352.0,74.3,57.0,376.0,17.9,85.0,141.0,24.0,114.0,105.0,764.0,5.0,33.0,797.0,2.0,3978.0,7.9,26.0,1895.0,6.0,2.2,52.0,8.1,3.0,1.0,0.1,0.0,0.0,-0.7,-10.0,27.0,4.6,64.0,22.0,57.8,5.0,6.6,30.1,422.0,1.0,100.0,-10.0,0.0,-10.0,-10.0,5.0,65.0,412.0,6.3,-8.0,0.0,0.0,0.0,-2.0,4.0,16.0,63.0,1.0,359.0,5.6,-8.0,-8.0,,0.0,79.2,-2.0,0.0,3.0,0.0,0.0,3.0,0.0,0.0,0.0,0.0,0.0,0.0,0.0,0.0,0.0,0.0,0.0,0.0,0%,97%,0%,0.0,934.0,0.0
Peyton Manning,MannPe00,1998,22,IND,QB,16,16,3-13-0,326,575,56.7,3739,26,4.5,28,4.9,190,42.9,78.0,6.5,5.22,11.5,233.7,71.2,,22,109,3.69,6.08,4.84,1,1,11,AP ORoY-2,96.0,90.0,100.0,77.0,105.0,92.0,120.0,105.0,95.0,,,,,,,,,,,,,,,,,,,,,,,,,,,,,,,,,3.0,0.0,0.0,0.0,0.0,0.0,0.0,5.0,0.9,15.0,15.0,40.0,0.0,4.1,3.9,62.0,0.0,,,,,,0.0,15.0,62.0,4.1,,,,,,,,,,,,,,,,,,0.0,0.0,0.0,0.0,3.0,0.0,0.0,0.0,0.0,,,0.0,0.0,0.0,0.0,,0.0,,,,,,
Peyton Manning,MannPe00,1999,23,IND,QB,16,16,13-3-0,331,533,62.1,4135,26,4.9,15,2.8,197,46.6,80.0,7.8,7.47,12.5,258.4,90.7,,14,116,2.56,7.35,7.06,6,7,18,"PB,AP-2,AP MVP-2,AP OPoY-3",120.0,115.0,118.0,106.0,124.0,115.0,126.0,109.0,116.0,,,,,,,,,,,,,,,,,,,,,,,,,,,,,,,,,6.0,0.0,0.0,0.0,0.0,0.0,0.0,15.0,2.2,35.0,13.0,34.3,2.0,2.1,4.6,73.0,0.0,,,,,,2.0,35.0,73.0,2.1,,,,,,,,,,,,,,,,,,0.0,2.0,0.0,-5.0,6.0,0.0,0.0,0.0,0.0,0.0,,0.0,0.0,0.0,0.0,0.0,0.0,,,,,,
Peyton Manning,MannPe00,2000,24,IND,QB,16,16,10-6-0,357,571,62.5,4413,33,5.8,15,2.6,213,50.3,78.0,7.7,7.7,12.4,275.8,94.7,,20,131,3.38,7.25,7.22,2,3,17,"PB,AP-2,AP MVP-5,AP OPoY-8",127.0,122.0,118.0,111.0,125.0,123.0,122.0,122.0,118.0,,,,,,,,,,,,,,,,,,,,,,,,,,,,,,,,,5.0,0.0,0.0,0.0,0.0,0.0,0.0,11.0,2.3,37.0,14.0,35.1,1.0,3.1,7.3,116.0,0.0,,,,,,1.0,37.0,116.0,3.1,,,,,,,,,,,,,,,,,,0.0,1.0,0.0,-3.0,5.0,0.0,0.0,0.0,0.0,0.0,,0.0,0.0,,,,,,,,,,
Peyton Manning,MannPe00,2001,25,IND,QB,16,16,6-10-0,343,547,62.7,4131,26,4.8,23,4.2,201,46.4,86.0,7.6,6.61,12.0,258.2,84.1,,29,232,5.03,6.77,5.88,0,0,15,,109.0,108.0,113.0,84.0,117.0,107.0,110.0,111.0,116.0,,,,,,,,,,,,,,,,,,,,,,,,,,,,,,,,,7.0,0.0,0.0,0.0,0.0,0.0,0.0,10.0,2.2,35.0,33.0,45.7,4.0,4.5,9.8,157.0,0.0,,,,,,4.0,35.0,157.0,4.5,,,,,,,,,,,,,,,,,,0.0,3.0,0.0,-2.0,7.0,0.0,0.0,0.0,0.0,0.0,,0.0,0.0,0.0,0.0,0.0,0.0,,,,,,
Peyton Manning,MannPe00,2002,26,IND,QB,16,16,10-6-0,392,591,66.3,4200,27,4.6,19,3.2,213,47.6,69.0,7.1,6.57,10.7,262.5,88.8,,23,145,3.75,6.6,6.09,4,5,15,PB,113.0,108.0,125.0,100.0,116.0,115.0,119.0,109.0,109.0,,,,,,,,,,,,,,,,,,,,,,,,,,,,,,,,,6.0,0.0,0.0,0.0,0.0,0.0,0.0,11.0,2.4,38.0,13.0,44.7,2.0,3.9,9.3,148.0,0.0,,,,,,2.0,38.0,148.0,3.9,,,,,,,,,,,,,,,,,,0.0,2.0,0.0,-1.0,6.0,0.0,0.0,0.0,0.0,0.0,,0.0,0.0,0.0,0.0,0.0,0.0,,,,,,
Peyton Manning,MannPe00,2003,27,IND,QB,16,16,12-4-0,379,566,67.0,4267,29,5.1,10,1.8,213,51.0,79.0,7.5,7.77,11.3,266.7,99.0,,18,107,3.08,7.12,7.35,3,4,18,"PB,AP-1,AP MVP-1,AP OPoY-3",125.0,120.0,124.0,124.0,121.0,124.0,122.0,113.0,114.0,,,,,,,,,,,,,,,,,,,,,,,,,,,,,,,,,6.0,1.0,0.1,0.0,0.0,-0.1,-2.0,3.0,1.8,28.0,10.0,14.3,0.0,0.9,1.6,26.0,1.0,100.0,-2.0,0.0,-2.0,-2.0,0.0,29.0,24.0,0.8,,,,,,,,,,,,,,,,,,0.0,4.0,0.0,-9.0,6.0,0.0,0.0,0.0,0.0,0.0,,0.0,0.0,0.0,0.0,0.0,0.0,,,,,,
Peyton Manning,MannPe00,2004,28,IND,QB,16,16,12-4-0,336,497,67.6,4557,49,9.9,10,2.0,233,57.1,80.0,9.2,10.24,13.6,284.8,121.1,,13,101,2.55,8.74,9.78,2,4,21,"PB,AP-1,AP MVP-1,AP OPoY-1",153.0,149.0,127.0,120.0,147.0,151.0,128.0,168.0,141.0,,,,,,,,,,,,,,,,,,,,,,,,,,,,,,,,,5.0,0.0,0.0,0.0,0.0,0.0,0.0,4.0,1.6,25.0,19.0,20.0,0.0,1.5,2.4,38.0,0.0,,,,,,0.0,25.0,38.0,1.5,,,,,,,,,,,,,,,,,,0.0,3.0,0.0,-3.0,5.0,0.0,0.0,0.0,0.0,0.0,,0.0,0.0,0.0,0.0,0.0,0.0,,,,,,
Peyton Manning,MannPe00,2005,29,IND,QB,16,16,14-2-0,305,453,67.3,3747,28,6.2,10,2.2,198,55.7,80.0,8.3,8.51,12.3,234.2,104.1,,17,81,3.62,7.8,8.03,1,1,18,"PB,AP-1,AP MVP-2,AP OPoY-2",130.0,127.0,125.0,116.0,129.0,129.0,120.0,124.0,124.0,,,,,,,,,,,,,,,,,,,,,,,,,,,,,,,,,5.0,0.0,0.0,0.0,0.0,0.0,0.0,6.0,2.1,33.0,12.0,21.2,0.0,1.4,2.8,45.0,0.0,,,,,,0.0,33.0,45.0,1.4,,,,,,,,,,,,,,,,,,0.0,0.0,0.0,-1.0,5.0,0.0,0.0,0.0,0.0,0.0,,0.0,0.0,0.0,0.0,0.0,0.0,,,,,,
Peyton Manning,MannPe00,2006,30,IND,QB,16,16,12-4-0,362,557,65.0,4397,31,5.6,9,1.6,242,56.6,68.0,7.9,8.28,12.1,274.8,101.0,86.4,14,86,2.45,7.55,7.93,3,3,20,"PB,AP-2,AP MVP-3,AP OPoY-3",131.0,127.0,116.0,124.0,127.0,126.0,125.0,118.0,121.0,,,,,,,,,,,,,,,,,,,,,,,,,,,,,,,,,2.0,0.0,0.0,0.0,0.0,0.0,0.0,7.0,1.4,23.0,12.0,30.4,4.0,1.6,2.3,36.0,0.0,,,,,,4.0,23.0,36.0,1.6,,,,,,,,,,,,,,,,,,0.0,0.0,0.0,0.0,2.0,0.0,0.0,0.0,0.0,0.0,,0.0,0.0,,,,,,,,,,
Peyton Manning,MannPe00,2007,31,IND,QB,16,16,13-3-0,337,515,65.4,4040,31,6.0,14,2.7,207,53.9,73.0,7.8,7.83,12.0,252.5,98.0,76.9,21,124,3.92,7.31,7.29,1,2,17,PB,122.0,120.0,117.0,105.0,122.0,122.0,114.0,123.0,120.0,,,,,,,,,,,,,,,,,,,,,,,,,,,,,,,,,6.0,0.0,0.0,0.0,0.0,0.0,0.0,4.0,1.3,20.0,4.0,20.0,3.0,-0.3,-0.3,-5.0,0.0,,,,,,3.0,20.0,-5.0,-0.3,,,,,,,,,,,,,,,,,,0.0,3.0,0.0,0.0,6.0,0.0,0.0,0.0,0.0,0.0,0.0,0.0,0.0,0.0,0.0,0.0,0.0,,,,,,
Peyton Manning,MannPe00,2008,32,IND,QB,16,16,12-4-0,371,555,66.8,4002,27,4.9,12,2.2,213,52.4,75.0,7.2,7.21,10.8,250.1,95.0,76.5,14,86,2.46,6.88,6.88,4,6,16,"PB,AP-1,AP MVP-1,AP OPoY-2",115.0,110.0,119.0,112.0,113.0,114.0,125.0,109.0,105.0,,,,,,,,,,,,,,,,,,,,,,,,,,,,,,,,,1.0,0.0,0.0,0.0,0.0,0.0,0.0,4.0,1.3,20.0,12.0,25.0,1.0,1.1,1.3,21.0,0.0,,,,,,1.0,20.0,21.0,1.1,,,,,,,,,,,,,,,,,,0.0,0.0,0.0,0.0,1.0,0.0,0.0,0.0,0.0,0.0,,0.0,0.0,0.0,0.0,,0.0,,,,,,
Peyton Manning,MannPe00,2009,33,IND,QB,16,16,14-2-0,393,571,68.8,4500,33,5.8,16,2.8,241,54.6,80.0,7.9,7.78,11.5,281.3,99.9,80.7,10,74,1.72,7.62,7.51,7,7,17,"PB,AP-1,AP MVP-1,AP OPoY-3",122.0,116.0,127.0,102.0,126.0,120.0,133.0,120.0,117.0,,,,,,,,,,,,,,,,,,,,,,,,,,,,,,,,,2.0,0.0,0.0,0.0,0.0,0.0,0.0,0.0,1.2,19.0,3.0,0.0,0.0,-0.7,-0.8,-13.0,0.0,,,,,,0.0,19.0,-13.0,-0.7,,,,,,,,,,,,,,,,,,0.0,0.0,0.0,-4.0,2.0,0.0,0.0,0.0,0.0,0.0,,0.0,0.0,0.0,0.0,,0.0,,,,,,
Peyton Manning,MannPe00,2010,34,IND,QB,16,16,10-6-0,450,679,66.3,4700,33,4.9,17,2.5,253,54.1,73.0,6.9,6.77,10.4,293.8,91.9,71.6,16,91,2.3,6.63,6.48,0,2,16,PB,108.0,102.0,118.0,106.0,107.0,109.0,129.0,107.0,98.0,,,,,,,,,,,,,,,,,,,,,,,,,,,,,,,,,3.0,0.0,0.0,0.0,0.0,0.0,0.0,2.0,1.1,18.0,27.0,11.1,0.0,1.0,1.1,18.0,0.0,,,,,,0.0,18.0,18.0,1.0,,,,,,,,,,,,,,,,,,0.0,1.0,0.0,-2.0,3.0,0.0,0.0,0.0,0.0,0.0,,0.0,0.0,0.0,0.0,,0.0,,,,,,
Peyton Manning,MannPe00,2012,36,DEN,QB,16,16,13-3-0,400,583,68.6,4659,37,6.3,11,1.9,231,54.0,71.0,8.0,8.41,11.6,291.2,105.8,79.6,21,137,3.48,7.49,7.89,3,3,15,"PB,AP-1,AP MVP-2,AP OPoY-2,AP CPoY-1",125.0,121.0,127.0,114.0,123.0,125.0,124.0,122.0,118.0,,,,,,,,,,,,,,,,,,,,,,,,,,,,,,,,,2.0,0.0,0.0,0.0,0.0,0.0,0.0,2.0,1.4,23.0,10.0,17.4,0.0,0.3,0.4,6.0,0.0,,,,,,0.0,23.0,6.0,0.3,,,,,,,,,,,,,,,,,,0.0,1.0,0.0,0.0,2.0,0.0,0.0,0.0,0.0,0.0,,0.0,0.0,0.0,0.0,,0.0,,,,,,
Peyton Manning,MannPe00,2013,37,DEN,QB,16,16,13-3-0,450,659,68.3,5477,55,8.3,10,1.5,291,55.2,78.0,8.3,9.3,12.2,342.3,115.1,79.0,18,120,2.66,7.91,8.87,2,2,19,"PB,AP-1,AP MVP-1,AP OPoY-1",139.0,134.0,125.0,120.0,135.0,137.0,130.0,145.0,128.0,,,,,,,,,,,,,,,,,,,,,,,,,,,,,,,,,10.0,0.0,0.0,0.0,0.0,0.0,0.0,1.0,2.0,32.0,1.0,3.1,1.0,-1.0,-1.9,-31.0,0.0,,,,,,1.0,32.0,-31.0,-1.0,,,,,,,,,,,,,,,,,,0.0,2.0,0.0,-4.0,10.0,0.0,0.0,0.0,0.0,0.0,0.0,0.0,0.0,0.0,0.0,0.0,0.0,,,,,,
Peyton Manning,MannPe00,2014,38,DEN,QB,16,16,12-4-0,395,597,66.2,4727,39,6.5,15,2.5,227,51.6,86.0,7.9,8.09,12.0,295.4,101.5,72.6,17,118,2.77,7.51,7.68,1,1,16,PB,122.0,116.0,115.0,101.0,125.0,118.0,128.0,123.0,117.0,,,,,,,,,,,,,,,,,,,,,,,,,,,,,,,,,5.0,0.0,0.0,0.0,0.0,0.0,0.0,0.0,1.5,24.0,4.0,0.0,0.0,-1.0,-1.5,-24.0,0.0,,,,,,0.0,24.0,-24.0,-1.0,,,,,,,,,,,,,,,,,,0.0,1.0,0.0,-11.0,5.0,0.0,0.0,0.0,0.0,0.0,0.0,0.0,0.0,0.0,0.0,0.0,0.0,,,,,,
Peyton Manning,MannPe00,2015,39,DEN,QB,10,9,7-2-0,198,331,59.8,2249,9,2.7,17,5.1,110,40.6,75.0,6.8,5.03,11.4,224.9,67.9,44.2,16,95,4.61,6.21,4.52,3,3,2,,75.0,70.0,88.0,50.0,96.0,68.0,111.0,79.0,90.0,,,,,,,,,,,,,,,,,,,,,,,,,,,,,,,,,1.0,0.0,0.0,0.0,0.0,0.0,0.0,0.0,0.6,6.0,-1.0,0.0,0.0,-1.0,-0.6,-6.0,0.0,,,,,,0.0,6.0,-6.0,-1.0,,,,,,,,,,,,,,,,,,0.0,0.0,0.0,0.0,1.0,0.0,0.0,0.0,0.0,0.0,,0.0,0.0,0.0,0.0,,0.0,0%,89%,0%,0.0,586.0,0.0
Philip Rivers,RivePh00,2004,23,SDG,QB,2,0,,5,8,62.5,33,1,12.5,0,0.0,3,37.5,13.0,4.1,6.63,6.6,16.5,110.9,,0,0,0.0,4.13,6.63,0,0,0,,,,,,,,,,,,,,,,,,,,,,,,,,,,,,,,,,,,,,,,,,,1.0,0.0,0.0,0.0,0.0,0.0,0.0,0.0,2.0,4.0,-1.0,0.0,0.0,-1.3,-2.5,-5.0,0.0,,,,,,0.0,4.0,-5.0,-1.3,,,,,,,,,,,,,,,,,,0.0,1.0,0.0,0.0,1.0,0.0,0.0,0.0,0.0,0.0,,0.0,0.0,,,,,,,,,,
Philip Rivers,RivePh00,2005,24,SDG,QB,2,0,,12,22,54.5,115,0,0.0,1,4.5,6,40.0,22.0,5.2,3.18,9.6,57.5,50.4,,3,16,12.0,3.96,2.16,0,0,0,,,,,,,,,,,,,,,,,,,,,,,,,,,,,,,,,,,,,,,,,,,2.0,0.0,0.0,0.0,0.0,0.0,0.0,0.0,0.5,1.0,-1.0,0.0,0.0,-1.0,-0.5,-1.0,0.0,,,,,,0.0,1.0,-1.0,-1.0,,,,,,,,,,,,,,,,,,0.0,0.0,0.0,0.0,2.0,0.0,0.0,0.0,0.0,0.0,,0.0,0.0,0.0,0.0,0.0,0.0,,,,,,
Philip Rivers,RivePh00,2006,25,SDG,QB,16,16,14-2-0,284,460,61.7,3388,22,4.8,9,2.0,167,46.8,57.0,7.4,7.44,11.9,211.8,92.0,67.4,27,144,5.54,6.66,6.73,4,4,18,PB,116.0,116.0,105.0,119.0,112.0,115.0,106.0,109.0,111.0,,,,,,,,,,,,,,,,,,,,,,,,,,,,,,,,,8.0,0.0,0.0,0.0,0.0,0.0,0.0,8.0,3.0,48.0,15.0,25.0,0.0,1.0,3.1,49.0,0.0,,,,,,0.0,48.0,49.0,1.0,,,,,,,,,,,,,,,,,,0.0,4.0,0.0,-25.0,8.0,0.0,0.0,0.0,0.0,0.0,0.0,0.0,0.0,0.0,0.0,0.0,0.0,,,,,,
Philip Rivers,RivePh00,2007,26,SDG,QB,16,16,11-5-0,277,460,60.2,3152,21,4.6,15,3.3,157,44.2,49.0,6.9,6.3,11.4,197.0,82.4,54.5,22,163,4.56,6.2,5.67,1,1,13,,102.0,100.0,98.0,96.0,102.0,101.0,110.0,106.0,99.0,,,,,,,,,,,,,,,,,,,,,,,,,,,,,,,,,11.0,0.0,0.0,0.0,0.0,0.0,0.0,9.0,1.8,29.0,10.0,37.9,1.0,1.1,2.1,33.0,0.0,,,,,,1.0,29.0,33.0,1.1,,,,,,,,,,,,,,,,,,0.0,3.0,0.0,-4.0,11.0,0.0,0.0,0.0,0.0,0.0,,0.0,0.0,,,,,,,,,,
Philip Rivers,RivePh00,2008,27,SDG,QB,16,16,8-8-0,312,478,65.3,4009,34,7.1,11,2.3,191,51.7,67.0,8.4,8.77,12.8,250.6,105.5,63.2,25,151,4.97,7.67,8.04,3,4,17,"AP MVP-6,AP OPoY-4,AP CPoY-8",128.0,129.0,114.0,110.0,126.0,127.0,107.0,134.0,127.0,,,,,,,,,,,,,,,,,,,,,,,,,,,,,,,,,8.0,0.0,0.0,0.0,0.0,0.0,0.0,12.0,1.9,31.0,11.0,58.1,0.0,2.7,5.3,84.0,0.0,,,,,,0.0,31.0,84.0,2.7,,,,,,,,,,,,,,,,,,0.0,2.0,0.0,-5.0,8.0,0.0,0.0,0.0,0.0,0.0,0.0,0.0,0.0,0.0,0.0,0.0,0.0,,,,,,
Philip Rivers,RivePh00,2009,28,SDG,QB,16,16,13-3-0,317,486,65.2,4254,28,5.8,9,1.9,208,50.7,81.0,8.8,9.07,13.4,265.9,104.4,77.2,25,167,4.89,8.0,8.3,2,4,19,"PB,AP MVP-3,AP OPoY-4",131.0,131.0,115.0,115.0,132.0,126.0,109.0,120.0,133.0,,,,,,,,,,,,,,,,,,,,,,,,,,,,,,,,,6.0,0.0,0.0,0.0,0.0,0.0,0.0,5.0,1.6,26.0,15.0,23.1,1.0,1.9,3.1,50.0,0.0,,,,,,1.0,26.0,50.0,1.9,,,,,,,,,,,,,,,,,,0.0,1.0,0.0,0.0,6.0,0.0,0.0,0.0,0.0,0.0,,0.0,0.0,0.0,0.0,,0.0,,,,,,
Philip Rivers,RivePh00,2010,29,SDG,QB,16,16,9-7-0,357,541,66.0,4710,30,5.5,13,2.4,234,49.9,59.0,8.7,8.73,13.2,294.4,101.8,66.9,38,227,6.56,7.74,7.77,1,1,17,"PB,AP OPoY-4",122.0,124.0,117.0,108.0,125.0,120.0,97.0,115.0,128.0,,,,,,,,,,,,,,,,,,,,,,,,,,,,,,,,,7.0,0.0,0.0,0.0,0.0,0.0,0.0,6.0,1.8,29.0,14.0,31.0,0.0,1.8,3.3,52.0,0.0,,,,,,0.0,29.0,52.0,1.8,,,,,,,,,,,,,,,,,,0.0,2.0,0.0,-18.0,7.0,0.0,0.0,0.0,0.0,0.0,0.0,0.0,0.0,0.0,0.0,0.0,0.0,,,,,,
Philip Rivers,RivePh00,2011,30,SDG,QB,16,16,8-8-0,366,582,62.9,4624,27,4.6,20,3.4,234,49.3,58.0,7.9,7.33,12.6,289.0,88.7,64.9,30,198,4.9,7.23,6.64,1,1,17,PB,110.0,109.0,108.0,90.0,119.0,105.0,111.0,104.0,117.0,,,,,,,,,,,,,,,,,,,,,,,,,,,,,,,,,9.0,0.0,0.0,0.0,0.0,0.0,0.0,6.0,1.6,26.0,15.0,26.9,1.0,1.4,2.3,36.0,0.0,,,,,,1.0,26.0,36.0,1.4,,,,,,,,,,,,,,,,,,0.0,3.0,0.0,-1.0,9.0,0.0,0.0,0.0,0.0,0.0,0.0,0.0,0.0,0.0,0.0,0.0,0.0,,,,,,
Philip Rivers,RivePh00,2012,31,SDG,QB,16,16,7-9-0,338,527,64.1,3606,26,4.9,15,2.8,184,44.1,80.0,6.8,6.55,10.7,225.4,88.6,42.6,49,311,8.51,5.72,5.45,0,0,10,,94.0,97.0,112.0,99.0,90.0,104.0,83.0,107.0,94.0,,,,,,,,,,,,,,,,,,,,,,,,,,,,,,,,,15.0,0.0,0.0,0.0,0.0,0.0,0.0,2.0,1.7,27.0,11.0,14.8,0.0,1.5,2.5,40.0,1.0,0.0,,0.0,,0.0,0.0,27.0,40.0,1.5,,,,,,,,,,,,,,,,,,0.0,2.0,0.0,-8.0,15.0,0.0,0.0,0.0,0.0,0.0,0.0,0.0,0.0,0.0,0.0,0.0,0.0,0%,100%,0%,0.0,1025.0,0.0
Philip Rivers,RivePh00,2013,32,SDG,QB,16,16,9-7-0,378,544,69.5,4478,32,5.9,11,2.0,233,55.7,60.0,8.2,8.5,11.8,279.9,105.5,75.1,30,150,5.23,7.54,7.79,4,4,16,"PB,AP CPoY-1",124.0,123.0,130.0,111.0,127.0,124.0,109.0,117.0,126.0,,,,,,,,,,,,,,,,,,,,,,,,,,,,,,,,,3.0,0.0,0.0,0.0,0.0,-0.6,-9.0,5.0,1.8,28.0,18.0,32.1,0.0,2.6,4.5,72.0,1.0,0.0,-9.0,0.0,,-9.0,0.0,28.0,63.0,2.3,,,,,,,,,,,,,,,,,,0.0,1.0,0.0,-6.0,3.0,0.0,0.0,0.0,0.0,0.0,0.0,0.0,0.0,0.0,0.0,0.0,0.0,,,,,,
Philip Rivers,RivePh00,2014,33,SDG,QB,16,16,9-7-0,379,570,66.5,4286,31,5.4,18,3.2,213,49.8,59.0,7.5,7.19,11.3,267.9,93.8,65.1,36,189,5.94,6.76,6.45,3,3,13,,105.0,103.0,117.0,90.0,109.0,107.0,103.0,111.0,108.0,,,,,,,,,,,,,,,,,,,,,,,,,,,,,,,,,8.0,0.0,0.0,0.0,0.0,0.0,0.0,11.0,2.3,37.0,17.0,27.0,0.0,2.8,6.4,102.0,0.0,,,,,,0.0,37.0,102.0,2.8,,,,,,,,,,,,,,,,,,0.0,5.0,0.0,-18.0,8.0,0.0,0.0,0.0,0.0,0.0,0.0,0.0,0.0,0.0,0.0,0.0,0.0,0%,99%,0%,0.0,1052.0,0.0
Philip Rivers,RivePh00,2015,34,SDG,QB,16,16,4-12-0,437,661,66.1,4792,29,4.4,13,2.0,227,48.2,80.0,7.2,7.24,11.0,299.5,93.8,57.3,40,264,5.71,6.46,6.45,1,2,12,,104.0,103.0,113.0,108.0,102.0,106.0,103.0,99.0,101.0,,,,,,,,,,,,,,,,,,,,,,,,,,,,,,,,,4.0,0.0,0.0,0.0,0.0,0.0,0.0,2.0,1.1,17.0,8.0,17.6,0.0,1.6,1.8,28.0,0.0,,,,,,0.0,17.0,28.0,1.6,,,,,,,,,,,,,,,,,,0.0,3.0,0.0,-5.0,4.0,0.0,0.0,0.0,0.0,0.0,0.0,0.0,0.0,0.0,0.0,0.0,0.0,0%,99%,0%,0.0,1153.0,0.0
Philip Rivers,RivePh00,2016,35,SDG,QB,16,16,5-11-0,349,578,60.4,4386,33,5.7,21,3.6,215,46.6,59.0,7.6,7.1,12.6,274.1,87.9,58.7,36,188,5.86,6.84,6.37,1,1,13,PB,103.0,102.0,91.0,77.0,111.0,99.0,102.0,116.0,110.0,,,,,,,,,,,,,,,,,,,,,,,,,,,,,,,,,9.0,0.0,0.0,0.0,0.0,0.0,0.0,3.0,0.9,14.0,10.0,35.7,0.0,2.5,2.2,35.0,0.0,,,,,,0.0,14.0,35.0,2.5,,,,,,,,,,,,,,,,,,0.0,3.0,0.0,-10.0,9.0,0.0,0.0,0.0,0.0,0.0,,0.0,0.0,0.0,0.0,,0.0,,,,,,
Philip Rivers,RivePh00,2017,36,LAC,QB,16,16,9-7-0,360,575,62.6,4515,28,4.9,10,1.7,217,46.4,75.0,7.9,8.04,12.5,282.2,96.0,61.3,18,120,3.04,7.41,7.6,2,2,13,PB,119.0,114.0,97.0,110.0,121.0,108.0,124.0,105.0,114.0,,,,,,,,,,,,,,,,,,,,,,,,,,,,,,,,,8.0,0.0,0.0,0.0,0.0,0.0,0.0,1.0,1.1,18.0,8.0,11.1,0.0,-0.1,-0.1,-2.0,0.0,,,,,,0.0,18.0,-2.0,-0.1,,,,,,,,,,,,,,,,,,0.0,5.0,0.0,-4.0,8.0,0.0,0.0,0.0,0.0,0.0,0.0,0.0,0.0,0.0,0.0,0.0,0.0,,,,,,
Philip Rivers,RivePh00,2018,37,LAC,QB,16,16,12-4-0,347,508,68.3,4308,32,6.3,12,2.4,211,52.0,75.0,8.5,8.68,12.4,269.3,105.5,67.8,32,204,5.93,7.6,7.79,3,3,14,PB,122.0,122.0,118.0,100.0,124.0,120.0,105.0,120.0,125.0,2192.0,4.3,6.3,0.0,151.0,4.6,23.0,46.0,45.0,,,,,12.9,64.0,123.0,22.6,,,,,,,0.0,3947.0,7.8,13.0,2116.0,6.1,2.4,5.0,3.4,2.0,0.0,0.0,0.0,0.0,0.0,0.0,1.0,1.1,18.0,7.0,16.7,0.0,0.4,0.4,7.0,0.0,,,,,,0.0,18.0,7.0,0.4,0.0,0.0,0.0,0.0,0.0,0.0,,6.0,0.3,1.0,0.1,,,,,,,0.0,1.0,0.0,-4.0,2.0,0.0,0.0,0.0,0.0,0.0,0.0,0.0,0.0,0.0,0.0,0.0,0.0,,,,,,
Philip Rivers,RivePh00,2019,38,LAC,QB,16,16,5-11-0,390,591,66.0,4615,23,3.9,20,3.4,217,49.6,84.0,7.8,7.06,11.8,288.4,88.5,50.5,34,222,5.44,7.03,6.32,1,2,13,,100.0,98.0,106.0,81.0,112.0,95.0,107.0,92.0,110.0,2430.0,4.1,6.2,13.0,114.0,4.4,25.0,56.0,40.0,439.0,76.7,90.0,861.0,15.4,88.0,130.0,20.6,36.0,36.0,403.0,0.0,0.0,403.0,3.0,5025.0,8.5,16.0,2185.0,5.6,2.5,6.0,5.5,8.0,0.0,0.0,0.0,0.0,0.0,0.0,2.0,0.8,12.0,12.0,25.0,0.0,2.4,1.8,29.0,0.0,,,,,,0.0,12.0,29.0,2.4,0.0,0.0,0.0,0.0,0.0,0.0,,0.0,0.0,29.0,2.4,,,,,,,0.0,0.0,0.0,-25.0,8.0,0.0,0.0,0.0,0.0,0.0,0.0,0.0,0.0,0.0,0.0,0.0,0.0,0%,98%,0%,0.0,1030.0,0.0
Philip Rivers,RivePh00,2020,39,IND,QB,16,16,11-5-0,369,543,68.0,4169,24,4.4,11,2.0,200,51.1,55.0,7.7,7.65,11.3,260.6,97.0,55.0,19,118,3.38,7.21,7.18,2,3,13,,113.0,108.0,115.0,105.0,117.0,107.0,123.0,98.0,110.0,1948.0,3.6,5.3,11.0,124.0,3.2,17.0,37.0,37.0,406.0,77.2,86.0,719.0,16.0,84.0,93.0,16.5,44.0,44.0,370.0,0.0,0.0,370.0,3.0,3893.0,7.2,14.0,2221.0,6.0,2.3,1.0,3.0,2.0,0.0,0.0,0.0,0.0,0.0,0.0,0.0,1.1,18.0,3.0,0.0,0.0,-0.4,-0.5,-8.0,0.0,,,,,,0.0,18.0,-8.0,-0.4,0.0,0.0,0.0,0.0,0.0,0.0,,2.0,0.1,-10.0,-0.6,,,,,,,0.0,0.0,0.0,0.0,2.0,0.0,0.0,0.0,0.0,0.0,0.0,0.0,0.0,0.0,0.0,0.0,0.0,0%,96%,0%,0.0,1045.0,0.0
Philip Rivers,RivePh00,2025,44,IND,QB,3,3,0-3-0,58,92,63.0,544,4,4.3,3,3.3,30,43.3,33.0,5.9,5.32,9.4,181.3,80.2,39.7,5,37,5.15,5.23,4.66,0,0,2,,79.0,75.0,93.0,81.0,81.0,82.0,112.0,97.0,75.0,273.0,3.0,4.7,3.0,20.0,2.2,2.0,9.0,4.0,64.0,71.1,6.0,48.0,14.4,13.0,18.0,18.6,17.0,15.0,90.0,0.0,0.0,90.0,0.0,693.0,7.5,2.0,271.0,4.7,2.1,0.0,,2.0,0.0,0.0,0.0,0.0,0.0,0.0,0.0,0.7,2.0,,0.0,0.0,-0.5,-0.3,-1.0,0.0,,,,,,0.0,2.0,-1.0,-0.5,0.0,0.0,0.0,0.0,0.0,0.0,,0.0,0.0,-1.0,-0.5,,,,,,,0.0,1.0,0.0,-5.0,2.0,0.0,0.0,0.0,0.0,0.0,0.0,0.0,0.0,0.0,0.0,0.0,0.0,0%,97%,0%,0.0,172.0,0.0
Randall Cunningham,CunnRa00,1985,22,PHI,QB,6,4,1-3-0,34,81,42.0,548,1,1.2,8,9.9,24,26.7,69.0,6.8,2.57,16.1,91.3,29.8,,20,150,19.8,3.94,0.57,0,1,3,,43.0,54.0,51.0,22.0,62.0,41.0,29.0,67.0,94.0,,,,,,,,,,,,,,,,,,,,,,,,,,,,,,,,,3.0,0.0,0.0,0.0,0.0,0.0,0.0,9.0,4.8,29.0,37.0,55.2,0.0,7.1,34.2,205.0,0.0,,,,,,0.0,29.0,205.0,7.1,,,,,,,,,,,,,,,,,,0.0,0.0,0.0,0.0,3.0,0.0,0.0,0.0,0.0,,,0.0,0.0,0.0,0.0,,0.0,,,,,,
Randall Cunningham,CunnRa00,1986,23,PHI,QB,15,5,1-3-1,111,209,53.1,1391,8,3.8,7,3.3,64,31.3,75.0,6.7,5.91,12.5,92.7,72.9,,72,489,25.62,3.21,2.66,1,1,7,,68.0,99.0,92.0,109.0,44.0,98.0,-4.0,96.0,92.0,,,,,,,,,,,,,,,,,,,,,,,,,,,,,,,,,7.0,0.0,0.0,0.0,0.0,0.0,0.0,38.0,4.4,66.0,20.0,66.7,5.0,8.2,36.0,540.0,0.0,,,,,,5.0,66.0,540.0,8.2,,,,,,,,,,,,,,,,,,0.0,4.0,0.0,0.0,7.0,0.0,0.0,0.0,0.0,,,0.0,0.0,0.0,0.0,,0.0,,,,,,
Randall Cunningham,CunnRa00,1987,24,PHI,QB,12,12,7-5-0,223,406,54.9,2786,23,5.7,12,3.0,117,38.7,70.0,6.9,6.67,12.5,232.2,83.0,,54,380,11.74,5.23,5.06,2,3,11,,100.0,109.0,100.0,114.0,87.0,111.0,73.0,116.0,98.0,,,,,,,,,,,,,,,,,,,,,,,,,,,,,,,,,12.0,1.0,0.1,0.0,0.0,-0.3,-3.0,31.0,6.3,76.0,45.0,50.0,3.0,6.6,42.1,505.0,2.0,50.0,-3.0,0.0,-3.0,-1.5,3.0,77.0,502.0,6.5,,,,,,,,,,,,,,,,,,0.0,6.0,0.0,-7.0,12.0,0.0,0.0,0.0,0.0,,,0.0,0.0,0.0,0.0,,0.0,,,,,,
Randall Cunningham,CunnRa00,1988,25,PHI,QB,16,16,10-6-0,301,560,53.8,3808,24,4.3,16,2.9,174,39.5,80.0,6.8,6.37,12.7,238.0,77.6,,57,442,9.24,5.46,5.07,3,3,17,"PB,AP-2,AP MVP-2,AP OPoY-3",99.0,104.0,96.0,114.0,89.0,104.0,87.0,102.0,95.0,,,,,,,,,,,,,,,,,,,,,,,,,,,,,,,,,12.0,0.0,0.0,0.0,0.0,0.0,0.0,42.0,5.8,93.0,33.0,59.1,6.0,6.7,39.0,624.0,0.0,,,,,,6.0,93.0,624.0,6.7,,,,,,,,,,,,,,,,,,0.0,6.0,0.0,0.0,12.0,0.0,0.0,0.0,0.0,,,0.0,0.0,0.0,0.0,,0.0,,,,,,
Randall Cunningham,CunnRa00,1989,26,PHI,QB,16,16,11-5-0,290,532,54.5,3400,21,3.9,15,2.8,167,40.9,66.0,6.4,5.91,11.7,212.5,75.5,,45,343,7.8,5.3,4.86,4,5,16,PB,96.0,97.0,97.0,113.0,86.0,100.0,95.0,99.0,87.0,,,,,,,,,,,,,,,,,,,,,,,,,,,,,,,,,17.0,0.0,0.0,0.0,0.0,0.0,0.0,35.0,6.5,104.0,51.0,51.9,4.0,6.0,38.8,621.0,0.0,,,,,,4.0,104.0,621.0,6.0,,,,,,,,,,,,,,,,,,0.0,4.0,0.0,-6.0,17.0,0.0,0.0,0.0,0.0,,,0.0,0.0,0.0,0.0,,0.0,,,,,,
Randall Cunningham,CunnRa00,1990,27,PHI,QB,16,16,10-6-0,271,465,58.3,3466,30,6.5,13,2.8,162,43.8,95.0,7.5,7.49,12.8,216.6,91.6,,49,431,9.53,5.9,5.93,3,3,20,"PB,AP MVP-2,AP OPoY-2",109.0,119.0,107.0,112.0,98.0,122.0,84.0,129.0,110.0,,,,,,,,,,,,,,,,,,,,,,,,,,,,,,,,,9.0,0.0,0.0,0.0,0.0,0.0,0.0,52.0,7.4,118.0,52.0,66.1,5.0,8.0,58.9,942.0,0.0,,,,,,5.0,118.0,942.0,8.0,,,,,,,,,,,,,,,,,,0.0,3.0,0.0,-4.0,9.0,0.0,0.0,0.0,0.0,,,0.0,0.0,0.0,0.0,,0.0,,,,,,
Randall Cunningham,CunnRa00,1991,28,PHI,QB,1,1,1-0-0,1,4,25.0,19,0,0.0,0,0.0,1,16.7,19.0,4.8,4.75,19.0,19.0,46.9,,2,16,33.33,0.5,0.5,0,0,0,,,,,,,,,,,,,,,,,,,,,,,,,,,,,,,,,,,,,,,,,,,,,,,,,,,,,,,,,,,,,,,,,,,,,,,,,,,,,,,,,,,,,,,,,,,,,,,,,,,,,,,,,,,,
Randall Cunningham,CunnRa00,1992,29,PHI,QB,15,15,10-5-0,233,384,60.7,2775,19,4.9,11,2.9,127,42.8,75.0,7.2,6.93,11.9,185.0,87.3,,60,437,13.51,5.27,5.01,1,1,15,AP-2,99.0,113.0,110.0,110.0,90.0,115.0,60.0,115.0,108.0,,,,,,,,,,,,,,,,,,,,,,,,,,,,,,,,,13.0,0.0,0.0,0.0,0.0,0.0,0.0,34.0,5.8,87.0,30.0,56.3,5.0,6.3,36.6,549.0,1.0,0.0,,0.0,,0.0,5.0,87.0,549.0,6.3,,,,,,,,,,,,,,,,,,0.0,3.0,0.0,0.0,13.0,0.0,0.0,0.0,0.0,,,0.0,0.0,0.0,0.0,,0.0,,,,,,
Randall Cunningham,CunnRa00,1993,30,PHI,QB,4,4,4-0-0,76,110,69.1,850,5,4.5,5,4.5,42,47.9,80.0,7.7,6.59,11.2,212.5,88.1,,7,33,5.98,6.98,5.91,2,2,3,,110.0,108.0,133.0,83.0,120.0,115.0,105.0,110.0,119.0,,,,,,,,,,,,,,,,,,,,,,,,,,,,,,,,,3.0,0.0,0.0,0.0,0.0,0.0,0.0,5.0,4.5,18.0,26.0,50.0,1.0,6.1,27.5,110.0,0.0,,,,,,1.0,18.0,110.0,6.1,,,,,,,,,,,,,,,,,,0.0,0.0,0.0,0.0,3.0,0.0,0.0,0.0,0.0,,,0.0,0.0,0.0,0.0,,0.0,,,,,,
Randall Cunningham,CunnRa00,1994,31,PHI,QB,14,14,7-7-0,265,490,54.1,3229,16,3.3,13,2.7,146,39.8,93.0,6.6,6.05,12.2,230.6,74.4,,43,333,8.07,5.43,4.94,2,2,11,,95.0,99.0,87.0,107.0,90.0,95.0,88.0,93.0,97.0,,,,,,,,,,,,,,,,,,,,,,,,,,,,,,,,,10.0,0.0,0.0,0.0,0.0,0.0,0.0,25.0,4.6,65.0,22.0,52.3,3.0,4.4,20.6,288.0,0.0,,,,,,3.0,65.0,288.0,4.4,,,,,,,,,,,,,,,,,,0.0,2.0,0.0,-15.0,10.0,0.0,0.0,0.0,0.0,,,0.0,0.0,0.0,0.0,,0.0,,,,,,
Randall Cunningham,CunnRa00,1995,32,PHI,QB,7,4,1-3-0,69,121,57.0,605,3,2.5,5,4.1,34,38.1,33.0,5.0,3.64,8.8,86.4,61.5,,13,79,9.7,3.93,2.69,0,0,2,,60.0,62.0,97.0,84.0,54.0,76.0,76.0,82.0,57.0,,,,,,,,,,,,,,,,,,,,,,,,,,,,,,,,,3.0,0.0,0.0,0.0,0.0,0.0,0.0,8.0,3.0,21.0,20.0,42.9,0.0,4.7,14.0,98.0,0.0,,,,,,0.0,21.0,98.0,4.7,,,,,,,,,,,,,,,,,,0.0,1.0,0.0,-5.0,3.0,0.0,0.0,0.0,0.0,,,0.0,0.0,0.0,0.0,,0.0,,,,,,
Randall Cunningham,CunnRa00,1997,34,MIN,QB,6,3,1-2-0,44,88,50.0,501,6,6.8,4,4.5,27,38.9,34.0,5.7,5.01,11.4,83.5,71.3,,7,60,7.37,4.64,4.01,0,0,2,,85.0,87.0,74.0,82.0,78.0,92.0,98.0,130.0,80.0,,,,,,,,,,,,,,,,,,,,,,,,,,,,,,,,,4.0,0.0,0.0,0.0,0.0,0.0,0.0,5.0,3.2,19.0,28.0,42.1,0.0,6.7,21.2,127.0,0.0,,,,,,0.0,19.0,127.0,6.7,,,,,,,,,,,,,,,,,,0.0,2.0,0.0,0.0,4.0,0.0,0.0,0.0,0.0,,,0.0,0.0,0.0,0.0,,0.0,,,,,,
Randall Cunningham,CunnRa00,1998,35,MIN,QB,15,14,13-1-0,259,425,60.9,3704,34,8.0,10,2.4,165,49.4,67.0,8.7,9.26,14.3,246.9,106.0,,20,132,4.49,8.03,8.54,0,1,19,"PB,AP-1,AP MVP-2,AP OPoY-2,AP CPoY-2",140.0,136.0,117.0,112.0,140.0,134.0,116.0,141.0,135.0,,,,,,,,,,,,,,,,,,,,,,,,,,,,,,,,,2.0,1.0,0.1,0.0,0.0,-0.2,-3.0,11.0,2.1,32.0,22.0,50.0,1.0,4.1,8.8,132.0,1.0,100.0,-3.0,0.0,-3.0,-3.0,1.0,33.0,129.0,3.9,,,,,,,,,,,,,,,,,,0.0,0.0,0.0,0.0,2.0,0.0,0.0,0.0,0.0,,,0.0,0.0,0.0,0.0,,0.0,,,,,,
Randall Cunningham,CunnRa00,1999,36,MIN,QB,6,6,2-4-0,124,200,62.0,1475,8,4.0,9,4.5,72,41.9,61.0,7.4,6.15,11.9,245.8,79.1,,15,101,6.98,6.39,5.25,0,0,5,,100.0,100.0,118.0,84.0,108.0,101.0,100.0,100.0,110.0,,,,,,,,,,,,,,,,,,,,,,,,,,,,,,,,,2.0,0.0,0.0,0.0,0.0,0.0,0.0,7.0,1.7,10.0,14.0,70.0,0.0,5.8,9.7,58.0,0.0,,,,,,0.0,10.0,58.0,5.8,,,,,,,,,,,,,,,,,,0.0,0.0,0.0,-1.0,2.0,0.0,0.0,0.0,0.0,0.0,,0.0,0.0,0.0,0.0,0.0,0.0,,,,,,
Randall Cunningham,CunnRa00,2000,37,DAL,QB,6,3,1-2-0,74,125,59.2,849,6,4.8,4,3.2,34,36.8,76.0,6.8,6.31,11.5,141.5,82.4,,8,45,6.02,6.05,5.59,0,0,4,,105.0,104.0,104.0,102.0,104.0,106.0,106.0,111.0,101.0,,,,,,,,,,,,,,,,,,,,,,,,,,,,,,,,,4.0,0.0,0.0,0.0,0.0,0.0,0.0,9.0,3.8,23.0,19.0,47.8,1.0,3.9,14.8,89.0,0.0,,,,,,1.0,23.0,89.0,3.9,,,,,,,,,,,,,,,,,,0.0,3.0,0.0,-2.0,4.0,0.0,0.0,0.0,0.0,0.0,,0.0,0.0,0.0,0.0,0.0,0.0,,,,,,
Randall Cunningham,CunnRa00,2001,38,BAL,QB,6,2,2-0-0,54,89,60.7,573,3,3.4,2,2.2,31,41.6,30.0,6.4,6.1,10.6,95.5,81.3,,12,66,11.88,5.02,4.72,1,2,2,,93.0,100.0,106.0,116.0,84.0,103.0,68.0,93.0,94.0,,,,,,,,,,,,,,,,,,,,,,,,,,,,,,,,,4.0,0.0,0.0,0.0,0.0,0.0,0.0,3.0,2.3,14.0,15.0,35.7,1.0,2.9,6.7,40.0,0.0,,,,,,1.0,14.0,40.0,2.9,,,,,,,,,,,,,,,,,,0.0,3.0,0.0,-9.0,4.0,0.0,0.0,0.0,0.0,0.0,,0.0,0.0,,,,,,,,,,
Rich Gannon,GannRi00,1987,22,MIN,QB,4,0,,2,6,33.3,18,0,0.0,1,16.7,1,33.3,12.0,3.0,-4.5,9.0,4.5,2.8,,0,0,0.0,3.0,-4.5,0,0,0,,,,,,,,,,,,,,,,,,,,,,,,,,,,,,,,,,,,,,,,,,,,,,,,,,,,,,,,,,,,,,,,,,,,,,,,,,,,,,,,,,,,,,,,,,,,,,,,,,,,,,,,,,,,
Rich Gannon,GannRi00,1988,23,MIN,QB,3,0,,7,15,46.7,90,0,0.0,0,0.0,5,33.3,19.0,6.0,6.0,12.9,30.0,66.0,,3,22,16.67,3.78,3.78,0,0,0,,,,,,,,,,,,,,,,,,,,,,,,,,,,,,,,,,,,,,,,,,,0.0,0.0,0.0,0.0,0.0,0.0,0.0,1.0,1.3,4.0,15.0,50.0,0.0,7.3,9.7,29.0,0.0,,,,,,0.0,4.0,29.0,7.3,,,,,,,,,,,,,,,,,,,,,,,,,,,,,,,,,,,,,,,,
Rich Gannon,GannRi00,1989,24,MIN,QB,0,0,,0,0,,0,0,,0,,0,,,,,,,,,0,0,,,,0,0,0,,,,,,,,,,,,,,,,,,,,,,,,,,,,,,,,,,,,,,,,,,,,,,,,,,,,,,,,,,,,,,,,,,,,,,,,,,,,,,,,,,,,,,,,,,,,,,,,,,,,,,,,,,,,
Rich Gannon,GannRi00,1990,25,MIN,QB,14,12,5-7-0,182,349,52.1,2278,16,4.6,16,4.6,105,38.9,78.0,6.5,5.38,12.5,162.7,68.9,,34,188,8.88,5.46,4.41,2,2,8,,89.0,89.0,84.0,86.0,89.0,89.0,88.0,107.0,89.0,,,,,,,,,,,,,,,,,,,,,,,,,,,,,,,,,10.0,0.0,0.0,0.0,0.0,0.0,0.0,17.0,3.7,52.0,27.0,46.2,1.0,5.2,19.1,268.0,0.0,,,,,,1.0,52.0,268.0,5.2,,,,,,,,,,,,,,,,,,0.0,6.0,0.0,-3.0,10.0,0.0,0.0,0.0,0.0,,,0.0,0.0,0.0,0.0,,0.0,,,,,,
Rich Gannon,GannRi00,1991,26,MIN,QB,15,11,6-5-0,211,354,59.6,2166,12,3.4,6,1.7,117,43.4,50.0,6.1,6.03,10.3,144.4,81.5,,19,91,5.09,5.56,5.48,0,1,10,,104.0,99.0,109.0,129.0,93.0,107.0,113.0,94.0,83.0,,,,,,,,,,,,,,,,,,,,,,,,,,,,,,,,,2.0,1.0,0.1,0.0,0.0,0.0,0.0,12.0,2.9,43.0,42.0,51.2,2.0,5.5,15.7,236.0,1.0,100.0,,0.0,0.0,0.0,2.0,44.0,236.0,5.4,,,,,,,,,,,,,,,,,,0.0,0.0,0.0,0.0,2.0,0.0,0.0,0.0,0.0,,,0.0,0.0,0.0,0.0,,0.0,,,,,,
Rich Gannon,GannRi00,1992,27,MIN,QB,12,12,8-4-0,159,279,57.0,1905,12,4.3,13,4.7,94,41.1,60.0,6.8,5.59,12.0,158.8,72.9,,25,177,8.22,5.68,4.55,2,2,8,,93.0,95.0,98.0,83.0,97.0,96.0,93.0,107.0,100.0,,,,,,,,,,,,,,,,,,,,,,,,,,,,,,,,,5.0,0.0,0.0,0.0,0.0,0.0,0.0,8.0,3.8,45.0,14.0,46.7,0.0,4.2,15.6,187.0,0.0,,,,,,0.0,45.0,187.0,4.2,,,,,,,,,,,,,,,,,,0.0,0.0,0.0,0.0,5.0,0.0,0.0,0.0,0.0,,,0.0,0.0,0.0,0.0,,0.0,,,,,,
Rich Gannon,GannRi00,1993,28,WAS,QB,8,4,1-3-0,74,125,59.2,704,3,2.4,7,5.6,36,40.4,54.0,5.6,3.59,9.5,88.0,59.5,,16,87,11.35,4.38,2.57,0,0,2,,66.0,67.0,104.0,67.0,73.0,77.0,71.0,82.0,78.0,,,,,,,,,,,,,,,,,,,,,,,,,,,,,,,,,3.0,0.0,0.0,0.0,0.0,0.0,0.0,3.0,2.6,21.0,12.0,33.3,1.0,4.2,11.0,88.0,0.0,,,,,,1.0,21.0,88.0,4.2,,,,,,,,,,,,,,,,,,0.0,1.0,0.0,0.0,3.0,0.0,0.0,0.0,0.0,,,0.0,0.0,0.0,0.0,,0.0,,,,,,
Rich Gannon,GannRi00,1995,30,KAN,QB,2,0,,7,11,63.6,57,0,0.0,0,0.0,3,27.3,18.0,5.2,5.18,8.1,28.5,76.7,,0,0,0.0,5.18,5.18,0,0,0,,,,,,,,,,,,,,,,,,,,,,,,,,,,,,,,,,,,,,,,,,,0.0,0.0,0.0,0.0,0.0,0.0,0.0,1.0,4.0,8.0,12.0,25.0,1.0,3.1,12.5,25.0,0.0,,,,,,1.0,8.0,25.0,3.1,,,,,,,,,,,,,,,,,,,,,,,,,,,,,,,,,,,,,,,,
Rich Gannon,GannRi00,1996,31,KAN,QB,4,3,1-2-0,54,90,60.0,491,6,6.7,1,1.1,32,46.3,25.0,5.5,6.29,9.1,122.8,92.4,,5,42,5.26,4.73,5.52,1,1,2,,104.0,103.0,110.0,132.0,74.0,121.0,109.0,135.0,69.0,,,,,,,,,,,,,,,,,,,,,,,,,,,,,,,,,1.0,0.0,0.0,0.0,0.0,0.0,0.0,7.0,3.0,12.0,19.0,66.7,0.0,6.8,20.3,81.0,0.0,,,,,,0.0,12.0,81.0,6.8,,,,,,,,,,,,,,,,,,0.0,0.0,0.0,0.0,1.0,0.0,0.0,0.0,0.0,,,0.0,0.0,0.0,0.0,,0.0,,,,,,
Rich Gannon,GannRi00,1997,32,KAN,QB,9,6,5-1-0,98,175,56.0,1144,7,4.0,4,2.3,58,40.4,47.0,6.5,6.31,11.7,127.1,79.8,,13,86,6.91,5.63,5.41,1,1,5,,103.0,103.0,97.0,113.0,97.0,103.0,101.0,100.0,96.0,,,,,,,,,,,,,,,,,,,,,,,,,,,,,,,,,5.0,0.0,0.0,0.0,0.0,0.0,0.0,8.0,3.7,33.0,13.0,39.4,2.0,3.3,12.1,109.0,0.0,,,,,,2.0,33.0,109.0,3.3,,,,,,,,,,,,,,,,,,0.0,0.0,0.0,0.0,5.0,0.0,0.0,0.0,0.0,,,0.0,0.0,0.0,0.0,,0.0,,,,,,
Rich Gannon,GannRi00,1998,33,KAN,QB,12,10,5-5-0,206,354,58.2,2305,10,2.8,6,1.7,104,40.1,80.0,6.5,6.31,11.2,192.1,80.1,,25,155,6.6,5.67,5.49,1,1,9,,103.0,102.0,106.0,121.0,97.0,103.0,103.0,88.0,95.0,,,,,,,,,,,,,,,,,,,,,,,,,,,,,,,,,9.0,0.0,0.0,0.0,0.0,0.0,0.0,13.0,3.7,44.0,21.0,38.6,3.0,3.8,14.0,168.0,0.0,,,,,,3.0,44.0,168.0,3.8,,,,,,,,,,,,,,,,,,0.0,4.0,0.0,-15.0,9.0,0.0,0.0,0.0,0.0,,,0.0,0.0,0.0,0.0,,0.0,,,,,,
Rich Gannon,GannRi00,1999,34,OAK,QB,16,16,8-8-0,304,515,59.0,3840,24,4.7,14,2.7,195,44.7,50.0,7.5,7.17,12.6,240.0,86.5,,49,241,8.69,6.38,6.12,3,3,16,PB,110.0,111.0,106.0,108.0,108.0,110.0,90.0,107.0,111.0,,,,,,,,,,,,,,,,,,,,,,,,,,,,,,,,,8.0,1.0,0.1,0.0,0.0,-0.2,-3.0,16.0,2.9,46.0,39.0,45.7,2.0,6.5,18.6,298.0,1.0,100.0,-3.0,0.0,-3.0,-3.0,2.0,47.0,295.0,6.3,,,,,,,,,,,,,,,,,,0.0,1.0,0.0,-5.0,8.0,0.0,0.0,0.0,0.0,0.0,,0.0,0.0,0.0,0.0,0.0,0.0,,,,,,
Rich Gannon,GannRi00,2000,35,OAK,QB,16,16,12-4-0,284,473,60.0,3430,28,5.9,11,2.3,177,46.5,84.0,7.3,7.39,12.1,214.4,92.4,,28,124,5.59,6.6,6.73,3,4,20,"PB,AP-1,AP MVP-4,AP OPoY-5",121.0,118.0,108.0,116.0,114.0,120.0,108.0,124.0,109.0,,,,,,,,,,,,,,,,,,,,,,,,,,,,,,,,,9.0,0.0,0.0,0.0,0.0,0.0,0.0,35.0,5.6,89.0,23.0,58.4,4.0,5.9,33.1,529.0,0.0,,,,,,4.0,89.0,529.0,5.9,,,,,,,,,,,,,,,,,,0.0,2.0,0.0,-1.0,9.0,0.0,0.0,0.0,0.0,0.0,,0.0,0.0,0.0,0.0,0.0,0.0,,,,,,
Rich Gannon,GannRi00,2001,36,OAK,QB,16,16,10-6-0,361,549,65.8,3828,27,4.9,9,1.6,195,49.8,49.0,7.0,7.22,10.6,239.3,95.5,,27,155,4.69,6.38,6.61,1,2,16,PB,119.0,116.0,123.0,125.0,109.0,124.0,113.0,114.0,104.0,,,,,,,,,,,,,,,,,,,,,,,,,,,,,,,,,13.0,0.0,0.0,0.0,0.0,0.0,0.0,19.0,3.9,63.0,17.0,39.7,2.0,3.7,14.4,231.0,0.0,,,,,,2.0,63.0,231.0,3.7,,,,,,,,,,,,,,,,,,0.0,3.0,0.0,-8.0,13.0,0.0,0.0,0.0,0.0,0.0,,0.0,0.0,0.0,0.0,0.0,0.0,,,,,,
Rich Gannon,GannRi00,2002,37,OAK,QB,16,16,11-5-0,418,618,67.6,4689,26,4.2,10,1.6,227,54.1,75.0,7.6,7.7,11.2,293.1,97.3,,36,214,5.5,6.84,6.95,1,1,17,"PB,AP-1,AP MVP-1,AP OPoY-3",126.0,126.0,130.0,127.0,121.0,128.0,107.0,104.0,120.0,,,,,,,,,,,,,,,,,,,,,,,,,,,,,,,,,9.0,0.0,0.0,0.0,0.0,0.0,0.0,11.0,3.1,50.0,24.0,36.0,3.0,3.1,9.8,156.0,0.0,,,,,,3.0,50.0,156.0,3.1,,,,,,,,,,,,,,,,,,0.0,3.0,0.0,-5.0,9.0,0.0,0.0,0.0,0.0,0.0,,0.0,0.0,0.0,0.0,0.0,0.0,,,,,,
Rich Gannon,GannRi00,2003,38,OAK,QB,7,7,2-5-0,125,225,55.6,1274,6,2.7,4,1.8,53,38.0,46.0,5.7,5.4,10.2,182.0,73.5,,17,90,7.02,4.89,4.64,1,2,3,,90.0,90.0,87.0,124.0,81.0,91.0,96.0,82.0,79.0,,,,,,,,,,,,,,,,,,,,,,,,,,,,,,,,,2.0,0.0,0.0,0.0,0.0,0.0,0.0,1.0,0.9,6.0,6.0,33.3,0.0,3.0,2.6,18.0,0.0,,,,,,0.0,6.0,18.0,3.0,,,,,,,,,,,,,,,,,,0.0,0.0,0.0,0.0,2.0,0.0,0.0,0.0,0.0,0.0,,0.0,0.0,,,,,,,,,,
Rich Gannon,GannRi00,2004,39,OAK,QB,3,3,2-1-0,41,68,60.3,524,3,4.4,2,2.9,23,46.6,58.0,7.7,7.26,12.8,174.7,86.9,,5,17,6.85,6.95,6.53,0,0,2,,114.0,113.0,103.0,104.0,117.0,108.0,98.0,104.0,115.0,,,,,,,,,,,,,,,,,,,,,,,,,,,,,,,,,3.0,0.0,0.0,0.0,0.0,0.0,0.0,1.0,1.7,5.0,20.0,20.0,0.0,5.2,8.7,26.0,0.0,,,,,,0.0,5.0,26.0,5.2,,,,,,,,,,,,,,,,,,0.0,1.0,0.0,0.0,3.0,0.0,0.0,0.0,0.0,0.0,,0.0,0.0,0.0,0.0,0.0,0.0,,,,,,
Russell Wilson,WilsRu00,2012,24,SEA,QB,16,16,11-5-0,252,393,64.1,3118,26,6.6,10,2.5,153,48.1,67.0,7.9,8.11,12.4,194.9,100.0,72.7,33,203,7.75,6.84,7.01,3,4,16,"PB,AP ORoY-3",114.0,117.0,112.0,103.0,111.0,118.0,89.0,125.0,116.0,,,,,,,,,,,,,,,,,,,,,,,,,,,,,,,,,6.0,0.0,0.0,0.0,0.0,0.0,0.0,29.0,5.9,94.0,25.0,55.3,4.0,5.2,30.6,489.0,0.0,,,,,,4.0,94.0,489.0,5.2,,,,,,,,,,,,,,,,,,0.0,3.0,0.0,-9.0,6.0,0.0,0.0,0.0,0.0,0.0,0.0,0.0,0.0,0.0,0.0,0.0,0.0,,,,,,
Russell Wilson,WilsRu00,2013,25,SEA,QB,16,16,13-3-0,257,407,63.1,3357,26,6.4,9,2.2,157,44.8,80.0,8.2,8.53,13.1,209.8,101.2,67.2,44,272,9.76,6.84,7.1,3,4,17,"PB,AP OPoY-4",115.0,124.0,106.0,107.0,112.0,119.0,73.0,123.0,127.0,,,,,,,,,,,,,,,,,,,,,,,,,,,,,,,,,10.0,0.0,0.0,0.0,0.0,0.0,0.0,31.0,6.0,96.0,27.0,47.9,1.0,5.6,33.7,539.0,0.0,,,,,,1.0,96.0,539.0,5.6,,,,,,,,,,,,,,,,,,0.0,5.0,0.0,-4.0,10.0,0.0,0.0,0.0,0.0,0.0,0.0,0.0,0.0,0.0,0.0,0.0,0.0,,,,,,
Russell Wilson,WilsRu00,2014,26,SEA,QB,16,16,12-4-0,285,452,63.1,3475,20,4.4,7,1.5,161,42.5,80.0,7.7,7.88,12.2,217.2,95.0,69.7,42,242,8.5,6.54,6.72,1,4,19,PB,109.0,113.0,103.0,117.0,105.0,109.0,84.0,99.0,112.0,,,,,,,,,,,,,,,,,,,,,,,,,,,,,,,,,11.0,1.0,0.1,1.0,0.0,1.1,17.0,47.0,7.4,118.0,55.0,54.2,6.0,7.2,53.1,849.0,1.0,100.0,17.0,100.0,17.0,17.0,6.0,119.0,866.0,7.3,,,,,,,,,,,,,,,,,,0.0,6.0,0.0,-4.0,11.0,0.0,0.0,0.0,0.0,0.0,0.0,0.0,0.0,0.0,0.0,0.0,0.0,,,,,,
Russell Wilson,WilsRu00,2015,27,SEA,QB,16,16,10-6-0,329,483,68.1,4024,34,7.0,8,1.7,190,50.8,80.0,8.3,8.99,12.2,251.5,110.1,68.6,45,265,8.52,7.12,7.73,2,2,19,"PB,AP OPoY-3",123.0,130.0,121.0,113.0,117.0,131.0,80.0,131.0,127.0,,,,,,,,,,,,,,,,,,,,,,,,,,,,,,,,,7.0,0.0,0.0,0.0,0.0,0.0,0.0,31.0,6.4,103.0,24.0,56.3,1.0,5.4,34.6,553.0,0.0,,,,,,1.0,103.0,553.0,5.4,,,,,,,,,,,,,,,,,,0.0,2.0,0.0,-3.0,7.0,0.0,0.0,0.0,0.0,0.0,0.0,0.0,0.0,0.0,0.0,0.0,0.0,,,,,,
Russell Wilson,WilsRu00,2016,28,SEA,QB,16,16,10-5-1,353,546,64.7,4219,21,3.8,11,2.0,193,47.2,59.0,7.7,7.59,12.0,263.7,92.6,57.1,41,293,6.98,6.69,6.56,4,3,14,,106.0,109.0,108.0,106.0,108.0,105.0,92.0,94.0,113.0,,,,,,,,,,,,,,,,,,,,,,,,,,,,,,,,,8.0,2.0,0.1,1.0,1.0,0.9,14.0,18.0,4.5,72.0,18.0,43.1,1.0,3.6,16.2,259.0,2.0,100.0,15.0,50.0,7.0,7.0,2.0,74.0,273.0,3.7,,,,,,,,,,,,,,,,,,0.0,4.0,0.0,-7.0,8.0,0.0,0.0,0.0,0.0,0.0,0.0,0.0,0.0,0.0,0.0,0.0,0.0,0%,95%,0%,0.0,1008.0,0.0
Russell Wilson,WilsRu00,2017,29,SEA,QB,16,16,9-7-0,339,553,61.3,3983,34,6.1,11,2.0,189,43.8,74.0,7.2,7.54,11.7,248.9,95.4,62.4,43,322,7.21,6.14,6.45,2,2,15,PB,104.0,107.0,93.0,106.0,97.0,108.0,93.0,119.0,100.0,,,,,,,,,,,,,,,,,,,,,,,,,,,,,,,,,14.0,0.0,0.0,0.0,0.0,0.0,0.0,36.0,5.9,95.0,31.0,50.5,3.0,6.2,36.6,586.0,0.0,,,,,,3.0,95.0,586.0,6.2,,,,,,,,,,,,,,,,,,0.0,6.0,0.0,-11.0,14.0,0.0,0.0,0.0,0.0,0.0,0.0,0.0,0.0,0.0,0.0,0.0,0.0,,,,,,
Russell Wilson,WilsRu00,2018,30,SEA,QB,16,16,10-6-0,280,427,65.6,3448,35,8.2,7,1.6,156,44.1,66.0,8.1,8.98,12.3,215.5,110.9,63.3,51,355,10.67,6.47,7.28,2,4,14,PB,115.0,126.0,108.0,112.0,103.0,128.0,69.0,140.0,117.0,2063.0,4.8,7.4,0.0,145.0,4.6,18.0,31.0,82.0,,,,,15.4,61.0,164.0,32.3,,,,,,,8.0,3843.0,9.0,24.0,1385.0,4.9,2.5,30.0,9.6,10.0,1.0,0.1,0.0,0.0,-0.7,-11.0,23.0,4.2,67.0,40.0,50.7,0.0,5.6,23.5,376.0,1.0,100.0,-11.0,0.0,-11.0,-11.0,0.0,68.0,365.0,5.4,-10.0,0.0,0.0,0.0,-1.0,3.0,22.3,71.0,1.1,305.0,4.6,-10.0,-10.0,,0.0,79.2,-1.0,0.0,4.0,0.0,-17.0,10.0,0.0,0.0,0.0,0.0,0.0,0.0,0.0,0.0,0.0,0.0,0.0,0.0,,,,,,
Russell Wilson,WilsRu00,2019,31,SEA,QB,16,16,11-5-0,341,516,66.1,4110,31,6.0,5,1.0,190,49.6,60.0,8.0,8.73,12.1,256.9,106.3,71.5,48,319,8.51,6.72,7.42,4,5,15,"PB,AP-2,AP OPoY-4",115.0,121.0,106.0,123.0,106.0,119.0,85.0,113.0,113.0,2402.0,4.7,7.0,9.0,221.0,3.4,17.0,57.0,71.0,376.0,76.3,117.0,1059.0,18.5,91.0,176.0,28.9,51.0,38.0,344.0,9.0,33.0,377.0,3.0,4836.0,9.4,20.0,1708.0,5.0,2.5,45.0,7.4,8.0,0.0,0.0,0.0,0.0,0.0,0.0,17.0,4.7,75.0,21.0,41.3,3.0,4.6,21.4,342.0,0.0,,,,,,3.0,75.0,342.0,4.6,0.0,0.0,0.0,0.0,0.0,1.0,75.0,52.0,0.7,290.0,3.9,,,,,,,0.0,2.0,0.0,-11.0,8.0,0.0,0.0,0.0,0.0,0.0,0.0,0.0,0.0,0.0,0.0,0.0,0.0,,,,,,
Russell Wilson,WilsRu00,2020,32,SEA,QB,16,16,12-4-0,384,558,68.8,4212,40,7.2,13,2.3,213,51.4,62.0,7.5,7.93,11.0,263.3,105.1,67.1,47,301,7.77,6.46,6.82,3,3,17,PB,108.0,112.0,119.0,99.0,103.0,118.0,88.0,126.0,107.0,2385.0,4.3,6.2,4.0,206.0,5.1,27.0,67.0,65.0,424.0,79.5,124.0,1047.0,15.8,84.0,179.0,27.2,42.0,33.0,238.0,8.0,46.0,284.0,1.0,4809.0,8.6,24.0,1827.0,4.8,2.6,53.0,8.7,7.0,0.0,0.0,0.0,0.0,0.0,0.0,25.0,5.2,83.0,38.0,50.6,2.0,6.2,32.1,513.0,0.0,,,,,,2.0,83.0,513.0,6.2,0.0,0.0,0.0,0.0,0.0,0.0,,24.0,0.3,489.0,5.9,,,,,,,0.0,0.0,0.0,-18.0,7.0,0.0,0.0,0.0,0.0,0.0,0.0,0.0,0.0,0.0,0.0,0.0,0.0,,,,,,
Russell Wilson,WilsRu00,2021,33,SEA,QB,14,14,6-8-0,259,400,64.8,3113,25,6.3,6,1.5,135,44.6,69.0,7.8,8.36,12.0,222.4,103.1,60.6,33,266,7.62,6.58,7.11,0,1,12,PB,112.0,118.0,99.0,115.0,106.0,115.0,90.0,117.0,113.0,1730.0,4.3,6.7,3.0,113.0,4.1,16.0,42.0,48.0,296.0,76.5,102.0,1036.0,18.6,72.0,123.0,27.0,45.0,36.0,204.0,7.0,21.0,225.0,0.0,3956.0,9.9,13.0,1383.0,5.3,2.4,23.0,7.3,6.0,0.0,0.0,0.0,0.0,0.0,0.0,17.0,3.1,43.0,17.0,44.2,2.0,4.3,13.1,183.0,0.0,,,,,,2.0,43.0,183.0,4.3,0.0,0.0,0.0,0.0,0.0,1.0,43.0,48.0,1.1,135.0,3.1,,,,,,,0.0,3.0,0.0,0.0,6.0,0.0,0.0,0.0,0.0,0.0,0.0,0.0,0.0,0.0,0.0,0.0,0.0,,,,,,
Russell Wilson,WilsRu00,2022,34,DEN,QB,15,15,4-11-0,292,483,60.5,3524,16,3.3,11,2.3,142,36.2,67.0,7.3,6.93,12.1,234.9,84.4,38.7,55,368,10.22,5.87,5.54,3,3,9,,93.0,101.0,81.0,101.0,93.0,91.0,73.0,88.0,105.0,1803.0,3.7,6.2,19.0,138.0,6.7,30.0,65.0,42.0,330.0,73.3,112.0,814.0,15.6,70.0,162.0,28.6,29.0,25.0,165.0,4.0,23.0,188.0,1.0,4270.0,8.8,32.0,1721.0,5.9,2.5,28.0,7.8,6.0,1.0,0.1,0.0,0.0,0.1,1.0,21.0,3.7,55.0,19.0,50.9,3.0,5.0,18.5,277.0,1.0,100.0,1.0,0.0,1.0,1.0,3.0,56.0,278.0,5.0,-1.0,0.0,0.0,0.0,2.0,0.0,,21.0,0.4,256.0,4.7,-1.0,-1.0,,0.0,79.2,2.0,0.0,4.0,0.0,7.0,6.0,0.0,0.0,0.0,0.0,0.0,0.0,0.0,0.0,0.0,0.0,0.0,0.0,0%,97%,0%,0.0,961.0,0.0
Russell Wilson,WilsRu00,2023,35,DEN,QB,15,15,7-8-0,297,447,66.4,3070,26,5.8,8,1.8,135,43.3,60.0,6.9,7.23,10.3,204.7,98.0,51.5,45,258,9.15,5.72,6.04,4,4,12,,102.0,107.0,110.0,112.0,93.0,116.0,84.0,122.0,97.0,1335.0,3.0,4.5,11.0,144.0,4.1,17.0,48.0,42.0,325.0,77.9,94.0,673.0,13.2,55.0,135.0,25.5,30.0,22.0,235.0,8.0,61.0,296.0,4.0,3193.0,7.1,26.0,1735.0,5.8,2.7,38.0,7.3,10.0,0.0,0.0,0.0,0.0,0.0,0.0,38.0,5.3,80.0,21.0,55.0,3.0,4.3,22.7,341.0,0.0,,,,,,3.0,80.0,341.0,4.3,0.0,0.0,0.0,0.0,0.0,1.0,80.0,48.0,0.6,293.0,3.7,,,,,,,0.0,2.0,0.0,7.0,10.0,0.0,0.0,0.0,0.0,0.0,0.0,0.0,0.0,0.0,0.0,0.0,0.0,0%,100%,0%,0.0,938.0,0.0
Russell Wilson,WilsRu00,2024,36,PIT,QB,11,11,6-5-0,214,336,63.7,2482,16,4.8,5,1.5,121,43.6,46.0,7.4,7.67,11.6,225.6,95.6,47.9,33,219,8.94,6.13,6.39,1,1,9,"PB,AP CPoY-14",106.0,111.0,95.0,115.0,100.0,107.0,86.0,105.0,106.0,1360.0,4.0,6.4,6.0,91.0,4.5,14.0,45.0,27.0,236.0,76.4,16.0,77.0,16.8,52.0,105.0,26.9,7.0,6.0,34.0,0.0,0.0,34.0,2.0,2639.0,7.9,25.0,1122.0,5.2,2.4,21.0,7.0,5.0,0.0,0.0,0.0,0.0,0.0,0.0,16.0,3.9,43.0,19.0,46.5,2.0,3.6,14.1,155.0,0.0,,,,,,2.0,43.0,155.0,3.6,0.0,0.0,0.0,0.0,0.0,0.0,,13.0,0.3,142.0,3.3,,,,,,,0.0,2.0,0.0,-6.0,5.0,0.0,0.0,0.0,0.0,0.0,0.0,0.0,0.0,0.0,0.0,0.0,0.0,,,,,,
Russell Wilson,WilsRu00,2025,37,NYG,QB,6,3,0-3-0,69,119,58.0,831,3,2.5,3,2.5,32,38.0,52.0,7.0,6.35,12.0,138.5,77.4,25.6,10,66,7.75,5.93,5.35,0,0,3,,89.0,90.0,74.0,94.0,96.0,78.0,94.0,75.0,98.0,455.0,3.8,6.6,6.0,27.0,3.7,4.0,15.0,11.0,75.0,70.1,20.0,217.0,20.6,22.0,36.0,25.5,5.0,4.0,19.0,1.0,-1.0,18.0,0.0,1006.0,8.5,12.0,376.0,5.4,2.3,12.0,7.6,3.0,0.0,0.0,0.0,0.0,0.0,0.0,6.0,3.0,18.0,15.0,50.0,0.0,5.9,17.7,106.0,0.0,,,,,,0.0,18.0,106.0,5.9,0.0,0.0,0.0,0.0,0.0,0.0,,15.0,0.8,91.0,5.1,,,,,,,0.0,2.0,0.0,0.0,3.0,0.0,0.0,0.0,0.0,0.0,0.0,0.0,0.0,0.0,0.0,0.0,0.0,0%,53%,0%,0.0,220.0,0.0
Ryan Fitzpatrick,FitzRy00,2005,23,STL,QB,4,3,0-3-0,76,135,56.3,777,4,3.0,8,5.9,40,38.9,56.0,5.8,3.68,10.2,194.3,58.2,,9,49,6.25,5.06,3.11,1,1,2,,73.0,69.0,89.0,52.0,84.0,71.0,103.0,87.0,80.0,,,,,,,,,,,,,,,,,,,,,,,,,,,,,,,,,3.0,0.0,0.0,0.0,0.0,0.0,0.0,6.0,3.5,14.0,14.0,50.0,2.0,4.6,16.0,64.0,0.0,,,,,,2.0,14.0,64.0,4.6,,,,,,,,,,,,,,,,,,0.0,1.0,0.0,-3.0,3.0,0.0,0.0,0.0,0.0,0.0,,0.0,0.0,0.0,0.0,0.0,0.0,,,,,,
Ryan Fitzpatrick,FitzRy00,2006,24,STL,QB,1,0,,0,0,,0,0,,0,,0,,,,,,0.0,,99.7,0,0,,,,0,0,0,,,,,,,,,,,,,,,,,,,,,,,,,,,,,,,,,,,,,,,,,,,0.0,0.0,0.0,0.0,0.0,0.0,0.0,1.0,3.0,3.0,,33.3,0.0,0.0,0.0,0.0,0.0,,,,,,0.0,3.0,0.0,0.0,,,,,,,,,,,,,,,,,,,,,,,,,,,,,,,,,,,,,,,,
Ryan Fitzpatrick,FitzRy00,2007,25,CIN,QB,1,0,,0,0,,0,0,,0,,0,,,,,,0.0,,,0,0,,,,0,0,0,,,,,,,,,,,,,,,,,,,,,,,,,,,,,,,,,,,,,,,,,,,,,,,,,,,,,,,,,,,,,,,,,,,,,,,,,,,,,,,,,,,,,,,,,,,,,,,,,,,,,,,,,,,,
Ryan Fitzpatrick,FitzRy00,2008,26,CIN,QB,13,12,4-7-1,221,372,59.4,1905,8,2.2,9,2.4,99,40.7,79.0,5.1,4.46,8.6,146.5,70.0,52.5,38,193,9.27,4.18,3.58,0,0,3,,76.0,77.0,94.0,108.0,67.0,84.0,77.0,79.0,66.0,,,,,,,,,,,,,,,,,,,,,,,,,,,,,,,,,11.0,1.0,0.1,0.0,0.0,-0.2,-3.0,24.0,4.6,60.0,22.0,53.3,2.0,5.1,23.4,304.0,1.0,100.0,-3.0,0.0,-3.0,-3.0,2.0,61.0,301.0,4.9,,,,,,,,,,,,,,,,,,0.0,8.0,0.0,-12.0,11.0,0.0,0.0,0.0,0.0,0.0,0.0,0.0,0.0,0.0,0.0,0.0,0.0,,,,,,
Ryan Fitzpatrick,FitzRy00,2009,27,BUF,QB,10,8,4-4-0,127,227,55.9,1422,9,4.0,10,4.4,65,35.1,98.0,6.3,5.07,11.2,142.2,69.7,35.2,21,127,8.47,5.22,4.13,1,2,3,,81.0,83.0,83.0,79.0,83.0,83.0,81.0,98.0,87.0,,,,,,,,,,,,,,,,,,,,,,,,,,,,,,,,,3.0,0.0,0.0,0.0,0.0,0.0,0.0,12.0,3.1,31.0,31.0,54.8,1.0,4.5,14.1,141.0,0.0,,,,,,1.0,31.0,141.0,4.5,,,,,,,,,,,,,,,,,,0.0,0.0,0.0,-1.0,3.0,0.0,0.0,0.0,0.0,0.0,,0.0,0.0,0.0,0.0,,0.0,,,,,,
Ryan Fitzpatrick,FitzRy00,2010,28,BUF,QB,13,13,4-9-0,255,441,57.8,3000,23,5.2,15,3.4,151,41.7,65.0,6.8,6.32,11.8,230.8,81.8,52.3,24,145,5.16,6.14,5.68,1,1,9,,99.0,97.0,91.0,94.0,99.0,98.0,108.0,111.0,95.0,,,,,,,,,,,,,,,,,,,,,,,,,,,,,,,,,8.0,0.0,0.0,0.0,0.0,0.0,0.0,15.0,3.1,40.0,22.0,50.0,0.0,6.7,20.7,269.0,0.0,,,,,,0.0,40.0,269.0,6.7,,,,,,,,,,,,,,,,,,0.0,3.0,0.0,0.0,8.0,0.0,0.0,0.0,0.0,0.0,0.0,0.0,0.0,0.0,0.0,0.0,0.0,,,,,,
Ryan Fitzpatrick,FitzRy00,2011,29,BUF,QB,16,16,6-10-0,353,569,62.0,3832,24,4.2,23,4.0,179,42.8,60.0,6.7,5.76,10.9,239.5,79.1,50.1,22,148,3.72,6.23,5.29,2,2,11,,93.0,88.0,105.0,80.0,100.0,93.0,120.0,99.0,93.0,,,,,,,,,,,,,,,,,,,,,,,,,,,,,,,,,7.0,0.0,0.0,0.0,0.0,0.0,0.0,20.0,3.5,56.0,18.0,48.2,0.0,3.8,13.4,215.0,0.0,,,,,,0.0,56.0,215.0,3.8,,,,,,,,,,,,,,,,,,0.0,4.0,0.0,0.0,7.0,0.0,0.0,0.0,0.0,0.0,0.0,0.0,0.0,0.0,0.0,0.0,0.0,,,,,,
Ryan Fitzpatrick,FitzRy00,2012,30,BUF,QB,16,16,6-10-0,306,505,60.6,3400,24,4.8,16,3.2,175,43.6,68.0,6.7,6.26,11.1,212.5,83.3,43.8,30,161,5.61,6.05,5.61,0,1,11,,96.0,94.0,99.0,93.0,96.0,97.0,107.0,105.0,92.0,,,,,,,,,,,,,,,,,,,,,,,,,,,,,,,,,8.0,0.0,0.0,0.0,0.0,0.0,0.0,9.0,3.0,48.0,20.0,35.4,1.0,4.1,12.3,197.0,0.0,,,,,,1.0,48.0,197.0,4.1,,,,,,,,,,,,,,,,,,0.0,2.0,0.0,0.0,8.0,0.0,0.0,0.0,0.0,0.0,0.0,0.0,0.0,0.0,0.0,0.0,0.0,0%,99%,0%,0.0,997.0,0.0
Ryan Fitzpatrick,FitzRy00,2013,31,TEN,QB,11,9,3-6-0,217,350,62.0,2454,14,4.0,12,3.4,119,43.9,77.0,7.0,6.27,11.3,223.1,82.0,58.7,21,109,5.66,6.32,5.62,2,2,9,,95.0,92.0,101.0,86.0,101.0,94.0,106.0,96.0,97.0,,,,,,,,,,,,,,,,,,,,,,,,,,,,,,,,,9.0,1.0,0.1,0.0,0.0,0.0,0.0,17.0,3.9,43.0,26.0,46.5,3.0,5.2,20.5,225.0,1.0,100.0,,0.0,0.0,0.0,3.0,44.0,225.0,5.1,,,,,,,,,,,,,,,,,,0.0,4.0,0.0,-3.0,9.0,0.0,0.0,0.0,0.0,0.0,0.0,0.0,0.0,0.0,0.0,0.0,0.0,0%,91%,0%,0.0,680.0,0.0
Ryan Fitzpatrick,FitzRy00,2014,32,HOU,QB,12,12,6-6-0,197,312,63.1,2483,17,5.4,8,2.6,120,45.9,76.0,8.0,7.89,12.6,206.9,95.3,61.8,21,83,6.31,7.21,7.15,0,0,8,,114.0,113.0,103.0,100.0,119.0,109.0,100.0,111.0,118.0,,,,,,,,,,,,,,,,,,,,,,,,,,,,,,,,,5.0,0.0,0.0,0.0,0.0,0.0,0.0,13.0,4.2,50.0,16.0,46.0,2.0,3.7,15.3,184.0,0.0,,,,,,2.0,50.0,184.0,3.7,,,,,,,,,,,,,,,,,,0.0,4.0,0.0,-7.0,5.0,0.0,0.0,0.0,0.0,0.0,0.0,0.0,0.0,0.0,0.0,0.0,0.0,0%,92%,0%,0.0,728.0,0.0
Ryan Fitzpatrick,FitzRy00,2015,33,NYJ,QB,16,16,10-6-0,335,562,59.6,3905,31,5.5,15,2.7,197,44.4,69.0,6.9,6.85,11.7,244.1,88.0,62.0,19,94,3.27,6.56,6.46,2,3,13,,104.0,97.0,87.0,95.0,104.0,98.0,122.0,113.0,94.0,,,,,,,,,,,,,,,,,,,,,,,,,,,,,,,,,5.0,0.0,0.0,0.0,0.0,0.0,0.0,23.0,3.8,60.0,19.0,48.3,2.0,4.5,16.9,270.0,0.0,,,,,,2.0,60.0,270.0,4.5,,,,,,,,,,,,,,,,,,0.0,2.0,0.0,-32.0,5.0,0.0,0.0,0.0,0.0,0.0,,0.0,0.0,0.0,0.0,,0.0,0%,94%,0%,0.0,1045.0,0.0
Ryan Fitzpatrick,FitzRy00,2016,34,NYJ,QB,14,11,3-8-0,228,403,56.6,2710,12,3.0,17,4.2,130,41.9,57.0,6.7,5.42,11.9,193.6,69.6,39.2,19,81,4.5,6.23,4.99,0,0,5,,83.0,78.0,75.0,67.0,98.0,72.0,113.0,83.0,90.0,,,,,,,,,,,,,,,,,,,,,,,,,,,,,,,,,9.0,0.0,0.0,0.0,0.0,0.0,0.0,7.0,2.4,33.0,14.0,51.5,0.0,3.9,9.3,130.0,0.0,,,,,,0.0,33.0,130.0,3.9,,,,,,,,,,,,,,,,,,0.0,4.0,0.0,-6.0,9.0,0.0,0.0,0.0,0.0,0.0,0.0,0.0,0.0,0.0,0.0,0.0,0.0,0%,85%,0%,0.0,763.0,0.0
Ryan Fitzpatrick,FitzRy00,2017,35,TAM,QB,6,3,2-1-0,96,163,58.9,1103,7,4.3,3,1.8,64,45.9,41.0,6.8,6.8,11.5,183.8,86.0,59.1,7,34,4.12,6.29,6.32,0,1,3,,102.0,97.0,84.0,108.0,100.0,95.0,116.0,99.0,92.0,,,,,,,,,,,,,,,,,,,,,,,,,,,,,,,,,0.0,0.0,0.0,0.0,0.0,0.0,0.0,5.0,2.5,15.0,15.0,46.7,0.0,5.2,13.0,78.0,0.0,,,,,,0.0,15.0,78.0,5.2,,,,,,,,,,,,,,,,,,,,,,,,,,,,,,,,,,,0%,73%,0%,0.0,299.0,0.0
Ryan Fitzpatrick,FitzRy00,2018,36,TAM,QB,8,7,2-5-0,164,246,66.7,2366,17,6.9,12,4.9,113,51.9,75.0,9.6,8.8,14.4,295.8,100.4,61.0,14,76,5.38,8.81,8.04,0,0,7,,125.0,124.0,112.0,58.0,147.0,114.0,109.0,126.0,148.0,1492.0,6.1,9.1,0.0,76.0,3.3,8.0,27.0,24.0,,,,,15.0,36.0,65.0,23.0,,,,,,,0.0,2546.0,10.3,6.0,874.0,5.3,2.4,23.0,6.2,4.0,0.0,0.0,0.0,0.0,0.0,0.0,9.0,4.5,36.0,18.0,44.4,2.0,4.2,19.0,152.0,0.0,,,,,,2.0,36.0,152.0,4.2,0.0,0.0,0.0,0.0,0.0,0.0,,4.0,0.1,148.0,4.1,,,,,,,0.0,2.0,0.0,0.0,4.0,0.0,0.0,0.0,0.0,0.0,0.0,0.0,0.0,0.0,0.0,0.0,0.0,0%,77%,0%,0.0,427.0,0.0
Ryan Fitzpatrick,FitzRy00,2019,37,MIA,QB,15,13,5-8-0,311,502,62.0,3529,20,4.0,13,2.6,182,45.0,51.0,7.0,6.66,11.3,235.3,85.5,68.3,40,209,7.38,6.13,5.78,3,4,10,,93.0,93.0,89.0,95.0,95.0,91.0,93.0,93.0,95.0,2264.0,4.5,7.3,15.0,192.0,5.7,28.0,66.0,48.0,358.0,72.8,66.0,564.0,17.7,87.0,154.0,26.7,15.0,13.0,75.0,0.0,0.0,75.0,3.0,4467.0,8.9,7.0,1265.0,4.1,2.3,35.0,7.6,9.0,0.0,0.0,0.0,0.0,0.0,0.0,16.0,3.6,54.0,20.0,51.9,4.0,4.5,16.2,243.0,0.0,,,,,,4.0,54.0,243.0,4.5,0.0,0.0,0.0,0.0,0.0,3.0,18.0,48.0,0.9,195.0,3.6,,,,,,,0.0,5.0,0.0,-8.0,9.0,0.0,0.0,0.0,0.0,0.0,0.0,0.0,0.0,0.0,0.0,0.0,0.0,0%,86%,0%,0.0,878.0,0.0
Ryan Fitzpatrick,FitzRy00,2020,38,MIA,QB,9,7,4-3-0,183,267,68.5,2091,13,4.9,8,3.0,106,54.4,70.0,7.8,7.46,11.4,232.3,95.6,70.9,14,65,4.98,7.21,6.85,1,1,7,,108.0,105.0,117.0,86.0,117.0,105.0,110.0,103.0,113.0,1236.0,4.6,6.8,5.0,99.0,3.8,10.0,31.0,22.0,211.0,79.9,41.0,341.0,14.0,37.0,67.0,22.6,16.0,14.0,109.0,1.0,0.0,109.0,1.0,2072.0,7.8,2.0,855.0,4.7,2.2,15.0,8.0,2.0,1.0,0.1,0.0,0.0,0.0,0.0,12.0,3.3,30.0,17.0,53.3,2.0,5.0,16.8,151.0,1.0,100.0,,0.0,0.0,0.0,2.0,31.0,151.0,4.9,-4.0,0.0,0.0,0.0,4.0,0.0,,20.0,0.7,131.0,4.4,-4.0,-4.0,,0.0,79.2,4.0,0.0,1.0,0.0,0.0,2.0,0.0,0.0,0.0,0.0,0.0,0.0,0.0,0.0,0.0,0.0,0.0,0.0,0%,84%,0%,0.0,496.0,0.0
Ryan Fitzpatrick,FitzRy00,2021,39,WAS,QB,1,1,0-1-0,3,6,50.0,13,0,0.0,0,0.0,0,14.3,6.0,2.2,2.17,4.3,13.0,56.2,3.0,1,2,14.29,1.57,1.57,0,0,0,,,,,,,,,,,7.0,1.2,2.3,0.0,0.0,16.7,1.0,2.0,1.0,5.0,83.3,2.0,2.0,16.7,1.0,4.0,50.0,0.0,0.0,0.0,0.0,0.0,0.0,0.0,4.0,0.7,0.0,6.0,2.0,1.8,1.0,2.0,1.0,0.0,0.0,0.0,0.0,0.0,0.0,0.0,1.0,1.0,2.0,0.0,0.0,2.0,2.0,2.0,0.0,,,,,,0.0,1.0,2.0,2.0,0.0,0.0,0.0,0.0,0.0,0.0,,0.0,0.0,2.0,2.0,,,,,,,0.0,0.0,0.0,0.0,1.0,0.0,0.0,0.0,0.0,0.0,0.0,0.0,0.0,0.0,0.0,0.0,0.0,0%,29%,0%,0.0,16.0,0.0
Ryan Tannehill,TannRy00,2012,24,MIA,QB,16,16,7-9-0,282,484,58.3,3294,12,2.5,13,2.7,151,42.0,80.0,6.8,6.09,11.7,205.9,76.1,48.4,35,234,6.74,5.9,5.23,1,1,10,,92.0,92.0,91.0,101.0,93.0,89.0,97.0,80.0,93.0,,,,,,,,,,,,,,,,,,,,,,,,,,,,,,,,,9.0,0.0,0.0,0.0,0.0,0.0,0.0,16.0,3.1,49.0,31.0,42.9,2.0,4.3,13.2,211.0,0.0,,,,,,2.0,49.0,211.0,4.3,,,,,,,,,,,,,,,,,,0.0,1.0,0.0,0.0,9.0,0.0,0.0,0.0,0.0,0.0,0.0,0.0,0.0,0.0,0.0,0.0,0.0,0%,95%,0%,0.0,981.0,0.0
Ryan Tannehill,TannRy00,2013,25,MIA,QB,16,16,8-8-0,355,588,60.4,3913,24,4.1,17,2.9,204,44.1,67.0,6.7,6.17,11.0,244.6,81.7,48.4,58,399,8.98,5.44,5.0,4,3,11,,87.0,91.0,95.0,95.0,82.0,93.0,79.0,96.0,89.0,,,,,,,,,,,,,,,,,,,,,,,,,,,,,,,,,9.0,0.0,0.0,0.0,0.0,0.0,0.0,12.0,2.5,40.0,48.0,47.5,1.0,6.0,14.9,238.0,0.0,,,,,,1.0,40.0,238.0,6.0,,,,,,,,,,,,,,,,,,0.0,3.0,0.0,-7.0,9.0,0.0,0.0,0.0,0.0,0.0,0.0,0.0,0.0,0.0,0.0,0.0,0.0,0%,99%,0%,0.0,1021.0,0.0
Ryan Tannehill,TannRy00,2014,26,MIA,QB,16,16,8-8-0,392,590,66.4,4045,27,4.6,12,2.0,225,47.3,50.0,6.9,6.86,10.3,252.8,92.8,60.5,46,337,7.23,5.83,5.83,2,1,14,,96.0,99.0,116.0,109.0,89.0,106.0,93.0,101.0,92.0,,,,,,,,,,,,,,,,,,,,,,,,,,,,,,,,,9.0,1.0,0.1,0.0,0.0,-0.3,-4.0,18.0,3.5,56.0,40.0,55.4,1.0,5.6,19.4,311.0,1.0,100.0,,0.0,-4.0,-4.0,1.0,57.0,307.0,5.4,,,,,,,,,,,,,,,,,,0.0,4.0,0.0,-10.0,9.0,0.0,0.0,0.0,0.0,0.0,0.0,0.0,0.0,0.0,0.0,0.0,0.0,0%,97%,0%,0.0,1065.0,0.0
Ryan Tannehill,TannRy00,2015,27,MIA,QB,16,16,6-10-0,363,586,61.9,4208,24,4.1,12,2.0,195,42.0,54.0,7.2,7.08,11.6,263.0,88.7,45.6,45,420,7.13,6.0,5.91,2,2,10,,96.0,101.0,96.0,106.0,91.0,99.0,91.0,96.0,99.0,,,,,,,,,,,,,,,,,,,,,,,,,,,,,,,,,10.0,1.0,0.1,1.0,0.0,0.6,9.0,8.0,2.0,32.0,28.0,37.5,1.0,4.4,8.8,141.0,1.0,100.0,9.0,100.0,9.0,9.0,1.0,33.0,150.0,4.5,,,,,,,,,,,,,,,,,,0.0,5.0,0.0,-15.0,10.0,0.0,0.0,0.0,0.0,0.0,0.0,0.0,0.0,0.0,0.0,0.0,0.0,0%,99%,0%,0.0,1025.0,0.0
Ryan Tannehill,TannRy00,2016,28,MIA,QB,13,13,8-5-0,261,389,67.1,2995,19,4.9,12,3.1,134,45.9,74.0,7.7,7.29,11.5,230.4,93.5,48.6,29,216,6.94,6.65,6.27,3,3,10,,102.0,105.0,117.0,87.0,107.0,107.0,93.0,106.0,113.0,,,,,,,,,,,,,,,,,,,,,,,,,,,,,,,,,9.0,0.0,0.0,0.0,0.0,0.0,0.0,11.0,3.0,39.0,18.0,48.7,1.0,4.2,12.6,164.0,0.0,,,,,,1.0,39.0,164.0,4.2,,,,,,,,,,,,,,,,,,0.0,3.0,0.0,-27.0,9.0,0.0,0.0,0.0,0.0,0.0,0.0,0.0,0.0,0.0,0.0,0.0,0.0,0%,98%,0%,0.0,758.0,0.0
Ryan Tannehill,TannRy00,2018,30,MIA,QB,11,11,5-6-0,176,274,64.2,1979,17,6.2,9,3.3,92,42.1,75.0,7.2,6.99,11.2,179.9,92.7,33.2,35,279,11.33,5.5,5.29,3,3,6,,89.0,99.0,103.0,85.0,85.0,103.0,64.0,119.0,100.0,908.0,3.3,5.2,0.0,97.0,4.2,11.0,32.0,30.0,,,,,15.5,41.0,97.0,30.7,,,,,,,1.0,2233.0,8.1,9.0,1071.0,6.1,2.4,7.0,10.1,5.0,1.0,0.1,1.0,1.0,0.3,3.0,9.0,2.9,32.0,20.0,40.6,0.0,4.5,13.2,145.0,1.0,100.0,3.0,100.0,3.0,3.0,1.0,33.0,148.0,4.5,2.0,0.0,0.0,0.0,1.0,1.0,32.0,12.0,0.4,133.0,4.2,2.0,2.0,,0.0,118.7,1.0,0.0,0.0,0.0,-14.0,5.0,0.0,0.0,0.0,0.0,0.0,0.0,0.0,0.0,0.0,0.0,0.0,0.0,0%,98%,0%,0.0,580.0,0.0
Ryan Tannehill,TannRy00,2019,31,TEN,QB,12,10,7-3-0,201,286,70.3,2742,22,7.7,6,2.1,126,51.4,91.0,9.6,10.18,13.6,228.5,117.5,64.2,31,212,9.78,7.98,8.52,2,3,11,"PB,AP CPoY-1",129.0,140.0,123.0,103.0,130.0,133.0,75.0,130.0,145.0,1494.0,5.2,7.4,6.0,104.0,3.2,9.0,24.0,25.0,225.0,80.9,74.0,1095.0,12.6,35.0,80.0,24.1,7.0,5.0,85.0,2.0,5.0,90.0,3.0,2715.0,9.5,5.0,1248.0,6.2,2.6,15.0,11.0,5.0,0.0,0.0,0.0,0.0,0.0,0.0,14.0,3.6,43.0,25.0,46.5,4.0,4.3,15.4,185.0,0.0,,,,,,4.0,43.0,185.0,4.3,0.0,0.0,0.0,0.0,0.0,1.0,43.0,29.0,0.7,156.0,3.6,,,,,,,0.0,1.0,0.0,-1.0,5.0,0.0,0.0,0.0,0.0,0.0,0.0,0.0,0.0,0.0,0.0,0.0,0.0,,,,,,
Ryan Tannehill,TannRy00,2020,32,TEN,QB,16,16,11-5-0,315,481,65.5,3819,33,6.9,7,1.5,202,52.1,75.0,7.9,8.66,12.1,238.7,106.5,72.6,24,173,4.75,7.22,7.9,5,6,16,,122.0,121.0,104.0,116.0,118.0,120.0,112.0,123.0,115.0,2295.0,4.8,7.3,8.0,161.0,4.3,20.0,61.0,36.0,357.0,77.3,158.0,1541.0,13.6,63.0,121.0,23.0,17.0,9.0,54.0,8.0,99.0,153.0,0.0,4029.0,8.4,19.0,1524.0,4.8,2.5,20.0,7.4,6.0,1.0,0.1,0.0,0.0,0.0,0.0,22.0,2.7,43.0,45.0,67.4,7.0,6.2,16.6,266.0,1.0,100.0,,0.0,0.0,0.0,7.0,44.0,266.0,6.0,0.0,0.0,0.0,0.0,0.0,0.0,,45.0,1.0,221.0,5.1,0.0,0.0,,0.0,79.2,0.0,0.0,3.0,0.0,-19.0,6.0,0.0,0.0,0.0,0.0,0.0,0.0,0.0,0.0,0.0,0.0,0.0,0.0,0%,98%,0%,0.0,1052.0,0.0
Ryan Tannehill,TannRy00,2021,33,TEN,QB,17,17,12-5-0,357,531,67.2,3734,21,4.0,14,2.6,201,46.2,57.0,7.0,6.64,10.5,219.6,89.6,61.8,47,327,8.13,5.89,5.53,3,4,13,,92.0,95.0,110.0,92.0,93.0,97.0,86.0,94.0,98.0,1958.0,3.7,5.5,10.0,166.0,4.4,23.0,64.0,31.0,411.0,78.9,132.0,1114.0,15.9,83.0,142.0,23.8,34.0,22.0,224.0,12.0,87.0,311.0,1.0,3958.0,7.5,9.0,1776.0,5.0,2.3,19.0,10.5,10.0,0.0,0.0,0.0,0.0,0.0,0.0,33.0,3.2,55.0,28.0,65.5,7.0,4.9,15.9,270.0,0.0,,,,,,7.0,55.0,270.0,4.9,0.0,0.0,0.0,0.0,0.0,2.0,27.5,59.0,1.1,211.0,3.8,,,,,,,0.0,1.0,0.0,1.0,10.0,0.0,0.0,0.0,0.0,0.0,0.0,0.0,0.0,1.0,2.0,0.0,1.0,0%,99%,0%,0.0,1168.0,0.0
Ryan Tannehill,TannRy00,2022,34,TEN,QB,12,12,6-6-0,212,325,65.2,2536,13,4.0,6,1.8,116,45.3,69.0,7.8,7.77,12.0,211.3,94.6,51.2,33,238,9.22,6.42,6.39,0,0,8,,106.0,114.0,103.0,110.0,105.0,107.0,80.0,96.0,118.0,1363.0,4.2,6.4,11.0,105.0,6.3,20.0,35.0,22.0,235.0,74.1,84.0,1052.0,12.0,38.0,90.0,24.3,28.0,25.0,172.0,2.0,26.0,198.0,1.0,2522.0,7.8,7.0,1173.0,5.5,2.5,13.0,7.2,3.0,0.0,0.0,0.0,0.0,0.0,0.0,12.0,2.8,34.0,17.0,44.1,2.0,2.9,8.2,98.0,0.0,,,,,,2.0,34.0,98.0,2.9,0.0,0.0,0.0,0.0,0.0,1.0,34.0,21.0,0.6,77.0,2.3,,,,,,,0.0,0.0,0.0,-1.0,3.0,0.0,0.0,0.0,0.0,0.0,0.0,0.0,0.0,0.0,2.0,0.0,2.0,0%,95%,0%,0.0,686.0,0.0
Ryan Tannehill,TannRy00,2023,35,TEN,QB,10,8,3-5-0,149,230,64.8,1616,4,1.7,7,3.0,74,40.8,70.0,7.0,6.0,10.8,161.6,78.5,35.8,32,230,12.21,5.29,4.39,1,1,5,,78.0,87.0,102.0,83.0,84.0,81.0,61.0,69.0,100.0,821.0,3.6,5.5,5.0,65.0,5.4,12.0,30.0,10.0,166.0,75.1,58.0,537.0,14.0,31.0,72.0,26.7,14.0,13.0,101.0,1.0,12.0,113.0,2.0,1817.0,7.9,7.0,795.0,5.3,2.4,8.0,8.3,4.0,0.0,0.0,0.0,0.0,0.0,0.0,4.0,1.7,17.0,23.0,35.3,1.0,4.4,7.4,74.0,1.0,0.0,,0.0,,0.0,1.0,17.0,74.0,4.4,0.0,0.0,0.0,0.0,0.0,0.0,,15.0,0.9,59.0,3.5,-1.0,,,0.0,39.6,,0.0,2.0,0.0,-12.0,4.0,0.0,0.0,0.0,0.0,0.0,0.0,0.0,0.0,0.0,0.0,0.0,0.0,0%,81%,1%,0.0,500.0,2.0
Sam Darnold,DarnSa00,2018,21,NYJ,QB,13,13,4-9-0,239,414,57.7,2865,17,4.1,15,3.6,130,43.2,76.0,6.9,6.11,12.0,220.4,77.6,45.9,30,204,6.76,5.99,5.24,1,1,7,,88.0,88.0,78.0,79.0,95.0,83.0,99.0,96.0,94.0,1605.0,3.9,6.7,0.0,107.0,4.9,19.0,12.0,69.0,,,,,19.3,75.0,111.0,24.2,,,,,,,1.0,3843.0,9.3,24.0,1260.0,5.3,2.4,15.0,7.7,5.0,0.0,0.0,0.0,0.0,0.0,0.0,16.0,3.4,44.0,28.0,38.6,1.0,3.1,10.6,138.0,0.0,,,,,,1.0,44.0,138.0,3.1,0.0,0.0,0.0,0.0,0.0,2.0,22.0,48.0,1.1,90.0,2.0,,,,,,,0.0,2.0,0.0,-11.0,5.0,0.0,0.0,0.0,0.0,0.0,0.0,0.0,0.0,0.0,0.0,0.0,0.0,0%,100%,0%,0.0,810.0,0.0
Sam Darnold,DarnSa00,2019,22,NYJ,QB,13,13,7-6-0,273,441,61.9,3024,19,4.3,13,2.9,147,43.7,92.0,6.9,6.39,11.1,232.6,84.3,45.6,33,212,6.96,5.93,5.5,2,3,6,,90.0,89.0,89.0,88.0,92.0,89.0,96.0,96.0,92.0,1549.0,3.5,5.7,10.0,166.0,6.0,25.0,39.0,63.0,313.0,75.2,92.0,675.0,17.8,74.0,135.0,28.0,35.0,32.0,235.0,2.0,6.0,241.0,2.0,3614.0,8.2,23.0,1475.0,5.4,2.5,8.0,8.0,11.0,0.0,0.0,0.0,0.0,0.0,0.0,6.0,2.5,33.0,24.0,27.3,2.0,1.9,4.8,62.0,0.0,,,,,,2.0,33.0,62.0,1.9,0.0,0.0,0.0,0.0,0.0,0.0,,8.0,0.2,54.0,1.6,,,,,,,0.0,3.0,0.0,-16.0,11.0,0.0,0.0,0.0,0.0,0.0,0.0,0.0,0.0,0.0,0.0,0.0,0.0,0%,100%,0%,0.0,840.0,0.0
Sam Darnold,DarnSa00,2020,23,NYJ,QB,12,12,2-10-0,217,364,59.6,2208,9,2.5,11,3.0,109,38.3,69.0,6.1,5.2,10.2,184.0,72.7,32.9,35,234,8.77,4.95,4.16,0,0,4,,73.0,75.0,79.0,85.0,74.0,74.0,80.0,79.0,77.0,1053.0,2.9,4.9,7.0,143.0,4.1,14.0,38.0,43.0,244.0,71.8,63.0,542.0,18.2,62.0,116.0,27.3,8.0,5.0,37.0,3.0,11.0,48.0,3.0,2794.0,7.7,21.0,1155.0,5.3,2.4,26.0,8.0,4.0,0.0,0.0,0.0,0.0,0.0,0.0,13.0,3.1,37.0,46.0,59.5,2.0,5.9,18.1,217.0,0.0,,,,,,2.0,37.0,217.0,5.9,0.0,0.0,0.0,0.0,0.0,1.0,37.0,72.0,1.9,145.0,3.9,,,,,,,0.0,0.0,0.0,0.0,4.0,0.0,0.0,0.0,0.0,0.0,0.0,0.0,0.0,0.0,0.0,0.0,0.0,0%,100%,0%,0.0,739.0,0.0
Sam Darnold,DarnSa00,2021,24,CAR,QB,12,11,4-7-0,243,406,59.9,2527,9,2.2,13,3.2,123,41.0,63.0,6.2,5.23,10.4,210.6,71.9,38.8,35,204,7.94,5.27,4.35,0,0,6,,77.0,76.0,79.0,81.0,81.0,73.0,88.0,77.0,81.0,1151.0,2.8,4.7,6.0,129.0,7.0,27.0,40.0,60.0,286.0,74.7,87.0,595.0,18.5,71.0,135.0,29.1,26.0,22.0,68.0,3.0,15.0,83.0,0.0,2947.0,7.3,23.0,1376.0,5.7,2.5,23.0,8.1,9.0,0.0,0.0,0.0,0.0,0.0,0.0,20.0,4.0,48.0,30.0,60.4,5.0,4.6,18.5,222.0,0.0,,,,,,5.0,48.0,222.0,4.6,0.0,0.0,0.0,0.0,0.0,2.0,24.0,17.0,0.4,205.0,4.3,,,,,,,0.0,3.0,0.0,5.0,9.0,0.0,0.0,0.0,0.0,0.0,0.0,0.0,0.0,0.0,0.0,0.0,0.0,0%,93%,0%,0.0,771.0,0.0
Sam Darnold,DarnSa00,2022,25,CAR,QB,6,6,4-2-0,82,140,58.6,1143,7,5.0,3,2.1,57,44.0,52.0,8.2,8.2,13.9,190.5,92.6,51.4,10,78,6.67,7.1,7.13,0,1,4,,117.0,121.0,73.0,104.0,120.0,104.0,98.0,108.0,126.0,553.0,4.0,6.7,3.0,49.0,5.9,7.0,9.0,13.0,91.0,77.1,52.0,414.0,13.6,16.0,32.0,20.1,17.0,15.0,100.0,2.0,0.0,100.0,3.0,1103.0,7.9,19.0,590.0,7.2,2.7,9.0,9.0,6.0,0.0,0.0,0.0,0.0,0.0,0.0,10.0,4.3,26.0,26.0,38.5,2.0,4.1,17.7,106.0,0.0,,,,,,2.0,26.0,106.0,4.1,0.0,0.0,0.0,0.0,0.0,0.0,,24.0,0.9,82.0,3.2,,,,,,,0.0,3.0,0.0,-1.0,6.0,0.0,0.0,0.0,0.0,0.0,0.0,0.0,0.0,0.0,0.0,0.0,0.0,0%,100%,0%,0.0,377.0,0.0
Sam Darnold,DarnSa00,2023,26,SFO,QB,10,1,0-1-0,28,46,60.9,297,2,4.3,1,2.2,15,46.2,48.0,6.5,6.35,10.6,29.7,85.1,50.1,6,40,11.54,4.94,4.85,0,0,1,,,,,,,,,,,142.0,3.1,5.1,0.0,8.0,0.0,0.0,2.0,1.0,31.0,68.9,6.0,17.0,26.7,12.0,9.0,16.4,4.0,4.0,26.0,0.0,0.0,26.0,1.0,371.0,8.1,0.0,155.0,5.5,2.9,3.0,5.0,3.0,0.0,0.0,0.0,0.0,0.0,0.0,3.0,2.1,21.0,9.0,23.8,1.0,0.7,1.5,15.0,0.0,,,,,,1.0,21.0,15.0,0.7,0.0,0.0,0.0,0.0,0.0,0.0,,6.0,0.3,9.0,0.4,,,,,,,0.0,2.0,0.0,-1.0,3.0,0.0,0.0,0.0,0.0,0.0,0.0,0.0,0.0,0.0,0.0,0.0,0.0,0%,20%,0%,0.0,130.0,0.0
Sam Darnold,DarnSa00,2024,27,MIN,QB,17,17,14-3-0,361,545,66.2,4319,35,6.4,12,2.2,218,47.7,97.0,7.9,8.22,12.0,254.1,102.5,57.3,48,335,8.09,6.72,6.99,3,5,14,"PB,AP MVP-10,AP CPoY-3",114.0,119.0,105.0,101.0,111.0,118.0,92.0,125.0,118.0,2566.0,4.7,7.1,10.0,137.0,3.7,19.0,52.0,52.0,400.0,77.7,0.0,0.0,15.0,77.0,152.0,24.5,0.0,0.0,0.0,0.0,0.0,0.0,1.0,4561.0,8.4,29.0,1753.0,4.9,2.6,28.0,7.9,8.0,0.0,0.0,0.0,0.0,0.0,0.0,26.0,3.9,67.0,19.0,41.8,1.0,3.2,12.5,212.0,0.0,,,,,,1.0,67.0,212.0,3.2,0.0,0.0,0.0,0.0,0.0,1.0,67.0,57.0,0.9,155.0,2.3,,,,,,,0.0,2.0,0.0,-27.0,8.0,0.0,0.0,0.0,0.0,0.0,0.0,0.0,0.0,0.0,0.0,0.0,0.0,,,,,,
Sam Darnold,DarnSa00,2025,28,SEA,QB,17,17,14-3-0,323,477,67.7,4048,25,5.2,14,2.9,178,50.0,67.0,8.5,8.21,12.5,238.1,99.1,55.6,27,186,5.36,7.66,7.4,2,4,13,PB,119.0,118.0,111.0,87.0,131.0,111.0,110.0,108.0,131.0,2270.0,4.8,7.0,16.0,149.0,3.3,15.0,35.0,47.0,360.0,79.8,123.0,1394.0,14.6,66.0,109.0,21.0,17.0,17.0,154.0,0.0,0.0,154.0,4.0,3742.0,7.8,22.0,1778.0,5.5,2.4,14.0,6.4,11.0,0.0,0.0,0.0,0.0,0.0,0.0,10.0,2.1,35.0,24.0,40.0,0.0,2.7,5.6,95.0,0.0,,,,,,0.0,35.0,95.0,2.7,0.0,0.0,0.0,0.0,0.0,0.0,,8.0,0.2,87.0,2.5,,,,,,,1.0,1.0,0.0,-4.0,11.0,0.0,0.0,0.0,0.0,0.0,0.0,0.0,0.0,0.0,0.0,0.0,0.0,,,,,,
Steve Young,YounSt00,1985,24,TAM,QB,5,5,1-4-0,72,138,52.2,935,3,2.2,8,5.8,47,36.5,59.0,6.8,4.6,13.0,187.0,56.9,,21,158,13.21,4.89,3.0,1,1,4,,75.0,81.0,88.0,77.0,81.0,77.0,69.0,78.0,94.0,,,,,,,,,,,,,,,,,,,,,,,,,,,,,,,,,4.0,0.0,0.0,0.0,0.0,0.0,0.0,12.0,8.0,40.0,20.0,52.5,1.0,5.8,46.6,233.0,0.0,,,,,,1.0,40.0,233.0,5.8,,,,,,,,,,,,,,,,,,0.0,1.0,0.0,-1.0,4.0,0.0,0.0,0.0,0.0,,,0.0,0.0,0.0,0.0,,0.0,,,,,,
Steve Young,YounSt00,1986,25,TAM,QB,14,14,2-12-0,195,363,53.7,2282,8,2.2,13,3.6,109,37.3,46.0,6.3,5.12,11.7,163.0,65.5,,47,326,11.46,4.77,3.73,0,0,9,,83.0,88.0,95.0,106.0,77.0,88.0,78.0,78.0,84.0,,,,,,,,,,,,,,,,,,,,,,,,,,,,,,,,,11.0,0.0,0.0,0.0,0.0,0.0,0.0,30.0,5.3,74.0,31.0,58.1,5.0,5.7,30.4,425.0,0.0,,,,,,5.0,74.0,425.0,5.7,,,,,,,,,,,,,,,,,,0.0,4.0,0.0,-24.0,11.0,0.0,0.0,0.0,0.0,,,0.0,0.0,0.0,0.0,,0.0,,,,,,
Steve Young,YounSt00,1987,26,SFO,QB,8,3,2-1-0,37,69,53.6,570,10,14.5,0,0.0,30,47.2,50.0,8.3,11.16,15.4,71.3,120.8,,3,25,4.17,7.57,10.35,0,0,4,,173.0,168.0,96.0,155.0,134.0,160.0,119.0,209.0,127.0,,,,,,,,,,,,,,,,,,,,,,,,,,,,,,,,,0.0,0.0,0.0,0.0,0.0,0.0,0.0,8.0,3.3,26.0,29.0,61.5,1.0,7.3,23.8,190.0,0.0,,,,,,1.0,26.0,190.0,7.3,,,,,,,,,,,,,,,,,,,,,,,,,,,,,,,,,,,,,,,,
Steve Young,YounSt00,1988,27,SFO,QB,11,3,2-1-0,54,101,53.5,680,3,3.0,3,3.0,35,40.4,73.0,6.7,5.99,12.6,61.8,72.2,,13,75,11.4,5.31,4.65,1,1,4,,94.0,99.0,95.0,113.0,86.0,97.0,73.0,87.0,94.0,,,,,,,,,,,,,,,,,,,,,,,,,,,,,,,,,5.0,0.0,0.0,0.0,0.0,0.0,0.0,6.0,2.5,27.0,49.0,37.0,1.0,6.8,16.7,184.0,0.0,,,,,,1.0,27.0,184.0,6.8,,,,,,,,,,,,,,,,,,0.0,2.0,0.0,-10.0,5.0,0.0,0.0,0.0,0.0,,,0.0,0.0,0.0,0.0,,0.0,,,,,,
Steve Young,YounSt00,1989,28,SFO,QB,10,3,3-0-0,64,92,69.6,1001,8,8.7,3,3.3,48,55.8,50.0,10.9,11.15,15.6,100.1,120.8,,12,84,11.54,8.82,9.06,0,1,5,,151.0,166.0,149.0,107.0,156.0,159.0,71.0,155.0,182.0,,,,,,,,,,,,,,,,,,,,,,,,,,,,,,,,,2.0,0.0,0.0,0.0,0.0,0.0,0.0,12.0,3.8,38.0,22.0,39.5,2.0,3.3,12.6,126.0,0.0,,,,,,2.0,38.0,126.0,3.3,,,,,,,,,,,,,,,,,,0.0,1.0,0.0,0.0,2.0,0.0,0.0,0.0,0.0,,,0.0,0.0,0.0,0.0,,0.0,,,,,,
Steve Young,YounSt00,1990,29,SFO,QB,6,1,0-1-0,38,62,61.3,427,2,3.2,0,0.0,19,44.3,34.0,6.9,7.53,11.2,71.2,92.6,,8,41,11.43,5.51,6.09,1,1,2,,111.0,119.0,119.0,151.0,90.0,123.0,72.0,92.0,97.0,,,,,,,,,,,,,,,,,,,,,,,,,,,,,,,,,1.0,0.0,0.0,0.0,0.0,0.0,0.0,11.0,2.5,15.0,31.0,86.7,0.0,10.6,26.5,159.0,0.0,,,,,,0.0,15.0,159.0,10.6,,,,,,,,,,,,,,,,,,0.0,0.0,0.0,0.0,1.0,0.0,0.0,0.0,0.0,,,0.0,0.0,0.0,0.0,,0.0,,,,,,
Steve Young,YounSt00,1991,30,SFO,QB,11,10,5-5-0,180,279,64.5,2517,17,6.1,8,2.9,109,52.1,97.0,9.0,8.95,14.0,228.8,101.8,,13,79,4.45,8.35,8.28,0,0,14,,140.0,140.0,127.0,111.0,145.0,135.0,117.0,126.0,145.0,,,,,,,,,,,,,,,,,,,,,,,,,,,,,,,,,3.0,0.0,0.0,0.0,0.0,0.0,0.0,28.0,6.0,66.0,21.0,63.6,4.0,6.3,37.7,415.0,0.0,,,,,,4.0,66.0,415.0,6.3,,,,,,,,,,,,,,,,,,0.0,1.0,0.0,-6.0,3.0,0.0,0.0,0.0,0.0,,,0.0,0.0,0.0,0.0,,0.0,,,,,,
Steve Young,YounSt00,1992,31,SFO,QB,16,16,14-2-0,268,402,66.7,3465,25,6.2,7,1.7,160,51.7,80.0,8.6,9.08,12.9,216.6,107.0,,29,152,6.73,7.69,8.12,3,5,22,"PB,AP-1,AP MVP-1,AP OPoY-1",139.0,142.0,129.0,126.0,132.0,142.0,102.0,130.0,134.0,,,,,,,,,,,,,,,,,,,,,,,,,,,,,,,,,9.0,0.0,0.0,0.0,0.0,0.0,0.0,33.0,4.8,76.0,39.0,52.6,4.0,7.1,33.6,537.0,0.0,,,,,,4.0,76.0,537.0,7.1,,,,,,,,,,,,,,,,,,0.0,3.0,0.0,-13.0,9.0,0.0,0.0,0.0,0.0,,,0.0,0.0,0.0,0.0,,0.0,,,,,,
Steve Young,YounSt00,1993,32,SFO,QB,16,16,10-6-0,314,462,68.0,4023,29,6.3,16,3.5,188,54.6,80.0,8.7,8.4,12.8,251.4,101.5,,31,160,6.29,7.84,7.55,0,0,22,"PB,AP-1,AP MVP-2,AP OPoY-2",132.0,133.0,130.0,99.0,136.0,133.0,103.0,133.0,138.0,,,,,,,,,,,,,,,,,,,,,,,,,,,,,,,,,8.0,2.0,0.1,0.0,0.0,0.1,2.0,28.0,4.3,69.0,35.0,55.1,2.0,5.9,25.4,407.0,2.0,100.0,6.0,50.0,1.0,1.0,2.0,71.0,409.0,5.8,,,,,,,,,,,,,,,,,,0.0,2.0,0.0,-4.0,8.0,0.0,0.0,0.0,0.0,,,0.0,0.0,0.0,0.0,,0.0,,,,,,
Steve Young,YounSt00,1994,33,SFO,QB,16,16,13-3-0,324,461,70.3,3969,35,7.6,10,2.2,188,55.9,69.0,8.6,9.15,12.3,248.1,112.8,,31,163,6.3,7.74,8.24,1,1,22,"PB,AP-1,AP MVP-1,AP OPoY-2",141.0,143.0,138.0,115.0,136.0,147.0,100.0,147.0,139.0,,,,,,,,,,,,,,,,,,,,,,,,,,,,,,,,,4.0,0.0,0.0,0.0,0.0,0.0,0.0,27.0,3.6,58.0,27.0,60.3,7.0,5.1,18.3,293.0,0.0,,,,,,7.0,58.0,293.0,5.1,,,,,,,,,,,,,,,,,,0.0,1.0,0.0,-4.0,4.0,0.0,0.0,0.0,0.0,,,0.0,0.0,0.0,0.0,,0.0,,,,,,
Steve Young,YounSt00,1995,34,SFO,QB,11,11,8-3-0,299,447,66.9,3200,20,4.5,11,2.5,159,50.8,57.0,7.2,6.95,10.7,290.9,92.3,,25,115,5.3,6.54,6.33,0,0,13,"PB,AP-2",116.0,113.0,130.0,112.0,114.0,120.0,106.0,107.0,110.0,,,,,,,,,,,,,,,,,,,,,,,,,,,,,,,,,3.0,0.0,0.0,0.0,0.0,0.0,0.0,25.0,4.5,50.0,29.0,74.0,3.0,5.0,22.7,250.0,0.0,,,,,,3.0,50.0,250.0,5.0,,,,,,,,,,,,,,,,,,0.0,0.0,0.0,0.0,3.0,0.0,0.0,0.0,0.0,,,0.0,0.0,0.0,0.0,,0.0,,,,,,
Steve Young,YounSt00,1996,35,SFO,QB,12,12,9-3-0,214,316,67.7,2410,14,4.4,6,1.9,124,49.1,52.0,7.6,7.66,11.3,200.8,97.2,,34,160,9.71,6.43,6.46,2,2,12,PB,119.0,124.0,139.0,120.0,114.0,128.0,80.0,106.0,123.0,,,,,,,,,,,,,,,,,,,,,,,,,,,,,,,,,3.0,0.0,0.0,0.0,0.0,0.0,0.0,19.0,4.3,52.0,33.0,57.7,4.0,6.0,25.8,310.0,0.0,,,,,,4.0,52.0,310.0,6.0,,,,,,,,,,,,,,,,,,0.0,1.0,0.0,0.0,3.0,0.0,0.0,0.0,0.0,,,0.0,0.0,0.0,0.0,,0.0,,,,,,
Steve Young,YounSt00,1997,36,SFO,QB,15,15,12-3-0,241,356,67.7,3029,19,5.3,6,1.7,147,48.6,82.0,8.5,8.82,12.6,201.9,104.7,,35,220,8.95,7.18,7.47,1,1,14,"PB,AP-2,AP MVP-4",128.0,133.0,142.0,122.0,127.0,134.0,88.0,114.0,134.0,,,,,,,,,,,,,,,,,,,,,,,,,,,,,,,,,4.0,0.0,0.0,0.0,0.0,0.0,0.0,15.0,3.3,50.0,13.0,36.0,3.0,4.0,13.3,199.0,0.0,,,,,,3.0,50.0,199.0,4.0,,,,,,,,,,,,,,,,,,0.0,2.0,0.0,-11.0,4.0,0.0,0.0,0.0,0.0,,,0.0,0.0,0.0,0.0,,0.0,,,,,,
Steve Young,YounSt00,1998,37,SFO,QB,15,15,11-4-0,322,517,62.3,4170,36,7.0,12,2.3,206,46.2,81.0,8.1,8.41,13.0,278.0,101.1,,48,234,8.5,6.97,7.28,2,3,19,"PB,AP-2,AP OPoY-4",125.0,126.0,123.0,112.0,121.0,128.0,92.0,130.0,123.0,,,,,,,,,,,,,,,,,,,,,,,,,,,,,,,,,9.0,0.0,0.0,0.0,0.0,0.0,0.0,35.0,4.7,70.0,24.0,54.3,6.0,6.5,30.3,454.0,0.0,,,,,,6.0,70.0,454.0,6.5,,,,,,,,,,,,,,,,,,0.0,1.0,0.0,0.0,9.0,0.0,0.0,0.0,0.0,,,0.0,0.0,0.0,0.0,,0.0,,,,,,
Steve Young,YounSt00,1999,38,SFO,QB,3,3,2-1-0,45,84,53.6,446,3,3.6,4,4.8,17,37.0,53.0,5.3,3.88,9.9,148.7,60.9,,8,63,8.7,4.16,2.86,1,0,2,,74.0,76.0,86.0,80.0,73.0,80.0,90.0,95.0,76.0,,,,,,,,,,,,,,,,,,,,,,,,,,,,,,,,,2.0,0.0,0.0,0.0,0.0,0.0,0.0,3.0,3.7,11.0,14.0,45.5,0.0,5.2,19.0,57.0,0.0,,,,,,0.0,11.0,57.0,5.2,,,,,,,,,,,,,,,,,,0.0,0.0,0.0,0.0,2.0,0.0,0.0,0.0,0.0,0.0,,0.0,0.0,,,,,,,,,,
Tom Brady,BradTo00,2000,23,NWE,QB,1,0,,1,3,33.3,6,0,0.0,0,0.0,0,,6.0,2.0,2.0,6.0,6.0,42.4,,0,0,0.0,2.0,2.0,0,0,0,,,,,,,,,,,,,,,,,,,,,,,,,,,,,,,,,,,,,,,,,,,,,,,,,,,,,,,,,,,,,,,,,,,,,,,,,,,,,,,,,,,,,,,,,,,,,,,,,,,,,,,,,,,,
Tom Brady,BradTo00,2001,24,NWE,QB,15,14,11-3-0,264,413,63.9,2843,18,4.4,12,2.9,145,45.6,91.0,6.9,6.45,10.8,189.5,86.5,,41,216,9.03,5.79,5.39,3,3,12,PB,102.0,105.0,117.0,105.0,99.0,111.0,86.0,106.0,103.0,,,,,,,,,,,,,,,,,,,,,,,,,,,,,,,,,12.0,1.0,0.1,1.0,0.0,1.5,23.0,7.0,2.4,36.0,12.0,25.0,0.0,1.2,2.9,43.0,1.0,100.0,23.0,100.0,23.0,23.0,0.0,37.0,66.0,1.8,,,,,,,,,,,,,,,,,,0.0,4.0,0.0,-18.0,12.0,0.0,0.0,0.0,0.0,0.0,,0.0,0.0,0.0,0.0,0.0,0.0,,,,,,
Tom Brady,BradTo00,2002,25,NWE,QB,16,16,9-7-0,373,601,62.1,3764,28,4.7,14,2.3,185,46.0,49.0,6.3,6.15,10.1,235.3,85.7,,31,190,4.91,5.66,5.54,2,3,13,,105.0,102.0,110.0,115.0,96.0,110.0,111.0,111.0,90.0,,,,,,,,,,,,,,,,,,,,,,,,,,,,,,,,,11.0,0.0,0.0,0.0,0.0,0.0,0.0,20.0,2.6,42.0,15.0,54.8,1.0,2.6,6.9,110.0,0.0,,,,,,1.0,42.0,110.0,2.6,,,,,,,,,,,,,,,,,,0.0,5.0,0.0,-32.0,11.0,0.0,0.0,0.0,0.0,0.0,,0.0,0.0,0.0,0.0,0.0,0.0,,,,,,
Tom Brady,BradTo00,2003,26,NWE,QB,16,16,14-2-0,317,527,60.2,3620,23,4.4,12,2.3,175,43.1,82.0,6.9,6.72,11.4,226.3,85.9,,32,219,5.72,6.08,5.94,3,5,11,AP MVP-3,107.0,107.0,102.0,115.0,102.0,107.0,105.0,103.0,101.0,,,,,,,,,,,,,,,,,,,,,,,,,,,,,,,,,13.0,0.0,0.0,0.0,0.0,0.0,0.0,11.0,2.6,42.0,11.0,28.6,1.0,1.5,3.9,63.0,0.0,,,,,,1.0,42.0,63.0,1.5,,,,,,,,,,,,,,,,,,0.0,3.0,0.0,-5.0,13.0,0.0,0.0,0.0,0.0,0.0,,0.0,0.0,0.0,0.0,0.0,0.0,,,,,,
Tom Brady,BradTo00,2004,27,NWE,QB,16,16,14-2-0,288,474,60.8,3692,28,5.9,14,3.0,187,48.0,50.0,7.8,7.64,12.8,230.8,92.6,,26,162,5.2,7.06,6.92,0,1,16,PB,118.0,117.0,105.0,104.0,118.0,115.0,110.0,122.0,117.0,,,,,,,,,,,,,,,,,,,,,,,,,,,,,,,,,7.0,0.0,0.0,0.0,0.0,0.0,0.0,12.0,2.7,43.0,10.0,27.9,0.0,0.7,1.8,28.0,0.0,,,,,,0.0,43.0,28.0,0.7,,,,,,,,,,,,,,,,,,0.0,1.0,0.0,-17.0,7.0,0.0,0.0,0.0,0.0,0.0,,0.0,0.0,0.0,0.0,0.0,0.0,,,,,,
Tom Brady,BradTo00,2005,28,NWE,QB,16,16,10-6-0,334,530,63.0,4110,26,4.9,14,2.6,197,49.6,71.0,7.8,7.55,12.3,256.9,92.3,,26,188,4.68,7.05,6.86,3,4,15,"PB,AP-2,AP MVP-3,AP OPoY-4",116.0,115.0,111.0,108.0,117.0,114.0,113.0,110.0,115.0,,,,,,,,,,,,,,,,,,,,,,,,,,,,,,,,,4.0,0.0,0.0,0.0,0.0,0.0,0.0,15.0,1.7,27.0,15.0,63.0,1.0,3.3,5.6,89.0,0.0,,,,,,1.0,27.0,89.0,3.3,,,,,,,,,,,,,,,,,,0.0,0.0,0.0,0.0,4.0,0.0,0.0,0.0,0.0,0.0,,0.0,0.0,,,,,,,,,,
Tom Brady,BradTo00,2006,29,NWE,QB,16,16,12-4-0,319,516,61.8,3529,24,4.7,12,2.3,176,47.4,62.0,6.8,6.72,11.1,220.6,87.9,68.6,26,175,4.8,6.19,6.08,2,2,14,,108.0,106.0,106.0,113.0,104.0,109.0,110.0,107.0,100.0,,,,,,,,,,,,,,,,,,,,,,,,,,,,,,,,,12.0,0.0,0.0,0.0,0.0,0.0,0.0,13.0,3.1,49.0,22.0,32.7,0.0,2.1,6.4,102.0,0.0,,,,,,0.0,49.0,102.0,2.1,,,,,,,,,,,,,,,,,,0.0,1.0,0.0,-2.0,12.0,0.0,0.0,0.0,0.0,0.0,0.0,0.0,0.0,0.0,0.0,0.0,0.0,,,,,,
Tom Brady,BradTo00,2007,30,NWE,QB,16,16,16-0-0,398,578,68.9,4806,50,8.7,8,1.4,240,57.8,69.0,8.3,9.42,12.1,300.4,117.2,87.0,21,128,3.51,7.81,8.88,4,4,23,"PB,AP-1,AP MVP-1,AP OPoY-1",142.0,142.0,129.0,126.0,132.0,148.0,117.0,153.0,130.0,,,,,,,,,,,,,,,,,,,,,,,,,,,,,,,,,6.0,0.0,0.0,0.0,0.0,0.0,0.0,14.0,2.3,37.0,19.0,48.6,2.0,2.6,6.1,98.0,0.0,,,,,,2.0,37.0,98.0,2.6,,,,,,,,,,,,,,,,,,0.0,1.0,0.0,0.0,6.0,0.0,0.0,0.0,0.0,0.0,0.0,0.0,0.0,0.0,0.0,0.0,0.0,,,,,,
Tom Brady,BradTo00,2008,31,NWE,QB,1,1,1-0-0,7,11,63.6,76,0,0.0,0,0.0,3,54.5,26.0,6.9,6.91,10.9,76.0,83.9,59.5,0,0,0.0,6.91,6.91,0,0,0,,,,,,,,,,,,,,,,,,,,,,,,,,,,,,,,,,,,,,,,,,,,,,,,,,,,,,,,,,,,,,,,,,,,,,,,,,,,,,,,,,,,,,,,,,,,,,,,,,,,,,,,,,,,
Tom Brady,BradTo00,2009,32,NWE,QB,16,16,10-6-0,371,565,65.7,4398,28,5.0,13,2.3,215,54.6,81.0,7.8,7.74,11.9,274.9,96.2,74.1,16,86,2.75,7.42,7.38,1,1,17,"PB,AP CPoY-1",120.0,115.0,116.0,109.0,122.0,116.0,125.0,110.0,115.0,,,,,,,,,,,,,,,,,,,,,,,,,,,,,,,,,4.0,0.0,0.0,0.0,0.0,0.0,0.0,9.0,1.8,29.0,9.0,37.9,1.0,1.5,2.8,44.0,0.0,,,,,,1.0,29.0,44.0,1.5,,,,,,,,,,,,,,,,,,0.0,0.0,0.0,0.0,4.0,0.0,0.0,0.0,0.0,0.0,,0.0,0.0,0.0,0.0,,0.0,,,,,,
Tom Brady,BradTo00,2010,33,NWE,QB,16,16,14-2-0,324,492,65.9,3900,36,7.3,4,0.8,189,50.1,79.0,7.9,9.02,12.0,243.8,111.0,79.1,25,175,4.84,7.21,8.25,2,3,18,"PB,AP-1,AP MVP-1,AP OPoY-1",128.0,127.0,117.0,129.0,116.0,130.0,110.0,135.0,115.0,,,,,,,,,,,,,,,,,,,,,,,,,,,,,,,,,3.0,0.0,0.0,0.0,0.0,0.0,0.0,10.0,1.9,31.0,9.0,32.3,1.0,1.0,1.9,30.0,0.0,,,,,,1.0,31.0,30.0,1.0,,,,,,,,,,,,,,,,,,0.0,1.0,0.0,-5.0,3.0,0.0,0.0,0.0,0.0,0.0,,0.0,0.0,0.0,0.0,,0.0,,,,,,
Tom Brady,BradTo00,2011,34,NWE,QB,16,16,13-3-0,401,611,65.6,5235,39,6.4,12,2.0,262,55.5,99.0,8.6,8.96,13.1,327.2,105.6,73.8,32,173,4.98,7.87,8.25,1,2,21,PB,132.0,130.0,118.0,114.0,132.0,127.0,110.0,124.0,130.0,,,,,,,,,,,,,,,,,,,,,,,,,,,,,,,,,6.0,0.0,0.0,0.0,0.0,0.0,0.0,23.0,2.7,43.0,13.0,62.8,3.0,2.5,6.8,109.0,0.0,,,,,,3.0,43.0,109.0,2.5,,,,,,,,,,,,,,,,,,0.0,3.0,0.0,-8.0,6.0,0.0,0.0,0.0,0.0,0.0,0.0,0.0,0.0,0.0,0.0,0.0,0.0,,,,,,
Tom Brady,BradTo00,2012,35,NWE,QB,16,16,12-4-0,401,637,63.0,4827,34,5.3,8,1.3,256,52.7,83.0,7.6,8.08,12.0,301.7,98.7,76.1,27,182,4.07,7.0,7.48,1,2,19,"PB,AP OPoY-3",120.0,117.0,108.0,124.0,114.0,116.0,119.0,111.0,109.0,,,,,,,,,,,,,,,,,,,,,,,,,,,,,,,,,2.0,0.0,0.0,0.0,0.0,0.0,0.0,12.0,1.4,23.0,7.0,56.5,4.0,1.4,2.0,32.0,0.0,,,,,,4.0,23.0,32.0,1.4,,,,,,,,,,,,,,,,,,0.0,1.0,0.0,-3.0,2.0,0.0,0.0,0.0,0.0,0.0,0.0,0.0,0.0,0.0,0.0,0.0,0.0,,,,,,
Tom Brady,BradTo00,2013,36,NWE,QB,16,16,12-4-0,380,628,60.5,4343,25,4.0,11,1.8,226,45.2,81.0,6.9,6.92,11.4,271.4,87.3,63.1,40,256,5.99,6.12,6.13,5,5,13,"PB,AP MVP-2,AP OPoY-4",102.0,101.0,96.0,115.0,97.0,101.0,103.0,95.0,95.0,,,,,,,,,,,,,,,,,,,,,,,,,,,,,,,,,9.0,0.0,0.0,0.0,0.0,0.0,0.0,5.0,2.0,32.0,11.0,18.8,0.0,0.6,1.1,18.0,0.0,,,,,,0.0,32.0,18.0,0.6,,,,,,,,,,,,,,,,,,0.0,5.0,0.0,-10.0,9.0,0.0,0.0,0.0,0.0,0.0,0.0,0.0,0.0,0.0,0.0,0.0,0.0,,,,,,
Tom Brady,BradTo00,2014,37,NWE,QB,16,16,12-4-0,373,582,64.1,4109,33,5.7,9,1.5,221,49.1,69.0,7.1,7.5,11.0,256.8,97.4,77.2,21,134,3.48,6.59,7.01,2,2,16,"PB,AP MVP-5",113.0,108.0,107.0,117.0,106.0,112.0,122.0,113.0,97.0,,,,,,,,,,,,,,,,,,,,,,,,,,,,,,,,,6.0,0.0,0.0,0.0,0.0,0.0,0.0,11.0,2.3,36.0,17.0,36.1,0.0,1.6,3.6,57.0,0.0,,,,,,0.0,36.0,57.0,1.6,,,,,,,,,,,,,,,,,,0.0,1.0,0.0,-4.0,6.0,0.0,0.0,0.0,0.0,0.0,0.0,0.0,0.0,0.0,0.0,0.0,0.0,,,,,,
Tom Brady,BradTo00,2015,38,NWE,QB,16,16,12-4-0,402,624,64.4,4770,36,5.8,7,1.1,229,47.4,76.0,7.6,8.29,11.9,298.1,102.2,68.4,38,225,5.74,6.87,7.48,2,2,18,"PB,AP MVP-2,AP OPoY-4",119.0,119.0,106.0,123.0,111.0,119.0,103.0,116.0,111.0,,,,,,,,,,,,,,,,,,,,,,,,,,,,,,,,,6.0,1.0,0.1,1.0,0.0,2.3,36.0,14.0,2.1,34.0,13.0,41.2,3.0,1.6,3.3,53.0,1.0,100.0,36.0,100.0,36.0,36.0,3.0,35.0,89.0,2.5,,,,,,,,,,,,,,,,,,0.0,2.0,0.0,0.0,6.0,0.0,0.0,0.0,0.0,0.0,0.0,0.0,0.0,0.0,0.0,0.0,0.0,,,,,,
Tom Brady,BradTo00,2016,39,NWE,QB,12,12,11-1-0,291,432,67.4,3554,28,6.5,2,0.5,165,50.6,79.0,8.2,9.31,12.2,296.2,112.2,79.4,15,87,3.36,7.76,8.81,1,1,13,"PB,AP-2,AP MVP-2,AP OPoY-4",138.0,133.0,119.0,134.0,131.0,133.0,123.0,125.0,125.0,,,,,,,,,,,,,,,,,,,,,,,,,,,,,,,,,5.0,0.0,0.0,0.0,0.0,0.0,0.0,11.0,2.3,28.0,15.0,42.9,0.0,2.3,5.3,64.0,0.0,,,,,,0.0,28.0,64.0,2.3,,,,,,,,,,,,,,,,,,0.0,4.0,0.0,-1.0,5.0,0.0,0.0,0.0,0.0,0.0,0.0,0.0,0.0,0.0,0.0,0.0,0.0,,,,,,
Tom Brady,BradTo00,2017,40,NWE,QB,16,16,13-3-0,385,581,66.3,4577,32,5.5,8,1.4,230,49.7,64.0,7.9,8.36,11.9,286.1,102.8,71.1,35,201,5.68,7.1,7.56,2,2,20,"PB,AP-1,AP MVP-1,AP OPoY-3",119.0,118.0,110.0,116.0,115.0,117.0,105.0,112.0,114.0,,,,,,,,,,,,,,,,,,,,,,,,,,,,,,,,,7.0,0.0,0.0,0.0,0.0,0.0,0.0,8.0,1.6,25.0,7.0,32.0,0.0,1.1,1.8,28.0,0.0,,,,,,0.0,25.0,28.0,1.1,,,,,,,,,,,,,,,,,,0.0,2.0,0.0,-24.0,7.0,0.0,0.0,0.0,0.0,0.0,0.0,0.0,0.0,0.0,0.0,0.0,0.0,,,,,,
Tom Brady,BradTo00,2018,41,NWE,QB,16,16,11-5-0,375,570,65.8,4355,29,5.1,11,1.9,205,51.8,63.0,7.6,7.79,11.6,272.2,97.7,68.4,21,147,3.55,7.12,7.26,1,2,14,PB,115.0,110.0,108.0,107.0,116.0,110.0,123.0,107.0,109.0,2234.0,3.9,6.0,0.0,108.0,4.6,25.0,39.0,48.0,,,,,18.9,103.0,108.0,18.1,,,,,,,2.0,4487.0,7.9,22.0,2121.0,5.7,2.4,5.0,6.6,4.0,1.0,0.1,0.0,0.0,0.4,6.0,10.0,1.4,23.0,10.0,43.5,2.0,1.5,2.2,35.0,1.0,100.0,6.0,0.0,6.0,6.0,2.0,24.0,41.0,1.7,0.0,0.0,0.0,0.0,6.0,0.0,,14.0,0.6,21.0,0.9,0.0,0.0,,0.0,91.7,6.0,0.0,0.0,0.0,0.0,4.0,0.0,0.0,0.0,0.0,0.0,0.0,0.0,0.0,0.0,0.0,0.0,0.0,,,,,,
Tom Brady,BradTo00,2019,42,NWE,QB,16,16,12-4-0,373,613,60.8,4057,24,3.9,8,1.3,193,44.1,59.0,6.6,6.81,10.9,253.6,88.0,55.7,27,185,4.22,6.05,6.24,1,1,12,,99.0,95.0,85.0,117.0,94.0,94.0,117.0,93.0,87.0,2233.0,3.6,6.0,6.0,198.0,5.9,34.0,37.0,55.0,419.0,73.1,124.0,980.0,20.6,118.0,119.0,18.5,21.0,21.0,119.0,0.0,0.0,119.0,0.0,4638.0,7.6,40.0,1824.0,4.9,2.5,3.0,11.0,4.0,0.0,0.0,0.0,0.0,0.0,0.0,8.0,1.6,26.0,17.0,34.6,3.0,1.3,2.1,34.0,0.0,,,,,,3.0,26.0,34.0,1.3,0.0,0.0,0.0,0.0,0.0,0.0,,4.0,0.2,30.0,1.2,,,,,,,0.0,5.0,0.0,0.0,4.0,0.0,0.0,0.0,0.0,0.0,0.0,0.0,0.0,0.0,0.0,0.0,0.0,0%,99%,0%,0.0,1135.0,0.0
Tom Brady,BradTo00,2020,43,TAM,QB,16,16,11-5-0,401,610,65.7,4633,40,6.6,12,2.0,233,49.6,50.0,7.6,8.02,11.6,289.6,102.2,66.0,21,143,3.33,7.12,7.53,3,3,15,,117.0,113.0,105.0,106.0,116.0,114.0,124.0,120.0,108.0,2833.0,4.6,7.1,4.0,161.0,5.2,31.0,58.0,34.0,438.0,73.9,110.0,1119.0,20.6,122.0,113.0,17.8,15.0,14.0,110.0,1.0,0.0,110.0,4.0,5531.0,9.1,13.0,1800.0,4.5,2.4,4.0,2.0,4.0,0.0,0.0,0.0,0.0,0.0,0.0,6.0,1.9,30.0,4.0,23.3,3.0,0.2,0.4,6.0,0.0,,,,,,3.0,30.0,6.0,0.2,0.0,0.0,0.0,0.0,0.0,1.0,30.0,8.0,0.3,-2.0,-0.1,,,,,,,0.0,3.0,0.0,-6.0,4.0,0.0,0.0,0.0,0.0,0.0,0.0,0.0,0.0,0.0,0.0,0.0,0.0,0%,95%,0%,0.0,1024.0,0.0
Tom Brady,BradTo00,2021,44,TAM,QB,17,17,13-4-0,485,719,67.5,5316,43,6.0,12,1.7,297,52.6,62.0,7.4,7.84,11.0,312.7,102.1,73.1,22,144,2.97,6.98,7.41,3,5,16,"PB,AP-2,AP MVP-2,AP OPoY-3",116.0,111.0,111.0,111.0,113.0,114.0,123.0,114.0,105.0,2762.0,3.8,5.7,8.0,176.0,4.5,32.0,31.0,30.0,531.0,75.4,113.0,912.0,18.0,127.0,83.0,11.1,8.0,8.0,72.0,0.0,0.0,72.0,2.0,5791.0,8.1,13.0,2554.0,5.3,2.3,10.0,7.6,4.0,0.0,0.0,0.0,0.0,0.0,0.0,14.0,1.6,28.0,13.0,53.6,2.0,2.9,4.8,81.0,0.0,,,,,,2.0,28.0,81.0,2.9,0.0,0.0,0.0,0.0,0.0,0.0,,14.0,0.5,67.0,2.4,,,,,,,0.0,1.0,0.0,0.0,4.0,0.0,0.0,0.0,0.0,0.0,0.0,0.0,0.0,0.0,0.0,0.0,0.0,,,,,,
Tom Brady,BradTo00,2022,45,TAM,QB,17,17,8-9-0,490,733,66.8,4694,25,3.4,9,1.2,257,49.5,63.0,6.4,6.53,9.6,276.1,90.7,54.6,22,160,2.91,6.01,6.13,4,5,10,,102.0,94.0,110.0,124.0,96.0,101.0,125.0,89.0,84.0,2379.0,3.2,4.9,11.0,130.0,4.5,32.0,55.0,23.0,545.0,77.1,123.0,948.0,16.4,116.0,100.0,13.2,23.0,23.0,160.0,0.0,0.0,160.0,4.0,4876.0,6.7,22.0,2315.0,4.7,2.2,3.0,1.0,5.0,0.0,0.0,0.0,0.0,0.0,0.0,5.0,1.7,29.0,2.0,17.2,1.0,0.0,-0.1,-1.0,1.0,0.0,,0.0,,0.0,1.0,29.0,-1.0,0.0,0.0,0.0,0.0,1.0,0.0,0.0,,5.0,0.2,-6.0,-0.2,16.0,,,0.0,0.0,,0.0,1.0,0.0,7.0,5.0,0.0,0.0,0.0,0.0,0.0,0.0,0.0,0.0,0.0,1.0,0.0,1.0,0%,98%,0%,0.0,1192.0,0.0
Tony Romo,RomoTo00,2004,24,DAL,QB,6,0,,0,0,,0,0,,0,,0,,,,,,0.0,,,0,0,,,,0,0,0,,,,,,,,,,,,,,,,,,,,,,,,,,,,,,,,,,,,,,,,,,,,,,,,,,,,,,,,,,,,,,,,,,,,,,,,,,,,,,,,,,,,,,,,,,,,,,,,,,,,,,,,,,,,
Tony Romo,RomoTo00,2005,25,DAL,QB,16,0,,0,0,,0,0,,0,,0,,,,,,0.0,,,0,0,,,,0,0,0,,,,,,,,,,,,,,,,,,,,,,,,,,,,,,,,,,,,,,,,,,,0.0,0.0,0.0,0.0,0.0,0.0,0.0,0.0,0.1,2.0,-1.0,0.0,0.0,-1.0,-0.1,-2.0,0.0,,,,,,0.0,2.0,-2.0,-1.0,,,,,,,,,,,,,,,,,,,,,,,,,,,,,,,,,,,,,,,,
Tony Romo,RomoTo00,2006,26,DAL,QB,16,10,6-4-0,220,337,65.3,2903,19,5.6,13,3.9,144,53.1,56.0,8.6,8.01,13.2,181.4,95.1,63.5,21,124,5.87,7.76,7.19,2,3,12,PB,122.0,123.0,117.0,88.0,131.0,119.0,104.0,118.0,135.0,,,,,,,,,,,,,,,,,,,,,,,,,,,,,,,,,9.0,0.0,0.0,0.0,0.0,0.0,0.0,9.0,2.1,34.0,16.0,38.2,0.0,3.0,6.4,102.0,0.0,,,,,,0.0,34.0,102.0,3.0,,,,,,,,,,,,,,,,,,0.0,3.0,0.0,-20.0,9.0,0.0,0.0,0.0,0.0,0.0,0.0,0.0,0.0,0.0,0.0,0.0,0.0,,,,,,
Tony Romo,RomoTo00,2007,27,DAL,QB,16,16,13-3-0,335,520,64.4,4211,36,6.9,19,3.7,216,52.2,59.0,8.1,7.84,12.6,263.2,97.4,76.9,24,176,4.41,7.42,7.17,2,2,17,PB,121.0,121.0,113.0,90.0,124.0,121.0,111.0,133.0,125.0,,,,,,,,,,,,,,,,,,,,,,,,,,,,,,,,,10.0,0.0,0.0,0.0,0.0,0.0,0.0,8.0,1.9,31.0,17.0,41.9,2.0,4.2,8.1,129.0,0.0,,,,,,2.0,31.0,129.0,4.2,,,,,,,,,,,,,,,,,,0.0,5.0,0.0,-4.0,10.0,0.0,0.0,0.0,0.0,0.0,0.0,0.0,0.0,0.0,0.0,0.0,0.0,,,,,,
Tony Romo,RomoTo00,2008,28,DAL,QB,13,13,8-5-0,276,450,61.3,3448,26,5.8,14,3.1,149,46.2,75.0,7.7,7.42,12.5,265.2,91.4,60.8,20,123,4.26,7.07,6.84,2,2,10,,114.0,112.0,101.0,98.0,116.0,110.0,112.0,119.0,114.0,,,,,,,,,,,,,,,,,,,,,,,,,,,,,,,,,13.0,0.0,0.0,0.0,0.0,0.0,0.0,4.0,2.2,28.0,15.0,28.6,0.0,1.5,3.2,41.0,0.0,,,,,,0.0,28.0,41.0,1.5,,,,,,,,,,,,,,,,,,0.0,3.0,0.0,-29.0,13.0,0.0,0.0,0.0,0.0,0.0,0.0,0.0,0.0,0.0,0.0,0.0,0.0,,,,,,
Tony Romo,RomoTo00,2009,29,DAL,QB,16,16,11-5-0,347,550,63.1,4483,26,4.7,9,1.6,203,48.3,80.0,8.2,8.36,12.9,280.2,97.6,65.5,34,196,5.82,7.34,7.54,3,3,14,PB,122.0,123.0,107.0,118.0,121.0,117.0,101.0,107.0,122.0,,,,,,,,,,,,,,,,,,,,,,,,,,,,,,,,,6.0,0.0,0.0,0.0,0.0,0.0,0.0,5.0,2.2,35.0,17.0,25.7,1.0,3.0,6.6,105.0,0.0,,,,,,1.0,35.0,105.0,3.0,,,,,,,,,,,,,,,,,,0.0,2.0,0.0,-5.0,6.0,0.0,0.0,0.0,0.0,0.0,0.0,0.0,0.0,0.0,0.0,0.0,0.0,,,,,,
Tony Romo,RomoTo00,2010,30,DAL,QB,6,6,1-5-0,148,213,69.5,1605,11,5.2,7,3.3,73,46.8,69.0,7.5,7.09,10.8,267.5,94.9,66.4,7,41,3.18,7.11,6.68,0,0,6,,110.0,106.0,128.0,95.0,115.0,112.0,123.0,110.0,108.0,,,,,,,,,,,,,,,,,,,,,,,,,,,,,,,,,0.0,0.0,0.0,0.0,0.0,1.8,11.0,2.0,1.0,6.0,14.0,66.7,0.0,6.3,6.3,38.0,0.0,,11.0,,,,0.0,6.0,49.0,8.2,,,,,,,,,,,,,,,,,,,,,,,,,,,,,,,,,,,,,,,,
Tony Romo,RomoTo00,2011,31,DAL,QB,16,16,8-8-0,346,522,66.3,4184,31,5.9,10,1.9,203,49.6,77.0,8.0,8.34,12.1,261.5,102.5,69.0,36,227,6.45,7.09,7.4,4,4,13,,120.0,122.0,120.0,115.0,116.0,123.0,98.0,119.0,119.0,,,,,,,,,,,,,,,,,,,,,,,,,,,,,,,,,6.0,0.0,0.0,0.0,0.0,0.0,0.0,4.0,1.4,22.0,17.0,27.3,1.0,2.1,2.9,46.0,0.0,,,,,,1.0,22.0,46.0,2.1,,,,,,,,,,,,,,,,,,0.0,6.0,0.0,-3.0,6.0,0.0,0.0,0.0,0.0,0.0,0.0,0.0,0.0,0.0,0.0,0.0,0.0,,,,,,
Tony Romo,RomoTo00,2012,32,DAL,QB,16,16,8-8-0,425,648,65.6,4903,28,4.3,19,2.9,232,51.5,85.0,7.6,7.11,11.5,306.4,90.5,65.4,36,263,5.26,6.78,6.35,5,5,14,,106.0,105.0,117.0,97.0,110.0,106.0,109.0,100.0,109.0,,,,,,,,,,,,,,,,,,,,,,,,,,,,,,,,,6.0,1.0,0.1,0.0,0.0,-0.1,-1.0,6.0,1.9,30.0,15.0,30.0,1.0,1.6,3.1,49.0,1.0,100.0,-1.0,0.0,-1.0,-1.0,1.0,31.0,48.0,1.5,,,,,,,,,,,,,,,,,,0.0,2.0,0.0,-15.0,6.0,0.0,0.0,0.0,0.0,0.0,0.0,0.0,0.0,0.0,0.0,0.0,0.0,0%,99%,0%,0.0,1089.0,0.0
Tony Romo,RomoTo00,2013,33,DAL,QB,15,15,8-7-0,342,535,63.9,3828,31,5.8,10,1.9,198,49.1,82.0,7.2,7.47,11.2,255.2,96.7,61.9,35,272,6.14,6.24,6.54,2,4,13,,108.0,109.0,109.0,113.0,99.0,113.0,102.0,116.0,100.0,,,,,,,,,,,,,,,,,,,,,,,,,,,,,,,,,4.0,0.0,0.0,0.0,0.0,0.0,0.0,5.0,1.3,20.0,15.0,20.0,0.0,1.9,2.5,38.0,0.0,,,,,,0.0,20.0,38.0,1.9,,,,,,,,,,,,,,,,,,0.0,4.0,0.0,-6.0,4.0,0.0,0.0,0.0,0.0,0.0,,0.0,0.0,0.0,0.0,,0.0,0%,99%,0%,0.0,920.0,0.0
Tony Romo,RomoTo00,2014,34,DAL,QB,15,15,12-3-0,304,435,69.9,3705,34,7.8,9,2.1,191,53.4,68.0,8.5,9.15,12.2,247.0,113.2,79.2,29,215,6.25,7.52,8.11,3,4,14,"PB,AP-2,AP MVP-3,AP OPoY-5",128.0,131.0,130.0,108.0,126.0,134.0,101.0,138.0,131.0,,,,,,,,,,,,,,,,,,,,,,,,,,,,,,,,,7.0,0.0,0.0,0.0,0.0,0.0,0.0,6.0,1.7,26.0,21.0,19.2,0.0,2.3,4.1,61.0,0.0,,,,,,0.0,26.0,61.0,2.3,,,,,,,,,,,,,,,,,,0.0,3.0,0.0,-13.0,7.0,0.0,0.0,0.0,0.0,0.0,0.0,0.0,0.0,0.0,0.0,0.0,0.0,,,,,,
Tony Romo,RomoTo00,2015,35,DAL,QB,4,4,3-1-0,83,121,68.6,884,5,4.1,7,5.8,47,50.4,39.0,7.3,5.53,10.7,221.0,79.4,50.5,6,35,4.72,6.69,4.99,1,2,2,,82.0,78.0,123.0,38.0,107.0,85.0,111.0,96.0,102.0,,,,,,,,,,,,,,,,,,,,,,,,,,,,,,,,,1.0,0.0,0.0,0.0,0.0,0.0,0.0,1.0,1.0,4.0,12.0,25.0,0.0,3.3,3.3,13.0,0.0,,,,,,0.0,4.0,13.0,3.3,,,,,,,,,,,,,,,,,,0.0,1.0,0.0,0.0,1.0,0.0,0.0,0.0,0.0,0.0,0.0,0.0,0.0,0.0,0.0,0.0,0.0,0%,82%,0%,0.0,232.0,0.0
Tony Romo,RomoTo00,2016,36,DAL,QB,1,0,,3,4,75.0,29,1,25.0,0,0.0,3,75.0,15.0,7.3,12.25,9.7,29.0,134.4,99.0,0,0,0.0,7.25,12.25,0,0,0,,,,,,,,,,,,,,,,,,,,,,,,,,,,,,,,,,,,,,,,,,,,,,,,,,,,,,,,,,,,,,,,,,,,,,,,,,,,,,,,,,,,,,,,,,,,,,,,,,,,,,,0%,13%,0%,0.0,7.0,0.0
Trent Green,GreeTr00,1997,27,WAS,QB,1,0,,0,1,0.0,0,0,0.0,0,0.0,0,,,0.0,0.0,,0.0,39.6,,0,0,0.0,0.0,0.0,0,0,0,,,,,,,,,,,,,,,,,,,,,,,,,,,,,,,,,,,,,,,,,,,,,,,,,,,,,,,,,,,,,,,,,,,,,,,,,,,,,,,,,,,,,,,,,,,,,,,,,,,,,,,,,,,,
Trent Green,GreeTr00,1998,28,WAS,QB,15,14,6-8-0,278,509,54.6,3441,23,4.5,11,2.2,172,40.1,75.0,6.8,6.69,12.4,229.4,81.8,,49,338,8.78,5.56,5.5,2,2,10,,103.0,107.0,92.0,115.0,95.0,105.0,91.0,105.0,100.0,,,,,,,,,,,,,,,,,,,,,,,,,,,,,,,,,14.0,2.0,0.1,0.0,0.0,-0.5,-8.0,8.0,2.8,42.0,13.0,28.6,2.0,2.8,7.8,117.0,2.0,100.0,,0.0,-4.0,-4.0,2.0,44.0,109.0,2.5,,,,,,,,,,,,,,,,,,0.0,4.0,0.0,0.0,14.0,0.0,0.0,0.0,0.0,,,0.0,0.0,0.0,0.0,,0.0,,,,,,
Trent Green,GreeTr00,2000,30,STL,QB,8,5,2-3-0,145,240,60.4,2063,16,6.7,5,2.1,92,45.8,64.0,8.6,8.99,14.2,257.9,101.8,,24,145,9.09,7.27,7.63,0,1,10,AP CPoY-12,133.0,139.0,109.0,119.0,126.0,133.0,86.0,133.0,134.0,,,,,,,,,,,,,,,,,,,,,,,,,,,,,,,,,3.0,0.0,0.0,0.0,0.0,0.0,0.0,6.0,2.5,20.0,18.0,35.0,1.0,3.5,8.6,69.0,0.0,,,,,,1.0,20.0,69.0,3.5,,,,,,,,,,,,,,,,,,0.0,0.0,0.0,0.0,3.0,0.0,0.0,0.0,0.0,0.0,,0.0,0.0,,,,,,,,,,
Trent Green,GreeTr00,2001,31,KAN,QB,16,16,6-10-0,296,523,56.6,3783,17,3.3,24,4.6,176,42.2,67.0,7.2,5.82,12.8,236.4,71.1,,39,198,6.94,6.38,5.06,2,3,13,,97.0,96.0,92.0,77.0,110.0,89.0,99.0,91.0,109.0,,,,,,,,,,,,,,,,,,,,,,,,,,,,,,,,,11.0,1.0,0.1,0.0,0.0,0.1,1.0,8.0,2.2,35.0,16.0,40.0,0.0,4.5,9.9,158.0,1.0,100.0,1.0,0.0,1.0,1.0,0.0,36.0,159.0,4.4,,,,,,,,,,,,,,,,,,0.0,5.0,0.0,-5.0,11.0,0.0,0.0,0.0,0.0,0.0,,0.0,0.0,0.0,0.0,0.0,0.0,,,,,,
Trent Green,GreeTr00,2002,32,KAN,QB,16,16,8-8-0,287,470,61.1,3690,26,5.5,13,2.8,177,47.6,99.0,7.9,7.71,12.9,230.6,92.6,,26,141,5.24,7.16,7.02,4,4,18,,127.0,126.0,107.0,108.0,128.0,120.0,108.0,123.0,126.0,,,,,,,,,,,,,,,,,,,,,,,,,,,,,,,,,1.0,0.0,0.0,0.0,0.0,0.0,0.0,12.0,1.9,31.0,24.0,74.2,1.0,7.3,14.1,225.0,0.0,,,,,,1.0,31.0,225.0,7.3,,,,,,,,,,,,,,,,,,0.0,1.0,0.0,-3.0,1.0,0.0,0.0,0.0,0.0,0.0,,0.0,0.0,0.0,0.0,0.0,0.0,,,,,,
Trent Green,GreeTr00,2003,33,KAN,QB,16,16,13-3-0,330,523,63.1,4039,24,4.6,12,2.3,198,47.3,67.0,7.7,7.61,12.2,252.4,92.6,,20,130,3.68,7.2,7.09,1,2,18,PB,122.0,118.0,112.0,115.0,122.0,115.0,118.0,106.0,117.0,,,,,,,,,,,,,,,,,,,,,,,,,,,,,,,,,5.0,0.0,0.0,0.0,0.0,0.0,0.0,9.0,1.6,26.0,14.0,46.2,2.0,3.2,5.2,83.0,0.0,,,,,,2.0,26.0,83.0,3.2,,,,,,,,,,,,,,,,,,0.0,0.0,0.0,-19.0,5.0,0.0,0.0,0.0,0.0,0.0,,0.0,0.0,0.0,0.0,0.0,0.0,,,,,,
Trent Green,GreeTr00,2004,34,KAN,QB,16,16,7-9-0,369,556,66.4,4591,27,4.9,17,3.1,230,50.7,70.0,8.3,7.85,12.4,286.9,95.2,,32,227,5.44,7.42,7.04,3,3,17,,120.0,120.0,123.0,102.0,124.0,119.0,108.0,109.0,125.0,,,,,,,,,,,,,,,,,,,,,,,,,,,,,,,,,11.0,0.0,0.0,0.0,0.0,0.0,0.0,4.0,1.6,25.0,13.0,48.0,0.0,3.4,5.3,85.0,0.0,,,,,,0.0,25.0,85.0,3.4,,,,,,,,,,,,,,,,,,0.0,3.0,0.0,-6.0,11.0,0.0,0.0,0.0,0.0,0.0,,0.0,0.0,0.0,0.0,0.0,0.0,,,,,,
Trent Green,GreeTr00,2005,35,KAN,QB,16,16,10-6-0,317,507,62.5,4014,17,3.4,10,2.0,182,48.2,60.0,7.9,7.7,12.7,250.9,90.1,,32,204,5.94,7.07,6.86,2,3,15,PB,116.0,117.0,109.0,120.0,117.0,111.0,105.0,91.0,118.0,,,,,,,,,,,,,,,,,,,,,,,,,,,,,,,,,8.0,0.0,0.0,0.0,0.0,0.0,0.0,10.0,2.2,35.0,13.0,31.4,0.0,2.3,5.1,82.0,0.0,,,,,,0.0,35.0,82.0,2.3,,,,,,,,,,,,,,,,,,0.0,1.0,0.0,-10.0,8.0,0.0,0.0,0.0,0.0,0.0,,0.0,0.0,0.0,0.0,0.0,0.0,,,,,,
Trent Green,GreeTr00,2006,36,KAN,QB,8,8,4-4-0,121,198,61.1,1342,7,3.5,9,4.5,76,45.9,39.0,6.8,5.44,11.1,167.8,74.1,48.7,24,127,10.81,5.47,4.28,1,1,5,,86.0,90.0,103.0,77.0,91.0,91.0,72.0,95.0,99.0,,,,,,,,,,,,,,,,,,,,,,,,,,,,,,,,,5.0,0.0,0.0,0.0,0.0,0.0,0.0,5.0,2.4,19.0,10.0,36.8,0.0,3.1,7.4,59.0,0.0,,,,,,0.0,19.0,59.0,3.1,,,,,,,,,,,,,,,,,,0.0,0.0,0.0,-8.0,5.0,0.0,0.0,0.0,0.0,0.0,0.0,0.0,0.0,0.0,0.0,0.0,0.0,,,,,,
Trent Green,GreeTr00,2007,37,MIA,QB,5,5,0-5-0,85,141,60.3,987,5,3.5,7,5.0,50,44.6,43.0,7.0,5.48,11.6,197.4,72.6,44.7,7,53,4.73,6.31,4.86,0,0,3,,91.0,88.0,99.0,70.0,104.0,87.0,109.0,95.0,102.0,,,,,,,,,,,,,,,,,,,,,,,,,,,,,,,,,2.0,0.0,0.0,0.0,0.0,0.0,0.0,4.0,1.4,7.0,23.0,57.1,0.0,4.6,6.4,32.0,0.0,,,,,,0.0,7.0,32.0,4.6,,,,,,,,,,,,,,,,,,0.0,1.0,0.0,-15.0,2.0,0.0,0.0,0.0,0.0,0.0,,0.0,0.0,,,,,,,,,,
Trent Green,GreeTr00,2008,38,STL,QB,3,1,0-1-0,38,72,52.8,525,0,0.0,6,8.3,19,43.6,53.0,7.3,3.54,13.8,175.0,41.7,17.1,6,58,7.69,5.99,2.53,0,0,1,,64.0,66.0,73.0,23.0,98.0,51.0,88.0,55.0,107.0,,,,,,,,,,,,,,,,,,,,,,,,,,,,,,,,,0.0,0.0,0.0,0.0,0.0,0.0,0.0,1.0,1.0,3.0,3.0,33.3,0.0,1.3,1.3,4.0,0.0,,,,,,0.0,3.0,4.0,1.3,,,,,,,,,,,,,,,,,,,,,,,,,,,,,,,,,,,,,,,,
Trevor Lawrence,LawrTr00,2021,22,JAX,QB,17,17,3-14-0,359,602,59.6,3641,12,2.0,17,2.8,177,44.6,58.0,6.0,5.18,10.1,214.2,71.9,39.1,32,238,5.05,5.37,4.54,1,2,7,,79.0,75.0,78.0,89.0,82.0,73.0,108.0,75.0,77.0,2004.0,3.3,5.6,8.0,147.0,5.7,33.0,52.0,67.0,414.0,71.3,124.0,1013.0,20.7,120.0,151.0,22.6,74.0,52.0,450.0,18.0,77.0,527.0,3.0,4745.0,7.9,18.0,1637.0,4.6,2.4,33.0,7.3,9.0,0.0,0.0,0.0,0.0,0.0,0.0,22.0,4.3,73.0,26.0,50.7,2.0,4.6,19.6,334.0,0.0,,,,,,2.0,73.0,334.0,4.6,0.0,0.0,0.0,0.0,0.0,2.0,36.5,67.0,0.9,267.0,3.7,,,,,,,0.0,2.0,0.0,0.0,9.0,0.0,0.0,0.0,0.0,0.0,0.0,0.0,0.0,0.0,2.0,0.0,2.0,0%,99%,0%,0.0,1078.0,0.0
Trevor Lawrence,LawrTr00,2022,23,JAX,QB,17,17,9-8-0,387,584,66.3,4113,25,4.3,8,1.4,206,48.1,59.0,7.0,7.28,10.6,241.9,95.2,56.1,27,184,4.42,6.43,6.66,3,2,14,"PB,AP MVP-7,AP CPoY-12",110.0,106.0,108.0,120.0,106.0,108.0,114.0,100.0,99.0,2111.0,3.6,5.5,17.0,158.0,7.1,40.0,39.0,45.0,431.0,76.1,140.0,1265.0,15.0,85.0,111.0,17.5,64.0,56.0,434.0,4.0,15.0,449.0,2.0,4328.0,7.4,16.0,2002.0,5.2,2.2,24.0,9.1,12.0,0.0,0.0,0.0,0.0,0.0,0.0,27.0,3.6,62.0,24.0,59.7,5.0,4.7,17.1,291.0,0.0,,,,,,5.0,62.0,291.0,4.7,0.0,0.0,0.0,0.0,0.0,3.0,20.7,36.0,0.6,255.0,4.1,,,,,,,0.0,0.0,0.0,-16.0,12.0,0.0,0.0,0.0,0.0,0.0,0.0,0.0,0.0,0.0,2.0,0.0,2.0,,,,,,
Trevor Lawrence,LawrTr00,2023,24,JAX,QB,16,16,8-8-0,370,564,65.6,4016,21,3.7,14,2.5,179,46.4,65.0,7.1,6.75,10.9,251.0,88.5,56.9,35,224,5.84,6.33,5.98,1,2,14,,101.0,99.0,106.0,96.0,105.0,99.0,107.0,95.0,102.0,2238.0,4.0,6.0,16.0,158.0,4.3,24.0,42.0,39.0,410.0,74.3,85.0,875.0,18.8,104.0,116.0,18.1,77.0,65.0,449.0,10.0,61.0,510.0,0.0,4627.0,8.2,12.0,1778.0,4.8,2.2,42.0,7.9,12.0,0.0,0.0,0.0,0.0,0.0,0.0,23.0,4.4,70.0,26.0,47.1,4.0,4.8,21.2,339.0,0.0,,,,,,4.0,70.0,339.0,4.8,0.0,0.0,0.0,0.0,0.0,5.0,14.0,54.0,0.8,285.0,4.1,,,,,,,0.0,3.0,0.0,-10.0,12.0,0.0,0.0,0.0,0.0,0.0,0.0,0.0,0.0,0.0,0.0,0.0,0.0,0%,95%,0%,0.0,1047.0,0.0
Trevor Lawrence,LawrTr00,2024,25,JAX,QB,10,10,2-8-0,172,284,60.6,2045,11,3.9,7,2.5,97,45.4,85.0,7.2,6.87,11.9,204.5,85.2,56.1,18,140,5.96,6.31,5.99,0,1,6,,100.0,99.0,83.0,96.0,104.0,92.0,107.0,95.0,103.0,1211.0,4.3,7.0,4.0,71.0,5.5,15.0,17.0,13.0,202.0,73.7,16.0,237.0,17.2,47.0,48.0,15.2,12.0,12.0,132.0,0.0,0.0,132.0,1.0,2641.0,9.3,9.0,834.0,4.8,2.4,13.0,8.1,3.0,0.0,0.0,0.0,0.0,-0.5,-5.0,13.0,2.6,26.0,33.0,57.7,3.0,4.6,11.9,119.0,0.0,,-5.0,,,,3.0,26.0,114.0,4.4,0.0,0.0,0.0,0.0,-5.0,2.0,13.0,30.0,1.2,89.0,3.4,,,,,,,0.0,1.0,0.0,0.0,3.0,0.0,0.0,0.0,0.0,0.0,0.0,0.0,0.0,0.0,0.0,0.0,0.0,0%,89%,0%,0.0,536.0,0.0
Trevor Lawrence,LawrTr00,2025,26,JAX,QB,17,17,13-4-0,341,560,60.9,4007,29,5.2,12,2.1,194,45.8,63.0,7.2,7.23,11.8,235.7,91.0,58.3,41,247,6.82,6.26,6.32,3,5,15,"AP MVP-5,AP CPoY-4",103.0,103.0,85.0,100.0,102.0,99.0,100.0,107.0,102.0,2376.0,4.2,7.0,20.0,158.0,8.3,45.0,40.0,59.0,400.0,73.7,130.0,951.0,14.4,78.0,140.0,21.8,31.0,25.0,130.0,6.0,8.0,138.0,3.0,4890.0,8.7,14.0,1631.0,4.8,2.4,42.0,7.4,5.0,0.0,0.0,0.0,0.0,0.0,0.0,40.0,4.8,82.0,21.0,57.3,9.0,4.4,21.1,359.0,0.0,,,,,,9.0,82.0,359.0,4.4,0.0,0.0,0.0,0.0,0.0,5.0,16.4,87.0,1.1,272.0,3.3,,,,,,,0.0,2.0,0.0,0.0,5.0,0.0,0.0,0.0,0.0,0.0,0.0,0.0,0.0,0.0,0.0,0.0,0.0,0%,97%,0%,0.0,1114.0,0.0
Troy Aikman,AikmTr00,1989,23,DAL,QB,11,11,0-11-0,155,293,52.9,1749,9,3.1,18,6.1,82,39.7,75.0,6.0,3.82,11.3,159.0,55.7,,19,155,6.09,5.11,3.09,0,0,2,,72.0,70.0,91.0,68.0,82.0,74.0,106.0,88.0,78.0,,,,,,,,,,,,,,,,,,,,,,,,,,,,,,,,,6.0,1.0,0.1,0.0,0.0,-1.2,-13.0,20.0,3.5,38.0,25.0,73.7,0.0,7.9,27.5,302.0,1.0,100.0,-13.0,0.0,-13.0,-13.0,0.0,39.0,289.0,7.4,,,,,,,,,,,,,,,,,,0.0,3.0,0.0,0.0,6.0,0.0,0.0,0.0,0.0,,,0.0,0.0,0.0,0.0,,0.0,,,,,,
Troy Aikman,AikmTr00,1990,24,DAL,QB,15,15,7-8-0,226,399,56.6,2579,11,2.8,18,4.5,121,40.2,61.0,6.5,4.98,11.4,171.9,66.6,,39,288,8.9,5.23,3.88,4,6,8,,81.0,83.0,101.0,87.0,84.0,86.0,88.0,86.0,88.0,,,,,,,,,,,,,,,,,,,,,,,,,,,,,,,,,5.0,0.0,0.0,0.0,0.0,0.0,0.0,11.0,2.7,40.0,20.0,45.0,1.0,4.3,11.5,172.0,0.0,,,,,,1.0,40.0,172.0,4.3,,,,,,,,,,,,,,,,,,0.0,1.0,0.0,0.0,5.0,0.0,0.0,0.0,0.0,,,0.0,0.0,0.0,0.0,,0.0,,,,,,
Troy Aikman,AikmTr00,1991,25,DAL,QB,12,12,7-5-0,237,363,65.3,2754,11,3.0,10,2.8,148,47.3,61.0,7.6,6.95,11.6,229.5,86.7,,32,224,8.1,6.41,5.82,2,2,11,PB,109.0,112.0,130.0,113.0,109.0,114.0,95.0,90.0,114.0,,,,,,,,,,,,,,,,,,,,,,,,,,,,,,,,,4.0,1.0,0.1,0.0,0.0,-0.5,-6.0,1.0,1.3,16.0,9.0,12.5,1.0,0.3,0.4,5.0,1.0,100.0,-6.0,0.0,-6.0,-6.0,1.0,17.0,-1.0,-0.1,,,,,,,,,,,,,,,,,,0.0,0.0,0.0,0.0,4.0,0.0,0.0,0.0,0.0,,,0.0,0.0,0.0,0.0,,0.0,,,,,,
Troy Aikman,AikmTr00,1992,26,DAL,QB,16,16,13-3-0,302,473,63.8,3445,23,4.9,14,3.0,176,46.6,87.0,7.3,6.92,11.4,215.3,89.5,,23,112,4.64,6.72,6.38,1,1,17,PB,117.0,113.0,120.0,108.0,115.0,118.0,115.0,114.0,109.0,,,,,,,,,,,,,,,,,,,,,,,,,,,,,,,,,4.0,0.0,0.0,0.0,0.0,0.0,0.0,6.0,2.3,37.0,19.0,27.0,1.0,2.8,6.6,105.0,0.0,,,,,,1.0,37.0,105.0,2.8,,,,,,,,,,,,,,,,,,0.0,1.0,0.0,0.0,4.0,0.0,0.0,0.0,0.0,,,0.0,0.0,0.0,0.0,,0.0,,,,,,
Troy Aikman,AikmTr00,1993,27,DAL,QB,14,14,11-3-0,271,392,69.1,3100,15,3.8,6,1.5,152,51.0,80.0,7.9,7.98,11.4,221.4,99.0,,26,153,6.22,7.05,7.12,0,1,16,"PB,AP MVP-5,AP OPoY-6",126.0,127.0,133.0,128.0,122.0,129.0,104.0,101.0,122.0,,,,,,,,,,,,,,,,,,,,,,,,,,,,,,,,,7.0,0.0,0.0,0.0,0.0,0.0,0.0,6.0,2.3,32.0,20.0,40.6,0.0,3.9,8.9,125.0,0.0,,,,,,0.0,32.0,125.0,3.9,,,,,,,,,,,,,,,,,,0.0,3.0,0.0,-3.0,7.0,0.0,0.0,0.0,0.0,,,0.0,0.0,0.0,0.0,,0.0,,,,,,
Troy Aikman,AikmTr00,1994,28,DAL,QB,14,14,10-4-0,233,361,64.5,2676,13,3.6,12,3.3,133,50.1,90.0,7.4,6.64,11.5,191.1,84.9,,14,59,3.73,6.98,6.23,0,1,12,PB,113.0,108.0,120.0,97.0,121.0,109.0,117.0,97.0,114.0,,,,,,,,,,,,,,,,,,,,,,,,,,,,,,,,,2.0,0.0,0.0,0.0,0.0,0.0,0.0,4.0,2.1,30.0,13.0,20.0,1.0,2.1,4.4,62.0,0.0,,,,,,1.0,30.0,62.0,2.1,,,,,,,,,,,,,,,,,,0.0,2.0,0.0,0.0,2.0,0.0,0.0,0.0,0.0,,,0.0,0.0,0.0,0.0,,0.0,,,,,,
Troy Aikman,AikmTr00,1995,29,DAL,QB,16,16,12-4-0,280,432,64.8,3304,16,3.7,7,1.6,173,50.9,50.0,7.6,7.66,11.8,206.5,93.6,,14,89,3.14,7.21,7.22,2,2,14,PB,129.0,124.0,123.0,126.0,130.0,122.0,120.0,97.0,122.0,,,,,,,,,,,,,,,,,,,,,,,,,,,,,,,,,5.0,0.0,0.0,0.0,0.0,0.0,0.0,4.0,1.3,21.0,12.0,19.0,1.0,1.5,2.0,32.0,0.0,,,,,,1.0,21.0,32.0,1.5,,,,,,,,,,,,,,,,,,0.0,2.0,0.0,-15.0,5.0,0.0,0.0,0.0,0.0,,,0.0,0.0,0.0,0.0,,0.0,,,,,,
Troy Aikman,AikmTr00,1996,30,DAL,QB,15,15,10-5-0,296,465,63.7,3126,12,2.6,13,2.8,158,47.4,61.0,6.7,5.98,10.6,208.4,80.1,,18,120,3.73,6.22,5.51,2,2,9,PB,104.0,99.0,124.0,106.0,109.0,103.0,118.0,83.0,100.0,,,,,,,,,,,,,,,,,,,,,,,,,,,,,,,,,6.0,0.0,0.0,0.0,0.0,0.0,0.0,10.0,2.3,35.0,10.0,37.1,1.0,1.2,2.8,42.0,0.0,,,,,,1.0,35.0,42.0,1.2,,,,,,,,,,,,,,,,,,0.0,2.0,0.0,-8.0,6.0,0.0,0.0,0.0,0.0,,,0.0,0.0,0.0,0.0,,0.0,,,,,,
Troy Aikman,AikmTr00,1997,31,DAL,QB,16,16,6-10-0,292,518,56.4,3283,19,3.7,12,2.3,163,42.1,64.0,6.3,6.03,11.2,205.2,78.0,,33,269,5.99,5.47,5.18,3,3,8,,100.0,99.0,98.0,113.0,93.0,101.0,106.0,96.0,92.0,,,,,,,,,,,,,,,,,,,,,,,,,,,,,,,,,6.0,0.0,0.0,0.0,0.0,0.0,0.0,7.0,1.6,25.0,13.0,40.0,0.0,3.2,4.9,79.0,0.0,,,,,,0.0,25.0,79.0,3.2,,,,,,,,,,,,,,,,,,0.0,0.0,0.0,-5.0,6.0,0.0,0.0,0.0,0.0,,,0.0,0.0,0.0,0.0,,0.0,,,,,,
Troy Aikman,AikmTr00,1998,32,DAL,QB,11,11,7-4-0,187,315,59.4,2330,12,3.8,5,1.6,109,45.7,67.0,7.4,7.44,12.5,211.8,88.5,,9,58,2.78,7.01,7.06,0,0,9,,122.0,115.0,111.0,123.0,122.0,113.0,126.0,98.0,111.0,,,,,,,,,,,,,,,,,,,,,,,,,,,,,,,,,3.0,0.0,0.0,0.0,0.0,0.0,0.0,6.0,2.0,22.0,23.0,36.4,2.0,3.1,6.3,69.0,0.0,,,,,,2.0,22.0,69.0,3.1,,,,,,,,,,,,,,,,,,0.0,0.0,0.0,-20.0,3.0,0.0,0.0,0.0,0.0,,,0.0,0.0,0.0,0.0,,0.0,,,,,,
Troy Aikman,AikmTr00,1999,33,DAL,QB,14,14,7-7-0,263,442,59.5,2964,17,3.8,12,2.7,129,39.9,90.0,6.7,6.25,11.3,211.7,81.1,,19,130,4.12,6.15,5.71,1,1,10,,105.0,102.0,108.0,108.0,105.0,104.0,117.0,98.0,99.0,,,,,,,,,,,,,,,,,,,,,,,,,,,,,,,,,8.0,0.0,0.0,0.0,0.0,0.0,0.0,7.0,1.5,21.0,7.0,14.3,1.0,0.5,0.7,10.0,0.0,,,,,,1.0,21.0,10.0,0.5,,,,,,,,,,,,,,,,,,0.0,2.0,0.0,-12.0,8.0,0.0,0.0,0.0,0.0,0.0,,0.0,0.0,0.0,0.0,0.0,0.0,,,,,,
Troy Aikman,AikmTr00,2000,34,DAL,QB,11,11,4-7-0,156,262,59.5,1632,7,2.7,14,5.3,83,45.8,48.0,6.2,4.36,10.5,148.4,64.3,,13,91,4.73,5.6,3.82,0,1,4,,82.0,78.0,106.0,68.0,95.0,81.0,114.0,85.0,90.0,,,,,,,,,,,,,,,,,,,,,,,,,,,,,,,,,2.0,0.0,0.0,0.0,0.0,0.0,0.0,5.0,0.9,10.0,5.0,60.0,0.0,1.3,1.2,13.0,0.0,,,,,,0.0,10.0,13.0,1.3,,,,,,,,,,,,,,,,,,0.0,0.0,0.0,0.0,2.0,0.0,0.0,0.0,0.0,0.0,,0.0,0.0,0.0,0.0,0.0,0.0,,,,,,
Tua Tagovailoa,TagoTu00,2020,22,MIA,QB,10,9,6-3-0,186,290,64.1,1814,11,3.8,5,1.7,100,47.7,35.0,6.3,6.24,9.8,181.4,87.1,44.8,20,136,6.45,5.41,5.4,2,2,5,,89.0,89.0,98.0,111.0,83.0,94.0,98.0,92.0,81.0,1048.0,3.6,5.6,2.0,115.0,4.3,12.0,14.0,14.0,209.0,74.1,78.0,466.0,18.8,53.0,48.0,14.7,32.0,28.0,195.0,4.0,13.0,208.0,3.0,2175.0,7.5,5.0,766.0,4.1,2.3,16.0,5.8,1.0,0.0,0.0,0.0,0.0,0.0,0.0,13.0,3.6,36.0,17.0,52.8,3.0,3.0,10.9,109.0,0.0,,,,,,3.0,36.0,109.0,3.0,0.0,0.0,0.0,0.0,0.0,0.0,,29.0,0.8,80.0,2.2,,,,,,,0.0,1.0,0.0,0.0,1.0,0.0,0.0,0.0,0.0,0.0,0.0,0.0,0.0,0.0,0.0,0.0,0.0,0%,87%,0%,0.0,571.0,0.0
Tua Tagovailoa,TagoTu00,2021,23,MIA,QB,13,12,7-5-0,263,388,67.8,2653,16,4.1,10,2.6,137,50.2,65.0,6.8,6.5,10.1,204.1,90.1,55.7,20,152,4.9,6.13,5.81,0,2,7,,95.0,93.0,112.0,94.0,97.0,98.0,109.0,96.0,94.0,1436.0,3.7,5.5,1.0,101.0,4.5,17.0,24.0,45.0,305.0,80.1,116.0,990.0,16.5,63.0,89.0,20.9,94.0,90.0,847.0,4.0,11.0,858.0,1.0,2722.0,7.0,6.0,1217.0,4.6,2.2,18.0,6.9,9.0,0.0,0.0,0.0,0.0,0.0,0.0,13.0,3.2,42.0,23.0,40.5,3.0,3.0,9.8,128.0,0.0,,,,,,3.0,42.0,128.0,3.0,0.0,0.0,0.0,0.0,0.0,0.0,,36.0,0.9,92.0,2.2,,,,,,,0.0,2.0,0.0,2.0,9.0,0.0,0.0,0.0,0.0,0.0,0.0,0.0,0.0,1.0,1.0,0.0,0.0,0%,87%,0%,0.0,777.0,0.0
Tua Tagovailoa,TagoTu00,2022,24,MIA,QB,13,13,8-5-0,259,400,64.8,3548,25,6.3,8,2.0,162,49.9,84.0,8.9,9.22,13.7,272.9,105.5,70.6,21,163,4.99,8.04,8.37,2,2,12,AP MVP-9,135.0,138.0,101.0,107.0,141.0,125.0,110.0,123.0,143.0,2267.0,5.7,8.8,6.0,86.0,6.7,26.0,25.0,40.0,296.0,76.7,159.0,1431.0,15.8,61.0,86.0,20.0,74.0,71.0,615.0,1.0,7.0,622.0,1.0,3790.0,9.5,13.0,1281.0,4.9,2.3,10.0,7.6,6.0,0.0,0.0,0.0,0.0,0.0,0.0,4.0,1.8,23.0,18.0,34.8,0.0,3.0,5.4,70.0,0.0,,,,,,0.0,23.0,70.0,3.0,0.0,0.0,0.0,0.0,0.0,0.0,,9.0,0.4,61.0,2.7,,,,,,,0.0,3.0,0.0,0.0,6.0,0.0,0.0,0.0,0.0,0.0,0.0,0.0,0.0,0.0,0.0,0.0,0.0,0%,91%,0%,0.0,705.0,0.0
Tua Tagovailoa,TagoTu00,2023,25,MIA,QB,17,17,11-6-0,388,560,69.3,4624,29,5.2,14,2.5,222,50.8,78.0,8.3,8.17,11.9,272.0,101.1,61.5,29,171,4.92,7.56,7.48,2,2,16,"PB,AP CPoY-5",124.0,122.0,124.0,96.0,129.0,121.0,114.0,114.0,127.0,2447.0,4.4,6.3,9.0,116.0,4.4,24.0,27.0,39.0,430.0,79.0,126.0,1145.0,14.3,78.0,95.0,15.7,111.0,105.0,1069.0,1.0,4.0,1073.0,2.0,4290.0,7.7,14.0,2177.0,5.6,2.1,15.0,5.3,13.0,0.0,0.0,0.0,0.0,0.0,0.0,5.0,2.1,35.0,9.0,20.0,0.0,2.1,4.4,74.0,0.0,,,,,,0.0,35.0,74.0,2.1,0.0,0.0,0.0,0.0,0.0,1.0,35.0,3.0,0.1,71.0,2.0,,,,,,,0.0,9.0,0.0,-36.0,13.0,0.0,0.0,0.0,0.0,0.0,0.0,0.0,0.0,0.0,0.0,0.0,0.0,,,,,,
Tua Tagovailoa,TagoTu00,2024,26,MIA,QB,11,11,6-5-0,291,399,72.9,2867,19,4.8,7,1.8,161,51.9,80.0,7.2,7.35,9.9,260.6,101.4,57.1,21,154,5.0,6.46,6.61,2,2,9,,109.0,106.0,132.0,110.0,106.0,116.0,114.0,105.0,102.0,1182.0,3.0,4.1,6.0,64.0,3.6,14.0,11.0,26.0,318.0,81.3,2.0,16.0,11.5,45.0,58.0,13.6,4.0,4.0,29.0,0.0,0.0,29.0,2.0,2281.0,5.7,6.0,1685.0,5.8,2.1,7.0,8.1,7.0,0.0,0.0,0.0,0.0,0.0,0.0,5.0,1.5,17.0,13.0,41.2,0.0,2.9,4.5,49.0,0.0,,,,,,0.0,17.0,49.0,2.9,0.0,0.0,0.0,0.0,0.0,0.0,,0.0,0.0,49.0,2.9,,,,,,,0.0,2.0,0.0,-15.0,7.0,0.0,0.0,0.0,0.0,0.0,0.0,0.0,0.0,0.0,0.0,0.0,0.0,0%,97%,0%,0.0,717.0,0.0
Tua Tagovailoa,TagoTu00,2025,27,MIA,QB,14,14,6-8-0,260,384,67.7,2660,20,5.2,15,3.9,142,46.4,47.0,6.9,6.21,10.2,190.0,88.5,37.5,30,195,7.25,5.95,5.29,1,1,8,,88.0,88.0,111.0,70.0,96.0,95.0,97.0,108.0,97.0,1243.0,3.2,4.8,5.0,85.0,4.6,17.0,15.0,48.0,285.0,77.0,87.0,663.0,15.9,59.0,93.0,21.9,43.0,41.0,220.0,0.0,0.0,220.0,2.0,2577.0,6.7,12.0,1417.0,5.5,2.3,11.0,4.0,8.0,0.0,0.0,0.0,0.0,0.0,0.0,1.0,1.4,20.0,8.0,15.0,0.0,2.2,3.1,43.0,0.0,,,,,,0.0,20.0,43.0,2.2,0.0,0.0,0.0,0.0,0.0,0.0,,3.0,0.2,40.0,2.0,,,,,,,0.0,4.0,0.0,-20.0,8.0,0.0,0.0,0.0,0.0,0.0,0.0,0.0,0.0,0.0,0.0,0.0,0.0,0%,96%,0%,0.0,778.0,0.0
Tyrod Taylor,TaylTy00,2011,22,BAL,QB,3,0,,1,1,100.0,18,0,0.0,0,0.0,0,,18.0,18.0,18.0,18.0,6.0,118.7,13.2,2,3,66.67,5.0,5.0,0,0,0,,,,,,,,,,,,,,,,,,,,,,,,,,,,,,,,,,,,,,,,,,,0.0,0.0,0.0,0.0,0.0,0.0,0.0,0.0,0.3,1.0,2.0,0.0,0.0,2.0,0.7,2.0,0.0,,,,,,0.0,1.0,2.0,2.0,,,,,,,,,,,,,,,,,,,,,,,,,,,,,,,,,,,,,,,,
Tyrod Taylor,TaylTy00,2012,23,BAL,QB,7,0,,17,29,58.6,179,0,0.0,1,3.4,8,40.6,25.0,6.2,4.62,10.5,25.6,62.3,52.3,3,30,9.38,4.66,3.25,0,0,1,,,,,,,,,,,,,,,,,,,,,,,,,,,,,,,,,,,,,,,,,,,0.0,0.0,0.0,0.0,0.0,0.0,0.0,5.0,2.0,14.0,28.0,57.1,1.0,5.2,10.4,73.0,0.0,,,,,,1.0,14.0,73.0,5.2,,,,,,,,,,,,,,,,,,,,,,,,,,,,,,,,,,,0%,18%,0%,0.0,92.0,0.0
Tyrod Taylor,TaylTy00,2013,24,BAL,QB,3,0,,1,5,20.0,2,0,0.0,1,20.0,0,,2.0,0.4,-8.6,2.0,0.7,0.0,70.8,0,0,0.0,0.4,-8.6,0,0,0,,,,,,,,,,,,,,,,,,,,,,,,,,,,,,,,,,,,,,,,,,,0.0,1.0,0.3,0.0,0.0,2.0,6.0,5.0,2.7,8.0,25.0,62.5,0.0,8.0,21.3,64.0,1.0,100.0,6.0,0.0,6.0,6.0,0.0,9.0,70.0,7.8,,,,,,,,,,,,,,,,,,,,,,,,,,,,,,,,,,,0%,10%,0%,0.0,21.0,0.0
Tyrod Taylor,TaylTy00,2014,25,BAL,QB,1,0,,0,0,,0,0,,0,,0,,,,,,0.0,,1.7,0,0,,,,0,0,0,,,,,,,,,,,,,,,,,,,,,,,,,,,,,,,,,,,,,,,,,,,0.0,0.0,0.0,0.0,0.0,0.0,0.0,0.0,4.0,4.0,,0.0,0.0,-0.8,-3.0,-3.0,0.0,,,,,,0.0,4.0,-3.0,-0.8,,,,,,,,,,,,,,,,,,,,,,,,,,,,,,,,,,,0%,9%,0%,0.0,6.0,0.0
Tyrod Taylor,TaylTy00,2015,26,BUF,QB,14,14,7-6-0,242,380,63.7,3035,20,5.3,6,1.6,129,42.8,63.0,8.0,8.33,12.5,216.8,99.4,66.3,36,212,8.65,6.79,7.1,1,2,14,PB,113.0,120.0,103.0,115.0,109.0,115.0,79.0,110.0,119.0,,,,,,,,,,,,,,,,,,,,,,,,,,,,,,,,,9.0,1.0,0.1,0.0,0.0,0.3,4.0,28.0,7.4,104.0,31.0,46.2,4.0,5.5,40.6,568.0,1.0,100.0,4.0,100.0,4.0,4.0,4.0,105.0,572.0,5.4,,,,,,,,,,,,,,,,,,0.0,3.0,0.0,0.0,9.0,0.0,0.0,0.0,0.0,0.0,0.0,0.0,0.0,0.0,0.0,0.0,0.0,,,,,,
Tyrod Taylor,TaylTy00,2016,27,BUF,QB,15,15,7-8-0,269,436,61.7,3023,17,3.9,6,1.4,148,43.1,84.0,6.9,7.09,11.2,201.5,89.7,62.4,42,192,8.79,5.92,6.07,1,1,15,,99.0,102.0,96.0,118.0,92.0,101.0,78.0,94.0,95.0,,,,,,,,,,,,,,,,,,,,,,,,,,,,,,,,,4.0,0.0,0.0,0.0,0.0,0.0,0.0,34.0,6.3,95.0,49.0,49.5,6.0,6.1,38.7,580.0,0.0,,,,,,6.0,95.0,580.0,6.1,,,,,,,,,,,,,,,,,,0.0,3.0,0.0,-6.0,4.0,0.0,0.0,0.0,0.0,0.0,0.0,0.0,0.0,0.0,0.0,0.0,0.0,0%,97%,0%,0.0,969.0,0.0
Tyrod Taylor,TaylTy00,2017,28,BUF,QB,15,14,8-6-0,263,420,62.6,2799,14,3.3,4,1.0,133,42.5,47.0,6.7,6.9,10.6,186.6,89.2,56.2,46,256,9.87,5.46,5.67,1,2,12,,94.0,99.0,97.0,123.0,83.0,99.0,74.0,88.0,89.0,,,,,,,,,,,,,,,,,,,,,,,,,,,,,,,,,4.0,0.0,0.0,0.0,0.0,0.0,0.0,28.0,5.6,84.0,32.0,42.9,4.0,5.1,28.5,427.0,0.0,,,,,,4.0,84.0,427.0,5.1,,,,,,,,,,,,,,,,,,0.0,0.0,0.0,-7.0,4.0,0.0,0.0,0.0,0.0,0.0,,0.0,0.0,0.0,0.0,,0.0,0%,94%,0%,0.0,927.0,0.0
Tyrod Taylor,TaylTy00,2018,29,CLE,QB,4,3,1-1-1,42,85,49.4,473,2,2.4,2,2.4,17,28.6,47.0,5.6,4.98,11.3,118.3,64.5,27.0,13,81,13.27,4.0,3.49,1,0,2,,65.0,72.0,47.0,100.0,57.0,66.0,50.0,77.0,68.0,275.0,3.2,6.5,0.0,37.0,6.3,5.0,9.0,21.0,,,,,24.1,19.0,43.0,39.4,,,,,,,1.0,846.0,10.0,5.0,198.0,4.7,2.4,11.0,10.1,3.0,0.0,0.0,0.0,0.0,0.0,0.0,6.0,4.0,16.0,24.0,56.3,1.0,7.8,31.3,125.0,0.0,,,,,,1.0,16.0,125.0,7.8,0.0,0.0,0.0,0.0,0.0,0.0,,31.0,1.9,94.0,5.9,,,,,,,0.0,1.0,0.0,0.0,3.0,0.0,0.0,0.0,0.0,0.0,0.0,0.0,0.0,0.0,0.0,0.0,0.0,0%,61%,0%,0.0,185.0,0.0
Tyrod Taylor,TaylTy00,2019,30,LAC,QB,8,0,,4,6,66.7,33,1,16.7,0,0.0,3,50.0,14.0,5.5,8.83,8.3,4.1,120.1,3.3,0,0,0.0,5.5,8.83,0,0,0,,,,,,,,,,,14.0,2.3,3.5,0.0,1.0,16.7,1.0,0.0,0.0,5.0,83.3,2.0,12.0,16.7,1.0,0.0,0.0,3.0,1.0,-2.0,2.0,1.0,-1.0,0.0,32.0,5.3,0.0,19.0,4.8,2.1,0.0,,0.0,0.0,0.0,0.0,0.0,0.0,0.0,1.0,1.3,10.0,9.0,10.0,0.0,0.7,0.9,7.0,1.0,0.0,,0.0,,0.0,0.0,10.0,7.0,0.7,0.0,0.0,0.0,0.0,0.0,0.0,,4.0,0.4,3.0,0.3,-4.0,,,0.0,39.6,,,,,,,,,,,,,,,,,,,0%,6%,10%,0.0,31.0,20.0
Tyrod Taylor,TaylTy00,2020,31,LAC,QB,2,1,1-0-0,16,30,53.3,208,0,0.0,0,0.0,10,37.5,37.0,6.9,6.93,13.0,104.0,75.4,16.6,2,1,6.25,6.47,6.47,1,1,1,,,,,,,,,,,128.0,4.3,8.0,0.0,9.0,3.6,1.0,2.0,5.0,20.0,71.4,7.0,46.0,21.4,6.0,9.0,26.5,5.0,3.0,23.0,2.0,1.0,24.0,0.0,335.0,11.2,2.0,80.0,5.0,2.5,2.0,3.5,0.0,0.0,0.0,0.0,0.0,0.0,0.0,1.0,3.0,6.0,4.0,16.7,0.0,1.2,3.5,7.0,0.0,,,,,,0.0,6.0,7.0,1.2,0.0,0.0,0.0,0.0,0.0,0.0,,1.0,0.2,6.0,1.0,,,,,,,,,,,,,,,,,,,,,,,,0%,49%,0%,0.0,75.0,0.0
Tyrod Taylor,TaylTy00,2021,32,HOU,QB,6,6,2-4-0,91,150,60.7,966,5,3.3,5,3.3,44,44.8,52.0,6.4,5.61,10.6,161.0,76.7,46.4,13,119,7.98,5.2,4.43,0,0,2,,78.0,81.0,82.0,79.0,79.0,80.0,87.0,88.0,86.0,473.0,3.2,5.2,2.0,60.0,3.4,5.0,16.0,19.0,100.0,69.0,29.0,239.0,22.1,32.0,48.0,27.0,24.0,18.0,115.0,4.0,28.0,143.0,1.0,1104.0,7.4,4.0,493.0,5.4,2.3,15.0,9.9,3.0,0.0,0.0,0.0,0.0,0.0,0.0,6.0,3.2,19.0,30.0,52.6,3.0,7.9,25.2,151.0,0.0,,,,,,3.0,19.0,151.0,7.9,0.0,0.0,0.0,0.0,0.0,4.0,4.8,65.0,3.4,86.0,4.5,,,,,,,0.0,2.0,0.0,9.0,3.0,0.0,0.0,0.0,0.0,0.0,0.0,0.0,0.0,0.0,0.0,0.0,0.0,0%,85%,0%,0.0,323.0,0.0
Tyrod Taylor,TaylTy00,2022,33,NYG,QB,3,0,,6,8,75.0,58,1,12.5,1,12.5,3,45.5,19.0,7.3,4.13,9.7,19.3,94.8,11.6,3,18,27.27,3.64,1.36,0,0,1,,,,,,,,,,,32.0,4.0,5.3,0.0,1.0,12.5,1.0,1.0,0.0,7.0,87.5,2.0,0.0,0.0,0.0,4.0,26.7,1.0,1.0,0.0,0.0,0.0,0.0,0.0,99.0,12.4,0.0,26.0,4.3,2.6,4.0,14.3,2.0,0.0,0.0,0.0,0.0,0.0,0.0,5.0,1.7,5.0,32.0,100.0,0.0,14.0,23.3,70.0,0.0,,,,,,0.0,5.0,70.0,14.0,0.0,0.0,0.0,0.0,0.0,0.0,,6.0,1.2,64.0,12.8,,,,,,,0.0,0.0,0.0,0.0,2.0,0.0,0.0,0.0,0.0,0.0,0.0,0.0,0.0,0.0,0.0,0.0,0.0,0%,17%,0%,0.0,32.0,0.0
Tyrod Taylor,TaylTy00,2023,34,NYG,QB,11,5,2-3-0,116,180,64.4,1341,5,2.8,3,1.7,52,43.7,80.0,7.5,7.26,11.6,121.9,89.1,48.6,17,94,8.63,6.33,6.15,0,0,5,,104.0,107.0,100.0,115.0,105.0,100.0,87.0,83.0,109.0,763.0,4.2,6.6,1.0,55.0,6.6,11.0,15.0,19.0,134.0,80.7,24.0,207.0,14.5,24.0,51.0,22.8,17.0,15.0,177.0,1.0,7.0,184.0,6.0,1546.0,8.6,8.0,578.0,5.0,2.3,27.0,5.9,4.0,0.0,0.0,0.0,0.0,0.0,0.0,10.0,3.5,38.0,31.0,47.4,0.0,5.2,17.9,197.0,0.0,,,,,,0.0,38.0,197.0,5.2,0.0,0.0,0.0,0.0,0.0,1.0,38.0,44.0,1.2,153.0,4.0,,,,,,,0.0,3.0,0.0,-6.0,4.0,0.0,0.0,0.0,0.0,0.0,0.0,0.0,0.0,0.0,0.0,0.0,0.0,0%,50%,0%,0.0,373.0,0.0
Tyrod Taylor,TaylTy00,2024,35,NYJ,QB,2,0,,17,22,77.3,119,3,13.6,0,0.0,9,63.6,20.0,5.4,8.14,7.0,59.5,128.6,95.0,0,0,0.0,5.41,8.14,0,0,0,,,,,,,,,,,51.0,2.3,3.0,0.0,4.0,4.8,1.0,2.0,3.0,19.0,90.5,0.0,0.0,9.5,2.0,5.0,20.8,0.0,0.0,0.0,0.0,0.0,0.0,0.0,88.0,4.0,1.0,68.0,4.0,2.0,2.0,6.5,1.0,0.0,0.0,0.0,0.0,0.0,0.0,0.0,1.5,3.0,7.0,66.7,0.0,4.3,6.5,13.0,0.0,,,,,,0.0,3.0,13.0,4.3,0.0,0.0,0.0,0.0,0.0,1.0,3.0,5.0,1.7,8.0,2.7,,,,,,,0.0,1.0,0.0,-8.0,1.0,0.0,0.0,0.0,0.0,0.0,0.0,0.0,0.0,0.0,0.0,0.0,0.0,0%,32%,0%,0.0,36.0,0.0
Tyrod Taylor,TaylTy00,2025,36,NYJ,QB,6,4,1-3-0,80,134,59.7,779,5,3.7,5,3.7,41,41.9,52.0,5.8,4.88,9.7,129.8,72.9,50.9,14,82,9.46,4.71,3.86,1,1,3,,68.0,68.0,80.0,73.0,71.0,71.0,82.0,90.0,73.0,448.0,3.3,5.6,6.0,50.0,9.5,12.0,16.0,15.0,92.0,73.0,26.0,198.0,13.5,17.0,45.0,26.5,7.0,3.0,51.0,4.0,11.0,62.0,1.0,1150.0,8.6,7.0,331.0,4.1,2.4,22.0,6.4,1.0,0.0,0.0,0.0,0.0,0.0,0.0,10.0,4.5,27.0,15.0,48.1,1.0,5.3,23.8,143.0,0.0,,,,,,1.0,27.0,143.0,5.3,0.0,0.0,0.0,0.0,0.0,1.0,27.0,29.0,1.1,114.0,4.2,,,,,,,0.0,0.0,0.0,0.0,1.0,0.0,0.0,0.0,0.0,0.0,0.0,0.0,0.0,0.0,0.0,0.0,0.0,0%,70%,0%,0.0,251.0,0.0
Vinny Testaverde,TestVi00,1987,24,TAM,QB,6,4,0-4-0,71,165,43.0,1081,5,3.0,6,3.6,54,35.5,40.0,6.6,5.52,15.2,180.2,60.2,,18,140,9.84,5.14,4.21,0,0,4,,89.0,94.0,61.0,104.0,85.0,82.0,85.0,88.0,92.0,,,,,,,,,,,,,,,,,,,,,,,,,,,,,,,,,7.0,0.0,0.0,0.0,0.0,0.0,0.0,4.0,2.2,13.0,17.0,46.2,1.0,3.8,8.3,50.0,0.0,,,,,,1.0,13.0,50.0,3.8,,,,,,,,,,,,,,,,,,0.0,4.0,0.0,-3.0,7.0,0.0,0.0,0.0,0.0,,,0.0,0.0,0.0,0.0,,0.0,,,,,,
Vinny Testaverde,TestVi00,1988,25,TAM,QB,15,15,5-10-0,222,466,47.6,3240,13,2.8,35,7.5,156,39.1,59.0,7.0,4.13,14.6,216.0,48.8,,33,292,6.61,5.91,3.27,2,3,6,,75.0,74.0,76.0,50.0,98.0,67.0,103.0,85.0,99.0,,,,,,,,,,,,,,,,,,,,,,,,,,,,,,,,,8.0,0.0,0.0,0.0,0.0,0.0,0.0,9.0,1.9,28.0,24.0,42.9,1.0,4.9,9.2,138.0,0.0,,,,,,1.0,28.0,138.0,4.9,,,,,,,,,,,,,,,,,,0.0,2.0,0.0,0.0,8.0,0.0,0.0,0.0,0.0,,,0.0,0.0,0.0,0.0,,0.0,,,,,,
Vinny Testaverde,TestVi00,1989,26,TAM,QB,14,14,5-9-0,258,480,53.8,3133,20,4.2,22,4.6,152,39.6,78.0,6.5,5.3,12.1,223.8,68.9,,38,294,7.34,5.48,4.34,2,2,9,,89.0,89.0,94.0,89.0,89.0,92.0,98.0,101.0,89.0,,,,,,,,,,,,,,,,,,,,,,,,,,,,,,,,,4.0,0.0,0.0,0.0,0.0,0.0,0.0,8.0,1.8,25.0,16.0,44.0,0.0,5.6,9.9,139.0,0.0,,,,,,0.0,25.0,139.0,5.6,,,,,,,,,,,,,,,,,,0.0,2.0,0.0,0.0,4.0,0.0,0.0,0.0,0.0,,,0.0,0.0,0.0,0.0,,0.0,,,,,,
Vinny Testaverde,TestVi00,1990,27,TAM,QB,14,13,6-7-0,203,365,55.6,2818,17,4.7,18,4.9,126,41.4,89.0,7.7,6.43,13.9,201.3,75.6,,38,330,9.43,6.17,5.01,3,3,9,,97.0,104.0,97.0,81.0,103.0,99.0,85.0,108.0,116.0,,,,,,,,,,,,,,,,,,,,,,,,,,,,,,,,,10.0,1.0,0.1,0.0,0.0,0.2,3.0,11.0,2.7,38.0,48.0,52.6,1.0,7.4,20.0,280.0,1.0,100.0,3.0,0.0,3.0,3.0,1.0,39.0,283.0,7.3,,,,,,,,,,,,,,,,,,0.0,3.0,0.0,0.0,10.0,0.0,0.0,0.0,0.0,,,0.0,0.0,0.0,0.0,,0.0,,,,,,
Vinny Testaverde,TestVi00,1991,28,TAM,QB,13,12,3-9-0,166,326,50.9,1994,8,2.5,15,4.6,101,36.0,87.0,6.1,4.54,12.0,153.4,59.0,,35,234,9.7,4.88,3.45,0,0,4,,78.0,79.0,78.0,85.0,81.0,76.0,85.0,83.0,83.0,,,,,,,,,,,,,,,,,,,,,,,,,,,,,,,,,5.0,0.0,0.0,0.0,0.0,0.0,0.0,2.0,2.5,32.0,19.0,25.0,0.0,3.2,7.8,101.0,0.0,,,,,,0.0,32.0,101.0,3.2,,,,,,,,,,,,,,,,,,0.0,3.0,0.0,0.0,5.0,0.0,0.0,0.0,0.0,,,0.0,0.0,0.0,0.0,,0.0,,,,,,
Vinny Testaverde,TestVi00,1992,29,TAM,QB,14,14,5-9-0,206,358,57.5,2554,14,3.9,16,4.5,123,41.2,81.0,7.1,5.91,12.4,182.4,74.2,,35,259,8.91,5.84,4.72,1,1,9,,96.0,99.0,100.0,86.0,100.0,97.0,89.0,103.0,106.0,,,,,,,,,,,,,,,,,,,,,,,,,,,,,,,,,4.0,0.0,0.0,0.0,0.0,0.0,0.0,11.0,2.6,36.0,18.0,44.4,2.0,5.5,14.1,197.0,0.0,,,,,,2.0,36.0,197.0,5.5,,,,,,,,,,,,,,,,,,0.0,4.0,0.0,-8.0,4.0,0.0,0.0,0.0,0.0,,,0.0,0.0,0.0,0.0,,0.0,,,,,,
Vinny Testaverde,TestVi00,1993,30,CLE,QB,10,6,3-3-0,130,230,56.5,1797,14,6.1,9,3.9,85,41.7,62.0,7.8,7.27,13.8,179.7,85.7,,17,101,6.88,6.87,6.36,1,1,7,,116.0,117.0,96.0,92.0,118.0,112.0,99.0,130.0,120.0,,,,,,,,,,,,,,,,,,,,,,,,,,,,,,,,,4.0,0.0,0.0,0.0,0.0,0.0,0.0,5.0,1.8,18.0,14.0,38.9,0.0,4.1,7.4,74.0,0.0,,,,,,0.0,18.0,74.0,4.1,,,,,,,,,,,,,,,,,,0.0,0.0,0.0,0.0,4.0,0.0,0.0,0.0,0.0,,,0.0,0.0,0.0,0.0,,0.0,,,,,,
Vinny Testaverde,TestVi00,1994,31,CLE,QB,14,13,9-4-0,207,376,55.1,2575,16,4.3,18,4.8,125,41.8,81.0,6.8,5.55,12.4,183.9,70.7,,12,83,3.09,6.42,5.16,0,1,9,,98.0,92.0,90.0,74.0,110.0,90.0,121.0,106.0,102.0,,,,,,,,,,,,,,,,,,,,,,,,,,,,,,,,,3.0,0.0,0.0,0.0,0.0,0.0,0.0,5.0,1.5,21.0,12.0,38.1,2.0,1.8,2.6,37.0,0.0,,,,,,2.0,21.0,37.0,1.8,,,,,,,,,,,,,,,,,,0.0,2.0,0.0,2.0,3.0,0.0,0.0,0.0,0.0,,,0.0,0.0,0.0,0.0,,0.0,,,,,,
Vinny Testaverde,TestVi00,1995,32,CLE,QB,13,12,4-8-0,241,392,61.5,2883,17,4.3,10,2.6,146,48.4,70.0,7.4,7.07,12.0,221.8,87.8,,17,87,4.16,6.84,6.57,0,1,9,,119.0,115.0,112.0,110.0,121.0,114.0,113.0,105.0,115.0,,,,,,,,,,,,,,,,,,,,,,,,,,,,,,,,,4.0,1.0,0.1,1.0,0.0,0.5,7.0,7.0,1.4,18.0,14.0,55.6,2.0,3.4,4.8,62.0,1.0,100.0,7.0,100.0,7.0,7.0,2.0,19.0,69.0,3.6,,,,,,,,,,,,,,,,,,0.0,0.0,0.0,-5.0,4.0,0.0,0.0,0.0,0.0,,,0.0,0.0,0.0,0.0,,0.0,,,,,,
Vinny Testaverde,TestVi00,1996,33,BAL,QB,16,16,4-12-0,325,549,59.2,4177,33,6.0,19,3.5,200,47.7,86.0,7.6,7.25,12.9,261.1,88.7,,34,270,5.83,6.7,6.37,2,3,16,PB,117.0,118.0,107.0,95.0,121.0,116.0,105.0,127.0,122.0,,,,,,,,,,,,,,,,,,,,,,,,,,,,,,,,,9.0,0.0,0.0,0.0,0.0,0.0,0.0,13.0,2.1,34.0,22.0,41.2,2.0,5.5,11.8,188.0,0.0,,,,,,2.0,34.0,188.0,5.5,,,,,,,,,,,,,,,,,,0.0,0.0,0.0,-11.0,9.0,0.0,0.0,0.0,0.0,,,0.0,0.0,0.0,0.0,,0.0,,,,,,
Vinny Testaverde,TestVi00,1997,34,BAL,QB,13,13,4-8-1,271,470,57.7,2971,18,3.8,15,3.2,139,43.5,54.0,6.3,5.65,11.0,228.5,75.9,,20,129,4.08,5.8,5.16,1,1,8,,99.0,95.0,103.0,101.0,100.0,98.0,118.0,98.0,92.0,,,,,,,,,,,,,,,,,,,,,,,,,,,,,,,,,11.0,1.0,0.1,0.0,0.0,-0.3,-4.0,12.0,2.6,34.0,16.0,38.2,0.0,4.1,10.6,138.0,1.0,100.0,-4.0,0.0,-4.0,-4.0,0.0,35.0,134.0,3.8,,,,,,,,,,,,,,,,,,0.0,5.0,0.0,-9.0,11.0,0.0,0.0,0.0,0.0,,,0.0,0.0,0.0,0.0,,0.0,,,,,,
Vinny Testaverde,TestVi00,1998,35,NYJ,QB,14,13,12-1-0,259,421,61.5,3256,29,6.9,7,1.7,170,49.8,82.0,7.7,8.36,12.6,232.6,101.6,,19,140,4.32,7.08,7.68,3,3,14,"PB,AP OPoY-7,AP CPoY-3",129.0,126.0,120.0,122.0,123.0,129.0,117.0,129.0,117.0,,,,,,,,,,,,,,,,,,,,,,,,,,,,,,,,,7.0,0.0,0.0,0.0,0.0,0.0,0.0,8.0,1.7,24.0,25.0,37.5,1.0,4.3,7.4,104.0,0.0,,,,,,1.0,24.0,104.0,4.3,,,,,,,,,,,,,,,,,,0.0,3.0,0.0,-6.0,7.0,0.0,0.0,0.0,0.0,,,0.0,0.0,0.0,0.0,,0.0,,,,,,
Vinny Testaverde,TestVi00,1999,36,NYJ,QB,1,1,0-1-0,10,15,66.7,96,1,6.7,1,6.7,6,46.7,27.0,6.4,4.73,9.6,96.0,78.7,,0,0,0.0,6.4,4.73,0,0,0,,,,,,,,,,,,,,,,,,,,,,,,,,,,,,,,,,,,,,,,,,,,,,,,,,,,,,,,,,,,,,,,,,,,,,,,,,,,,,,,,,,,,,,,,,,,,,,,,,,,,,,,,,,,
Vinny Testaverde,TestVi00,2000,37,NYJ,QB,16,16,9-7-0,328,590,55.6,3732,21,3.6,25,4.2,178,43.6,63.0,6.3,5.13,11.4,233.3,69.0,,13,71,2.16,6.07,4.9,4,4,9,AP CPoY-7,96.0,88.0,90.0,85.0,104.0,88.0,130.0,96.0,92.0,,,,,,,,,,,,,,,,,,,,,,,,,,,,,,,,,7.0,0.0,0.0,0.0,0.0,0.0,0.0,3.0,1.6,25.0,15.0,12.0,0.0,1.3,2.0,32.0,0.0,,,,,,0.0,25.0,32.0,1.3,,,,,,,,,,,,,,,,,,0.0,0.0,0.0,-5.0,7.0,0.0,0.0,0.0,0.0,0.0,,0.0,0.0,0.0,0.0,0.0,0.0,,,,,,
Vinny Testaverde,TestVi00,2001,38,NYJ,QB,16,16,10-6-0,260,441,59.0,2752,15,3.4,14,3.2,147,42.0,40.0,6.2,5.49,10.6,172.0,75.3,,18,122,3.92,5.73,5.01,5,5,10,,97.0,92.0,100.0,100.0,98.0,95.0,117.0,93.0,90.0,,,,,,,,,,,,,,,,,,,,,,,,,,,,,,,,,12.0,0.0,0.0,0.0,0.0,0.0,0.0,3.0,1.9,31.0,12.0,9.7,0.0,0.8,1.6,25.0,0.0,,,,,,0.0,31.0,25.0,0.8,,,,,,,,,,,,,,,,,,0.0,5.0,0.0,-28.0,12.0,0.0,0.0,0.0,0.0,0.0,,0.0,0.0,0.0,0.0,0.0,0.0,,,,,,
Vinny Testaverde,TestVi00,2002,39,NYJ,QB,5,4,1-3-0,54,83,65.1,499,3,3.6,3,3.6,23,46.7,35.0,6.0,5.11,9.2,99.8,78.3,,9,62,9.78,4.75,3.93,1,0,2,,80.0,85.0,121.0,93.0,76.0,99.0,77.0,95.0,85.0,,,,,,,,,,,,,,,,,,,,,,,,,,,,,,,,,2.0,0.0,0.0,0.0,0.0,0.0,0.0,0.0,0.4,2.0,24.0,50.0,0.0,11.5,4.6,23.0,0.0,,,,,,0.0,2.0,23.0,11.5,,,,,,,,,,,,,,,,,,0.0,0.0,0.0,0.0,2.0,0.0,0.0,0.0,0.0,0.0,,0.0,0.0,,,,,,,,,,
Vinny Testaverde,TestVi00,2003,40,NYJ,QB,7,7,2-5-0,123,198,62.1,1385,7,3.5,2,1.0,65,39.7,61.0,7.0,7.25,11.3,197.9,90.6,,6,48,2.94,6.55,6.8,1,1,5,,118.0,113.0,109.0,137.0,111.0,113.0,123.0,93.0,104.0,,,,,,,,,,,,,,,,,,,,,,,,,,,,,,,,,1.0,0.0,0.0,0.0,0.0,0.0,0.0,1.0,0.9,6.0,13.0,33.3,0.0,2.8,2.4,17.0,0.0,,,,,,0.0,6.0,17.0,2.8,,,,,,,,,,,,,,,,,,0.0,0.0,0.0,-6.0,1.0,0.0,0.0,0.0,0.0,0.0,,0.0,0.0,,,,,,,,,,
Vinny Testaverde,TestVi00,2004,41,DAL,QB,16,15,5-10-0,297,495,60.0,3532,17,3.4,20,4.0,163,45.7,53.0,7.1,6.0,11.9,220.8,76.4,,34,182,6.43,6.33,5.27,2,3,9,,99.0,97.0,102.0,85.0,106.0,95.0,101.0,92.0,105.0,,,,,,,,,,,,,,,,,,,,,,,,,,,,,,,,,8.0,0.0,0.0,0.0,0.0,0.0,0.0,2.0,1.3,21.0,10.0,23.8,1.0,1.8,2.4,38.0,0.0,,,,,,1.0,21.0,38.0,1.8,,,,,,,,,,,,,,,,,,0.0,4.0,0.0,-3.0,8.0,0.0,0.0,0.0,0.0,0.0,,0.0,0.0,0.0,0.0,0.0,0.0,,,,,,
Vinny Testaverde,TestVi00,2005,42,NYJ,QB,6,4,1-3-0,60,106,56.6,777,1,0.9,6,5.7,35,39.0,47.0,7.3,4.97,13.0,129.5,59.4,,12,102,10.17,5.72,3.6,0,0,2,,78.0,84.0,90.0,57.0,95.0,72.0,78.0,63.0,107.0,,,,,,,,,,,,,,,,,,,,,,,,,,,,,,,,,8.0,0.0,0.0,0.0,0.0,0.0,0.0,2.0,1.2,7.0,2.0,28.6,2.0,0.6,0.7,4.0,0.0,,,,,,2.0,7.0,4.0,0.6,,,,,,,,,,,,,,,,,,0.0,1.0,0.0,-11.0,8.0,0.0,0.0,0.0,0.0,0.0,,0.0,0.0,0.0,0.0,0.0,0.0,,,,,,
Vinny Testaverde,TestVi00,2006,43,NWE,QB,3,0,,2,3,66.7,29,1,33.3,0,0.0,2,66.7,23.0,9.7,16.33,14.5,9.7,137.5,99.9,0,0,0.0,9.67,16.33,0,0,0,,,,,,,,,,,,,,,,,,,,,,,,,,,,,,,,,,,,,,,,,,,0.0,0.0,0.0,0.0,0.0,0.0,0.0,0.0,2.7,8.0,-1.0,0.0,0.0,-1.0,-2.7,-8.0,0.0,,,,,,0.0,8.0,-8.0,-1.0,,,,,,,,,,,,,,,,,,,,,,,,,,,,,,,,,,,,,,,,
Vinny Testaverde,TestVi00,2007,44,CAR,QB,7,6,2-4-0,94,172,54.7,952,5,2.9,6,3.5,47,38.1,65.0,5.5,4.55,10.1,136.0,65.8,31.0,9,46,4.97,5.01,4.07,1,1,0,,81.0,76.0,78.0,93.0,81.0,78.0,108.0,87.0,72.0,,,,,,,,,,,,,,,,,,,,,,,,,,,,,,,,,3.0,0.0,0.0,0.0,0.0,0.0,0.0,1.0,1.3,9.0,16.0,33.3,0.0,2.4,3.1,22.0,0.0,,,,,,0.0,9.0,22.0,2.4,,,,,,,,,,,,,,,,,,0.0,1.0,0.0,0.0,3.0,0.0,0.0,0.0,0.0,0.0,0.0,0.0,0.0,0.0,0.0,0.0,0.0,,,,,,
Warren Moon,MoonWa00,1984,28,HOU,QB,16,16,3-13-0,259,450,57.6,3338,12,2.7,14,3.1,153,45.3,76.0,7.4,6.55,12.9,208.6,76.9,,47,371,9.46,5.97,5.19,1,2,10,,103.0,106.0,105.0,114.0,101.0,102.0,93.0,83.0,106.0,,,,,,,,,,,,,,,,,,,,,,,,,,,,,,,,,17.0,0.0,0.0,0.0,0.0,0.0,0.0,13.0,3.6,58.0,31.0,39.7,1.0,3.6,13.2,211.0,0.0,,,,,,1.0,58.0,211.0,3.6,,,,,,,,,,,,,,,,,,0.0,7.0,0.0,-1.0,17.0,0.0,0.0,0.0,0.0,,,0.0,0.0,0.0,0.0,,0.0,,,,,,
Warren Moon,MoonWa00,1985,29,HOU,QB,14,14,4-10-0,200,377,53.1,2709,15,4.0,19,5.0,113,38.8,80.0,7.2,5.71,13.5,193.5,68.5,,46,366,10.87,5.54,4.23,2,3,8,,91.0,96.0,91.0,87.0,94.0,92.0,83.0,98.0,103.0,,,,,,,,,,,,,,,,,,,,,,,,,,,,,,,,,12.0,0.0,0.0,0.0,0.0,0.0,0.0,12.0,2.8,39.0,17.0,46.2,0.0,3.3,9.3,130.0,0.0,,,,,,0.0,39.0,130.0,3.3,,,,,,,,,,,,,,,,,,0.0,5.0,0.0,-8.0,12.0,0.0,0.0,0.0,0.0,,,0.0,0.0,0.0,0.0,,0.0,,,,,,
Warren Moon,MoonWa00,1986,30,HOU,QB,15,15,5-10-0,256,488,52.5,3489,13,2.7,26,5.3,159,39.9,81.0,7.1,5.28,13.6,232.6,62.3,,41,332,7.75,5.97,4.25,0,0,9,,90.0,90.0,90.0,82.0,102.0,84.0,100.0,83.0,103.0,,,,,,,,,,,,,,,,,,,,,,,,,,,,,,,,,11.0,0.0,0.0,0.0,0.0,0.0,0.0,11.0,2.8,42.0,19.0,42.9,2.0,3.7,10.5,157.0,1.0,0.0,,0.0,,0.0,2.0,42.0,157.0,3.7,,,,,,,,,,,,,,,,,,0.0,3.0,0.0,-4.0,11.0,0.0,0.0,0.0,0.0,,,0.0,0.0,0.0,0.0,,0.0,,,,,,
Warren Moon,MoonWa00,1987,31,HOU,QB,12,12,7-5-0,184,368,50.0,2806,21,5.7,18,4.9,121,39.4,83.0,7.6,6.57,15.3,233.8,74.2,,25,198,6.36,6.64,5.64,3,3,10,,108.0,107.0,84.0,87.0,115.0,100.0,106.0,117.0,114.0,,,,,,,,,,,,,,,,,,,,,,,,,,,,,,,,,8.0,0.0,0.0,0.0,0.0,0.0,0.0,13.0,2.8,34.0,20.0,58.8,3.0,3.3,9.3,112.0,1.0,0.0,,0.0,,0.0,3.0,34.0,112.0,3.3,,,,,,,,,,,,,,,,,,1.0,6.0,0.0,-7.0,8.0,0.0,0.0,0.0,0.0,,,0.0,0.0,0.0,0.0,,0.0,,,,,,
Warren Moon,MoonWa00,1988,32,HOU,QB,11,11,7-4-0,160,294,54.4,2327,17,5.8,8,2.7,110,46.4,57.0,7.9,7.85,14.5,211.5,88.4,,12,120,3.92,7.21,7.15,1,1,11,"PB,AP MVP-5",128.0,123.0,98.0,116.0,125.0,117.0,120.0,118.0,119.0,,,,,,,,,,,,,,,,,,,,,,,,,,,,,,,,,8.0,0.0,0.0,0.0,0.0,0.0,0.0,11.0,3.0,33.0,14.0,45.5,5.0,2.7,8.0,88.0,0.0,,,,,,5.0,33.0,88.0,2.7,,,,,,,,,,,,,,,,,,0.0,4.0,0.0,-12.0,8.0,0.0,0.0,0.0,0.0,,,0.0,0.0,0.0,0.0,,0.0,,,,,,
Warren Moon,MoonWa00,1989,33,HOU,QB,16,16,9-7-0,280,464,60.3,3631,23,5.0,14,3.0,176,48.5,55.0,7.8,7.46,13.0,226.9,88.9,,35,267,7.01,6.74,6.4,2,3,13,PB,116.0,117.0,117.0,110.0,114.0,118.0,100.0,111.0,117.0,,,,,,,,,,,,,,,,,,,,,,,,,,,,,,,,,11.0,0.0,0.0,0.0,0.0,0.0,0.0,25.0,4.4,70.0,19.0,47.1,4.0,3.8,16.8,268.0,0.0,,,,,,4.0,70.0,268.0,3.8,,,,,,,,,,,,,,,,,,0.0,6.0,0.0,-13.0,11.0,0.0,0.0,0.0,0.0,,,0.0,0.0,0.0,0.0,,0.0,,,,,,
Warren Moon,MoonWa00,1990,34,HOU,QB,15,15,8-7-0,362,584,62.0,4689,33,5.7,13,2.2,232,51.3,87.0,8.0,8.16,13.0,312.6,96.8,,36,252,5.81,7.16,7.28,1,1,18,"PB,AP-2,AP MVP-3,AP OPoY-1",127.0,128.0,121.0,120.0,122.0,129.0,108.0,119.0,123.0,,,,,,,,,,,,,,,,,,,,,,,,,,,,,,,,,18.0,0.0,0.0,0.0,0.0,0.0,0.0,20.0,3.7,55.0,17.0,52.7,2.0,3.9,14.3,215.0,0.0,,,,,,2.0,55.0,215.0,3.9,,,,,,,,,,,,,,,,,,0.0,4.0,0.0,0.0,18.0,0.0,0.0,0.0,0.0,,,0.0,0.0,0.0,0.0,,0.0,,,,,,
Warren Moon,MoonWa00,1991,35,HOU,QB,16,16,11-5-0,404,655,61.7,4690,23,3.5,21,3.2,230,51.5,61.0,7.2,6.42,11.6,293.1,81.7,,23,174,3.39,6.66,5.95,4,5,15,PB,110.0,105.0,117.0,106.0,114.0,107.0,124.0,96.0,105.0,,,,,,,,,,,,,,,,,,,,,,,,,,,,,,,,,11.0,0.0,0.0,0.0,0.0,0.0,0.0,10.0,2.1,33.0,12.0,42.4,2.0,2.1,4.3,68.0,0.0,,,,,,2.0,33.0,68.0,2.1,,,,,,,,,,,,,,,,,,0.0,4.0,0.0,-4.0,11.0,0.0,0.0,0.0,0.0,,,0.0,0.0,0.0,0.0,,0.0,,,,,,
Warren Moon,MoonWa00,1992,36,HOU,QB,11,10,6-4-0,224,346,64.7,2521,18,5.2,12,3.5,132,51.9,72.0,7.3,6.77,11.3,229.2,89.3,,16,105,4.42,6.67,6.18,2,2,11,PB,114.0,111.0,123.0,101.0,114.0,118.0,116.0,118.0,109.0,,,,,,,,,,,,,,,,,,,,,,,,,,,,,,,,,7.0,0.0,0.0,0.0,0.0,0.0,0.0,13.0,2.5,27.0,23.0,59.3,1.0,5.4,13.4,147.0,0.0,,,,,,1.0,27.0,147.0,5.4,,,,,,,,,,,,,,,,,,0.0,0.0,0.0,-6.0,7.0,0.0,0.0,0.0,0.0,,,0.0,0.0,0.0,0.0,,0.0,,,,,,
Warren Moon,MoonWa00,1993,37,HOU,QB,15,14,10-4-0,303,520,58.3,3485,21,4.0,21,4.0,178,48.2,80.0,6.7,5.69,11.5,232.3,75.2,,34,218,6.14,5.9,4.95,1,1,12,"PB,AP MVP-6",97.0,96.0,101.0,90.0,101.0,98.0,104.0,104.0,99.0,,,,,,,,,,,,,,,,,,,,,,,,,,,,,,,,,13.0,0.0,0.0,0.0,0.0,0.0,0.0,12.0,3.2,48.0,35.0,35.4,1.0,3.0,9.7,145.0,0.0,,,,,,1.0,48.0,145.0,3.0,,,,,,,,,,,,,,,,,,0.0,5.0,0.0,-7.0,13.0,0.0,0.0,0.0,0.0,,,0.0,0.0,0.0,0.0,,0.0,,,,,,
Warren Moon,MoonWa00,1994,38,MIN,QB,15,15,9-6-0,371,601,61.7,4264,18,3.0,19,3.2,201,48.1,65.0,7.1,6.27,11.5,284.3,79.9,,29,235,4.6,6.4,5.61,4,5,11,PB,104.0,102.0,111.0,99.0,109.0,102.0,111.0,90.0,107.0,,,,,,,,,,,,,,,,,,,,,,,,,,,,,,,,,9.0,0.0,0.0,0.0,0.0,0.0,0.0,6.0,1.8,27.0,12.0,33.3,0.0,2.0,3.7,55.0,0.0,,,,,,0.0,27.0,55.0,2.0,,,,,,,,,,,,,,,,,,0.0,2.0,0.0,-5.0,9.0,0.0,0.0,0.0,0.0,,,0.0,0.0,0.0,0.0,,0.0,,,,,,
Warren Moon,MoonWa00,1995,39,MIN,QB,16,16,8-8-0,377,606,62.2,4228,33,5.4,14,2.3,213,48.1,85.0,7.0,7.03,11.2,264.3,91.5,,38,277,5.9,6.14,6.18,0,3,13,PB,113.0,115.0,114.0,115.0,105.0,119.0,102.0,120.0,106.0,,,,,,,,,,,,,,,,,,,,,,,,,,,,,,,,,13.0,0.0,0.0,0.0,0.0,0.0,0.0,10.0,2.1,33.0,16.0,42.4,0.0,2.5,5.1,82.0,0.0,,,,,,0.0,33.0,82.0,2.5,,,,,,,,,,,,,,,,,,0.0,5.0,0.0,-12.0,13.0,0.0,0.0,0.0,0.0,,,0.0,0.0,0.0,0.0,,0.0,,,,,,
Warren Moon,MoonWa00,1996,40,MIN,QB,8,8,4-4-0,134,247,54.3,1610,7,2.8,9,3.6,74,39.8,54.0,6.5,5.45,12.0,201.3,68.7,,19,122,7.14,5.59,4.6,1,2,4,,90.0,90.0,88.0,92.0,94.0,87.0,97.0,86.0,95.0,,,,,,,,,,,,,,,,,,,,,,,,,,,,,,,,,7.0,0.0,0.0,0.0,0.0,0.0,0.0,3.0,1.1,9.0,5.0,33.3,0.0,0.7,0.8,6.0,0.0,,,,,,0.0,9.0,6.0,0.7,,,,,,,,,,,,,,,,,,0.0,2.0,0.0,0.0,7.0,0.0,0.0,0.0,0.0,,,0.0,0.0,0.0,0.0,,0.0,,,,,,
Warren Moon,MoonWa00,1997,41,SEA,QB,15,14,7-7-0,313,528,59.3,3678,25,4.7,16,3.0,179,44.8,60.0,7.0,6.55,11.8,245.2,83.7,,30,192,5.38,6.25,5.85,3,4,12,PB,108.0,106.0,109.0,103.0,108.0,108.0,110.0,108.0,104.0,,,,,,,,,,,,,,,,,,,,,,,,,,,,,,,,,7.0,0.0,0.0,0.0,0.0,0.0,0.0,3.0,1.1,17.0,17.0,29.4,1.0,2.4,2.7,40.0,0.0,,,,,,1.0,17.0,40.0,2.4,,,,,,,,,,,,,,,,,,0.0,1.0,0.0,-2.0,7.0,0.0,0.0,0.0,0.0,,,0.0,0.0,0.0,0.0,,0.0,,,,,,
Warren Moon,MoonWa00,1998,42,SEA,QB,10,10,4-6-0,145,258,56.2,1632,11,4.3,8,3.1,79,39.6,45.0,6.3,5.78,11.3,163.2,76.6,,22,140,7.86,5.33,4.83,0,0,5,,95.0,96.0,98.0,102.0,91.0,99.0,96.0,102.0,92.0,,,,,,,,,,,,,,,,,,,,,,,,,,,,,,,,,8.0,0.0,0.0,0.0,0.0,0.0,0.0,0.0,1.6,16.0,9.0,18.8,0.0,0.6,1.0,10.0,0.0,,,,,,0.0,16.0,10.0,0.6,,,,,,,,,,,,,,,,,,0.0,1.0,0.0,-12.0,8.0,0.0,0.0,0.0,0.0,,,0.0,0.0,0.0,0.0,,0.0,,,,,,
Warren Moon,MoonWa00,1999,43,KAN,QB,1,0,,1,3,33.3,20,0,0.0,0,0.0,1,33.3,20.0,6.7,6.67,20.0,20.0,57.6,,0,0,0.0,6.67,6.67,0,0,0,,,,,,,,,,,,,,,,,,,,,,,,,,,,,,,,,,,,,,,,,,,,,,,,,,,,,,,,,,,,,,,,,,,,,,,,,,,,,,,,,,,,,,,,,,,,,,,,,,,,,,,,,,,,
Warren Moon,MoonWa00,2000,44,KAN,QB,2,1,0-1-0,15,34,44.1,208,1,2.9,1,2.9,9,33.3,41.0,6.1,5.38,13.9,104.0,61.9,,5,46,12.82,4.15,3.51,0,0,1,,,,,,,,,,,,,,,,,,,,,,,,,,,,,,,,,,,,,,,,,,,1.0,0.0,0.0,0.0,0.0,0.0,0.0,0.0,1.0,2.0,2.0,0.0,0.0,1.0,1.0,2.0,0.0,,,,,,0.0,2.0,2.0,1.0,,,,,,,,,,,,,,,,,,0.0,1.0,0.0,0.0,1.0,0.0,0.0,0.0,0.0,0.0,,0.0,0.0,0.0,0.0,0.0,0.0,,,,,,
Will Levis,LeviWi00,2023,24,TEN,QB,9,9,3-6-0,149,255,58.4,1808,8,3.1,4,1.6,81,37.1,61.0,7.1,7.01,12.1,200.9,84.2,34.0,28,185,9.89,5.73,5.66,1,1,6,,97.0,103.0,71.0,117.0,93.0,92.0,78.0,87.0,101.0,1062.0,4.2,7.1,5.0,88.0,4.9,12.0,46.0,8.0,165.0,67.1,61.0,574.0,16.7,41.0,82.0,28.1,20.0,15.0,112.0,3.0,3.0,115.0,2.0,2695.0,10.6,7.0,746.0,5.0,2.5,9.0,6.3,7.0,0.0,0.0,0.0,0.0,0.0,0.0,7.0,2.8,25.0,11.0,36.0,1.0,2.3,6.3,57.0,0.0,,,,,,1.0,25.0,57.0,2.3,0.0,0.0,0.0,0.0,0.0,0.0,,23.0,0.9,34.0,1.4,,,,,,,0.0,2.0,0.0,-15.0,7.0,0.0,0.0,0.0,0.0,0.0,0.0,0.0,0.0,0.0,0.0,0.0,0.0,0%,92%,0%,0.0,528.0,0.0
Will Levis,LeviWi00,2024,25,TEN,QB,12,12,2-10-0,190,301,63.1,2091,13,4.3,12,4.0,86,36.5,98.0,6.9,6.02,11.0,174.3,81.4,25.2,41,233,11.99,5.43,4.61,1,1,5,,81.0,87.0,93.0,67.0,87.0,86.0,63.0,100.0,97.0,1150.0,3.8,6.1,4.0,69.0,6.5,19.0,34.0,15.0,217.0,74.1,67.0,535.0,18.8,55.0,90.0,24.9,31.0,25.0,258.0,6.0,25.0,283.0,0.0,2575.0,8.6,8.0,941.0,5.0,2.4,19.0,7.0,10.0,0.0,0.0,0.0,0.0,0.0,0.0,20.0,3.8,45.0,21.0,48.9,0.0,4.1,15.3,183.0,0.0,,,,,,0.0,45.0,183.0,4.1,0.0,0.0,0.0,0.0,0.0,4.0,11.3,54.0,1.2,129.0,2.9,,,,,,,0.0,3.0,0.0,-20.0,10.0,0.0,0.0,0.0,0.0,0.0,0.0,0.0,0.0,0.0,0.0,0.0,0.0,0%,84%,0%,0.0,621.0,0.0
