Player,PlayerID,Season,Age,Team,Pos,G,GS,Rush_Att,Rush_Yds,Rush_TD,Rush_1D,Rush_Succ%,Rush_Lng,Rush_Y/A,Rush_Y/G,Rush_A/G,Tgt,Rec,Rec_Yds,Rec_Y/R,Rec_TD,Rec_1D,Rec_Succ%,Rec_Lng,Rec/G,Rec_Y/G,Catch%,Rec_Y/Tgt,Touches,Y/Touch,Scrimmage_Yds,Rush_Rec_TD,Fmb,av,awards,rec_success,rec_long,Rec_R/G,catch_pct,Y/Tgt,Touch,yds_per_touch,yds_from_scrimmage,rush_receive_td,adv_ADOT,adv_Drop,adv_Drop%,adv_Rec_1D,adv_Rec_AirYds,adv_Rec_AirYds/R,adv_Rec_Att/Br,adv_Rec_BrkTkl,adv_Rec_BrkTkl/R,adv_Rec_Drop%,adv_Rec_Drops,adv_Rec_Int,adv_Rec_PassRtg,adv_Rec_YAC,adv_Rec_YAC/R,adv_Rec_YBC,adv_Rec_YBC/R,adv_Rec_Yds,adv_Rec_aDOT,adv_Rush_1D,adv_Rush_Att,adv_Rush_Att/Br,adv_Rush_BrkTkl,adv_Rush_BrkTkl/A,adv_Rush_YAC,adv_Rush_YAC/A,adv_Rush_YAC/Att,adv_Rush_YBC,adv_Rush_YBC/A,adv_Rush_YBC/Att,adv_Rush_Yds,adv_rec_pass_rating,def_Ast,def_Comb,def_Def_FR_Yds,def_Def_Int,def_Def_IntTD,def_Def_Int_Lng,def_Def_Int_TD,def_Def_Int_Yds,def_Def_Lng,def_FF,def_FR,def_FRTD,def_FR_TD,def_FR_Yds,def_Fmb,def_PD,def_QBHits,def_Sfty,def_Sk,def_Solo,def_TFL,def_Tkl_Ast,def_Tkl_Comb,def_Tkl_Solo,def_safety_md,def_tackles_loss,snp_Def%,snp_Def_Snaps,snp_Off%,snp_Off_Snaps,snp_ST%,snp_ST_Snaps,snp_defense,snp_offense,snp_special_teams
Saquon Barkley,BarkSa00,2018,21,NYG,RB,16,16,261,1307,11,50,39.8,78,5,81.7,16.3,121,91,721,7.9,4,30,,,,45.1,,,,,,,0,14,,38,57,5.7,75.2,6,352,5.8,2028,15,0.1,4,3.3,,,,7,13,,,,1,,768,8.4,-47,-0.5,,,,,8.7,30,,736,,2.8,571,,2.2,,97.2,,,,,,,,,,,,,,,,,,,,,,,,,,,,,,,,,,,
Saquon Barkley,BarkSa00,2019,22,NYG,RB,13,13,217,1003,6,45,43.3,68,4.6,77.2,16.7,73,52,438,8.4,2,14,,,,33.7,,,,,,,1,9,,34.2,65,4,71.2,6,269,5.4,1441,8,0.8,4,5.5,,,,6.5,8,,,,0,,438,8.4,0,0,,,,,13.6,16,,605,,2.8,398,,1.8,,95.6,0,0,0,0,0,,,0,0,0,2,0,,,1,0,0,,0,0,,,,,0,0,,,,,,,0,728,1
Saquon Barkley,BarkSa00,2020,23,NYG,RB,2,2,19,34,0,1,26.3,18,1.8,17,9.5,9,6,60,10,0,3,,,,30,,,,,,,0,1,,44.4,38,3,66.7,6.7,25,3.8,94,0,3.8,1,11.1,,,,6,1,,,,0,,55,9.2,5,0.8,,,,,19,1,,35,,1.8,-1,,-0.1,,85.4,,,,,,,,,,,,,,,,,,,,,,,,,,,,,,,,,0,67,0
Saquon Barkley,BarkSa00,2021,24,NYG,RB,13,13,162,593,2,27,42,41,3.7,45.6,12.5,57,41,263,6.4,2,13,,,,20.2,,,,,,,2,5,,36.8,54,3.2,71.9,4.6,203,4.2,856,4,0.5,6,10.5,,,,10.3,4,,,,0,,298,7.3,-35,-0.9,,,,,40.5,4,,279,,1.7,314,,1.9,,92.9,0,0,0,0,0,,,0,0,0,0,0,,,2,0,0,,0,0,,,,,0,0,,,,,,,0,513,0
Saquon Barkley,BarkSa00,2022,25,NYG,RB,16,16,295,1312,10,65,47.5,68,4.4,82,18.4,76,57,338,5.9,0,14,,,,21.1,,,,,,,1,11,,38.2,41,3.6,75,4.4,352,4.7,1650,10,-0.2,6,7.9,,,,19,3,,,,1,,434,7.6,-96,-1.7,,,,,24.6,12,,563,,1.9,749,,2.5,,77.6,0,0,0,0,0,,,0,0,0,0,0,,,1,0,0,,0,0,,,,,0,0,,,,,,,,,
Saquon Barkley,BarkSa00,2023,26,NYG,RB,14,14,247,962,6,51,40.1,36,3.9,68.7,17.6,60,41,280,6.8,4,16,,,,20,,,,,,,2,6,,43.3,46,2.9,68.3,4.7,288,4.3,1242,10,2.5,5,8.3,,,,13.7,3,,,,3,,226,5.5,54,1.3,,,,,20.6,12,,482,,2,480,,1.9,,79.9,0,0,0,0,0,,,0,0,0,1,0,,,2,0,0,,0,0,,,,,0,0,,,,,,,0,717,0
Saquon Barkley,BarkSa00,2024,27,PHI,RB,16,16,345,2005,13,99,52.5,72,5.8,125.3,21.6,43,33,278,8.4,2,15,,,,17.4,,,,,,,2,18,,44.2,43,2.1,76.7,6.5,378,6,2283,15,1.9,2,4.7,,,,5.5,6,,,,0,,245,7.4,33,1,,,,,18.2,19,,677,,2,1328,,3.8,,108.5,0,0,0,0,0,,,0,0,0,2,0,,,2,0,0,,0,0,,,,,0,0,,,,,,,,,
Saquon Barkley,BarkSa00,2025,28,PHI,RB,16,16,280,1140,7,48,46.1,65,4.1,71.3,17.5,50,37,273,7.4,2,11,,,,17.1,,,,,,,1,9,,36,47,2.3,74,5.5,317,4.5,1413,9,0.6,2,4,,,,18.5,2,,,,0,,296,8,-23,-0.6,,,,,15.6,18,,451,,1.6,689,,2.5,,99.8,0,0,0,0,0,,,0,0,0,1,0,,,1,0,0,,0,0,,,,,0,0,,,,,,,0,773,0
Aaron Jones,JoneAa00,2017,23,GNB,RB,12,4,81,448,4,23,53.1,46,5.5,37.3,6.8,18,9,22,2.4,0,2,11.1,9,0.8,1.8,50,1.2,90,5.2,470,4,0,3,,,,,,,,,,,,,,,,,,,,,,,,,,,,,,,,,,,,,,,,,,,,,,,,,,,,,,,,,,,,,,,,,,,,,0%,0,31%,236,10%,32,,,
Aaron Jones,JoneAa00,2018,24,GNB,RB,12,8,133,728,8,41,54.9,67,5.5,60.7,11.1,35,26,206,7.9,1,12,51.4,24,2.2,17.2,74.3,5.9,159,5.9,934,9,1,6,,,,,,,,,,,,,,12,-15,-0.6,,2,13,11.4,4,0,98,221,8.5,,,206,0.3,41,133,,6,22.2,256,1.9,,472,3.5,,728,,,,,0,,0,0,0,,0,0,,0,0,1,0,0,0,0,,0,0,0,0,,,0%,0,48%,376,6%,19,,,
Aaron Jones,JoneAa00,2019,25,GNB,RB,16,16,236,1084,16,55,54.2,56,4.6,67.8,14.8,68,49,474,9.7,3,18,47.1,67,3.1,29.6,72.1,7,285,5.5,1558,19,3,12,,,,,,,,,,,,,,18,41,0.8,,10,4.9,2.9,2,0,105.9,433,8.8,,,474,2.8,55,236,,32,7.4,515,2.2,,569,2.4,,1084,,,,,0,,0,0,0,,0,1,,0,0,3,0,0,0,0,,0,0,0,0,,,0%,0,62%,663,0%,0,,,
Aaron Jones,JoneAa00,2020,26,GNB,RB,14,14,201,1104,9,52,55.7,77,5.5,78.9,14.4,63,47,355,7.6,2,15,49.2,30,3.4,25.4,74.6,5.6,248,5.9,1459,11,2,14,PB,,,,,,,,,,,,,15,-10,-0.2,,6,7.8,6.3,4,0,98.3,365,7.8,,,355,1.2,52,201,,14,14.4,592,2.9,,512,2.5,,1104,,,,,0,,0,0,0,,0,1,,0,0,2,0,0,0,0,,0,0,0,0,,,,,,,,,,,
Aaron Jones,JoneAa00,2021,27,GNB,RB,15,15,171,799,4,40,49.7,57,4.7,53.3,11.4,65,52,391,7.5,6,24,50.8,26,3.5,26.1,80,6,223,5.3,1190,10,2,9,,,,,,,,,,,,,,24,-21,-0.4,,4,13,4.6,3,0,122.5,412,7.9,,,391,0.9,40,171,,12,14.3,390,2.3,,409,2.4,,799,,,,,0,,0,0,0,,0,0,,0,0,2,0,0,0,0,,0,0,0,0,,,0%,0,58%,578,1%,4,,,
Aaron Jones,JoneAa00,2022,28,GNB,RB,17,17,213,1121,2,54,54.9,36,5.3,65.9,12.5,72,59,395,6.7,5,19,44.4,30,3.5,23.2,81.9,5.5,272,5.6,1516,7,5,12,,,,,,,,,,,,,,19,-52,-0.9,,1,59,8.3,6,0,112.7,447,7.6,,,395,0.2,54,213,,13,16.4,476,2.2,,645,3,,1121,,,,,0,,0,0,0,,0,2,,0,0,5,0,0,0,0,,0,0,0,0,,,0%,0,58%,630,1%,3,,,
Aaron Jones,JoneAa00,2023,29,GNB,RB,11,11,142,656,2,43,62,39,4.6,59.6,12.9,43,30,233,7.8,1,14,39.5,51,2.7,21.2,69.8,5.4,172,5.2,889,3,2,7,,,,,,,,,,,,,,14,-38,-1.3,,6,5,9.3,4,0,90.6,271,9,,,233,-1.1,43,142,,11,12.9,319,2.2,,337,2.4,,656,,,,,0,,0,0,0,,0,1,,0,-1,2,0,0,0,0,,0,0,0,0,,,0%,0,49%,354,0%,0,,,
Aaron Jones,JoneAa00,2024,30,MIN,RB,17,17,255,1138,5,50,49.8,41,4.5,66.9,15,62,51,408,8,2,20,58.1,25,3,24,82.3,6.6,306,5.1,1546,7,5,11,,,,,,,,,,,,,,20,-3,-0.1,,1,51,3.2,2,1,98.1,411,8.1,,,408,0.9,50,255,,11,23.2,524,2.1,,614,2.4,,1138,,,,,0,,0,0,0,,0,1,,0,0,5,0,0,0,0,,0,0,0,0,,,0%,0,63%,700,0%,0,,,
Aaron Jones,JoneAa00,2025,31,MIN,RB,12,12,132,548,2,28,50,31,4.2,45.7,11,41,28,199,7.1,1,9,41.5,27,2.3,16.6,68.3,4.9,160,4.7,747,3,2,5,,,,,,,,,,,,,,9,-28,-1,,0,,4.9,2,0,87.3,227,8.1,,,199,-0.5,28,132,,5,26.4,234,1.8,,314,2.4,,548,,,,,0,,0,0,0,,0,1,,0,0,2,0,0,0,0,,0,0,0,0,,,0%,0,55%,366,0%,0,,,
Adrian Peterson,PeteAd01,2007,22,MIN,RB,14,9,238,1341,12,63,45,73,5.6,95.8,17,28,19,268,14.1,1,14,57.1,60,1.4,19.1,67.9,9.6,257,6.3,1609,13,4,12,"PB,AP-2,AP ORoY-1",,,,,,,,,,,,,,,,,,,,,,,,,,,,,,,,,,,,,,,,,,,,,0,,0,0,0,,0,3,,0,0,4,0,0,0,0,,0,0,0,0,,,,,,,,,,,
Adrian Peterson,PeteAd01,2008,23,MIN,RB,16,15,363,1760,10,82,45.5,67,4.8,110,22.7,39,21,125,6,0,4,25.6,16,1.3,7.8,53.8,3.2,384,4.9,1885,10,9,13,"PB,AP-1,AP MVP-4,AP OPoY-2",,,,,,,,,,,,,,,,,,,,,,,,,,,,,,,,,,,,,,,,,,,,,0,,0,0,0,,0,2,,0,0,9,0,0,0,0,,0,0,0,0,,,,,,,,,,,
Adrian Peterson,PeteAd01,2009,24,MIN,RB,16,15,314,1383,18,76,44.6,64,4.4,86.4,19.6,57,43,436,10.1,0,16,47.4,63,2.7,27.3,75.4,7.6,357,5.1,1819,18,7,16,"PB,AP-1",,,,,,,,,,,,,,,,,,,,,,,,,,,,,,,,,,,,,,,,,,,,,0,,0,0,0,,0,0,,0,-12,7,0,,0,0,,,0,0,0,,,,,,,,,,,
Adrian Peterson,PeteAd01,2010,25,MIN,RB,15,15,283,1298,12,71,45.6,80,4.6,86.5,18.9,50,36,341,9.5,1,17,48,34,2.4,22.7,72,6.8,319,5.1,1639,13,1,11,"PB,AP-2",,,,,,,,,,,,,,,,,,,,,,,,,,,,,,,,,,,,,,,,,,,,,0,,0,0,0,,0,0,,0,0,1,0,0,0,0,,0,0,0,0,,,,,,,,,,,
Adrian Peterson,PeteAd01,2011,26,MIN,RB,12,12,208,970,12,48,45.7,54,4.7,80.8,17.3,24,18,139,7.7,1,5,29.2,22,1.5,11.6,75,5.8,226,4.9,1109,13,1,8,,,,,,,,,,,,,,,,,,,,,,,,,,,,,,,,,,,,,,,,,,,,,,0,,0,0,0,,0,3,,0,0,1,0,0,0,0,,0,0,0,0,,,,,,,,,,,
Adrian Peterson,PeteAd01,2012,27,MIN,RB,16,16,348,2097,12,88,46.8,82,6,131.1,21.8,51,40,217,5.4,1,11,45.1,20,2.5,13.6,78.4,4.3,388,6,2314,13,4,19,"PB,AP-1,AP MVP-1,AP OPoY-1,AP CPoY-2",,,,,,,,,,,,,,,,,,,,,,,,,,,,,,,,,,,,,,,,,,,,,0,,0,0,0,,0,0,,0,0,4,0,0,0,0,,0,0,0,0,,,,,,,,,,,
Adrian Peterson,PeteAd01,2013,28,MIN,RB,14,14,279,1266,10,61,43.7,78,4.5,90.4,19.9,40,29,171,5.9,1,11,42.5,22,2.1,12.2,72.5,4.3,308,4.7,1437,11,5,11,"PB,AP-2",,,,,,,,,,,,,,,,,,,,,,,,,,,,,,,,,,,,,,,,,,,,,0,,0,0,0,,0,1,,0,0,5,0,0,0,0,,0,0,0,0,,,,,,,,,,,
Adrian Peterson,PeteAd01,2014,29,MIN,RB,1,1,21,75,0,4,42.9,17,3.6,75,21,3,2,18,9,0,1,66.7,9,2,18,66.7,6,23,4,93,0,0,1,,,,,,,,,,,,,,,,,,,,,,,,,,,,,,,,,,,,,,,,,,,,,,,,,,,,,,,,,,,,,,,,,,,,,0%,0,73%,43,0%,0,,,
Adrian Peterson,PeteAd01,2015,30,MIN,RB,16,16,327,1485,11,72,44.3,80,4.5,92.8,20.4,36,30,222,7.4,0,9,41.7,49,1.9,13.9,83.3,6.2,357,4.8,1707,11,7,14,"PB,AP-1,AP OPoY-7,AP CPoY-3",,,,,,,,,,,,,,,,,,,,,,,,,,,,,,,,,,,,,,,,,,,,,0,,0,0,0,,0,3,,0,0,7,0,,0,0,,,0,0,0,,,,,,,,,,,
Adrian Peterson,PeteAd01,2016,31,MIN,RB,3,3,37,72,0,3,35.1,13,1.9,24,12.3,6,3,8,2.7,0,0,0,7,1,2.7,50,1.3,40,2,80,0,1,1,,,,,,,,,,,,,,,,,,,,,,,,,,,,,,,,,,,,,,,,,,,,,,0,,0,0,0,,0,0,,0,0,1,0,0,0,0,,0,0,0,0,,,0%,0,47%,84,0%,0,,,
Adrian Peterson,PeteAd01,2017,32,2TM,RB,10,7,156,529,2,21,39.1,27,3.4,52.9,15.6,19,11,70,6.4,0,3,31.6,13,1.1,7,57.9,3.7,167,3.6,599,2,3,4,,,,,,,,,,,,,,,,,,,,,,,,,,,,,,,,,,,,,,,,,,,,,,0,,0,0,0,,0,1,,0,0,3,0,0,0,0,,0,0,0,0,,,,0,,301,,0,,,
Adrian Peterson,PeteAd01,2018,33,WAS,RB,16,16,251,1042,7,47,45.8,90,4.2,65.1,15.7,26,20,208,10.4,1,9,50,52,1.3,13,76.9,8,271,4.6,1250,8,3,7,AP CPoY-3,,,,,,,,,,,,,9,7,0.4,,7,2.9,11.5,3,0,112.3,201,10.1,,,208,0.3,47,251,,20,12.6,470,1.9,,572,2.3,,1042,,,,,0,,0,0,0,,0,0,,0,0,3,0,0,0,0,,0,0,0,0,,,0%,0,47%,479,0%,0,,,
Adrian Peterson,PeteAd01,2019,34,WAS,RB,15,15,211,898,5,41,46,32,4.3,59.9,14.1,23,17,142,8.4,0,7,47.8,22,1.1,9.5,73.9,6.2,228,4.6,1040,5,3,6,,,,,,,,,,,,,,7,-19,-1.1,,6,2.8,4.3,1,0,89.4,161,9.5,,,142,-1.9,41,211,,7,30.1,524,2.5,,374,1.8,,898,,,,,0,,0,0,0,,0,3,,0,0,3,0,0,0,0,,0,0,0,0,,,0%,0,46%,402,0%,0,,,
Adrian Peterson,PeteAd01,2020,35,DET,RB,16,10,156,604,7,34,44.2,38,3.9,37.8,9.8,18,12,101,8.4,0,4,55.6,23,0.8,6.3,66.7,5.6,168,4.2,705,7,0,5,,,,,,,,,,,,,,4,-2,-0.2,,1,12,16.7,3,0,81,103,8.6,,,101,-0.3,34,156,,11,14.2,258,1.7,,346,2.2,,604,,,,,,,,,,,,,,,,,,,,,,,,,,,,0%,0,30%,313,0%,1,,,
Adrian Peterson,PeteAd01,2021,36,2TM,RB,4,3,38,98,2,6,42.1,16,2.6,24.5,9.5,4,4,8,2,0,0,25,5,1,2,100,2,42,2.5,106,2,1,1,,,,,,,,,,,,,,0,-6,-1.5,,0,,0,0,0,79.2,14,3.5,,,8,-1.5,6,38,,1,38,59,1.6,,39,1,,98,,,,,0,,0,0,0,,0,1,,0,0,1,0,0,0,0,,0,0,0,0,,,,0,,72,,0,,,
Alvin Kamara,KamaAl00,2017,22,NOR,RB,16,3,120,728,8,42,50.8,74,6.1,45.5,7.5,100,81,826,10.2,5,38,,,,51.6,,,,,,,1,16,,56,40,5.1,81,8.3,201,7.7,1554,13,,,,,,,,,,,,,,,,,,,,,,,,,,,,,,,,,0,0,0,0,0,,,0,0,0,0,0,,,1,0,,,0,0,,,,,0,,,,,,,,,,
Alvin Kamara,KamaAl00,2018,23,NOR,RB,15,13,194,883,14,57,58.2,49,4.6,58.9,12.9,105,81,709,8.8,4,31,,,,47.3,,,,,,,1,15,,52.4,42,5.4,77.1,6.8,275,5.8,1592,18,1.8,3,2.9,,,,11.6,7,,,,1,,642,7.9,67,0.8,,,,,9.2,21,,419,,2.2,464,,2.4,,103.2,0,0,0,0,0,,,0,0,0,0,0,,,1,0,0,,0,0,,,,,0,0,,,,,,,,,
Alvin Kamara,KamaAl00,2019,24,NOR,RB,14,9,171,797,5,32,50.9,40,4.7,56.9,12.2,97,81,533,6.6,1,28,,,,38.1,,,,,,,4,11,,44.3,41,5.8,83.5,5.5,252,5.3,1330,6,0.3,5,5.2,,,,8.1,10,,,,1,,557,6.9,-24,-0.3,,,,,5.9,29,,401,,2.3,396,,2.3,,88.7,0,0,0,0,0,,,0,0,0,0,0,,,4,0,0,,0,0,,,,,0,0,,,,,,,,,
Alvin Kamara,KamaAl00,2020,25,NOR,RB,15,10,187,932,16,58,53.5,49,5,62.1,12.5,107,83,756,9.1,5,35,,,,50.4,,,,,,,1,14,,44.9,52,5.5,77.6,7.1,270,6.3,1688,21,0.6,9,8.4,,,,5.2,16,,,,1,,731,8.8,25,0.3,,,,,9.8,19,,406,,2.2,526,,2.8,,107.8,0,0,0,0,0,,,0,0,0,3,0,,,1,0,0,,0,0,,,,,0,0,,,,,,,,,
Alvin Kamara,KamaAl00,2021,26,NOR,RB,13,10,240,898,4,42,41.3,30,3.7,69.1,18.5,67,47,439,9.3,5,20,,,,33.8,,,,,,,0,8,,43.3,31,3.6,70.1,6.6,287,4.7,1337,9,1.2,9,13.4,,,,15.7,3,,,,0,,432,9.2,7,0.1,,,,,10.9,22,,349,,1.5,549,,2.3,,112.7,0,0,0,0,0,,,0,0,0,1,0,,,0,0,0,,0,0,,,,,0,0,,,,,,,,,
Alvin Kamara,KamaAl00,2022,27,NOR,RB,15,13,223,897,2,40,52,27,4,59.8,14.9,77,57,490,8.6,2,17,,,,32.7,,,,,,,4,8,,46.8,54,3.8,74,6.4,280,5,1387,4,0.9,5,6.5,,,,14.3,4,,,,0,,465,8.2,25,0.4,,,,,31.9,7,,447,,2,450,,2,,98.9,0,0,6,0,0,,,0,0,0,1,0,,,4,0,0,,0,0,,,,,0,0,,,,,,,0,642,1
Alvin Kamara,KamaAl00,2023,28,NOR,RB,13,12,180,694,5,42,48.3,17,3.9,53.4,13.8,86,75,466,6.2,1,23,,,,35.8,,,,,,,0,8,,45.3,25,5.8,87.2,5.4,255,4.5,1160,6,0.1,2,2.3,,,,8.3,9,,,,0,,501,6.7,-35,-0.5,,,,,25.7,7,,283,,1.6,411,,2.3,,93.1,,,,,,,,,,,,,,,,,,,,,,,,,,,,,,,,,0,558,0
Alvin Kamara,KamaAl00,2024,29,NOR,RB,14,14,228,950,6,52,51.3,24,4.2,67.9,16.3,89,68,543,8,2,18,,,,38.8,,,,,,,1,9,,36,57,4.9,76.4,6.1,296,5,1493,8,0.9,8,9,,,,34,2,,,,1,,542,8,1,0,,,,,17.5,13,,402,,1.8,548,,2.4,,94,0,0,0,0,0,,,0,0,0,0,0,,,1,0,0,,0,0,,,,,0,0,,,,,,,0,641,0
Alvin Kamara,KamaAl00,2025,30,NOR,RB,11,11,131,471,1,21,42,18,3.6,42.8,11.9,39,33,186,5.6,0,7,,,,16.9,,,,,,,2,,,33.3,26,3,84.6,4.8,164,4,657,1,0.8,2,5.1,,,,16.5,2,,,,0,,202,6.1,-16,-0.5,,,,,18.7,7,,189,,1.4,282,,2.2,,86.5,0,0,0,0,0,,,0,0,0,0,0,,,2,0,0,,0,0,,,,,0,0,,,,,,,0,457,0
Arian Foster,FostAr00,2009,23,HOU,RB,6,1,54,257,3,15,53.7,24,4.8,42.8,9,9,8,93,11.6,0,4,88.9,20,1.3,15.5,88.9,10.3,62,5.6,350,3,1,3,,,,,,,,,,,,,,,,,,,,,,,,,,,,,,,,,,,,,,,,,,,,,,0,,0,0,0,,0,0,,0,0,1,0,0,0,0,,0,1,2,1,,,,,,,,,,,
Arian Foster,FostAr00,2010,24,HOU,RB,16,13,327,1616,16,90,51.4,74,4.9,101,20.4,84,66,604,9.2,2,34,51.2,50,4.1,37.8,78.6,7.2,393,5.6,2220,18,3,20,"PB,AP-1,AP OPoY-3",,,,,,,,,,,,,,,,,,,,,,,,,,,,,,,,,,,,,,,,,,,,,0,,0,0,0,,0,1,,0,1,3,0,0,0,0,,0,0,0,0,,,,,,,,,,,
Arian Foster,FostAr00,2011,25,HOU,RB,13,13,278,1224,10,58,42.4,43,4.4,94.2,21.4,72,53,617,11.6,2,19,43.1,78,4.1,47.5,73.6,8.6,331,5.6,1841,12,5,13,"PB,AP-2",,,,,,,,,,,,,,,,,,,,,,,,,,,,,,,,,,,,,,,,,,,,,0,,0,0,0,,0,2,,0,0,5,0,0,0,0,,0,0,0,0,,,,,,,,,,,
Arian Foster,FostAr00,2012,26,HOU,RB,16,16,351,1424,15,78,44.4,46,4.1,89,21.9,58,40,217,5.4,2,10,25.9,23,2.5,13.6,69,3.7,391,4.2,1641,17,3,10,PB,,,,,,,,,,,,,,,,,,,,,,,,,,,,,,,,,,,,,,,,,,,,,0,,0,0,0,,0,1,,0,0,3,0,0,0,0,,0,0,0,0,,,,,,,,,,,
Arian Foster,FostAr00,2013,27,HOU,RB,8,8,121,542,1,31,49.6,23,4.5,67.8,15.1,35,22,183,8.3,1,6,28.6,41,2.8,22.9,62.9,5.2,143,5.1,725,2,0,3,,,,,,,,,,,,,,,,,,,,,,,,,,,,,,,,,,,,,,,,,,,,,,,,,,,,,,,,,,,,,,,,,,,,,0%,0,56%,327,0%,0,,,
Arian Foster,FostAr00,2014,28,HOU,RB,13,13,260,1246,8,55,45,51,4.8,95.8,20,59,38,327,8.6,5,15,35.6,56,2.9,25.2,64.4,5.5,298,5.3,1573,13,2,10,"PB,AP CPoY-5",,,,,,,,,,,,,,,,,,,,,,,,,,,,,,,,,,,,,,,,,,,,,0,,0,0,0,,0,0,,0,0,2,0,0,0,0,,0,0,0,0,,,,,,,,,,,
Arian Foster,FostAr00,2015,29,HOU,RB,4,4,63,163,1,12,39.7,16,2.6,40.8,15.8,28,22,227,10.3,2,13,60.7,32,5.5,56.8,78.6,8.1,85,4.6,390,3,2,3,,,,,,,,,,,,,,,,,,,,,,,,,,,,,,,,,,,,,,,,,,,,,,0,,0,0,0,,0,0,,0,0,2,0,,0,0,,,0,0,0,,,0%,0,62%,190,0%,0,,,
Arian Foster,FostAr00,2016,30,MIA,RB,4,2,22,55,0,3,27.3,9,2.5,13.8,5.5,10,6,78,13,0,2,20,50,1.5,19.5,60,7.8,28,4.8,133,0,1,1,,,,,,,,,,,,,,,,,,,,,,,,,,,,,,,,,,,,,,,,,,,,,,0,,0,0,0,,0,0,,0,0,1,0,,0,0,,,0,0,0,,,0%,0,33%,86,0%,0,,,
Ashton Jeanty,JeanAs00,2025,22,LVR,RB,17,17,266,975,5,44,41,64,3.7,57.4,15.6,73,55,346,6.3,5,13,,,,20.4,,,,,,,2,7,,45.2,60,3.2,75.3,4.7,321,4.1,1321,10,-1.5,4,5.5,,,,6.9,8,,,,2,,452,8.2,-106,-1.9,,,,,11.1,24,,556,,2.1,419,,1.6,,96,0,0,0,0,0,,,0,0,0,0,0,,,2,0,0,,0,0,,,,,0,0,,,,,,,0,771,2
Austin Ekeler,EkelAu00,2017,22,LAC,RB,16,0,47,260,2,13,55.3,35,5.5,16.3,2.9,35,27,279,10.3,3,12,48.6,38,1.7,17.4,77.1,8,74,7.3,539,5,2,4,,,,,,,,,,,,,,,,,,,,,,,,,,,,,,,,,,,,,,,,,,,,,,0,,0,0,0,,0,0,,0,0,2,0,0,0,0,,0,4,17,13,,,0%,0,18%,195,49%,209,,,
Austin Ekeler,EkelAu00,2018,23,LAC,RB,14,3,106,554,3,25,50,41,5.2,39.6,7.6,53,39,404,10.4,3,18,52.8,44,2.8,28.9,73.6,7.6,145,6.6,958,6,1,8,,,,,,,,,,,,,,18,-7,-0.2,,7,5.6,3.8,2,0,114,411,10.5,,,404,0.8,25,106,,9,11.8,348,3.3,,206,1.9,,554,,,,,0,,0,0,0,,0,2,,0,0,1,0,0,0,0,,0,0,9,9,,,0%,0,41%,348,46%,174,,,
Austin Ekeler,EkelAu00,2019,24,LAC,RB,16,8,132,557,3,32,44.7,35,4.2,34.8,8.3,108,92,993,10.8,8,42,56.5,84,5.8,62.1,85.2,9.2,224,6.9,1550,11,3,11,,,,,,,,,,,,,,42,53,0.6,,15,6.1,0.9,1,2,122,940,10.2,,,993,1.3,32,132,,12,11,324,2.5,,233,1.8,,557,,,,,0,,0,0,0,,0,1,,0,0,3,0,0,0,0,,0,0,0,0,,,0%,0,57%,599,1%,4,,,
Austin Ekeler,EkelAu00,2020,25,LAC,RB,10,10,116,530,1,26,43.1,27,4.6,53,11.6,65,54,403,7.5,2,20,53.8,28,5.4,40.3,83.1,6.2,170,5.5,933,3,1,6,,,,,,,,,,,,,,20,-70,-1.3,,7,7.7,3.1,2,0,102.8,473,8.8,,,403,-1.2,26,116,,13,8.9,257,2.2,,273,2.4,,530,,,,,0,,0,0,0,,0,1,,0,0,1,0,0,0,0,,0,0,0,0,,,0%,0,58%,412,0%,0,,,
Austin Ekeler,EkelAu00,2021,26,LAC,RB,16,16,206,911,12,53,55.8,28,4.4,56.9,12.9,94,70,647,9.2,8,31,53.2,40,4.4,40.4,74.5,6.9,276,5.6,1558,20,4,12,,,,,,,,,,,,,,31,19,0.3,,6,11.7,7.4,7,2,112.3,628,9,,,647,1.8,53,206,,13,15.8,434,2.1,,477,2.3,,911,,,,,0,,0,0,0,,0,0,,0,0,4,0,0,0,0,,0,0,0,0,,,0%,0,65%,731,0%,0,,,
Austin Ekeler,EkelAu00,2022,27,LAC,RB,17,17,204,915,13,46,48,72,4.5,53.8,12,127,107,722,6.7,5,36,48,23,6.3,42.5,84.3,5.7,311,5.3,1637,18,5,11,AP OPoY-9,,,,,,,,,,,,,36,-121,-1.1,,11,9.7,7.1,9,0,103.5,843,7.9,,,722,-0.8,46,204,,5,40.8,386,1.9,,529,2.6,,915,,,,,0,,0,0,0,,0,1,,0,0,5,0,0,0,0,,0,0,4,4,,,0%,0,62%,734,0%,0,,,
Austin Ekeler,EkelAu00,2023,28,LAC,RB,14,14,179,628,5,34,47.5,55,3.5,44.9,12.8,74,51,436,8.5,1,20,43.2,39,3.6,31.1,68.9,5.9,230,4.6,1064,6,5,7,,,,,,,,,,,,,,20,-77,-1.5,,7,7.3,8.1,6,1,82.9,513,10.1,,,436,-1,34,179,,9,19.9,300,1.7,,328,1.8,,628,,,,,0,,0,0,0,,0,1,,0,-1,5,0,0,0,0,,0,0,0,0,,,0%,0,66%,630,0%,0,,,
Austin Ekeler,EkelAu00,2024,29,WAS,RB,12,6,77,367,4,22,51.9,50,4.8,30.6,6.4,41,35,366,10.5,0,17,53.7,34,2.9,30.5,85.4,8.9,112,6.5,733,4,3,7,AP-2,,,,,,,,,,,,,17,-58,-1.7,,4,8.8,4.9,2,0,103.9,424,12.1,,,366,-1.4,22,77,,3,25.7,136,1.8,,231,3,,367,,,,,0,,0,0,0,,0,0,,0,0,3,0,0,0,0,,0,0,0,0,,,0%,0,53%,409,17%,56,,,
Austin Ekeler,EkelAu00,2025,30,WAS,RB,2,2,14,43,0,3,57.1,6,3.1,21.5,7,7,5,38,7.6,0,2,42.9,15,2.5,19,71.4,5.4,19,4.3,81,0,0,1,,,,,,,,,,,,,,2,-11,-2.2,,1,5,0,0,0,84.2,49,9.8,,,38,1.7,3,14,,0,,20,1.4,,23,1.6,,43,,,,,,,,,,,,,,,,,,,,,,,,,,,,0%,0,50%,69,0%,0,,,
Barry Sanders,SandBa00,1989,21,DET,RB,15,13,280,1470,14,80,49.3,34,5.3,98,18.7,36,24,282,11.8,0,10,33.3,46,1.6,18.8,66.7,7.8,304,5.8,1752,14,10,14,"PB,AP-1,AP ORoY-1",,,,,,,,,,,,,,,,,,,,,,,,,,,,,,,,,,,,,,,,,,,,,0,,0,0,0,,0,0,,0,0,10,,,0,0,,,0,0,0,,,,,,,,,,,
Barry Sanders,SandBa00,1990,22,DET,RB,16,16,255,1304,13,71,53.3,45,5.1,81.5,15.9,49,36,480,13.3,3,20,49,47,2.3,30,73.5,9.8,291,6.1,1784,16,4,16,"PB,AP-1,AP OPoY-3",,,,,,,,,,,,,,,,,,,,,,,,,,,,,,,,,,,,,,,,,,,,,0,,0,0,0,,0,2,,0,0,4,,,0,0,,,0,0,0,,,,,,,,,,,
Barry Sanders,SandBa00,1991,23,DET,RB,15,15,342,1548,16,91,52.6,69,4.5,103.2,22.8,52,41,307,7.5,1,18,50,34,2.7,20.5,78.8,5.9,383,4.8,1855,17,5,15,"PB,AP-1,AP MVP-3,AP OPoY-3",,,,,,,,,,,,,,,,,,,,,,,,,,,,,,,,,,,,,,,,,,,,,0,,0,0,0,,0,1,,0,0,5,,,0,0,,,0,0,0,,,,,,,,,,,
Barry Sanders,SandBa00,1992,24,DET,RB,16,16,312,1352,9,68,43.6,55,4.3,84.5,19.5,41,29,225,7.8,1,7,39,48,1.8,14.1,70.7,5.5,341,4.6,1577,10,6,12,"PB,AP-2",,,,,,,,,,,,,,,,,,,,,,,,,,,,,,,,,,,,,,,,,,,,,0,,0,0,0,,0,2,,0,0,6,,,0,0,,,0,0,0,,,,,,,,,,,
Barry Sanders,SandBa00,1993,25,DET,RB,11,11,243,1115,3,46,42.4,42,4.6,101.4,22.1,49,36,205,5.7,0,6,32.7,17,3.3,18.6,73.5,4.2,279,4.7,1320,3,3,10,"PB,AP-2",,,,,,,,,,,,,,,,,,,,,,,,,,,,,,,,,,,,,,,,,,,,,0,,0,0,0,,0,3,,0,0,3,,,0,0,,,0,0,0,,,,,,,,,,,
Barry Sanders,SandBa00,1994,26,DET,RB,16,16,331,1883,7,72,44.7,85,5.7,117.7,20.7,65,44,283,6.4,1,16,32.3,22,2.8,17.7,67.7,4.4,375,5.8,2166,8,0,20,"PB,AP-1,AP MVP-2,AP OPoY-1",,,,,,,,,,,,,,,,,,,,,,,,,,,,,,,,,,,,,,,,,,,,,,,,,,,,,,,,,,,,,,,,,,,,,,,,,,,,
Barry Sanders,SandBa00,1995,27,DET,RB,16,16,314,1500,11,70,42.4,75,4.8,93.8,19.6,70,48,398,8.3,1,18,37.1,40,3,24.9,68.6,5.7,362,5.2,1898,12,3,16,"PB,AP-1,AP OPoY-5",,,,,,,,,,,,,,,,,,,,,,,,,,,,,,,,,,,,,,,,,,,,,0,,0,0,0,,0,1,,0,0,3,,,0,0,,,0,0,0,,,,,,,,,,,
Barry Sanders,SandBa00,1996,28,DET,RB,16,16,307,1553,11,79,50.2,54,5.1,97.1,19.2,32,24,147,6.1,0,5,37.5,28,1.5,9.2,75,4.6,331,5.1,1700,11,4,14,"PB,AP-2",,,,,,,,,,,,,,,,,,,,,,,,,,,,,,,,,,,,,,,,,,,,,0,,0,0,0,,0,2,,0,0,4,,,0,0,,,0,0,0,,,,,,,,,,,
Barry Sanders,SandBa00,1997,29,DET,RB,16,16,335,2053,11,85,45.4,82,6.1,128.3,20.9,50,33,305,9.2,3,11,42,66,2.1,19.1,66,6.1,368,6.4,2358,14,3,19,"PB,AP-1,AP MVP-1,AP OPoY-1",,,,,,,,,,,,,,,,,,,,,,,,,,,,,,,,,,,,,,,,,,,,,0,,0,0,0,,0,1,,0,0,3,,,0,0,,,0,0,0,,,,,,,,,,,
Barry Sanders,SandBa00,1998,30,DET,RB,16,16,343,1491,4,63,38.8,73,4.3,93.2,21.4,57,37,289,7.8,0,10,31.6,44,2.3,18.1,64.9,5.1,380,4.7,1780,4,3,13,"PB,AP-2",,,,,,,,,,,,,,,,,,,,,,,,,,,,,,,,,,,,,,,,,,,,,0,,0,0,0,,0,1,,0,0,3,,,0,0,,,0,0,0,,,,,,,,,,,
Bijan Robinson,RobiBi01,2023,21,ATL,RB,17,16,214,976,4,50,43.5,38,4.6,57.4,12.6,86,58,487,8.4,4,24,,,,28.6,,,,,,,4,9,,45.3,71,3.4,67.4,5.7,272,5.4,1463,8,0.3,6,7,,,,5.8,10,,,,3,,519,8.9,-32,-0.6,,,,,14.3,15,,408,,1.9,568,,2.7,,82.8,0,0,-7,0,0,,,0,0,0,0,0,,,4,0,0,,0,0,,,,,0,0,,,,,,,0,771,1
Bijan Robinson,RobiBi01,2024,22,ATL,RB,17,17,304,1456,14,82,60.2,37,4.8,85.6,17.9,72,61,431,7.1,1,20,,,,25.4,,,,,,,1,12,,41.7,29,3.6,84.7,6,365,5.2,1887,15,-0.5,3,4.2,,,,12.2,5,,,,0,,531,8.7,-100,-1.6,,,,,13.2,23,,728,,2.4,728,,2.4,,96.2,0,0,-21,0,0,,,0,0,0,4,0,,,1,0,0,,0,0,,,,,0,0,,,,,,,,,
Bijan Robinson,RobiBi01,2025,23,ATL,RB,17,17,287,1478,7,63,51.6,93,5.1,86.9,16.9,103,79,820,10.4,4,34,,,,48.2,,,,,,,4,16,,56.3,69,4.6,76.7,8,366,6.3,2298,11,0.9,4,3.9,,,,7.9,10,,,,1,,857,10.8,-37,-0.5,,,,,13,22,,666,,2.3,812,,2.8,,108.1,0,0,0,0,0,,,0,0,0,1,0,,,4,0,0,,0,0,,,,,0,0,,,,,,,,,
Breece Hall,HallBr03,2022,21,NYJ,RB,7,2,80,463,4,20,50,62,5.8,66.1,11.4,31,19,218,11.5,1,8,35.5,79,2.7,31.1,61.3,7,99,6.9,681,5,1,4,,,,,,,,,,,,,,8,47,2.5,,2,9.5,16.1,5,1,79.8,171,9,,,218,4.7,20,80,,3,26.7,131,1.6,,332,4.2,,463,,,,,0,,0,0,0,,0,0,,0,0,1,0,0,0,0,,0,0,1,1,,,0%,0,49%,233,0%,0,,,
Breece Hall,HallBr03,2023,22,NYJ,RB,17,16,223,994,5,40,39.5,83,4.5,58.5,13.1,95,76,591,7.8,4,28,40,50,4.5,34.8,80,6.2,299,5.3,1585,9,2,8,AP CPoY-7,,,,,,,,,,,,,28,-58,-0.8,,10,7.6,5.3,5,1,102.2,649,8.5,,,591,-0.5,40,223,,19,11.7,494,2.2,,500,2.2,,994,,,,,0,,0,0,0,,0,3,,0,-1,2,0,0,0,0,,0,0,0,0,,,0%,0,61%,667,0%,0,,,
Breece Hall,HallBr03,2024,23,NYJ,RB,16,16,209,876,5,40,46.4,42,4.2,54.8,13.1,76,57,483,8.5,3,15,36.8,57,3.6,30.2,75,6.4,266,5.1,1359,8,6,9,,,,,,,,,,,,,,15,-13,-0.2,,6,9.5,11.8,9,0,104.2,496,8.7,,,483,0.2,40,209,,7,29.9,444,2.1,,432,2.1,,876,,,,,0,,0,0,0,,0,1,,0,0,6,0,0,0,0,,0,0,0,0,,,0%,0,72%,720,0%,0,,,
Breece Hall,HallBr03,2025,24,NYJ,RB,16,16,243,1065,4,57,49.8,59,4.4,66.6,15.2,48,36,350,9.7,1,13,54.2,42,2.3,21.9,75,7.3,279,5.1,1415,5,2,9,,,,,,,,,,,,,,13,29,0.8,,1,36,4.2,2,0,101.9,321,8.9,,,350,0.4,57,243,,12,20.3,447,1.8,,618,2.5,,1065,,,,,0,,0,0,0,,0,2,,0,7,2,0,0,0,0,,0,0,0,0,,,0%,0,64%,640,0%,1,,,
Brian Westbrook,WestBr00,2002,23,PHI,RB,15,3,46,193,0,11,47.8,18,4.2,12.9,3.1,13,9,86,9.6,0,4,38.5,20,0.6,5.7,69.2,6.6,55,5.1,279,0,2,2,,,,,,,,,,,,,,,,,,,,,,,,,,,,,,,,,,,,,,,,,,,,,,0,,0,0,0,,0,0,,0,0,2,0,,0,0,,0,2,5,3,,,,,,,,,,,
Brian Westbrook,WestBr00,2003,24,PHI,RB,15,8,117,613,7,30,43.6,62,5.2,40.9,7.8,48,37,332,9,4,17,45.8,38,2.5,22.1,77.1,6.9,154,6.1,945,11,3,11,,,,,,,,,,,,,,,,,,,,,,,,,,,,,,,,,,,,,,,,,,,,,,0,,0,0,0,,0,1,,0,0,3,0,,0,0,,0,1,7,6,,,,,,,,,,,
Brian Westbrook,WestBr00,2004,25,PHI,RB,13,12,177,812,3,41,41.8,50,4.6,62.5,13.6,87,73,703,9.6,6,30,50.6,50,5.6,54.1,83.9,8.1,250,6.1,1515,9,1,13,PB,,,,,,,,,,,,,,,,,,,,,,,,,,,,,,,,,,,,,,,,,,,,,0,,0,0,0,,0,0,,0,0,1,0,,0,0,,0,0,0,0,,,,,,,,,,,
Brian Westbrook,WestBr00,2005,26,PHI,RB,12,12,156,617,3,29,37.8,31,4,51.4,13,96,61,616,10.1,4,27,41.7,62,5.1,51.3,63.5,6.4,217,5.7,1233,7,0,8,,,,,,,,,,,,,,,,,,,,,,,,,,,,,,,,,,,,,,,,,,,,,,,,,,,,,,,,,,,,,,,,,,,,,,,,,,,,,
Brian Westbrook,WestBr00,2006,27,PHI,RB,15,14,240,1217,7,60,47.5,71,5.1,81.1,16,105,77,699,9.1,4,30,53.3,52,5.1,46.6,73.3,6.7,317,6,1916,11,2,15,,,,,,,,,,,,,,,,,,,,,,,,,,,,,,,,,,,,,,,,,,,,,,0,,0,0,0,,0,0,,0,0,2,0,0,0,0,,0,0,0,0,,,,,,,,,,,
Brian Westbrook,WestBr00,2007,28,PHI,RB,15,15,278,1333,7,74,51.1,36,4.8,88.9,18.5,118,90,771,8.6,5,32,50,57,6,51.4,76.3,6.5,368,5.7,2104,12,2,15,"PB,AP-1",,,,,,,,,,,,,,,,,,,,,,,,,,,,,,,,,,,,,,,,,,,,,0,,0,0,0,,0,0,,0,0,2,0,0,0,0,,0,0,0,0,,,,,,,,,,,
Brian Westbrook,WestBr00,2008,29,PHI,RB,14,14,233,936,9,49,45.9,39,4,66.9,16.6,74,54,402,7.4,5,19,44.6,47,3.9,28.7,73,5.4,287,4.7,1338,14,2,9,,,,,,,,,,,,,,,,,,,,,,,,,,,,,,,,,,,,,,,,,,,,,,0,,0,0,0,,0,1,,0,-1,2,0,,0,0,,,0,0,0,,,,,,,,,,,
Brian Westbrook,WestBr00,2009,30,PHI,RB,8,7,61,274,1,12,47.5,25,4.5,34.3,7.6,34,25,181,7.2,1,8,41.2,34,3.1,22.6,73.5,5.3,86,5.3,455,2,0,4,,,,,,,,,,,,,,,,,,,,,,,,,,,,,,,,,,,,,,,,,,,,,,,,,,,,,,,,,,,,,,,,,,,,,,,,,,,,,
Brian Westbrook,WestBr00,2010,31,SFO,RB,14,5,77,340,4,16,44.2,30,4.4,24.3,5.5,24,16,150,9.4,1,5,33.3,62,1.1,10.7,66.7,6.3,93,5.3,490,5,0,3,,,,,,,,,,,,,,,,,,,,,,,,,,,,,,,,,,,,,,,,,,,,,,0,,0,0,0,,0,1,,0,0,0,0,,0,0,,,0,0,0,,,,,,,,,,,
Chase Brown,BrowCh10,2023,23,CIN,RB,12,0,44,179,0,6,34.1,31,4.1,14.9,3.7,15,14,156,11.1,1,4,53.3,54,1.2,13,93.3,10.4,58,5.8,335,1,1,3,,,,,,,,,,,,,,4,-38,-2.7,,2,7,0,0,0,132.2,194,13.9,,,156,-3,6,44,,2,22,127,2.9,,52,1.2,,179,,,,,0,,0,0,0,,0,1,,0,0,1,0,0,0,0,,0,3,5,2,,,0%,0,12%,93,51%,160,,,
Chase Brown,BrowCh10,2024,24,CIN,RB,16,10,229,990,7,49,52.4,40,4.3,61.9,14.3,65,54,360,6.7,4,23,52.3,34,3.4,22.5,83.1,5.5,283,4.8,1350,11,2,10,,,,,,,,,,,,,,23,34,0.6,,2,27,3.1,2,0,110.3,326,6,,,360,0.8,49,229,,23,10,391,1.7,,599,2.6,,990,,,,,0,,0,0,0,,0,0,,0,0,2,0,0,0,0,,0,0,0,0,,,0%,0,65%,686,19%,82,,,
Chase Brown,BrowCh10,2025,25,CIN,RB,17,17,232,1019,6,52,52.2,37,4.4,59.9,13.6,88,69,437,6.3,5,18,44.3,23,4.1,25.7,78.4,5,301,4.8,1456,11,2,10,,,,,,,,,,,,,,18,-13,-0.2,,8,8.6,5.7,5,2,96.8,450,6.5,,,437,0.5,52,232,,16,14.5,494,2.1,,525,2.3,,1019,,,,,0,,0,0,0,,0,1,,0,0,2,0,0,0,0,,0,0,0,0,,,0%,0,66%,738,0%,0,,,
Christian McCaffrey,McCaCh01,2017,21,CAR,RB,16,10,117,435,2,22,45.3,40,3.7,27.2,7.3,113,80,651,8.1,5,37,,,,40.7,,,,,,,2,9,,50.4,37,5,70.8,5.8,197,5.5,1086,7,,,,,,,,,,,,,,,,,,,,,,,,,,,,,,,,,0,0,0,0,0,,,0,0,0,1,0,,,2,0,0,,0,0,,,,,0,0,,,,,,,0,746,48
Christian McCaffrey,McCaCh01,2018,22,CAR,RB,16,16,219,1098,7,53,54.3,59,5,68.6,13.7,124,107,867,8.1,6,41,,,,54.2,,,,,,,4,16,,55.6,38,6.7,86.3,7,326,6,1965,13,0.7,1,0.8,,,,15.3,7,,,,0,,855,8,12,0.1,,,,,14.6,15,,465,,2.1,633,,2.9,,111.9,0,0,0,0,0,,,0,0,0,1,0,,,4,0,0,,0,0,,,,,0,0,,,,,,,0,966,1
Christian McCaffrey,McCaCh01,2019,23,CAR,RB,16,16,287,1387,15,57,46.3,84,4.8,86.7,17.9,142,116,1005,8.7,4,58,,,,62.8,,,,,,,1,15,,59.9,28,7.3,81.7,7.1,403,5.9,2392,19,0.6,7,4.9,,,,8.3,14,,,,2,,1019,8.8,-14,-0.1,,,,,17.9,16,,513,,1.8,874,,3,,99.7,0,0,0,0,0,,,0,0,0,0,0,,,1,0,0,,0,0,,,,,0,0,,,,,,,,,
Christian McCaffrey,McCaCh01,2020,24,CAR,RB,3,3,59,225,5,14,57.6,15,3.8,75,19.7,19,17,149,8.8,1,8,,,,49.7,,,,,,,0,3,,52.6,24,5.7,89.5,7.8,76,4.9,374,6,1.4,0,0,,,,5.7,3,,,,1,,123,7.2,26,1.5,,,,,6.6,9,,128,,2.2,97,,1.6,,95,,,,,,,,,,,,,,,,,,,,,,,,,,,,,,,,,0,171,1
Christian McCaffrey,McCaCh01,2021,25,CAR,RB,7,7,99,442,1,20,50.5,18,4.5,63.1,14.1,41,37,343,9.3,1,21,,,,49,,,,,,,1,5,,65.9,32,5.3,90.2,8.4,136,5.8,785,2,2.2,0,0,,,,6.2,6,,,,0,,258,7,85,2.3,,,,,8.3,12,,224,,2.3,218,,2.2,,109.7,0,1,3,0,0,,,0,0,0,1,0,,,1,0,0,,0,1,,,,,0,0,,,,,,,0,272,2
Christian McCaffrey,McCaCh01,2022,26,2TM,RB,17,16,244,1139,8,65,48.4,49,4.7,67,14.4,108,85,741,8.7,5,36,,,,43.6,,,,,,,1,15,,52.8,49,5,78.7,6.9,329,5.7,1880,13,1.2,6,5.6,,,,10.6,8,,,,1,,695,8.2,46,0.5,,,,,24.4,10,,456,,1.9,683,,2.8,,106.8,0,0,0,0,0,,,0,0,0,1,0,,,1,0,0,,0,0,,,,,0,0,,,,,,,,,
Christian McCaffrey,McCaCh01,2023,27,SFO,RB,16,16,272,1459,14,87,54,72,5.4,91.2,17,83,67,564,8.4,7,34,,,,35.3,,,,,,,3,18,,55.4,41,4.2,80.7,6.8,339,6,2023,21,1.8,0,0,,,,33.5,2,,,,2,,461,6.9,103,1.5,,,,,18.1,15,,606,,2.2,853,,3.1,,113.1,0,0,0,0,0,,,0,0,0,1,0,,,3,0,0,,0,0,,,,,0,0,,,,,,,,,
Christian McCaffrey,McCaCh01,2024,28,SFO,RB,4,4,50,202,0,12,44,19,4,50.5,12.5,19,15,146,9.7,0,6,,,,36.5,,,,,,,1,2,,52.6,30,3.8,78.9,7.7,65,5.4,348,0,3.2,0,0,,,,15,1,,,,1,,98,6.5,48,3.2,,,,,16.7,3,,86,,1.7,116,,2.3,,76.8,0,0,0,0,0,,,0,0,0,0,0,,,1,0,0,,0,0,,,,,0,0,,,,,,,0,167,0
Christian McCaffrey,McCaCh01,2025,29,SFO,RB,17,17,311,1202,10,71,48.6,41,3.9,70.7,18.3,129,102,924,9.1,7,48,,,,54.4,,,,,,,2,17,,57.4,39,6,79.1,7.2,413,5.1,2126,17,2.3,7,5.4,,,,9.3,11,,,,3,,720,7.1,204,2,,,,,31.1,10,,474,,1.5,728,,2.3,,104.9,0,0,0,0,0,,,0,0,0,1,0,,,2,0,0,,0,0,,,,,0,0,,,,,,,,,
Corey Dillon,DillCo00,1997,23,CIN,RB,16,6,233,1129,10,57,48.5,75,4.8,70.6,14.6,33,27,259,9.6,0,8,66.7,28,1.7,16.2,81.8,7.8,260,5.3,1388,10,1,12,AP ORoY-2,,,,,,,,,,,,,,,,,,,,,,,,,,,,,,,,,,,,,,,,,,,,,0,,0,0,0,,0,1,,0,4,1,,,0,0,,,0,0,0,,,,,,,,,,,
Corey Dillon,DillCo00,1998,24,CIN,RB,15,15,262,1130,4,56,44.3,66,4.3,75.3,17.5,43,28,178,6.4,1,4,32.6,41,1.9,11.9,65.1,4.1,290,4.5,1308,5,2,9,,,,,,,,,,,,,,,,,,,,,,,,,,,,,,,,,,,,,,,,,,,,,,0,,0,0,0,,0,0,,0,0,2,,,0,0,,,0,0,0,,,,,,,,,,,
Corey Dillon,DillCo00,1999,25,CIN,RB,15,15,263,1200,5,64,43,50,4.6,80,17.5,49,31,290,9.4,1,13,42.9,23,2.1,19.3,63.3,5.9,294,5.1,1490,6,3,10,PB,,,,,,,,,,,,,,,,,,,,,,,,,,,,,,,,,,,,,,,,,,,,,0,,0,0,0,,0,1,,0,0,3,0,,0,0,,0,0,0,0,,,,,,,,,,,
Corey Dillon,DillCo00,2000,26,CIN,RB,16,16,315,1435,7,71,44.8,80,4.6,89.7,19.7,26,18,158,8.8,0,5,42.3,31,1.1,9.9,69.2,6.1,333,4.8,1593,7,4,8,PB,,,,,,,,,,,,,,,,,,,,,,,,,,,,,,,,,,,,,,,,,,,,,0,,0,0,0,,0,0,,0,0,4,0,,0,0,,0,0,0,0,,,,,,,,,,,
Corey Dillon,DillCo00,2001,27,CIN,RB,16,16,340,1315,10,69,40.9,96,3.9,82.2,21.3,61,34,228,6.7,3,13,32.8,17,2.1,14.3,55.7,3.7,374,4.1,1543,13,5,8,PB,,,,,,,,,,,,,,,,,,,,,,,,,,,,,,,,,,,,,,,,,,,,,0,,0,0,0,,0,1,,0,0,5,0,,0,0,,0,0,0,0,,,,,,,,,,,
Corey Dillon,DillCo00,2002,28,CIN,RB,16,16,314,1311,7,72,50.6,67,4.2,81.9,19.6,61,43,298,6.9,0,18,39.3,19,2.7,18.6,70.5,4.9,357,4.5,1609,7,5,10,,,,,,,,,,,,,,,,,,,,,,,,,,,,,,,,,,,,,,,,,,,,,,0,,0,0,0,,0,1,,0,-9,5,0,,0,0,,0,0,0,0,,,,,,,,,,,
Corey Dillon,DillCo00,2003,29,CIN,RB,13,11,138,541,2,27,42,39,3.9,41.6,10.6,18,11,71,6.5,0,4,38.9,14,0.8,5.5,61.1,3.9,149,4.1,612,2,0,5,,,,,,,,,,,,,,,,,,,,,,,,,,,,,,,,,,,,,,,,,,,,,,,,,,,,,,,,,,,,,,,,,,,,,,,,,,,,,
Corey Dillon,DillCo00,2004,30,NWE,RB,15,14,345,1635,12,84,53,44,4.7,109,23,21,15,103,6.9,1,3,52.4,20,1,6.9,71.4,4.9,360,4.8,1738,13,5,15,"PB,AP CPoY-5",,,,,,,,,,,,,,,,,,,,,,,,,,,,,,,,,,,,,,,,,,,,,0,,0,0,0,,0,1,,0,0,5,0,,0,0,,,,,,,,,,,,,,,,
Corey Dillon,DillCo00,2005,31,NWE,RB,12,10,209,733,12,51,47.4,29,3.5,61.1,17.4,26,22,181,8.2,1,8,57.7,25,1.8,15.1,84.6,7,231,4,914,13,1,6,,,,,,,,,,,,,,,,,,,,,,,,,,,,,,,,,,,,,,,,,,,,,,0,,0,0,0,,0,0,,0,0,1,0,,0,0,,,,,,,,,,,,,,,,
Corey Dillon,DillCo00,2006,32,NWE,RB,16,13,199,812,13,49,49.2,50,4.1,50.8,12.4,16,15,147,9.8,0,5,62.5,52,0.9,9.2,93.8,9.2,214,4.5,959,13,2,8,,,,,,,,,,,,,,,,,,,,,,,,,,,,,,,,,,,,,,,,,,,,,,0,,0,0,0,,0,0,,0,0,2,0,,0,0,,,,,,,,,,,,,,,,
D'Andre Swift,SwifDA00,2020,21,DET,RB,13,4,114,521,8,31,54.4,54,4.6,40.1,8.8,57,46,357,7.8,2,15,,,,27.5,,,,,,,3,6,,47.4,26,3.5,80.7,6.3,160,5.5,878,10,0.9,5,8.8,,,,23,2,,,,0,,351,7.6,6,0.1,,,,,12.7,9,,190,,1.7,331,,2.9,,104.5,0,0,0,0,0,,,0,0,0,0,0,,,3,0,0,,0,0,,,,,0,0,,,,,,,0,398,36
D'Andre Swift,SwifDA00,2021,22,DET,RB,13,4,151,617,5,28,36.4,57,4.1,47.5,11.6,78,62,452,7.3,2,18,,,,34.8,,,,,,,2,7,,48.7,63,4.8,79.5,5.8,213,5,1069,7,0,6,7.7,,,,7.8,8,,,,2,,500,8.1,-48,-0.8,,,,,16.8,9,,232,,1.5,385,,2.5,,88.7,0,0,0,0,0,,,0,0,0,0,0,,,2,0,0,,0,0,,,,,0,0,,,,,,,0,560,0
D'Andre Swift,SwifDA00,2022,23,DET,RB,14,8,99,542,5,21,47.5,50,5.5,38.7,7.1,70,48,389,8.1,3,17,,,,27.8,,,,,,,1,8,,38.6,25,3.4,68.6,5.6,147,6.3,931,8,0.5,3,4.3,,,,16,3,,,,0,,440,9.2,-51,-1.1,,,,,19.8,5,,173,,1.7,369,,3.7,,96.7,0,0,0,0,0,,,0,0,0,1,0,,,1,0,0,,0,0,,,,,0,0,,,,,,,0,393,0
D'Andre Swift,SwifDA00,2023,24,PHI,RB,16,15,229,1049,5,50,54.1,43,4.6,65.6,14.3,49,39,214,5.5,1,8,,,,13.4,,,,,,,3,10,,42.9,20,2.4,79.6,4.4,268,4.7,1263,6,0.6,1,2,,,,19.5,2,,,,1,,267,6.8,-53,-1.4,,,,,10.9,21,,407,,1.8,642,,2.8,,83.2,0,0,0,0,0,,,0,0,0,1,0,,,3,0,0,,0,0,,,,,0,0,,,,,,,,,
D'Andre Swift,SwifDA00,2024,25,CHI,RB,17,17,253,959,6,43,43.9,56,3.8,56.4,14.9,52,42,386,9.2,0,12,,,,22.7,,,,,,,2,8,,51.9,42,2.5,80.8,7.4,295,4.6,1345,6,0,3,5.8,,,,21,2,,,,1,,405,9.6,-19,-0.5,,,,,36.1,7,,448,,1.8,511,,2,,89.6,0,0,0,0,0,,,0,0,0,0,0,,,2,0,0,,0,0,,,,,0,0,,,,,,,0,751,0
D'Andre Swift,SwifDA00,2025,26,CHI,RB,16,16,223,1087,9,62,54.7,25,4.9,67.9,13.9,48,34,299,8.8,1,11,,,,18.7,,,,,,,2,10,,37.5,55,2.1,70.8,6.2,257,5.4,1386,10,-0.6,4,8.3,,,,34,1,,,,0,,357,10.5,-58,-1.7,,,,,20.3,11,,421,,1.9,666,,3,,94,0,0,0,0,0,,,0,0,0,0,0,,,2,0,0,,0,0,,,,,0,0,,,,,,,0,621,0
David Montgomery,MontDa01,2019,22,CHI,RB,16,8,242,889,6,50,43.4,55,3.7,55.6,15.1,35,25,185,7.4,1,7,42.9,30,1.6,11.6,71.4,5.3,267,4,1074,7,2,6,,,,,,,,,,,,,,7,29,1.2,,6,4.2,5.7,2,0,93.2,156,6.2,,,185,2.7,50,242,,28,8.6,393,1.6,,496,2,,889,,,,,0,,0,0,0,,0,0,,0,0,2,0,0,0,0,,0,0,0,0,,,0%,0,57%,614,1%,2,,,
David Montgomery,MontDa01,2020,23,CHI,RB,15,14,247,1070,8,59,46.2,80,4.3,71.3,16.5,68,54,438,8.1,2,25,55.9,28,3.6,29.2,79.4,6.4,301,5,1508,10,1,10,,,,,,,,,,,,,,25,42,0.8,,11,4.9,4.4,3,0,103.3,396,7.3,,,438,0.9,59,247,,29,8.5,590,2.4,,480,1.9,,1070,,,,,0,,0,0,0,,0,0,,0,0,1,0,0,0,0,,0,0,0,0,,,0%,0,74%,759,1%,2,,,
David Montgomery,MontDa01,2021,24,CHI,RB,13,13,225,849,7,55,46.7,41,3.8,65.3,17.3,51,42,301,7.2,0,18,43.1,16,3.2,23.2,82.4,5.9,267,4.3,1150,7,1,6,,,,,,,,,,,,,,18,28,0.7,,3,14,3.9,2,1,83.1,273,6.5,,,301,0.9,55,225,,16,14.1,417,1.9,,432,1.9,,849,,,,,0,,0,0,0,,0,1,,0,3,1,0,0,0,0,,0,1,1,0,,,0%,0,75%,642,0%,0,,,
David Montgomery,MontDa01,2022,25,CHI,RB,16,16,201,801,5,41,44.8,28,4,50.1,12.6,40,34,316,9.3,1,10,50,32,2.1,19.8,85,7.9,235,4.8,1117,6,2,8,,,,,,,,,,,,,,10,33,1,,6,5.7,2.5,1,1,97.5,283,8.3,,,316,1.3,41,201,,20,10.1,396,2,,405,2,,801,,,,,0,,0,0,0,,0,2,,0,0,2,0,0,0,0,,0,0,0,0,,,0%,0,65%,629,0%,0,,,
David Montgomery,MontDa01,2023,26,DET,RB,14,14,219,1015,13,64,54.8,75,4.6,72.5,15.6,24,16,117,7.3,0,9,54.2,19,1.1,8.4,66.7,4.9,235,4.8,1132,13,2,9,,,,,,,,,,,,,,9,-32,-2,,3,5.3,8.3,2,1,60.6,149,9.3,,,117,-0.8,64,219,,17,12.9,504,2.3,,511,2.3,,1015,,,,,0,,0,0,0,,0,1,,0,0,2,0,0,0,0,,0,0,0,0,,,0%,0,48%,453,0%,0,,,
David Montgomery,MontDa01,2024,27,DET,RB,14,14,185,775,12,52,55.1,21,4.2,55.4,13.2,38,36,341,9.5,0,16,73.7,40,2.6,24.4,94.7,9,221,5,1116,12,2,10,,,,,,,,,,,,,,16,-24,-0.7,,11,3.3,0,0,0,104.1,365,10.1,,,341,-0.5,52,185,,19,9.7,428,2.3,,347,1.9,,775,,,,,0,,0,0,0,,0,2,,0,0,2,0,0,0,0,,0,0,0,0,,,0%,0,41%,390,0%,0,,,
David Montgomery,MontDa01,2025,28,DET,RB,17,0,158,716,8,41,48.1,72,4.5,42.1,9.3,29,24,192,8,0,11,55.2,23,1.4,11.3,82.8,6.6,182,5,908,8,2,7,,,,,,,,,,,,,,11,-7,-0.3,,0,,0,0,0,94.3,199,8.3,,,192,0.5,41,158,,3,52.7,346,2.2,,370,2.3,,716,,,,,0,,0,0,0,,0,0,,0,-9,2,0,0,0,0,,0,0,0,0,,,0%,0,37%,408,0%,0,,,
De'Von Achane,AchaDe00,2023,22,MIA,RB,11,4,103,800,8,30,54.4,76,7.8,72.7,9.4,37,27,197,7.3,3,10,,,,17.9,,,,,,,1,7,,48.6,23,2.5,73,5.3,130,7.7,997,11,0.7,0,0,,,,9,3,,,,0,,262,9.7,-65,-2.4,,,,,7.9,13,,316,,3.1,484,,4.7,,112.1,0,0,0,0,0,,,0,0,0,0,0,,,1,0,0,,0,0,,,,,0,0,,,,,,,0,300,7
De'Von Achane,AchaDe00,2024,23,MIA,RB,17,16,203,907,6,37,49.3,61,4.5,53.4,11.9,87,78,592,7.6,6,30,,,,34.8,,,,,,,1,11,,57.5,39,4.6,89.7,6.8,281,5.3,1499,12,-0.4,2,2.3,,,,15.6,5,,,,0,,665,8.5,-73,-0.9,,,,,29,7,,421,,2.1,486,,2.4,,118,0,0,0,0,0,,,0,0,0,0,0,,,1,0,0,,0,0,,,,,0,0,,,,,,,0,704,6
De'Von Achane,AchaDe00,2025,24,MIA,RB,16,16,238,1350,8,56,49.2,59,5.7,84.4,14.9,85,67,488,7.3,4,23,,,,30.5,,,,,,,1,14,,43.5,29,4.2,78.8,5.7,305,6,1838,12,0.4,5,5.9,,,,7.4,9,,,,2,,552,8.2,-64,-1,,,,,10.8,22,,719,,3,631,,2.7,,96.5,0,0,0,0,0,,,0,0,0,1,0,,,1,0,0,,0,0,,,,,0,0,,,,,,,,,
DeAngelo Williams,WillDe02,2006,23,CAR,RB,13,2,121,501,1,31,45.5,31,4.1,38.5,9.3,36,33,313,9.5,1,11,52.8,41,2.5,24.1,91.7,8.7,154,5.3,814,2,1,5,,,,,,,,,,,,,,,,,,,,,,,,,,,,,,,,,,,,,,,,,,,,,,0,,0,0,0,,0,1,,0,0,1,0,0,0,0,,0,0,0,0,,,,,,,,,,,
DeAngelo Williams,WillDe02,2007,24,CAR,RB,16,0,144,717,4,30,39.6,75,5,44.8,9,38,23,175,7.6,1,5,34.2,30,1.4,10.9,60.5,4.6,167,5.3,892,5,1,6,,,,,,,,,,,,,,,,,,,,,,,,,,,,,,,,,,,,,,,,,,,,,,0,,0,0,0,,0,0,,0,0,1,0,0,0,0,,0,0,0,0,,,,,,,,,,,
DeAngelo Williams,WillDe02,2008,25,CAR,RB,16,16,273,1515,18,65,44.3,69,5.5,94.7,17.1,30,22,121,5.5,2,8,26.7,25,1.4,7.6,73.3,4,295,5.5,1636,20,0,13,"AP-2,AP OPoY-5",,,,,,,,,,,,,,,,,,,,,,,,,,,,,,,,,,,,,,,,,,,,,,,,,,,,,,,,,,,,,,,,,,,,,,,,,,,,
DeAngelo Williams,WillDe02,2009,26,CAR,RB,13,13,216,1117,7,51,44,77,5.2,85.9,16.6,41,29,252,8.7,0,14,58.5,30,2.2,19.4,70.7,6.1,245,5.6,1369,7,3,10,PB,,,,,,,,,,,,,,,,,,,,,,,,,,,,,,,,,,,,,,,,,,,,,0,,0,0,0,,0,0,,0,0,3,0,0,0,0,,0,0,0,0,,,,,,,,,,,
DeAngelo Williams,WillDe02,2010,27,CAR,RB,6,6,87,361,1,12,31,39,4.1,60.2,14.5,13,11,61,5.5,0,4,46.2,14,1.8,10.2,84.6,4.7,98,4.3,422,1,1,2,,,,,,,,,,,,,,,,,,,,,,,,,,,,,,,,,,,,,,,,,,,,,,0,,0,0,0,,0,0,,0,0,1,0,,0,0,,,0,0,0,,,,,,,,,,,
DeAngelo Williams,WillDe02,2011,28,CAR,RB,16,14,155,836,7,33,43.9,74,5.4,52.3,9.7,25,16,135,8.4,0,6,52,32,1,8.4,64,5.4,171,5.7,971,7,0,7,,,,,,,,,,,,,,,,,,,,,,,,,,,,,,,,,,,,,,,,,,,,,,,,,,,,,,,,,,,,,,,,,,,,,,,,,,,,,
DeAngelo Williams,WillDe02,2012,29,CAR,RB,16,10,173,737,5,34,42.8,65,4.3,46.1,10.8,20,13,187,14.4,2,5,40,53,0.8,11.7,65,9.4,186,5,924,7,2,6,,,,,,,,,,,,,,,,,,,,,,,,,,,,,,,,,,,,,,,,,,,,,,0,,0,0,0,,0,0,,0,0,2,0,0,0,0,,0,0,0,0,,,0%,0,41%,418,0%,0,,,
DeAngelo Williams,WillDe02,2013,30,CAR,RB,15,15,201,843,3,36,41.3,43,4.2,56.2,13.4,36,26,333,12.8,1,10,47.2,72,1.7,22.2,72.2,9.3,227,5.2,1176,4,3,10,,,,,,,,,,,,,,,,,,,,,,,,,,,,,,,,,,,,,,,,,,,,,,0,,0,0,0,,0,1,,0,0,3,0,,0,0,,,0,1,1,,,0%,0,49%,470,0%,0,,,
DeAngelo Williams,WillDe02,2014,31,CAR,RB,6,6,62,219,0,7,43.5,17,3.5,36.5,10.3,6,5,44,8.8,0,2,66.7,30,0.8,7.3,83.3,7.3,67,3.9,263,0,1,2,,,,,,,,,,,,,,,,,,,,,,,,,,,,,,,,,,,,,,,,,,,,,,0,,0,0,0,,0,0,,0,0,1,0,,0,0,,,0,0,0,,,0%,0,33%,135,0%,0,,,
DeAngelo Williams,WillDe02,2015,32,PIT,RB,16,10,200,907,11,53,48,55,4.5,56.7,12.5,47,40,367,9.2,0,15,51.1,34,2.5,22.9,85.1,7.8,240,5.3,1274,11,4,9,,,,,,,,,,,,,,,,,,,,,,,,,,,,,,,,,,,,,,,,,,,,,,0,,0,0,0,,0,2,,0,0,4,0,0,0,0,,0,0,0,0,,,0%,0,65%,701,1%,3,,,
DeAngelo Williams,WillDe02,2016,33,PIT,RB,9,4,98,343,4,22,43.9,17,3.5,38.1,10.9,27,18,118,6.6,2,6,40.7,20,2,13.1,66.7,4.4,116,4,461,6,0,3,,,,,,,,,,,,,,,,,,,,,,,,,,,,,,,,,,,,,,,,,,,,,,,,,,,,,,,,,,,,,,,,,,,,,0%,0,46%,271,1%,2,,,
DeMarco Murray,MurrDe00,2011,23,DAL,RB,13,7,164,897,2,42,56.7,91,5.5,69,12.6,35,26,183,7,0,9,45.7,18,2,14.1,74.3,5.2,190,5.7,1080,2,1,7,,,,,,,,,,,,,,,,,,,,,,,,,,,,,,,,,,,,,,,,,,,,,,0,,0,0,0,,0,2,,0,0,1,0,0,0,0,,0,0,0,0,,,,,,,,,,,
DeMarco Murray,MurrDe00,2012,24,DAL,RB,10,10,161,663,4,39,53.4,48,4.1,66.3,16.1,42,35,251,7.2,0,11,59.5,22,3.5,25.1,83.3,6,196,4.7,914,4,3,6,,,,,,,,,,,,,,,,,,,,,,,,,,,,,,,,,,,,,,,,,,,,,,0,,0,0,0,,0,1,,0,0,3,0,0,0,0,,0,0,0,0,,,0%,0,70%,469,0%,0,,,
DeMarco Murray,MurrDe00,2013,25,DAL,RB,14,14,217,1121,9,65,51.6,43,5.2,80.1,15.5,66,53,350,6.6,1,18,54.5,22,3.8,25,80.3,5.3,270,5.4,1471,10,3,12,PB,,,,,,,,,,,,,,,,,,,,,,,,,,,,,,,,,,,,,,,,,,,,,0,,0,0,0,,0,1,,0,0,3,0,0,0,0,,0,0,0,0,,,,,,,,,,,
DeMarco Murray,MurrDe00,2014,26,DAL,RB,16,16,392,1845,13,89,53.1,51,4.7,115.3,24.5,64,57,416,7.3,0,17,54.7,34,3.6,26,89.1,6.5,449,5,2261,13,5,18,"PB,AP-1,AP MVP-3,AP OPoY-1",,,,,,,,,,,,,,,,,,,,,,,,,,,,,,,,,,,,,,,,,,,,,0,,0,0,0,,0,2,,0,0,5,0,0,0,0,,0,0,0,0,,,,,,,,,,,
DeMarco Murray,MurrDe00,2015,27,PHI,RB,15,8,193,702,6,48,42,54,3.6,46.8,12.9,55,44,322,7.3,1,13,47.3,44,2.9,21.5,80,5.9,237,4.3,1024,7,2,6,,,,,,,,,,,,,,,,,,,,,,,,,,,,,,,,,,,,,,,,,,,,,,0,,0,0,0,,0,0,,0,0,2,0,0,0,0,,0,0,0,0,,,0%,0,44%,482,0%,0,,,
DeMarco Murray,MurrDe00,2016,28,TEN,RB,16,16,293,1287,9,67,50.2,75,4.4,80.4,18.3,67,53,377,7.1,3,20,34.3,35,3.3,23.6,79.1,5.6,346,4.8,1664,12,3,12,PB,,,,,,,,,,,,,,,,,,,,,,,,,,,,,,,,,,,,,,,,,,,,,0,,0,0,0,,0,1,,0,0,3,0,0,0,0,,0,0,0,0,,,,,,,,,,,
DeMarco Murray,MurrDe00,2017,29,TEN,RB,15,15,184,659,6,33,37,75,3.6,43.9,12.3,47,39,266,6.8,1,11,44.7,18,2.6,17.7,83,5.7,223,4.1,925,7,1,7,,,,,,,,,,,,,,,,,,,,,,,,,,,,,,,,,,,,,,,,,,,,,,0,,0,0,0,,0,0,,0,0,1,0,0,0,0,,0,0,0,0,,,0%,0,68%,647,0%,0,,,
Derrick Henry,HenrDe00,2016,22,TEN,RB,15,2,110,490,5,29,54.5,22,4.5,32.7,7.3,15,13,137,10.5,0,5,,,,9.1,,,,,,,0,4,,46.7,29,0.9,86.7,9.1,123,5.1,627,5,,,,,,,,,,,,,,,,,,,,,,,,,,,,,,,,,,,,,,,,,,,,,,,,,,,,,,,,,,,,,,,,,0,270,0
Derrick Henry,HenrDe00,2017,23,TEN,RB,16,2,176,744,5,40,45.5,75,4.2,46.5,11,17,11,136,12.4,1,4,,,,8.5,,,,,,,1,6,,41.2,66,0.7,64.7,8,187,4.7,880,6,,,,,,,,,,,,,,,,,,,,,,,,,,,,,,,,,0,0,0,0,0,,,0,0,0,0,0,,,1,0,,,0,0,,,,,0,,,,,,,,0,408,0
Derrick Henry,HenrDe00,2018,24,TEN,RB,16,12,215,1059,12,50,50.2,99,4.9,66.2,13.4,18,15,99,6.6,0,4,,,,6.2,,,,,,,1,7,,44.4,21,0.9,83.3,5.5,230,5,1158,12,-0.7,0,0,,,,5,3,,,,0,,115,7.7,-16,-1.1,,,,,6.3,34,,656,,3.1,403,,1.9,,89.6,0,0,0,0,0,,,0,0,0,0,0,,,1,0,0,,0,0,,,,,0,0,,,,,,,0,401,0
Derrick Henry,HenrDe00,2019,25,TEN,RB,15,15,303,1540,16,73,49.2,74,5.1,102.7,20.2,24,18,206,11.4,2,4,,,,13.7,,,,,,,5,13,,50,75,1.2,75,8.6,321,5.4,1746,18,-1.6,3,12.5,,,,9,2,,,,0,,229,12.7,-23,-1.3,,,,,10.4,29,,968,,3.2,572,,1.9,,128.1,0,0,0,0,0,,,0,0,0,0,0,,,5,0,0,,0,0,,,,,0,0,,,,,,,,,
Derrick Henry,HenrDe00,2020,26,TEN,RB,16,16,378,2027,17,98,56.6,94,5.4,126.7,23.6,31,19,114,6,0,4,,,,7.1,,,,,,,3,16,,32.3,53,1.2,61.3,3.7,397,5.4,2141,17,-0.9,1,3.2,,,,19,1,,,,0,,127,6.7,-13,-0.7,,,,,11.1,34,,1073,,2.8,954,,2.5,,68.5,0,0,0,0,0,,,0,0,0,1,0,,,3,0,0,,0,0,,,,,0,0,,,,,,,,,
Derrick Henry,HenrDe00,2021,27,TEN,RB,8,8,219,937,10,54,44.7,76,4.3,117.1,27.4,20,18,154,8.6,0,7,,,,19.3,,,,,,,1,7,,80,16,2.3,90,7.7,237,4.6,1091,10,-0.2,0,0,,,,18,1,,,,0,,160,8.9,-6,-0.3,,,,,21.9,10,,487,,2.2,450,,2.1,,98.7,0,0,0,0,0,,,0,0,0,1,0,,,1,0,0,,0,0,,,,,0,0,,,,,,,0,411,0
Derrick Henry,HenrDe00,2022,28,TEN,RB,16,16,349,1538,13,65,46.7,56,4.4,96.1,21.8,41,33,398,12.1,0,11,,,,24.9,,,,,,,6,11,,61,69,2.1,80.5,9.7,382,5.1,1936,13,0.1,5,12.2,,,,16.5,2,,,,0,,386,11.7,12,0.4,,,,,10,35,,799,,2.3,739,,2.1,,107.1,0,0,-6,0,0,,,0,0,0,1,0,,,6,0,0,,0,0,,,,,0,0,,,,,,,,,
Derrick Henry,HenrDe00,2023,29,TEN,RB,17,17,280,1167,12,63,46.1,69,4.2,68.6,16.5,36,28,214,7.6,0,7,,,,12.6,,,,,,,0,9,,44.4,46,1.6,77.8,5.9,308,4.5,1381,12,-2.8,1,2.8,,,,28,1,,,,0,,275,9.8,-61,-2.2,,,,,12.2,23,,601,,2.1,566,,2,,91.4,0,0,0,0,0,,,0,0,0,1,0,,,0,0,0,,0,0,,,,,0,0,,,,,,,,,
Derrick Henry,HenrDe00,2024,30,BAL,RB,17,17,325,1921,16,106,58.8,87,5.9,113,19.1,22,19,193,10.2,2,11,,,,11.4,,,,,,,3,16,,68.2,27,1.1,86.4,8.8,344,6.1,2114,18,-1.1,1,4.5,,,,2.4,8,,,,0,,216,11.4,-23,-1.2,,,,,7.7,42,,909,,2.8,1012,,3.1,,133.5,0,0,0,0,0,,,0,0,0,0,0,,,3,0,0,,0,0,,,,,0,0,,,,,,,,,
Derrick Henry,HenrDe00,2025,31,BAL,RB,17,17,307,1595,16,79,53.1,59,5.2,93.8,18.1,21,15,150,10,0,4,,,,8.8,,,,,,,4,13,,52.4,44,0.9,71.4,7.1,322,5.4,1745,16,0.6,1,4.8,,,,15,1,,,,1,,135,9,15,1,,,,,23.6,13,,729,,2.4,866,,2.8,,71.5,0,0,0,0,0,,,0,0,0,0,0,,,4,0,0,,0,0,,,,,0,0,,,,,,,0,556,0
Devin Singletary,SingDe00,2019,22,BUF,RB,12,8,151,775,2,37,49,38,5.1,64.6,12.6,41,29,194,6.7,2,5,29.3,49,2.4,16.2,70.7,4.7,180,5.4,969,4,4,6,,,,,,,,,,,,,,5,1,0,,3,9.7,9.8,4,0,97,193,6.7,,,194,1.5,37,151,,20,7.6,362,2.4,,413,2.7,,775,,,,,0,,0,0,0,,0,1,,0,0,4,0,0,0,0,,0,0,0,0,,,0%,0,67%,530,0%,0,,,
Devin Singletary,SingDe00,2020,23,BUF,RB,16,16,156,687,2,40,47.4,51,4.4,42.9,9.8,50,38,269,7.1,0,8,56,34,2.4,16.8,76,5.4,194,4.9,956,2,1,7,,,,,,,,,,,,,,8,0,0,,4,9.5,6,3,0,87.8,269,7.1,,,269,1,40,156,,9,17.3,449,2.9,,238,1.5,,687,,,,,0,,0,0,0,,0,0,,0,0,1,0,0,0,0,,0,0,0,0,,,0%,0,57%,621,0%,0,,,
Devin Singletary,SingDe00,2021,24,BUF,RB,17,16,188,870,7,55,47.3,46,4.6,51.2,11.1,50,40,228,5.7,1,14,48,19,2.4,13.4,80,4.6,228,4.8,1098,8,5,8,,,,,,,,,,,,,,14,-13,-0.3,,4,10,10,5,1,84,241,6,,,228,0.2,55,188,,13,14.5,441,2.3,,429,2.3,,870,,,,,0,,0,0,0,,0,2,,0,5,5,0,0,0,0,,0,0,1,1,,,0%,0,60%,718,0%,0,,,
Devin Singletary,SingDe00,2022,25,BUF,RB,16,16,177,819,5,43,52.5,33,4.6,51.2,11.1,52,38,280,7.4,1,15,53.8,22,2.4,17.5,73.1,5.4,215,5.1,1099,6,3,9,,,,,,,,,,,,,,15,23,0.6,,2,19,11.5,6,0,91.8,257,6.8,,,280,0.2,43,177,,9,19.7,273,1.5,,546,3.1,,819,,,,,0,,0,0,0,,0,0,,0,0,3,0,0,0,0,,0,1,3,2,,,0%,0,65%,709,0%,0,,,
Devin Singletary,SingDe00,2023,26,HOU,RB,17,10,216,898,4,44,47.7,24,4.2,52.8,12.7,38,30,193,6.4,0,7,36.8,41,1.8,11.4,78.9,5.1,246,4.4,1091,4,1,7,,,,,,,,,,,,,,7,-24,-0.8,,2,15,5.3,2,0,87.8,217,7.2,,,193,0.3,44,216,,10,21.6,348,1.6,,550,2.5,,898,,,,,0,,0,0,0,,0,1,,0,0,1,0,0,0,0,,0,0,0,0,,,0%,0,56%,629,5%,22,,,
Devin Singletary,SingDe00,2024,27,NYG,RB,15,5,113,437,4,24,47.8,43,3.9,29.1,7.5,24,21,119,5.7,0,4,45.8,23,1.4,7.9,87.5,5,134,4.1,556,4,2,3,,,,,,,,,,,,,,4,-59,-2.8,,1,21,4.2,1,2,52.6,178,8.5,,,119,-2.8,24,113,,10,11.3,231,2,,206,1.8,,437,,,,,0,,0,0,0,,0,0,,0,0,2,0,0,0,0,,0,0,0,0,,,0%,0,39%,380,0%,0,,,
Devin Singletary,SingDe00,2025,28,NYG,RB,17,1,119,437,5,27,48.7,29,3.7,25.7,7,19,18,151,8.4,0,4,47.4,41,1.1,8.9,94.7,7.9,137,4.3,588,5,0,4,,,,,,,,,,,,,,4,-11,-0.6,,4,4.5,5.3,1,0,99.8,162,9,,,151,-0.6,27,119,,4,29.8,218,1.8,,219,1.8,,437,,,,,,,,,,,,,,,,,,,,,,,,,,,,0%,0,27%,311,6%,26,,,
Devonta Freeman,FreeDe00,2014,22,ATL,RB,16,0,65,248,1,10,27.7,31,3.8,15.5,4.1,37,30,225,7.5,1,8,45.9,36,1.9,14.1,81.1,6.1,95,5,473,2,1,4,,,,,,,,,,,,,,,,,,,,,,,,,,,,,,,,,,,,,,,,,,,,,,0,,0,0,0,,0,0,,0,0,1,0,0,0,0,,0,1,4,3,,,0%,0,22%,234,19%,84,,,
Devonta Freeman,FreeDe00,2015,23,ATL,RB,15,13,265,1056,11,71,45.7,39,4,70.4,17.7,97,73,578,7.9,3,21,52.6,44,4.9,38.5,75.3,6,338,4.8,1634,14,3,12,"PB,AP-2",,,,,,,,,,,,,,,,,,,,,,,,,,,,,,,,,,,,,,,,,,,,,0,,0,0,0,,0,2,,0,0,3,0,0,0,0,,0,0,0,0,,,,,,,,,,,
Devonta Freeman,FreeDe00,2016,24,ATL,RB,16,16,227,1079,11,66,49.3,75,4.8,67.4,14.2,65,54,462,8.6,2,22,56.9,35,3.4,28.9,83.1,7.1,281,5.5,1541,13,1,15,PB,,,,,,,,,,,,,,,,,,,,,,,,,,,,,,,,,,,,,,,,,,,,,0,,0,0,0,,0,1,,0,0,1,0,0,0,0,,0,0,0,0,,,,,,,,,,,
Devonta Freeman,FreeDe00,2017,25,ATL,RB,14,14,196,865,7,55,49.5,44,4.4,61.8,14,47,36,317,8.8,1,18,57.4,29,2.6,22.6,76.6,6.7,232,5.1,1182,8,4,9,,,,,,,,,,,,,,,,,,,,,,,,,,,,,,,,,,,,,,,,,,,,,,0,,0,0,0,,0,0,,0,0,4,0,0,0,0,,0,0,0,0,,,0%,0,61%,551,0%,0,,,
Devonta Freeman,FreeDe00,2018,26,ATL,RB,2,2,14,68,0,2,50,20,4.9,34,7,7,5,23,4.6,0,0,14.3,14,2.5,11.5,71.4,3.3,19,4.8,91,0,0,1,,,,,,,,,,,,,,0,3,0.6,,1,5,14.3,1,0,75.3,20,4,,,23,0.1,2,14,,0,,17,1.2,,51,3.6,,68,,,,,,,,,,,,,,,,,,,,,,,,,,,,0%,0,47%,67,0%,0,,,
Devonta Freeman,FreeDe00,2019,27,ATL,RB,14,14,184,656,2,31,41.8,28,3.6,46.9,13.1,70,59,410,6.9,4,17,48.6,28,4.2,29.3,84.3,5.9,243,4.4,1066,6,3,8,,,,,,,,,,,,,,17,66,1.1,,0,,1.4,1,1,104.2,344,5.8,,,410,1.1,31,184,,11,16.7,293,1.6,,363,2,,656,,,,,0,,0,0,0,,0,1,,0,0,3,0,0,0,0,,0,0,0,0,,,0%,0,65%,658,0%,0,,,
Devonta Freeman,FreeDe00,2020,28,NYG,RB,5,4,54,172,1,9,42.6,14,3.2,34.4,10.8,10,7,58,8.3,0,3,50,18,1.4,11.6,70,5.8,61,3.8,230,1,0,1,,,,,,,,,,,,,,3,-12,-1.7,,0,,20,2,0,84.6,70,10,,,58,-1.4,9,54,,2,27,68,1.3,,104,1.9,,172,,,,,,,,,,,,,,,,,,,,,,,,,,,,0%,0,46%,136,0%,0,,,
Devonta Freeman,FreeDe00,2021,29,BAL,RB,16,8,133,576,5,31,58.6,32,4.3,36,8.3,42,34,190,5.6,1,9,42.9,15,2.1,11.9,81,4.5,167,4.6,766,6,0,4,,,,,,,,,,,,,,9,12,0.4,,4,8.5,2.4,1,0,93.5,178,5.2,,,190,1,31,133,,3,44.3,205,1.5,,371,2.8,,576,,,,,0,,0,0,0,,0,0,,0,0,0,0,0,0,0,,0,0,1,1,,,0%,0,45%,528,0%,0,,,
Edgerrin James,JameEd00,1999,21,IND,RB,16,16,369,1553,13,86,42.3,72,4.2,97.1,23.1,87,62,586,9.5,4,23,42.5,54,3.9,36.6,71.3,6.7,431,5,2139,17,8,21,"PB,AP-1,AP MVP-4,AP OPoY-3,AP ORoY-1",,,,,,,,,,,,,,,,,,,,,,,,,,,,,,,,,,,,,,,,,,,,,0,,0,0,0,,0,2,,0,0,8,0,,0,0,,0,0,0,0,,,,,,,,,,,
Edgerrin James,JameEd00,2000,22,IND,RB,16,16,387,1709,13,100,53,30,4.4,106.8,24.2,87,63,594,9.4,5,24,52.9,60,3.9,37.1,72.4,6.8,450,5.1,2303,18,5,20,"PB,AP-2,AP OPoY-2",,,,,,,,,,,,,,,,,,,,,,,,,,,,,,,,,,,,,,,,,,,,,0,,0,0,0,,0,0,,0,0,5,0,,0,0,,0,0,0,0,,,,,,,,,,,
Edgerrin James,JameEd00,2001,23,IND,RB,6,6,151,662,3,42,53.6,29,4.4,110.3,25.2,29,24,193,8,0,9,51.7,27,4,32.2,82.8,6.7,175,4.9,855,3,3,7,,,,,,,,,,,,,,,,,,,,,,,,,,,,,,,,,,,,,,,,,,,,,,0,,0,0,0,,0,1,,0,0,3,0,,0,0,,0,0,0,0,,,,,,,,,,,
Edgerrin James,JameEd00,2002,24,IND,RB,14,14,277,989,2,59,45.8,20,3.6,70.6,19.8,80,61,354,5.8,1,17,36.3,23,4.4,25.3,76.3,4.4,338,4,1343,3,4,9,AP CPoY-5,,,,,,,,,,,,,,,,,,,,,,,,,,,,,,,,,,,,,,,,,,,,,0,,0,0,0,,0,0,,0,0,4,0,,0,0,,0,0,0,0,,,,,,,,,,,
Edgerrin James,JameEd00,2003,25,IND,RB,13,13,310,1259,11,84,49.4,43,4.1,96.8,23.8,71,51,292,5.7,0,9,39.4,17,3.9,22.5,71.8,4.1,361,4.3,1551,11,5,15,,,,,,,,,,,,,,,,,,,,,,,,,,,,,,,,,,,,,,,,,,,,,,0,,0,0,0,,0,0,,0,0,5,0,,0,0,,0,0,0,0,,,,,,,,,,,
Edgerrin James,JameEd00,2004,26,IND,RB,16,16,334,1548,9,78,56,40,4.6,96.8,20.9,60,51,483,9.5,0,20,56.7,56,3.2,30.2,85,8.1,385,5.3,2031,9,6,21,"PB,AP-2",,,,,,,,,,,,,,,,,,,,,,,,,,,,,,,,,,,,,,,,,,,,,0,,0,0,0,,0,1,,0,0,6,0,,0,0,,0,0,0,0,,,,,,,,,,,
Edgerrin James,JameEd00,2005,27,IND,RB,15,15,360,1506,13,97,58.9,33,4.2,100.4,24,50,44,337,7.7,1,22,56,20,2.9,22.5,88,6.7,404,4.6,1843,14,2,19,PB,,,,,,,,,,,,,,,,,,,,,,,,,,,,,,,,,,,,,,,,,,,,,0,,0,0,0,,0,1,,0,0,2,0,,0,0,,0,0,0,0,,,,,,,,,,,
Edgerrin James,JameEd00,2006,28,ARI,RB,16,16,337,1159,6,61,45.1,18,3.4,72.4,21.1,61,38,217,5.7,0,10,39.3,14,2.4,13.6,62.3,3.6,375,3.7,1376,6,3,8,,,,,,,,,,,,,,,,,,,,,,,,,,,,,,,,,,,,,,,,,,,,,,0,,0,0,0,,0,0,,0,0,3,0,0,0,0,,0,0,0,0,,,,,,,,,,,
Edgerrin James,JameEd00,2007,29,ARI,RB,16,16,324,1222,7,57,44.8,27,3.8,76.4,20.3,39,24,204,8.5,0,9,43.6,26,1.5,12.8,61.5,5.2,348,4.1,1426,7,5,9,,,,,,,,,,,,,,,,,,,,,,,,,,,,,,,,,,,,,,,,,,,,,,0,,0,0,0,,0,1,,0,0,5,0,0,0,0,,0,0,0,0,,,,,,,,,,,
Edgerrin James,JameEd00,2008,30,ARI,RB,13,7,133,514,3,25,41.4,35,3.9,39.5,10.2,18,12,85,7.1,0,4,38.9,16,0.9,6.5,66.7,4.7,145,4.1,599,3,2,5,,,,,,,,,,,,,,,,,,,,,,,,,,,,,,,,,,,,,,,,,,,,,,0,,0,0,0,,0,1,,0,0,2,0,0,0,0,,0,0,0,0,,,,,,,,,,,
Edgerrin James,JameEd00,2009,31,SEA,RB,7,0,46,125,0,8,41.3,10,2.7,17.9,6.6,3,3,19,6.3,0,1,66.7,7,0.4,2.7,100,6.3,49,2.9,144,0,1,1,,,,,,,,,,,,,,,,,,,,,,,,,,,,,,,,,,,,,,,,,,,,,,0,,0,0,0,,0,1,,0,0,1,0,0,0,0,,0,0,0,0,,,,,,,,,,,
Emmitt Smith,SmitEm00,1990,21,DAL,RB,16,15,241,937,11,59,44,48,3.9,58.6,15.1,39,24,228,9.5,0,6,33.3,57,1.5,14.3,61.5,5.8,265,4.4,1165,11,7,8,"PB,AP ORoY-1",,,,,,,,,,,,,,,,,,,,,,,,,,,,,,,,,,,,,,,,,,,,,0,,0,0,0,,0,0,,0,0,7,,,0,0,,,0,0,0,,,,,,,,,,,
Emmitt Smith,SmitEm00,1991,22,DAL,RB,16,16,365,1563,12,77,46,75,4.3,97.7,22.8,60,49,258,5.3,1,10,38.3,14,3.1,16.1,81.7,4.3,414,4.4,1821,13,8,17,"PB,AP-2",,,,,,,,,,,,,,,,,,,,,,,,,,,,,,,,,,,,,,,,,,,,,0,,0,0,0,,0,1,,0,0,8,,,0,0,,,0,0,0,,,,,,,,,,,
Emmitt Smith,SmitEm00,1992,23,DAL,RB,16,16,373,1713,18,91,50.4,68,4.6,107.1,23.3,74,59,335,5.7,1,12,37.8,26,3.7,20.9,79.7,4.5,432,4.7,2048,19,4,21,"PB,AP-1,AP MVP-3,AP OPoY-3",,,,,,,,,,,,,,,,,,,,,,,,,,,,,,,,,,,,,,,,,,,,,0,,0,0,0,,0,1,,0,0,4,,,0,0,,,0,0,0,,,,,,,,,,,
Emmitt Smith,SmitEm00,1993,24,DAL,RB,14,13,283,1486,9,74,57.6,62,5.3,106.1,20.2,65,57,414,7.3,1,13,43.1,86,4.1,29.6,87.7,6.4,340,5.6,1900,10,4,20,"PB,AP-1,AP MVP-1,AP OPoY-3",,,,,,,,,,,,,,,,,,,,,,,,,,,,,,,,,,,,,,,,,,,,,0,,0,0,0,,0,3,,0,0,4,,,0,0,,,0,0,0,,,,,,,,,,,
Emmitt Smith,SmitEm00,1994,25,DAL,RB,15,15,368,1484,21,101,50.5,46,4,98.9,24.5,60,50,341,6.8,1,12,46.7,68,3.3,22.7,83.3,5.7,418,4.4,1825,22,1,17,"PB,AP-1",,,,,,,,,,,,,,,,,,,,,,,,,,,,,,,,,,,,,,,,,,,,,0,,0,0,0,,0,0,,0,0,1,,,0,0,,,0,0,0,,,,,,,,,,,
Emmitt Smith,SmitEm00,1995,26,DAL,RB,16,16,377,1773,25,107,51.5,60,4.7,110.8,23.6,78,62,375,6,0,14,32.1,40,3.9,23.4,79.5,4.8,439,4.9,2148,25,7,20,"PB,AP-1,AP MVP-3,AP OPoY-2",,,,,,,,,,,,,,,,,,,,,,,,,,,,,,,,,,,,,,,,,,,,,0,,0,0,0,,0,0,,0,0,7,,,0,0,,,0,0,0,,,,,,,,,,,
Emmitt Smith,SmitEm00,1996,27,DAL,RB,15,15,327,1204,12,75,47.1,42,3.7,80.3,21.8,57,47,249,5.3,3,12,40.4,21,3.1,16.6,82.5,4.4,374,3.9,1453,15,5,9,,,,,,,,,,,,,,,,,,,,,,,,,,,,,,,,,,,,,,,,,,,,,,0,,0,0,0,,0,1,,0,0,5,,,0,0,,,0,0,0,,,,,,,,,,,
Emmitt Smith,SmitEm00,1997,28,DAL,RB,16,16,261,1074,4,47,44.4,44,4.1,67.1,16.3,48,40,234,5.9,0,6,35.4,24,2.5,14.6,83.3,4.9,301,4.3,1308,4,1,8,,,,,,,,,,,,,,,,,,,,,,,,,,,,,,,,,,,,,,,,,,,,,,0,,0,0,0,,0,1,,0,0,1,,,0,0,,,0,0,0,,,,,,,,,,,
Emmitt Smith,SmitEm00,1998,29,DAL,RB,16,16,319,1332,13,89,52.7,32,4.2,83.3,19.9,32,27,175,6.5,2,8,62.5,24,1.7,10.9,84.4,5.5,346,4.4,1507,15,3,11,PB,,,,,,,,,,,,,,,,,,,,,,,,,,,,,,,,,,,,,,,,,,,,,0,,0,0,0,,0,1,,0,0,3,,,0,0,,,0,0,0,,,,,,,,,,,
Emmitt Smith,SmitEm00,1999,30,DAL,RB,15,15,329,1397,11,86,48.6,63,4.2,93.1,21.9,31,27,119,4.4,2,4,41.9,14,1.8,7.9,87.1,3.8,356,4.3,1516,13,5,11,PB,,,,,,,,,,,,,,,,,,,,,,,,,,,,,,,,,,,,,,,,,,,,,0,,0,0,0,,0,1,,0,0,5,0,,0,0,,0,0,0,0,,,,,,,,,,,
Emmitt Smith,SmitEm00,2000,31,DAL,RB,16,16,294,1203,9,66,46.3,52,4.1,75.2,18.4,14,11,79,7.2,0,2,50,19,0.7,4.9,78.6,5.6,305,4.2,1282,9,6,10,,,,,,,,,,,,,,,,,,,,,,,,,,,,,,,,,,,,,,,,,,,,,,0,,0,0,0,,0,1,,0,0,6,0,,0,0,,0,0,0,0,,,,,,,,,,,
Emmitt Smith,SmitEm00,2001,32,DAL,RB,14,14,261,1021,3,48,37.9,44,3.9,72.9,18.6,21,17,116,6.8,0,6,57.1,22,1.2,8.3,81,5.5,278,4.1,1137,3,1,6,,,,,,,,,,,,,,,,,,,,,,,,,,,,,,,,,,,,,,,,,,,,,,0,,0,0,0,,0,1,,0,0,1,0,,0,0,,0,0,0,0,,,,,,,,,,,
Emmitt Smith,SmitEm00,2002,33,DAL,RB,16,16,254,975,5,50,41.7,30,3.8,60.9,15.9,24,16,89,5.6,0,4,33.3,17,1,5.6,66.7,3.7,270,3.9,1064,5,3,4,,,,,,,,,,,,,,,,,,,,,,,,,,,,,,,,,,,,,,,,,,,,,,0,,0,0,0,,0,2,,0,0,3,0,,0,0,,0,0,0,0,,,,,,,,,,,
Emmitt Smith,SmitEm00,2003,34,ARI,RB,10,5,90,256,2,15,38.9,22,2.8,25.6,9,19,14,107,7.6,0,4,42.1,36,1.4,10.7,73.7,5.6,104,3.5,363,2,2,2,,,,,,,,,,,,,,,,,,,,,,,,,,,,,,,,,,,,,,,,,,,,,,0,,0,0,0,,0,0,,0,-19,2,0,,0,0,,0,0,1,1,,,,,,,,,,,
Emmitt Smith,SmitEm00,2004,35,ARI,RB,15,15,267,937,9,43,38.2,29,3.5,62.5,17.8,20,15,105,7,0,3,45,18,1,7,75,5.3,282,3.7,1042,9,4,5,,,,,,,,,,,,,,,,,,,,,,,,,,,,,,,,,,,,,,,,,,,,,,0,,0,0,0,,0,2,,0,4,4,0,,0,0,,0,0,0,0,,,,,,,,,,,
Ezekiel Elliott,ElliEz00,2016,21,DAL,RB,15,15,322,1631,15,95,55.3,60,5.1,108.7,21.5,39,32,363,11.3,1,11,48.7,83,2.1,24.2,82.1,9.3,354,5.6,1994,16,5,16,"PB,AP-1,AP MVP-3,AP OPoY-5,AP ORoY-2",,,,,,,,,,,,,,,,,,,,,,,,,,,,,,,,,,,,,,,,,,,,,0,,0,0,0,,0,3,,0,-7,5,0,0,0,0,,0,0,0,0,,,,,,,,,,,
Ezekiel Elliott,ElliEz00,2017,22,DAL,RB,10,10,242,983,7,57,54.1,30,4.1,98.3,24.2,38,26,269,10.3,2,6,23.7,72,2.6,26.9,68.4,7.1,268,4.7,1252,9,1,9,,,,,,,,,,,,,,,,,,,,,,,,,,,,,,,,,,,,,,,,,,,,,,0,,0,0,0,,0,0,,0,0,1,0,,0,0,,,0,0,0,,,0%,0,86%,589,1%,2,,,
Ezekiel Elliott,ElliEz00,2018,23,DAL,RB,15,15,304,1434,6,74,49,41,4.7,95.6,20.3,95,77,567,7.4,3,22,41.1,38,5.1,37.8,81.1,6,381,5.3,2001,9,6,15,"PB,AP-2",,,,,,,,,,,,,22,-9,-0.1,,3,25.7,2.1,2,0,102.1,576,7.5,,,567,0.3,74,304,,19,16,595,2,,839,2.8,,1434,,,,,0,,0,0,0,,0,1,,0,0,6,0,0,0,0,,0,0,0,0,,,,,,,,,,,
Ezekiel Elliott,ElliEz00,2019,24,DAL,RB,16,16,301,1357,12,78,54.8,33,4.5,84.8,18.8,71,54,420,7.8,2,21,45.1,27,3.4,26.3,76.1,5.9,355,5,1777,14,3,11,PB,,,,,,,,,,,,,21,25,0.5,,6,9,5.6,4,0,99.5,395,7.3,,,420,0.6,78,301,,24,12.5,679,2.3,,678,2.3,,1357,,,,,0,,0,0,0,,0,1,,0,0,3,0,0,0,0,,0,0,0,0,,,,,,,,,,,
Ezekiel Elliott,ElliEz00,2020,25,DAL,RB,15,15,244,979,6,62,49.6,31,4,65.3,16.3,71,52,338,6.5,2,20,52.1,19,3.5,22.5,73.2,4.8,296,4.4,1317,8,6,7,,,,,,,,,,,,,,20,-22,-0.4,,2,26,11.3,8,3,74.7,360,6.9,,,338,-0.2,62,244,,15,16.3,521,2.1,,458,1.9,,979,,,,,0,,0,0,0,,0,2,,0,0,6,0,0,0,0,,0,0,0,0,,,0%,0,73%,789,0%,0,,,
Ezekiel Elliott,ElliEz00,2021,26,DAL,RB,17,17,237,1002,10,59,51.5,47,4.2,58.9,13.9,65,47,287,6.1,2,17,38.5,21,2.8,16.9,72.3,4.4,284,4.5,1289,12,1,8,,,,,,,,,,,,,,17,9,0.2,,3,15.7,4.6,3,1,84.6,278,5.9,,,287,0.5,59,237,,9,26.3,409,1.7,,593,2.5,,1002,,,,,0,,0,0,0,,0,2,,0,0,1,0,0,0,0,,0,0,1,1,,,0%,0,66%,809,0%,0,,,
Ezekiel Elliott,ElliEz00,2022,27,DAL,RB,15,14,231,876,12,55,47.6,27,3.8,58.4,15.4,23,17,92,5.4,0,4,39.1,31,1.1,6.1,73.9,4,248,3.9,968,12,0,6,,,,,,,,,,,,,,4,4,0.2,,1,17,8.7,2,0,80.3,88,5.2,,,92,0,55,231,,9,25.7,356,1.5,,520,2.3,,876,,,,,0,,0,0,0,,0,0,,0,0,0,0,0,0,0,,0,0,1,1,,,0%,0,55%,558,0%,0,,,
Ezekiel Elliott,ElliEz00,2023,28,NWE,RB,17,5,184,642,3,33,45.1,17,3.5,37.8,10.8,65,51,313,6.1,2,12,40,23,3,18.4,78.5,4.8,235,4.1,955,5,2,5,,,,,,,,,,,,,,12,-61,-1.2,,8,6.4,3.1,2,0,97,374,7.3,,,313,-0.6,33,184,,5,36.8,292,1.6,,350,1.9,,642,,,,,0,,0,0,0,,0,0,,0,0,2,0,0,0,0,,0,0,0,0,,,0%,0,51%,539,0%,1,,,
Ezekiel Elliott,ElliEz00,2024,29,DAL,RB,15,2,74,226,3,14,43.2,11,3.1,15.1,4.9,15,12,69,5.8,0,3,46.7,15,0.8,4.6,80,4.6,86,3.4,295,3,1,2,,,,,,,,,,,,,,3,-28,-2.3,,1,12,0,0,0,85.8,97,8.1,,,69,-1.8,14,74,,2,37,111,1.5,,115,1.6,,226,,,,,0,,0,0,0,,0,1,,0,0,1,0,0,0,0,,0,0,0,0,,,0%,0,25%,258,0%,0,,,
Frank Gore,GoreFr00,2005,22,SFO,RB,14,1,127,608,3,27,45.7,72,4.8,43.4,9.1,22,15,131,8.7,0,4,31.8,47,1.1,9.4,68.2,6,142,5.2,739,3,2,4,,,,,,,,,,,,,,,,,,,,,,,,,,,,,,,,,,,,,,,,,,,,,,0,,0,0,0,,0,1,,0,0,2,0,,0,0,,0,0,0,0,,,,,,,,,,,
Frank Gore,GoreFr00,2006,23,SFO,RB,16,16,312,1695,8,67,46.5,72,5.4,105.9,19.5,86,61,485,8,1,23,48.8,39,3.8,30.3,70.9,5.6,373,5.8,2180,9,6,16,"PB,AP-2",,,,,,,,,,,,,,,,,,,,,,,,,,,,,,,,,,,,,,,,,,,,,0,,0,0,0,,0,0,,0,0,6,0,0,0,0,,0,0,0,0,,,,,,,,,,,
Frank Gore,GoreFr00,2007,24,SFO,RB,15,15,260,1102,5,42,41.5,43,4.2,73.5,17.3,69,53,436,8.2,1,20,55.1,23,3.5,29.1,76.8,6.3,313,4.9,1538,6,4,9,,,,,,,,,,,,,,,,,,,,,,,,,,,,,,,,,,,,,,,,,,,,,,0,,0,0,0,,0,1,,0,0,4,0,0,0,0,,0,0,0,0,,,,,,,,,,,
Frank Gore,GoreFr00,2008,25,SFO,RB,14,14,240,1036,6,44,45.8,41,4.3,74,17.1,66,43,373,8.7,2,13,45.5,26,3.1,26.6,65.2,5.7,283,5,1409,8,6,10,,,,,,,,,,,,,,,,,,,,,,,,,,,,,,,,,,,,,,,,,,,,,,0,,0,0,0,,0,1,,0,0,6,0,0,0,0,,0,0,0,0,,,,,,,,,,,
Frank Gore,GoreFr00,2009,26,SFO,RB,14,14,229,1120,10,47,39.3,80,4.9,80,16.4,75,52,406,7.8,3,14,45.3,48,3.7,29,69.3,5.4,281,5.4,1526,13,4,12,PB,,,,,,,,,,,,,,,,,,,,,,,,,,,,,,,,,,,,,,,,,,,,,0,,0,0,0,,0,1,,0,0,4,0,0,0,0,,0,0,0,0,,,,,,,,,,,
Frank Gore,GoreFr00,2010,27,SFO,RB,11,11,203,853,3,42,47.3,64,4.2,77.5,18.5,72,46,452,9.8,2,15,38.9,41,4.2,41.1,63.9,6.3,249,5.2,1305,5,4,8,,,,,,,,,,,,,,,,,,,,,,,,,,,,,,,,,,,,,,,,,,,,,,0,,0,0,0,,0,1,,0,0,4,0,0,0,0,,0,0,0,0,,,,,,,,,,,
Frank Gore,GoreFr00,2011,28,SFO,RB,16,15,282,1211,8,55,41.5,55,4.3,75.7,17.6,31,17,114,6.7,0,4,35.5,13,1.1,7.1,54.8,3.7,299,4.4,1325,8,2,10,PB,,,,,,,,,,,,,,,,,,,,,,,,,,,,,,,,,,,,,,,,,,,,,0,,0,0,0,,0,0,,0,0,2,0,0,0,0,,0,0,0,0,,,,,,,,,,,
Frank Gore,GoreFr00,2012,29,SFO,RB,16,16,258,1214,8,68,47.7,37,4.7,75.9,16.1,36,28,234,8.4,1,10,47.2,26,1.8,14.6,77.8,6.5,286,5.1,1448,9,2,10,PB,,,,,,,,,,,,,,,,,,,,,,,,,,,,,,,,,,,,,,,,,,,,,0,,0,0,0,,0,4,,1,15,2,0,0,0,0,,0,0,0,0,,,,,,,,,,,
Frank Gore,GoreFr00,2013,30,SFO,RB,16,16,276,1128,9,50,38.8,51,4.1,70.5,17.3,27,16,141,8.8,0,5,29.6,29,1,8.8,59.3,5.2,292,4.3,1269,9,3,9,PB,,,,,,,,,,,,,,,,,,,,,,,,,,,,,,,,,,,,,,,,,,,,,0,,0,0,0,,0,0,,0,0,3,0,,0,0,,,0,0,0,,,,,,,,,,,
Frank Gore,GoreFr00,2014,31,SFO,RB,16,16,255,1106,4,55,48.2,52,4.3,69.1,15.9,19,11,111,10.1,1,2,26.3,55,0.7,6.9,57.9,5.8,266,4.6,1217,5,2,7,,,,,,,,,,,,,,,,,,,,,,,,,,,,,,,,,,,,,,,,,,,,,,0,,0,0,0,,0,0,,0,0,2,0,,0,0,,,0,0,0,,,0%,0,61%,648,0%,0,,,
Frank Gore,GoreFr00,2015,32,IND,RB,16,16,260,967,6,48,39.2,37,3.7,60.4,16.3,58,34,267,7.9,1,11,34.5,34,2.1,16.7,58.6,4.6,294,4.2,1234,7,4,7,,,,,,,,,,,,,,,,,,,,,,,,,,,,,,,,,,,,,,,,,,,,,,0,,0,0,0,,0,0,,0,0,4,0,,0,0,,,0,0,0,,,0%,0,63%,687,0%,0,,,
Frank Gore,GoreFr00,2016,33,IND,RB,16,16,263,1025,4,50,47.9,22,3.9,64.1,16.4,47,38,277,7.3,4,14,53.2,49,2.4,17.3,80.9,5.9,301,4.3,1302,8,2,10,,,,,,,,,,,,,,,,,,,,,,,,,,,,,,,,,,,,,,,,,,,,,,0,,0,0,0,,0,0,,0,0,2,0,0,0,0,,0,0,0,0,,,0%,0,59%,650,0%,0,,,
Frank Gore,GoreFr00,2017,34,IND,RB,16,16,261,961,3,49,42.9,21,3.7,60.1,16.3,38,29,245,8.4,1,9,42.1,26,1.8,15.3,76.3,6.4,290,4.2,1206,4,3,8,,,,,,,,,,,,,,,,,,,,,,,,,,,,,,,,,,,,,,,,,,,,,,0,,0,0,0,,0,2,,0,-8,3,0,0,0,0,,0,0,0,0,,,0%,0,54%,555,0%,0,,,
Frank Gore,GoreFr00,2018,35,MIA,RB,14,14,156,722,0,25,51.3,39,4.6,51.6,11.1,16,12,124,10.3,1,8,68.8,24,0.9,8.9,75,7.8,168,5,846,1,1,5,,,,,,,,,,,,,,8,9,0.8,,5,2.4,0,0,0,117.7,115,9.6,,,124,1.3,25,156,,11,14.2,369,2.4,,353,2.3,,722,,,,,0,,0,0,0,,0,0,,0,0,1,0,0,0,0,,0,0,0,0,,,0%,0,41%,330,0%,0,,,
Frank Gore,GoreFr00,2019,36,BUF,RB,16,8,166,599,2,30,41.6,41,3.6,37.4,10.4,16,13,100,7.7,0,5,50,18,0.8,6.3,81.3,6.3,179,3.9,699,2,0,4,,,,,,,,,,,,,,5,12,0.9,,1,13,6.3,1,0,92.7,88,6.8,,,100,0.9,30,166,,10,16.6,339,2,,260,1.6,,599,,,,,,,,,,,,,,,,,,,,,,,,,,,,0%,0,35%,370,0%,0,,,
Frank Gore,GoreFr00,2020,37,NYJ,RB,15,14,187,653,2,32,44.9,17,3.5,43.5,12.5,19,16,89,5.6,0,3,68.4,9,1.1,5.9,84.2,4.7,203,3.7,742,2,1,4,,,,,,,,,,,,,,3,16,1,,1,16,0,0,0,86.2,73,4.6,,,89,1.8,32,187,,8,23.4,374,2,,279,1.5,,653,,,,,0,,0,0,0,,0,0,,0,0,1,0,0,0,0,,0,0,0,0,,,0%,0,41%,380,0%,0,,,
Fred Jackson,JackFr02,2007,26,BUF,RB,8,1,58,300,0,12,46.6,27,5.2,37.5,7.3,30,22,190,8.6,0,8,43.3,54,2.8,23.8,73.3,6.3,80,6.1,490,0,0,3,,,,,,,,,,,,,,,,,,,,,,,,,,,,,,,,,,,,,,,,,,,,,,0,,0,0,0,,0,2,,0,0,0,0,0,0,0,,0,0,0,0,,,,,,,,,,,
Fred Jackson,JackFr02,2008,27,BUF,RB,16,3,130,571,3,33,48.5,32,4.4,35.7,8.1,45,37,317,8.6,0,12,44.4,65,2.3,19.8,82.2,7,167,5.3,888,3,3,7,,,,,,,,,,,,,,,,,,,,,,,,,,,,,,,,,,,,,,,,,,,,,,0,,0,0,0,,0,2,,0,0,3,0,0,0,0,,0,0,0,0,,,,,,,,,,,
Fred Jackson,JackFr02,2009,28,BUF,RB,16,11,237,1062,2,44,46.4,43,4.5,66.4,14.8,61,46,371,8.1,2,22,42.6,21,2.9,23.2,75.4,6.1,283,5.1,1433,4,4,9,,,,,,,,,,,,,,,,,,,,,,,,,,,,,,,,,,,,,,,,,,,,,,0,,0,0,0,,0,0,,0,0,4,0,0,0,0,,0,0,1,1,,,,,,,,,,,
Fred Jackson,JackFr02,2010,29,BUF,RB,16,13,222,927,5,40,46.8,39,4.2,57.9,13.9,54,31,215,6.9,2,9,25.9,65,1.9,13.4,57.4,4,253,4.5,1142,7,5,7,,,,,,,,,,,,,,,,,,,,,,,,,,,,,,,,,,,,,,,,,,,,,,0,,0,0,0,,0,1,,0,0,5,0,0,0,0,,0,0,1,1,,,,,,,,,,,
Fred Jackson,JackFr02,2011,30,BUF,RB,10,10,170,934,6,38,50.6,80,5.5,93.4,17,50,39,442,11.3,0,15,40,49,3.9,44.2,78,8.8,209,6.6,1376,6,2,9,,,,,,,,,,,,,,,,,,,,,,,,,,,,,,,,,,,,,,,,,,,,,,0,,0,0,0,,0,0,,0,0,2,0,0,0,0,,0,0,0,0,,,,,,,,,,,
Fred Jackson,JackFr02,2012,31,BUF,RB,10,8,115,437,3,26,47,15,3.8,43.7,11.5,42,34,217,6.4,1,10,45.2,34,3.4,21.7,81,5.2,149,4.4,654,4,5,4,,,,,,,,,,,,,,,,,,,,,,,,,,,,,,,,,,,,,,,,,,,,,,0,,0,0,0,,0,0,,0,0,5,0,0,0,0,,0,0,0,0,,,0%,0,53%,331,0%,1,,,
Fred Jackson,JackFr02,2013,32,BUF,RB,16,6,206,890,9,54,51,59,4.3,55.6,12.9,65,47,387,8.2,1,17,43.1,37,2.9,24.2,72.3,6,253,5,1277,10,3,8,,,,,,,,,,,,,,,,,,,,,,,,,,,,,,,,,,,,,,,,,,,,,,0,,0,0,0,,0,1,,0,0,3,0,0,0,0,,0,0,0,0,,,0%,0,57%,663,0%,0,,,
Fred Jackson,JackFr02,2014,33,BUF,RB,14,9,141,525,2,24,46.1,38,3.7,37.5,10.1,90,66,501,7.6,1,26,46.7,34,4.7,35.8,73.3,5.6,207,5,1026,3,5,7,,,,,,,,,,,,,,,,,,,,,,,,,,,,,,,,,,,,,,,,,,,,,,0,,0,0,0,,0,4,,0,0,5,0,0,0,0,,0,0,0,0,,,0%,0,58%,548,5%,22,,,
Fred Jackson,JackFr02,2015,34,SEA,RB,16,0,26,100,0,5,42.3,16,3.8,6.3,1.6,41,32,257,8,2,12,58.5,26,2,16.1,78,6.3,58,6.2,357,2,1,3,,,,,,,,,,,,,,,,,,,,,,,,,,,,,,,,,,,,,,,,,,,,,,0,,0,0,0,,0,1,,0,0,1,0,0,0,0,,0,0,0,0,,,0%,0,24%,257,0%,0,,,
Fred Taylor,TaylFr00,1998,22,JAX,RB,15,12,264,1223,14,58,40.9,77,4.6,81.5,17.6,53,44,421,9.6,3,16,41.5,78,2.9,28.1,83,7.9,308,5.3,1644,17,3,14,AP ORoY-3,,,,,,,,,,,,,,,,,,,,,,,,,,,,,,,,,,,,,,,,,,,,,0,,0,0,0,,0,1,,0,9,3,,,0,0,,,0,0,0,,,,,,,,,,,
Fred Taylor,TaylFr00,1999,23,JAX,RB,10,9,159,732,6,40,41.5,52,4.6,73.2,15.9,15,10,83,8.3,0,4,40,41,1,8.3,66.7,5.5,169,4.8,815,6,0,6,,,,,,,,,,,,,,,,,,,,,,,,,,,,,,,,,,,,,,,,,,,,,,,,,,,,,,,,,,,,,,,,,,,,,,,,,,,,,
Fred Taylor,TaylFr00,2000,24,JAX,RB,13,13,292,1399,12,73,46.9,71,4.8,107.6,22.5,53,36,240,6.7,2,11,39.6,19,2.8,18.5,67.9,4.5,328,5,1639,14,4,13,,,,,,,,,,,,,,,,,,,,,,,,,,,,,,,,,,,,,,,,,,,,,,0,,0,0,0,,0,2,,0,-1,4,0,,0,0,,0,0,0,0,,,,,,,,,,,
Fred Taylor,TaylFr00,2001,25,JAX,RB,2,2,30,116,0,6,43.3,24,3.9,58,15,3,2,13,6.5,0,1,33.3,11,1,6.5,66.7,4.3,32,4,129,0,1,1,,,,,,,,,,,,,,,,,,,,,,,,,,,,,,,,,,,,,,,,,,,,,,0,,0,0,0,,0,0,,0,0,1,0,,0,0,,,,,,,,,,,,,,,,
Fred Taylor,TaylFr00,2002,26,JAX,RB,16,16,287,1314,8,50,43.6,63,4.6,82.1,17.9,57,49,408,8.3,0,15,56.1,72,3.1,25.5,86,7.2,336,5.1,1722,8,3,14,AP CPoY-5,,,,,,,,,,,,,,,,,,,,,,,,,,,,,,,,,,,,,,,,,,,,,0,,0,0,0,,0,0,,0,0,3,0,,0,0,,,,,,,,,,,,,,,,
Fred Taylor,TaylFr00,2003,27,JAX,RB,16,16,345,1572,6,79,46.7,62,4.6,98.3,21.6,74,48,370,7.7,1,16,44.6,60,3,23.1,64.9,5,393,4.9,1942,7,6,13,,,,,,,,,,,,,,,,,,,,,,,,,,,,,,,,,,,,,,,,,,,,,,0,,0,0,0,,0,1,,0,0,6,0,,0,0,,0,0,0,0,,,,,,,,,,,
Fred Taylor,TaylFr00,2004,28,JAX,RB,14,14,260,1224,2,49,42.7,46,4.7,87.4,18.6,58,36,345,9.6,1,18,41.4,64,2.6,24.6,62.1,5.9,296,5.3,1569,3,3,10,,,,,,,,,,,,,,,,,,,,,,,,,,,,,,,,,,,,,,,,,,,,,,0,,0,0,0,,0,0,,0,0,3,0,,0,0,,0,0,0,0,,,,,,,,,,,
Fred Taylor,TaylFr00,2005,29,JAX,RB,11,11,194,787,3,29,37.6,71,4.1,71.5,17.6,18,13,83,6.4,0,4,44.4,13,1.2,7.5,72.2,4.6,207,4.2,870,3,0,7,,,,,,,,,,,,,,,,,,,,,,,,,,,,,,,,,,,,,,,,,,,,,,0,,0,0,0,,0,1,,0,0,0,0,,0,0,,0,0,0,0,,,,,,,,,,,
Fred Taylor,TaylFr00,2006,30,JAX,RB,15,15,231,1146,5,47,42.9,76,5,76.4,15.4,28,23,242,10.5,1,8,60.7,36,1.5,16.1,82.1,8.6,254,5.5,1388,6,3,12,,,,,,,,,,,,,,,,,,,,,,,,,,,,,,,,,,,,,,,,,,,,,,0,,0,0,0,,0,0,,0,0,3,0,,0,0,,,,,,,,,,,,,,,,
Fred Taylor,TaylFr00,2007,31,JAX,RB,15,15,223,1202,5,45,44.4,80,5.4,80.1,14.9,14,9,58,6.4,0,2,35.7,18,0.6,3.9,64.3,4.1,232,5.4,1260,5,2,12,"PB,AP-2",,,,,,,,,,,,,,,,,,,,,,,,,,,,,,,,,,,,,,,,,,,,,0,,0,0,0,,0,0,,0,0,2,0,,0,0,,,,,,,,,,,,,,,,
Fred Taylor,TaylFr00,2008,32,JAX,RB,13,13,143,556,1,24,38.5,34,3.9,42.8,11,22,16,98,6.1,0,2,50,17,1.2,7.5,72.7,4.5,159,4.1,654,1,1,4,,,,,,,,,,,,,,,,,,,,,,,,,,,,,,,,,,,,,,,,,,,,,,0,,0,0,0,,0,0,,0,0,1,0,,0,0,,,0,0,0,,,,,,,,,,,
Fred Taylor,TaylFr00,2009,33,NWE,RB,6,1,63,269,4,13,54,19,4.3,44.8,10.5,3,2,17,8.5,0,1,66.7,13,0.3,2.8,66.7,5.7,65,4.4,286,4,1,2,,,,,,,,,,,,,,,,,,,,,,,,,,,,,,,,,,,,,,,,,,,,,,0,,0,0,0,,0,0,,0,0,1,0,0,0,0,,0,0,0,0,,,,,,,,,,,
Fred Taylor,TaylFr00,2010,34,NWE,RB,7,0,43,155,0,9,39.5,24,3.6,22.1,6.1,3,2,6,3,0,0,33.3,7,0.3,0.9,66.7,2,45,3.6,161,0,0,1,,,,,,,,,,,,,,,,,,,,,,,,,,,,,,,,,,,,,,,,,,,,,,,,,,,,,,,,,,,,,,,,,,,,,,,,,,,,,
J.K. Dobbins,DobbJK00,2020,22,BAL,RB,15,1,134,805,9,38,56.7,72,6,53.7,8.9,24,18,120,6.7,0,4,37.5,19,1.2,8,75,5,152,6.1,925,9,2,7,,,,,,,,,,,,,,4,-9,-0.5,,2,9,16.7,4,0,85.4,129,7.2,,,120,0,38,134,,7,19.1,394,2.9,,411,3.1,,805,,,,,0,,0,0,0,,0,2,,0,0,2,0,0,0,0,,0,0,0,0,,,0%,0,47%,456,0%,0,,,
J.K. Dobbins,DobbJK00,2022,24,BAL,RB,8,8,92,520,2,29,57.6,44,5.7,65,11.5,8,7,42,6,1,6,62.5,20,0.9,5.3,87.5,5.3,99,5.7,562,3,0,4,,,,,,,,,,,,,,6,3,0.4,,1,7,0,0,0,128.1,39,5.6,,,42,0.5,29,92,,9,10.2,201,2.2,,319,3.5,,520,,,,,,,,,,,,,,,,,,,,,,,,,,,,0%,0,42%,202,0%,0,,,
J.K. Dobbins,DobbJK00,2023,25,BAL,RB,1,1,8,22,1,1,50,4,2.8,22,8,3,2,15,7.5,0,0,66.7,10,2,15,66.7,5,10,3.7,37,1,0,0,,,,,,,,,,,,,,0,0,0,,1,2,0,0,0,78.5,15,7.5,,,15,1,1,8,,0,,4,0.5,,18,2.3,,22,,,,,,,,,,,,,,,,,,,,,,,,,,,,0%,0,47%,30,0%,0,,,
J.K. Dobbins,DobbJK00,2024,26,LAC,RB,13,11,195,905,9,49,42.6,61,4.6,69.6,15,38,32,153,4.8,0,6,26.3,15,2.5,11.8,84.2,4,227,4.7,1058,9,0,7,AP CPoY-2,,,,,,,,,,,,,6,-51,-1.6,,1,32,5.3,2,0,83.4,204,6.4,,,153,-1.2,49,195,,24,8.1,489,2.5,,416,2.1,,905,,,,,,,,,,,,,,,,,,,,,,,,,,,,0%,0,63%,533,0%,0,,,
J.K. Dobbins,DobbJK00,2025,27,DEN,RB,10,9,153,772,4,37,53.6,41,5,77.2,15.3,14,11,37,3.4,0,0,35.7,9,1.1,3.7,78.6,2.6,164,4.9,809,4,0,5,,,,,,,,,,,,,,0,-19,-1.7,,0,,7.1,1,0,79.2,56,5.1,,,37,-2.1,37,153,,9,17,374,2.4,,398,2.6,,772,,,,,,,,,,,,,,,,,,,,,,,,,,,,0%,0,51%,340,0%,0,,,
Jahmyr Gibbs,GibbJa01,2023,21,DET,RB,15,3,182,945,10,46,46.7,36,5.2,63,12.1,71,52,316,6.1,1,24,46.5,24,3.5,21.1,73.2,4.5,234,5.4,1261,11,2,10,"PB,AP ORoY-4",,,,,,,,,,,,,24,2,0,,7,7.4,11.3,8,1,80.5,314,6,,,316,0.1,46,182,,21,8.7,458,2.5,,487,2.7,,945,,,,,0,,0,0,0,,0,0,,0,0,2,0,0,0,0,,0,0,0,0,,,,,,,,,,,
Jahmyr Gibbs,GibbJa01,2024,22,DET,RB,17,4,250,1412,16,76,53.6,70,5.6,83.1,14.7,63,52,517,9.9,4,30,55.6,54,3.1,30.4,82.5,8.2,302,6.4,1929,20,1,17,"PB,AP OPoY-8",,,,,,,,,,,,,30,-76,-1.5,,4,13,3.2,2,1,115.4,593,11.4,,,517,-0.2,76,250,,21,11.9,599,2.4,,813,3.3,,1412,,,,,0,,0,0,0,,0,0,,0,0,1,0,0,0,0,,0,0,0,0,,,,,,,,,,,
Jahmyr Gibbs,GibbJa01,2025,23,DET,RB,17,17,243,1223,13,56,48.1,78,5,71.9,14.3,94,77,616,8,5,28,50,42,4.5,36.2,81.9,6.6,320,5.7,1839,18,2,15,PB,,,,,,,,,,,,,28,1,0,,7,11,4.3,4,0,111.7,615,8,,,616,0.6,56,243,,18,13.5,404,1.7,,819,3.4,,1223,,,,,0,,0,0,0,,0,2,,0,0,2,0,0,0,0,,0,0,0,0,,,,,,,,,,,
Jamaal Charles,CharJa00,2008,22,KAN,RB,16,2,67,357,0,18,52.2,30,5.3,22.3,4.2,39,27,272,10.1,1,9,25.6,75,1.7,17,69.2,7,94,6.7,629,1,2,5,,,,,,,,,,,,,,,,,,,,,,,,,,,,,,,,,,,,,,,,,,,,,,0,,0,0,0,,0,0,,0,0,2,0,0,0,0,,0,0,1,1,,,,,,,,,,,
Jamaal Charles,CharJa00,2009,23,KAN,RB,15,10,190,1120,7,54,54.2,76,5.9,74.7,12.7,55,40,297,7.4,1,11,36.4,49,2.7,19.8,72.7,5.4,230,6.2,1417,8,4,9,,,,,,,,,,,,,,,,,,,,,,,,,,,,,,,,,,,,,,,,,,,,,,0,,0,0,0,,0,3,,0,0,4,0,0,0,0,,0,0,5,5,,,,,,,,,,,
Jamaal Charles,CharJa00,2010,24,KAN,RB,16,6,230,1467,5,70,54.8,80,6.4,91.7,14.4,64,45,468,10.4,3,22,51.6,31,2.8,29.3,70.3,7.3,275,7,1935,8,3,17,"PB,AP-1",,,,,,,,,,,,,,,,,,,,,,,,,,,,,,,,,,,,,,,,,,,,,0,,0,0,0,,0,3,,0,0,3,0,0,0,0,,0,0,0,0,,,,,,,,,,,
Jamaal Charles,CharJa00,2011,25,KAN,RB,2,1,12,83,0,3,50,24,6.9,41.5,6,6,5,9,1.8,1,2,33.3,9,2.5,4.5,83.3,1.5,17,5.4,92,1,1,0,,,,,,,,,,,,,,,,,,,,,,,,,,,,,,,,,,,,,,,,,,,,,,0,,0,0,0,,0,0,,0,0,1,0,0,0,0,,0,0,0,0,,,,,,,,,,,
Jamaal Charles,CharJa00,2012,26,KAN,RB,16,15,285,1509,5,63,46.7,91,5.3,94.3,17.8,49,35,236,6.7,1,11,42.9,22,2.2,14.8,71.4,4.8,320,5.5,1745,6,5,9,"PB,AP-2,AP CPoY-3",,,,,,,,,,,,,,,,,,,,,,,,,,,,,,,,,,,,,,,,,,,,,0,,0,0,0,,0,0,,0,0,5,0,0,0,0,,0,0,0,0,,,,,,,,,,,
Jamaal Charles,CharJa00,2013,27,KAN,RB,15,15,259,1287,12,72,49.4,46,5,85.8,17.3,104,70,693,9.9,7,32,44.2,71,4.7,46.2,67.3,6.7,329,6,1980,19,4,16,"PB,AP-1,AP OPoY-3",,,,,,,,,,,,,,,,,,,,,,,,,,,,,,,,,,,,,,,,,,,,,0,,0,0,0,,0,1,,0,0,4,0,0,0,0,,0,0,0,0,,,,,,,,,,,
Jamaal Charles,CharJa00,2014,28,KAN,RB,15,15,206,1033,9,51,52.9,63,5,68.9,13.7,59,40,291,7.3,5,16,37.3,30,2.7,19.4,67.8,4.9,246,5.4,1324,14,5,12,PB,,,,,,,,,,,,,,,,,,,,,,,,,,,,,,,,,,,,,,,,,,,,,0,,0,0,0,,0,1,,0,0,5,0,0,0,0,,0,0,1,1,,,,,,,,,,,
Jamaal Charles,CharJa00,2015,29,KAN,RB,5,5,71,364,4,22,46.5,34,5.1,72.8,14.2,29,21,177,8.4,1,10,44.8,26,4.2,35.4,72.4,6.1,92,5.9,541,5,3,4,,,,,,,,,,,,,,,,,,,,,,,,,,,,,,,,,,,,,,,,,,,,,,0,,0,0,0,,0,0,,0,0,3,0,0,0,0,,0,0,0,0,,,0%,0,78%,263,0%,0,,,
Jamaal Charles,CharJa00,2016,30,KAN,RB,3,0,12,40,1,3,41.7,17,3.3,13.3,4,3,2,14,7,0,1,33.3,16,0.7,4.7,66.7,4.7,14,3.9,54,1,0,0,,,,,,,,,,,,,,,,,,,,,,,,,,,,,,,,,,,,,,,,,,,,,,,,,,,,,,,,,,,,,,,,,,,,,0%,0,14%,27,0%,0,,,
Jamaal Charles,CharJa00,2017,31,DEN,RB,14,0,69,296,1,17,50.7,19,4.3,21.1,4.9,28,23,129,5.6,0,6,28.6,20,1.6,9.2,82.1,4.6,92,4.6,425,1,2,2,,,,,,,,,,,,,,,,,,,,,,,,,,,,,,,,,,,,,,,,,,,,,,0,,0,0,0,,0,0,,0,0,2,0,0,0,0,,0,0,0,0,,,0%,0,21%,206,0%,0,,,
Jamaal Charles,CharJa00,2018,32,JAX,RB,2,0,6,7,0,0,0,5,1.2,3.5,3,3,2,7,3.5,0,0,33.3,5,1,3.5,66.7,2.3,8,1.8,14,0,0,0,,,,,,,,,,,,,,0,2,1,,0,,33.3,1,0,70.1,5,2.5,,,7,1.3,0,6,,1,6,4,0.7,,3,0.5,,7,,,,,,,,,,,,,,,,,,,,,,,,,,,,0%,0,17%,20,0%,0,,,
Jamal Lewis,LewiJa00,2000,21,BAL,RB,16,13,309,1364,6,62,47.9,45,4.4,85.3,19.3,36,27,296,11,0,9,55.6,45,1.7,18.5,75,8.2,336,4.9,1660,6,6,13,AP ORoY-2,,,,,,,,,,,,,,,,,,,,,,,,,,,,,,,,,,,,,,,,,,,,,0,,0,0,0,,0,3,,0,0,6,0,,0,0,,0,0,0,0,,,,,,,,,,,
Jamal Lewis,LewiJa00,2002,23,BAL,RB,16,15,308,1327,6,66,47.7,75,4.3,82.9,19.3,60,47,442,9.4,1,14,36.7,77,2.9,27.6,78.3,7.4,355,5,1769,7,8,11,AP CPoY-4,,,,,,,,,,,,,,,,,,,,,,,,,,,,,,,,,,,,,,,,,,,,,0,,0,0,0,,0,1,,0,0,8,0,,0,0,,0,0,0,0,,,,,,,,,,,
Jamal Lewis,LewiJa00,2003,24,BAL,RB,16,16,387,2066,14,85,45.2,82,5.3,129.1,24.2,38,26,205,7.9,0,10,47.4,26,1.6,12.8,68.4,5.4,413,5.5,2271,14,8,17,"PB,AP-1,AP MVP-4,AP OPoY-1",,,,,,,,,,,,,,,,,,,,,,,,,,,,,,,,,,,,,,,,,,,,,0,,0,0,0,,0,1,,0,0,8,0,,0,0,,0,0,0,0,,,,,,,,,,,
Jamal Lewis,LewiJa00,2004,25,BAL,RB,12,12,235,1006,7,51,45.1,75,4.3,83.8,19.6,12,10,116,11.6,0,5,50,46,0.8,9.7,83.3,9.7,245,4.6,1122,7,2,7,,,,,,,,,,,,,,,,,,,,,,,,,,,,,,,,,,,,,,,,,,,,,,0,,0,0,0,,0,1,,0,-2,2,0,,0,0,,0,0,0,0,,,,,,,,,,,
Jamal Lewis,LewiJa00,2005,26,BAL,RB,15,15,269,906,3,49,41.3,25,3.4,60.4,17.9,44,32,191,6,1,6,38.6,15,2.1,12.7,72.7,4.3,301,3.6,1097,4,5,5,,,,,,,,,,,,,,,,,,,,,,,,,,,,,,,,,,,,,,,,,,,,,,0,,0,0,0,,0,0,,0,0,5,0,,0,0,,0,0,0,0,,,,,,,,,,,
Jamal Lewis,LewiJa00,2006,27,BAL,RB,16,16,314,1132,9,48,39.8,52,3.6,70.8,19.6,26,18,115,6.4,0,5,42.3,15,1.1,7.2,69.2,4.4,332,3.8,1247,9,4,7,,,,,,,,,,,,,,,,,,,,,,,,,,,,,,,,,,,,,,,,,,,,,,0,,0,0,0,,0,1,,0,0,4,0,0,0,0,,0,0,0,0,,,,,,,,,,,
Jamal Lewis,LewiJa00,2007,28,CLE,RB,15,15,298,1304,9,59,42.6,66,4.4,86.9,19.9,39,30,248,8.3,2,8,53.8,34,2,16.5,76.9,6.4,328,4.7,1552,11,4,12,AP CPoY-4,,,,,,,,,,,,,,,,,,,,,,,,,,,,,,,,,,,,,,,,,,,,,0,,0,0,0,,0,1,,0,0,4,0,0,0,0,,0,0,0,0,,,,,,,,,,,
Jamal Lewis,LewiJa00,2008,29,CLE,RB,16,16,279,1002,4,43,38.7,29,3.6,62.6,17.4,32,23,178,7.7,0,8,50,18,1.4,11.1,71.9,5.6,302,3.9,1180,4,2,5,,,,,,,,,,,,,,,,,,,,,,,,,,,,,,,,,,,,,,,,,,,,,,0,,0,0,0,,0,0,,0,0,2,0,0,0,0,,0,0,0,0,,,,,,,,,,,
Jamal Lewis,LewiJa00,2009,30,CLE,RB,9,8,143,500,0,18,37.8,18,3.5,55.6,15.9,11,8,88,11,0,5,54.5,19,0.9,9.8,72.7,8,151,3.9,588,0,0,3,,,,,,,,,,,,,,,,,,,,,,,,,,,,,,,,,,,,,,,,,,,,,,,,,,,,,,,,,,,,,,,,,,,,,,,,,,,,,
James Conner,ConnJa00,2017,22,PIT,RB,14,0,32,144,0,4,50,23,4.5,10.3,2.3,1,0,0,,0,0,,,,0,,,,,,,0,1,,0,,0,0,0,32,4.5,144,0,,,,,,,,,,,,,,,,,,,,,,,,,,,,,,,,,,,,,,,,,,,,,,,,,,,,,,,,,,,,,,,,,0,68,69
James Conner,ConnJa00,2018,23,PIT,RB,13,12,215,973,12,56,48.4,30,4.5,74.8,16.5,71,55,497,9,1,20,,,,38.2,,,,,,,4,10,,52.1,29,4.2,77.5,7,270,5.4,1470,13,-0.3,4,5.6,,,,11,5,,,,0,,548,10,-51,-0.9,,,,,10.8,20,,451,,2.1,522,,2.4,,100.5,0,0,0,0,0,,,0,0,0,0,0,,,4,0,0,,0,0,,,,,0,0,,,,,,,,,
James Conner,ConnJa00,2019,24,PIT,RB,10,10,116,464,4,26,43.1,25,4,46.4,11.6,38,34,251,7.4,3,14,,,,25.1,,,,,,,1,4,,55.3,26,3.4,89.5,6.6,150,4.8,715,7,-1.4,1,2.6,,,,4.3,8,,,,0,,298,8.8,-47,-1.4,,,,,23.2,5,,265,,2.3,199,,1.7,,120.5,0,0,0,0,0,,,0,0,0,1,0,,,1,0,0,,0,0,,,,,0,0,,,,,,,0,328,0
James Conner,ConnJa00,2020,25,PIT,RB,13,11,169,721,6,42,46.7,59,4.3,55.5,13,43,35,215,6.1,0,10,,,,16.5,,,,,,,2,6,,41.9,18,2.7,81.4,5,204,4.6,936,6,-0.1,4,9.3,,,,11.7,3,,,,0,,230,6.6,-15,-0.4,,,,,9.9,17,,336,,2,385,,2.3,,87.5,0,0,0,0,0,,,0,0,0,2,0,,,2,0,0,,0,0,,,,,0,0,,,,,,,0,561,0
James Conner,ConnJa00,2021,26,ARI,RB,15,6,202,752,15,53,50,35,3.7,50.1,13.5,39,37,375,10.1,3,18,,,,25,,,,,,,2,7,,71.8,45,2.5,94.9,9.6,239,4.7,1127,18,0.3,0,0,,,,6.2,6,,,,0,,373,10.1,2,0.1,,,,,10.6,19,,421,,2.1,331,,1.6,,132.4,0,1,0,0,0,,,0,0,0,1,0,,,2,0,0,,0,1,,,,,0,0,,,,,,,,,
James Conner,ConnJa00,2022,27,ARI,RB,13,13,183,782,7,48,55.2,23,4.3,60.2,14.1,58,46,300,6.5,1,13,,,,23.1,,,,,,,3,7,,44.8,22,3.5,79.3,5.2,229,4.7,1082,8,-0.8,7,12.1,,,,7.7,6,,,,1,,376,8.2,-76,-1.7,,,,,36.6,5,,338,,1.8,444,,2.4,,86.8,0,1,0,0,0,,,0,0,0,4,0,,,3,0,0,,0,1,,,,,0,0,,,,,,,0,663,0
James Conner,ConnJa00,2023,28,ARI,RB,13,13,208,1040,7,57,49.5,44,5,80,16,33,27,165,6.1,2,11,,,,12.7,,,,,,,0,9,,39.4,34,2.1,81.8,5,235,5.1,1205,9,-0.4,0,0,,,,5.4,5,,,,0,,211,7.8,-46,-1.7,,,,,7.7,27,,459,,2.2,581,,2.8,,107.7,0,0,0,0,0,,,0,0,0,2,0,,,0,0,0,,0,0,,,,,0,0,,,,,,,0,533,0
James Conner,ConnJa00,2024,29,ARI,RB,16,16,236,1094,8,67,51.7,53,4.6,68.4,14.8,55,47,414,8.8,1,17,,,,25.9,,,,,,,4,11,,56.4,44,2.9,85.5,7.5,283,5.3,1508,9,-1.6,2,3.6,,,,3.9,12,,,,2,,483,10.3,-69,-1.5,,,,,9.8,24,,566,,2.4,528,,2.2,,88.9,0,0,0,0,0,,,0,0,1,1,0,,,4,0,0,,0,0,,,,,0,0,,,,,,,0,619,0
James Conner,ConnJa00,2025,30,ARI,RB,3,3,32,95,1,7,43.8,12,3,31.7,10.7,9,8,38,4.8,1,4,,,,12.7,,,,,,,1,,,55.6,18,2.7,88.9,4.2,40,3.3,133,2,-1,0,0,,,,2.7,3,,,,0,,68,8.5,-30,-3.8,,,,,10.7,3,,56,,1.8,39,,1.2,,121.3,0,0,0,0,0,,,0,0,0,0,0,,,1,0,0,,0,0,,,,,0,0,,,,,,,0,93,0
James Cook,CookJa01,2022,23,BUF,RB,16,0,89,507,2,25,50.6,33,5.7,31.7,5.6,32,21,180,8.6,1,5,,,,11.3,,,,,,,1,5,,46.9,41,1.3,65.6,5.6,110,6.2,687,3,2.4,3,9.4,,,,,0,,,,1,,132,6.3,48,2.3,,,,,29.7,3,,178,,2,329,,3.7,,77.6,0,1,0,0,0,,,0,0,0,0,0,,,1,0,0,,0,1,,,,,0,0,,,,,,,0,269,1
James Cook,CookJa01,2023,24,BUF,RB,17,13,237,1122,2,57,55.7,42,4.7,66,13.9,54,44,445,10.1,4,16,,,,26.2,,,,,,,4,13,,59.3,48,2.6,81.5,8.2,281,5.6,1567,6,2.5,6,11.1,,,,6.3,7,,,,0,,398,9,47,1.1,,,,,29.6,8,,482,,2,640,,2.7,,125.7,0,0,0,0,0,,,0,0,0,1,0,,,4,0,0,,0,0,,,,,0,0,,,,,,,,,
James Cook,CookJa01,2024,25,BUF,RB,16,16,207,1009,16,63,53.1,65,4.9,63.1,12.9,38,32,258,8.1,2,16,,,,16.1,,,,,,,1,11,,50,28,2,84.2,6.8,239,5.3,1267,18,0.9,2,5.3,,,,,0,,,,0,,260,8.1,-2,-0.1,,,,,14.8,14,,479,,2.3,530,,2.6,,112.5,0,0,0,0,0,,,0,0,0,0,0,,,1,0,0,,0,0,,,,,0,0,,,,,,,,,
James Cook,CookJa01,2025,26,BUF,RB,17,17,309,1621,12,68,56.6,64,5.2,95.4,18.2,40,33,291,8.8,2,11,,,,17.1,,,,,,,6,16,,50,51,1.9,82.5,7.3,342,5.6,1912,14,1.3,3,7.5,,,,11,3,,,,0,,272,8.2,19,0.6,,,,,14.7,21,,686,,2.2,935,,3,,113.6,0,0,0,0,0,,,0,0,0,1,0,,,6,0,0,,0,0,,,,,0,0,,,,,,,,,
Javonte Williams,WillJa10,2021,21,DEN,RB,17,1,203,903,4,52,46.3,49,4.4,53.1,11.9,53,43,316,7.3,3,12,37.7,42,2.5,18.6,81.1,6,246,5,1219,7,2,8,,,,,,,,,,,,,,12,-27,-0.6,,2,21.5,5.7,3,0,110.4,343,8,,,316,-0.2,52,203,,31,6.5,460,2.3,,443,2.2,,903,,,,,0,,0,0,0,,0,1,,0,0,2,0,0,0,0,,0,0,1,1,,,0%,0,51%,551,1%,4,,,
Javonte Williams,WillJa10,2022,22,DEN,RB,4,4,47,204,0,9,48.9,17,4.3,51,11.8,22,16,76,4.8,0,4,31.8,13,4,19,72.7,3.5,63,4.4,280,0,1,1,,,,,,,,,,,,,,4,-42,-2.6,,2,8,4.5,1,0,77.1,118,7.4,,,76,-1.1,9,47,,6,7.8,110,2.3,,94,2,,204,,,,,0,,0,0,0,,0,0,,0,0,1,0,0,0,0,,0,0,0,0,,,0%,0,54%,142,0%,0,,,
Javonte Williams,WillJa10,2023,23,DEN,RB,16,13,217,774,3,41,40.6,21,3.6,48.4,13.6,58,47,228,4.9,2,10,48.3,18,2.9,14.3,81,3.9,264,3.8,1002,5,1,6,,,,,,,,,,,,,,10,-75,-1.6,,6,7.8,6.9,4,0,94.5,303,6.4,,,228,-1.7,41,217,,11,19.7,372,1.7,,402,1.9,,774,,,,,0,,0,0,0,,0,0,,0,0,1,0,0,0,0,,0,0,0,0,,,0%,0,49%,493,0%,0,,,
Javonte Williams,WillJa10,2024,24,DEN,RB,17,11,139,513,4,30,46.8,20,3.7,30.2,8.2,70,52,346,6.7,0,14,37.1,34,3.1,20.4,74.3,4.9,191,4.5,859,4,2,6,,,,,,,,,,,,,,14,-49,-0.9,,4,13,10,7,0,84.6,395,7.6,,,346,-0.3,30,139,,4,34.8,255,1.8,,258,1.9,,513,,,,,0,,0,0,0,,0,0,,0,0,2,0,0,0,0,,0,0,0,0,,,0%,0,52%,574,0%,0,,,
Javonte Williams,WillJa10,2025,25,DAL,RB,16,16,252,1201,11,67,56.3,66,4.8,75.1,15.8,51,35,137,3.9,2,7,33.3,14,2.2,8.6,68.6,2.7,287,4.7,1338,13,2,9,,,,,,,,,,,,,,7,-69,-2,,0,,0,0,0,84.8,206,5.9,,,137,-1.3,67,252,,25,10.1,627,2.5,,574,2.3,,1201,,,,,0,,0,0,0,,0,1,,0,0,2,0,0,0,0,,0,0,0,0,,,0%,0,68%,769,0%,0,,,
Jaylen Warren,WarrJa01,2022,24,PIT,RB,16,0,77,379,1,20,53.2,31,4.9,23.7,4.8,33,28,214,7.6,0,14,51.5,26,1.8,13.4,84.8,6.5,105,5.6,593,1,1,4,,,,,,,,,,,,,,14,-11,-0.4,,3,9.3,9.1,3,0,93.7,225,8,,,214,-0.5,20,77,,5,15.4,137,1.8,,242,3.1,,379,,,,,0,,0,0,0,,0,1,,0,3,1,0,0,0,0,,0,1,5,4,,,0%,0,31%,342,31%,127,,,
Jaylen Warren,WarrJa01,2023,25,PIT,RB,17,0,149,784,4,38,49.7,74,5.3,46.1,8.8,74,61,370,6.1,0,20,44.6,30,3.6,21.8,82.4,5,210,5.5,1154,4,4,7,,,,,,,,,,,,,,20,-112,-1.8,,7,8.7,6.8,5,0,87.5,482,7.9,,,370,-1.6,38,149,,27,5.5,357,2.4,,427,2.9,,784,,,,,0,,0,0,0,,0,0,,0,0,4,0,0,0,0,,0,0,0,0,,,0%,0,49%,519,15%,66,,,
Jaylen Warren,WarrJa01,2024,26,PIT,RB,15,0,120,511,1,29,50,22,4.3,34.1,8,47,38,310,8.2,0,17,46.8,29,2.5,20.7,80.9,6.6,158,5.2,821,1,2,6,,,,,,,,,,,,,,17,-5,-0.1,,5,7.6,2.1,1,0,94.1,315,8.3,,,310,-0.1,29,120,,10,12,232,1.9,,279,2.3,,511,,,,,0,,0,0,0,,0,3,,0,0,2,0,0,0,0,,0,0,0,0,,,0%,0,45%,447,17%,69,,,
Jaylen Warren,WarrJa01,2025,27,PIT,RB,16,15,211,958,6,52,54.5,45,4.5,59.9,13.2,45,40,333,8.3,2,13,55.6,65,2.5,20.8,88.9,7.4,251,5.1,1291,8,1,10,,,,,,,,,,,,,,13,-106,-2.7,,9,4.4,2.2,1,0,112.3,439,11,,,333,-2.4,52,211,,23,9.2,497,2.4,,461,2.2,,958,,,,,0,,0,0,0,,0,0,,0,0,1,0,0,0,0,,0,0,0,0,,,0%,0,50%,489,7%,29,,,
Jerome Bettis,BettJe00,1993,21,RAM,RB,16,12,294,1429,7,79,57.5,71,4.9,89.3,18.4,34,26,244,9.4,0,9,52.9,28,1.6,15.3,76.5,7.2,320,5.2,1673,7,4,12,"PB,AP-1,AP ORoY-1",,,,,,,,,,,,,,,,,,,,,,,,,,,,,,,,,,,,,,,,,,,,,0,,0,0,0,,0,0,,0,0,4,,,0,0,,,0,0,0,,,,,,,,,,,
Jerome Bettis,BettJe00,1994,22,RAM,RB,16,16,319,1025,3,53,43.3,19,3.2,64.1,19.9,46,31,293,9.5,1,16,47.8,34,1.9,18.3,67.4,6.4,350,3.8,1318,4,5,8,PB,,,,,,,,,,,,,,,,,,,,,,,,,,,,,,,,,,,,,,,,,,,,,0,,0,0,0,,0,3,,0,0,5,,,0,0,,,0,0,0,,,,,,,,,,,
Jerome Bettis,BettJe00,1995,23,STL,RB,15,13,183,637,3,24,37.2,41,3.5,42.5,12.2,23,18,106,5.9,0,4,34.8,19,1.2,7.1,78.3,4.6,201,3.7,743,3,4,4,,,,,,,,,,,,,,,,,,,,,,,,,,,,,,,,,,,,,,,,,,,,,,0,,0,0,0,,0,2,,0,0,4,,,0,0,,,0,0,0,,,,,,,,,,,
Jerome Bettis,BettJe00,1996,24,PIT,RB,16,12,320,1431,11,76,51.3,50,4.5,89.4,20,32,22,122,5.5,0,6,37.5,16,1.4,7.6,68.8,3.8,342,4.5,1553,11,7,12,"PB,AP-1,AP MVP-4,AP OPoY-4",,,,,,,,,,,,,,,,,,,,,,,,,,,,,,,,,,,,,,,,,,,,,0,,0,0,0,,0,2,,0,0,7,,,0,0,,,0,0,0,,,,,,,,,,,
Jerome Bettis,BettJe00,1997,25,PIT,RB,15,15,375,1665,7,94,52,34,4.4,111,25,24,15,110,7.3,2,5,37.5,19,1,7.3,62.5,4.6,390,4.6,1775,9,6,15,"PB,AP-2,AP MVP-5",,,,,,,,,,,,,,,,,,,,,,,,,,,,,,,,,,,,,,,,,,,,,0,,0,0,0,,0,1,,0,0,6,,,0,0,,,0,0,0,,,,,,,,,,,
Jerome Bettis,BettJe00,1998,26,PIT,RB,15,15,316,1185,3,58,42.1,42,3.8,79,21.1,23,16,90,5.6,0,2,43.5,26,1.1,6,69.6,3.9,332,3.8,1275,3,2,6,,,,,,,,,,,,,,,,,,,,,,,,,,,,,,,,,,,,,,,,,,,,,,0,,0,0,0,,0,0,,0,0,2,,,0,0,,,0,0,0,,,,,,,,,,,
Jerome Bettis,BettJe00,1999,27,PIT,RB,16,16,299,1091,7,64,46.2,35,3.6,68.2,18.7,28,21,110,5.2,0,2,39.3,17,1.3,6.9,75,3.9,320,3.8,1201,7,2,9,,,,,,,,,,,,,,,,,,,,,,,,,,,,,,,,,,,,,,,,,,,,,,0,,0,0,0,,0,3,,0,1,2,0,,0,0,,0,0,0,0,,,,,,,,,,,
Jerome Bettis,BettJe00,2000,28,PIT,RB,16,16,355,1341,8,72,47.3,30,3.8,83.8,22.2,19,13,97,7.5,0,5,47.4,25,0.8,6.1,68.4,5.1,368,3.9,1438,8,1,10,,,,,,,,,,,,,,,,,,,,,,,,,,,,,,,,,,,,,,,,,,,,,,0,,0,0,0,,0,1,,0,1,1,0,,0,0,,0,0,0,0,,,,,,,,,,,
Jerome Bettis,BettJe00,2001,29,PIT,RB,11,11,225,1072,4,46,43.1,48,4.8,97.5,20.5,10,8,48,6,0,2,40,16,0.7,4.4,80,4.8,233,4.8,1120,4,3,9,PB,,,,,,,,,,,,,,,,,,,,,,,,,,,,,,,,,,,,,,,,,,,,,0,,0,0,0,,0,2,,0,0,3,0,,0,0,,0,0,0,0,,,,,,,,,,,
Jerome Bettis,BettJe00,2002,30,PIT,RB,13,11,187,666,9,42,46.5,41,3.6,51.2,14.4,9,7,57,8.1,0,3,66.7,15,0.5,4.4,77.8,6.3,194,3.7,723,9,1,5,,,,,,,,,,,,,,,,,,,,,,,,,,,,,,,,,,,,,,,,,,,,,,0,,0,0,0,,0,0,,0,0,1,0,,0,0,,0,0,0,0,,,,,,,,,,,
Jerome Bettis,BettJe00,2003,31,PIT,RB,16,10,246,811,7,44,46.7,21,3.3,50.7,15.4,22,13,86,6.6,0,5,36.4,16,0.8,5.4,59.1,3.9,259,3.5,897,7,5,4,,,,,,,,,,,,,,,,,,,,,,,,,,,,,,,,,,,,,,,,,,,,,,0,,0,0,0,,0,1,,0,0,5,0,,0,0,,0,0,0,0,,,,,,,,,,,
Jerome Bettis,BettJe00,2004,32,PIT,RB,15,6,250,941,13,50,48,29,3.8,62.7,16.7,8,6,46,7.7,0,2,50,20,0.4,3.1,75,5.8,256,3.9,987,13,1,7,"PB,AP CPoY-4",,,,,,,,,,,,,,,,,,,,,,,,,,,,,,,,,,,,,,,,,,,,,0,,0,0,0,,0,1,,0,0,1,0,,0,0,,0,0,0,0,,,,,,,,,,,
Jerome Bettis,BettJe00,2005,33,PIT,RB,12,0,110,368,9,30,50,39,3.3,30.7,9.2,4,4,40,10,0,2,100,16,0.3,3.3,100,10,114,3.6,408,9,0,3,,,,,,,,,,,,,,,,,,,,,,,,,,,,,,,,,,,,,,,,,,,,,,,,,,,,,,,,,,,,,,,,,,,,,,,,,,,,,
Joe Mixon,MixoJo00,2017,21,CIN,RB,14,7,178,626,4,39,41,25,3.5,44.7,12.7,34,30,287,9.6,0,10,,,,20.5,,,,,,,3,7,,55.9,67,2.1,88.2,8.4,208,4.4,913,4,,,,,,,,,,,,,,,,,,,,,,,,,,,,,,,,,0,0,0,0,0,,,0,0,0,1,0,,,3,0,0,,0,0,,,,,0,0,,,,,,,0,384,15
Joe Mixon,MixoJo00,2018,22,CIN,RB,14,13,237,1168,8,60,48.5,51,4.9,83.4,16.9,55,43,296,6.9,1,14,,,,21.1,,,,,,,0,11,,50.9,21,3.1,78.2,5.4,280,5.2,1464,9,0.1,2,3.6,,,,21.5,2,,,,1,,333,7.7,-37,-0.9,,,,,39.5,6,,534,,2.3,634,,2.7,,87.6,,,,,,,,,,,,,,,,,,,,,,,,,,,,,,,,,0,595,0
Joe Mixon,MixoJo00,2019,23,CIN,RB,16,15,278,1137,5,56,45.3,41,4.1,71.1,17.4,45,35,287,8.2,3,14,,,,17.9,,,,,,,0,7,,51.1,33,2.2,77.8,6.4,313,4.5,1424,8,-0.3,1,2.2,,,,8.8,4,,,,0,,331,9.5,-44,-1.3,,,,,11.6,24,,645,,2.3,492,,1.8,,115.5,0,0,0,0,0,,,0,0,0,1,0,,,0,0,0,,0,0,,,,,0,0,,,,,,,0,653,0
Joe Mixon,MixoJo00,2020,24,CIN,RB,6,6,119,428,3,20,46.2,34,3.6,71.3,19.8,26,21,138,6.6,1,5,,,,23,,,,,,,1,3,,46.2,19,3.5,80.8,5.3,140,4,566,4,-1,1,3.8,,,,10.5,2,,,,0,,167,8,-29,-1.4,,,,,39.7,3,,202,,1.7,226,,1.9,,101.6,0,0,0,0,0,,,0,0,0,0,0,,,1,0,0,,0,0,,,,,0,0,,,,,,,0,290,0
Joe Mixon,MixoJo00,2021,25,CIN,RB,16,16,292,1205,13,60,49.7,32,4.1,75.3,18.3,48,42,314,7.5,3,11,,,,19.6,,,,,,,2,10,,43.8,52,2.6,87.5,6.5,334,4.5,1519,16,-0.2,2,4.2,,,,14,3,,,,0,,318,7.6,-4,-0.1,,,,,14.6,20,,543,,1.9,662,,2.3,,114.8,0,0,0,0,0,,,0,0,0,2,0,,,2,0,0,,0,0,,,,,0,0,,,,,,,,,
Joe Mixon,MixoJo00,2022,26,CIN,RB,14,14,210,814,7,47,52.4,40,3.9,58.1,15,75,60,441,7.4,2,17,,,,31.5,,,,,,,0,9,,50.7,35,4.3,80,5.9,270,4.6,1255,9,-0.2,3,4,,,,10,6,,,,0,,468,7.8,-27,-0.5,,,,,26.3,8,,309,,1.5,505,,2.4,,100.1,0,1,0,0,0,,,0,0,0,1,0,,,0,0,0,,0,1,,,,,0,0,,,,,,,0,624,0
Joe Mixon,MixoJo00,2023,27,CIN,RB,17,17,257,1034,9,59,49.4,44,4,60.8,15.1,64,52,376,7.2,3,14,,,,22.1,,,,,,,0,10,,54.7,45,3.1,81.3,5.9,309,4.6,1410,12,-1.8,4,6.3,,,,7.4,7,,,,1,,463,8.9,-87,-1.7,,,,,25.7,10,,363,,1.4,671,,2.6,,100.3,,,,,,,,,,,,,,,,,,,,,,,,,,,,,,,,,0,752,0
Joe Mixon,MixoJo00,2024,28,HOU,RB,14,14,245,1016,11,52,42.4,59,4.1,72.6,17.5,52,36,309,8.6,1,12,,,,22.1,,,,,,,0,8,,53.8,37,2.6,69.2,5.9,281,4.7,1325,12,-0.5,4,7.7,,,,6,6,,,,0,,360,10,-51,-1.4,,,,,12.9,19,,467,,1.9,549,,2.2,,90.9,,,,,,,,,,,,,,,,,,,,,,,,,,,,,,,,,,,
Jonathan Taylor,TaylJo02,2020,21,IND,RB,15,13,232,1169,11,69,52.2,62,5,77.9,15.5,39,36,299,8.3,1,12,51.3,39,2.4,19.9,92.3,7.7,268,5.5,1468,12,1,11,,,,,,,,,,,,,,12,-68,-1.9,,3,12,2.6,1,0,107.2,367,10.2,,,299,-1.3,69,232,,15,15.5,479,2.1,,690,3,,1169,,,,,0,,0,0,0,,0,0,,0,0,1,0,0,0,0,,0,0,0,0,,,0%,0,50%,511,0%,0,,,
Jonathan Taylor,TaylJo02,2021,22,IND,RB,17,17,332,1811,18,107,55.4,83,5.5,106.5,19.5,51,40,360,9,2,12,43.1,76,2.4,21.2,78.4,7.1,372,5.8,2171,20,4,17,"PB,AP-1,AP OPoY-2",,,,,,,,,,,,,12,-46,-1.2,,2,20,9.8,5,0,109.2,406,10.2,,,360,-0.9,107,332,,25,13.3,941,2.8,,870,2.6,,1811,,,,,0,,0,0,0,,0,3,,0,0,4,0,0,0,0,,0,0,0,0,,,,,,,,,,,
Jonathan Taylor,TaylJo02,2022,23,IND,RB,11,11,192,861,4,39,48.4,66,4.5,78.3,17.5,40,28,143,5.1,0,4,32.5,19,2.5,13,70,3.6,220,4.6,1004,4,3,5,,,,,,,,,,,,,,4,-61,-2.2,,3,9.3,2.5,1,1,64.9,204,7.3,,,143,-1.7,39,192,,24,8,380,2,,481,2.5,,861,,,,,0,,0,0,0,,0,1,,0,0,3,0,0,0,0,,0,0,0,0,,,0%,0,70%,524,0%,0,,,
Jonathan Taylor,TaylJo02,2023,24,IND,RB,10,7,169,741,7,42,49.1,49,4.4,74.1,16.9,23,19,153,8.1,1,5,43.5,40,1.9,15.3,82.6,6.7,188,4.8,894,8,1,6,,,,,,,,,,,,,,5,-21,-1.1,,5,3.8,8.7,2,0,108.9,174,9.2,,,153,-0.9,42,169,,14,12.1,454,2.7,,287,1.7,,741,,,,,0,,0,0,0,,0,0,,0,0,1,0,0,0,0,,0,0,0,0,,,0%,0,58%,386,0%,0,,,
Jonathan Taylor,TaylJo02,2024,25,IND,RB,14,13,303,1431,11,71,45.9,70,4.7,102.2,21.6,31,18,136,7.6,1,7,32.3,25,1.3,9.7,58.1,4.4,321,4.9,1567,12,4,9,"PB,AP CPoY-19",,,,,,,,,,,,,7,-14,-0.8,,2,9,9.7,3,1,66.1,150,8.3,,,136,-0.3,71,303,,15,20.2,572,1.9,,859,2.8,,1431,,,,,0,,0,0,0,,0,1,,0,0,4,0,0,0,0,,0,0,0,0,,,,,,,,,,,
Jonathan Taylor,TaylJo02,2025,26,IND,RB,17,17,323,1585,18,84,51.7,83,4.9,93.2,19,55,46,378,8.2,2,15,54.5,43,2.7,22.2,83.6,6.9,369,5.3,1963,20,2,16,PB,,,,,,,,,,,,,15,-56,-1.2,,8,5.8,7.3,4,0,107.4,434,9.4,,,378,-0.9,84,323,,27,12,787,2.4,,798,2.5,,1585,,,,,0,,0,0,0,,0,2,,0,0,2,0,0,0,0,,0,0,0,0,,,,,,,,,,,
Jordan Mason,MasoJo00,2022,23,SFO,RB,16,0,43,258,1,10,58.1,55,6,16.1,2.7,0,0,0,,0,0,,,,0,,,,,,,0,2,,,,0,,,43,6,258,1,,0,,,,,,0,,,,0,,0,,0,,,,,,14.3,3,,135,,3.1,123,,2.9,,,4,6,0,0,0,,,0,0,0,0,0,,,0,0,0,,0,2,,,,,0,0,,,,,,,0,82,246
Jordan Mason,MasoJo00,2023,24,SFO,RB,17,0,40,206,3,13,55,26,5.2,12.1,2.4,4,3,31,10.3,0,1,,,,1.8,,,,,,,0,2,,50,13,0.2,75,7.8,43,5.5,237,3,3,0,0,,,,3,1,,,,0,,23,7.7,8,2.7,,,,,13.3,3,,96,,2.4,110,,2.8,,96.9,5,9,0,0,0,,,0,0,0,0,0,,,0,0,0,,0,4,,,,,0,0,,,,,,,0,99,248
Jordan Mason,MasoJo00,2024,25,SFO,RB,12,6,153,789,3,37,47.1,38,5.2,65.8,12.8,14,11,91,8.3,0,5,,,,7.6,,,,,,,3,5,,64.3,24,0.9,78.6,6.5,164,5.4,880,3,3.7,0,0,,,,11,1,,,,0,,59,5.4,32,2.9,,,,,11.8,13,,348,,2.3,441,,2.9,,93.7,0,0,-2,0,0,,,0,0,0,3,0,,,3,0,0,,0,0,,,,,0,0,,,,,,,0,378,27
Jordan Mason,MasoJo00,2025,26,MIN,RB,16,5,159,758,6,45,56,24,4.8,47.4,9.9,16,14,51,3.6,0,1,,,,3.2,,,,,,,3,5,,31.3,13,0.9,87.5,3.2,173,4.7,809,6,-3.3,0,0,,,,14,1,,,,0,,102,7.3,-51,-3.6,,,,,12.2,13,,385,,2.4,373,,2.3,,79.9,0,0,0,0,0,,,0,0,0,1,0,,,3,0,0,,0,0,,,,,0,0,,,,,,,0,413,1
Josh Jacobs,JacoJo01,2019,21,OAK,RB,13,13,242,1150,7,53,49.6,51,4.8,88.5,18.6,27,20,166,8.3,0,8,51.9,28,1.5,12.8,74.1,6.1,262,5,1316,7,1,8,AP ORoY-2,,,,,,,,,,,,,8,-17,-0.9,,4,5,11.1,3,0,89.4,183,9.2,,,166,-1.3,53,242,,26,9.3,683,2.8,,467,1.9,,1150,,,,,0,,0,0,0,,0,1,,0,0,1,0,0,0,0,,0,0,0,0,,,0%,0,56%,460,0%,0,,,
Josh Jacobs,JacoJo01,2020,22,LVR,RB,15,15,273,1065,12,61,50.2,28,3.9,71,18.2,45,33,238,7.2,0,9,46.7,29,2.2,15.9,73.3,5.3,306,4.3,1303,12,2,8,PB,,,,,,,,,,,,,9,0,0,,4,8.3,4.4,2,0,85.2,238,7.2,,,238,0.7,61,273,,20,13.7,540,2,,525,1.9,,1065,,,,,0,,0,0,0,,0,0,,0,0,2,0,0,0,0,,0,0,0,0,,,,,,,,,,,
Josh Jacobs,JacoJo01,2021,23,LVR,RB,15,14,217,872,9,48,53,28,4,58.1,14.5,64,54,348,6.4,0,16,51.6,29,3.6,23.2,84.4,5.4,271,4.5,1220,9,2,7,,,,,,,,,,,,,,16,-43,-0.8,,9,6,7.8,5,1,82.8,391,7.2,,,348,-0.4,48,217,,20,10.9,442,2,,430,2,,872,,,,,0,,0,0,0,,0,0,,0,0,2,0,0,0,0,,0,0,1,1,,,0%,0,63%,625,1%,3,,,
Josh Jacobs,JacoJo01,2022,24,LVR,RB,17,17,340,1653,12,93,57.4,86,4.9,97.2,20,64,53,400,7.5,0,16,50,43,3.1,23.5,82.8,6.3,393,5.2,2053,12,3,15,"PB,AP-1,AP OPoY-5",,,,,,,,,,,,,16,26,0.5,,2,26.5,6.3,4,0,92.7,374,7.1,,,400,0.5,93,340,,31,11,821,2.4,,832,2.4,,1653,,,,,0,,0,0,0,,0,1,,0,0,3,0,0,0,0,,0,1,3,2,,,,,,,,,,,
Josh Jacobs,JacoJo01,2023,25,LVR,RB,13,13,233,805,6,34,45.9,63,3.5,61.9,17.9,54,37,296,8,0,15,55.6,21,2.8,22.8,68.5,5.5,270,4.1,1101,6,3,6,,,,,,,,,,,,,,15,3,0.1,,3,12.3,9.3,5,2,66.6,293,7.9,,,296,0.7,34,233,,10,23.3,354,1.5,,451,1.9,,805,,,,,0,,0,0,0,,0,0,,0,0,3,0,0,0,0,,0,0,0,0,,,0%,0,76%,600,0%,0,,,
Josh Jacobs,JacoJo01,2024,26,GNB,RB,17,17,301,1329,15,75,52.2,38,4.4,78.2,17.7,43,36,342,9.5,1,18,53.5,49,2.1,20.1,83.7,8,337,5,1671,16,4,12,"PB,AP OPoY-11",,,,,,,,,,,,,18,-61,-1.7,,13,2.8,0,0,1,97.9,403,11.2,,,342,-1,75,301,,35,8.6,737,2.4,,592,2,,1329,,,,,0,,0,0,0,,0,0,,0,0,4,0,0,0,0,,0,0,0,0,,,,,,,,,,,
Josh Jacobs,JacoJo01,2025,27,GNB,RB,15,15,234,929,13,55,49.1,40,4,61.9,15.6,44,36,282,7.8,1,8,52.3,31,2.4,18.8,81.8,6.4,270,4.5,1211,14,3,9,,,,,,,,,,,,,,8,-22,-0.6,,5,7.2,2.3,1,0,100.9,304,8.4,,,282,-0.9,55,234,,16,14.6,470,2,,459,2,,929,,,,,0,,0,0,0,,0,1,,0,0,3,0,0,0,0,,0,0,0,0,,,0%,0,59%,554,1%,4,,,
Kareem Hunt,HuntKa00,2017,22,KAN,RB,16,16,272,1327,8,63,43.8,69,4.9,82.9,17,63,53,455,8.6,3,17,49.2,78,3.3,28.4,84.1,7.2,325,5.5,1782,11,1,15,"PB,AP ORoY-2",,,,,,,,,,,,,,,,,,,,,,,,,,,,,,,,,,,,,,,,,,,,,0,,0,0,0,,0,0,,0,0,1,0,0,0,0,,0,0,0,0,,,,,,,,,,,
Kareem Hunt,HuntKa00,2018,23,KAN,RB,11,11,181,824,7,46,51.9,45,4.6,74.9,16.5,35,26,378,14.5,7,16,62.9,67,2.4,34.4,74.3,10.8,207,5.8,1202,14,0,11,,,,,,,,,,,,,,16,40,1.5,,8,3.3,8.6,3,0,148.6,338,13,,,378,1.9,46,181,,18,10.1,437,2.4,,387,2.1,,824,,,,,,,,,,,,,,,,,,,,,,,,,,,,0%,0,70%,502,0%,0,,,
Kareem Hunt,HuntKa00,2019,24,CLE,RB,8,3,43,179,2,8,53.5,16,4.2,22.4,5.4,44,37,285,7.7,1,17,52.3,29,4.6,35.6,84.1,6.5,80,5.8,464,3,1,3,,,,,,,,,,,,,,17,9,0.2,,4,9.3,4.5,2,0,101.2,276,7.5,,,285,0.8,8,43,,4,10.8,114,2.7,,65,1.5,,179,,,,,0,,0,0,0,,0,0,,0,-6,1,0,0,0,0,,0,0,0,0,,,0%,0,60%,309,0%,0,,,
Kareem Hunt,HuntKa00,2020,25,CLE,RB,16,5,198,841,6,44,48,33,4.2,52.6,12.4,51,38,304,8,5,19,54.9,26,2.4,19,74.5,6,236,4.9,1145,11,2,9,,,,,,,,,,,,,,19,24,0.6,,5,7.6,7.8,4,0,121.7,280,7.4,,,304,1.4,44,198,,18,11,465,2.3,,376,1.9,,841,,,,,0,,0,0,0,,0,5,,0,-2,2,0,0,0,0,,0,0,0,0,,,0%,0,52%,548,0%,0,,,
Kareem Hunt,HuntKa00,2021,26,CLE,RB,8,1,78,386,5,22,47.4,33,4.9,48.3,9.8,27,22,174,7.9,0,10,51.9,23,2.8,21.8,81.5,6.4,100,5.6,560,5,0,4,,,,,,,,,,,,,,10,2,0.1,,0,,3.7,1,0,93.5,172,7.8,,,174,0.1,22,78,,9,8.7,221,2.8,,165,2.1,,386,,,,,,,,,,,,,,,,,,,,,,,,,,,,0%,0,44%,234,0%,0,,,
Kareem Hunt,HuntKa00,2022,27,CLE,RB,17,0,123,468,3,30,48,24,3.8,27.5,7.2,44,35,210,6,1,11,38.6,24,2.1,12.4,79.5,4.8,158,4.3,678,4,1,5,,,,,,,,,,,,,,11,-33,-0.9,,7,5,9.1,4,0,94.1,243,6.9,,,210,-0.5,30,123,,6,20.5,235,1.9,,233,1.9,,468,,,,,0,,0,0,0,,0,1,,0,0,1,0,0,0,0,,0,0,0,0,,,0%,0,42%,492,0%,0,,,
Kareem Hunt,HuntKa00,2023,28,CLE,RB,15,2,135,411,9,40,45.9,16,3,27.4,9,21,15,84,5.6,0,6,38.1,13,1,5.6,71.4,4,150,3.3,495,9,0,3,,,,,,,,,,,,,,6,-14,-0.9,,0,,4.8,1,0,78.3,98,6.5,,,84,-0.3,40,135,,2,67.5,175,1.3,,236,1.7,,411,,,,,0,,0,0,0,,0,1,,0,0,0,0,0,0,0,,0,0,0,0,,,0%,0,31%,339,0%,0,,,
Kareem Hunt,HuntKa00,2024,29,KAN,RB,13,8,200,728,7,50,55.5,20,3.6,56,15.4,32,23,176,7.7,0,10,53.1,26,1.8,13.5,71.9,5.5,223,4.1,904,7,0,5,,,,,,,,,,,,,,10,-40,-1.7,,4,5.8,0,0,0,84.9,216,9.4,,,176,-1.9,50,200,,7,28.6,329,1.6,,399,2,,728,,,,,,,,,,,,,,,,,,,,,,,,,,,,0%,0,52%,477,0%,0,,,
Kareem Hunt,HuntKa00,2025,30,KAN,RB,17,4,163,611,8,55,57.1,33,3.7,35.9,9.6,25,18,143,7.9,1,8,44,22,1.1,8.4,72,5.7,181,4.2,754,9,2,5,,,,,,,,,,,,,,8,-10,-0.6,,2,9,4,1,1,82.6,153,8.5,,,143,0.2,55,163,,7,23.3,321,2,,290,1.8,,611,,,,,0,,0,0,0,,0,1,,0,0,2,0,0,0,0,,0,0,0,0,,,0%,0,48%,529,0%,0,,,
Kenneth Walker III,WalkKe00,2022,22,SEA,RB,15,11,228,1050,9,51,39.9,74,4.6,70,15.2,35,27,165,6.1,0,6,,,,11,,,,,,,0,8,,37.1,33,1.8,77.1,4.7,255,4.8,1215,9,-2.1,2,5.7,,,,9,3,,,,1,,221,8.2,-56,-2.1,,,,,19,12,,427,,1.9,623,,2.7,,74.1,0,1,0,0,0,,,0,0,0,0,0,,,0,0,0,,0,1,,,,,0,0,,,,,,,0,575,0
Kenneth Walker III,WalkKe00,2023,23,SEA,RB,15,15,219,905,8,46,46.6,45,4.1,60.3,14.6,37,29,259,8.9,1,9,,,,17.3,,,,,,,1,8,,43.2,64,1.9,78.4,7,248,4.7,1164,9,-2.1,2,5.4,,,,3.2,9,,,,0,,317,10.9,-58,-2,,,,,10,22,,346,,1.6,559,,2.6,,104.8,0,0,-7,0,0,,,0,0,0,1,0,,,1,0,0,,0,0,,,,,0,0,,,,,,,0,502,0
Kenneth Walker III,WalkKe00,2024,24,SEA,RB,11,11,153,573,7,28,44.4,28,3.7,52.1,13.9,53,46,299,6.5,1,19,,,,27.2,,,,,,,1,5,,54.7,21,4.2,86.8,5.6,199,4.4,872,8,-1.2,2,3.8,,,,9.2,5,,,,1,,363,7.9,-64,-1.4,,,,,11.8,13,,310,,2,263,,1.7,,88.6,0,0,-3,0,0,,,0,0,0,3,0,,,1,0,0,,0,0,,,,,0,0,,,,,,,0,469,0
Kenneth Walker III,WalkKe00,2025,25,SEA,RB,17,17,221,1027,5,46,43.9,55,4.6,60.4,13,36,31,282,9.1,0,12,,,,16.6,,,,,,,1,9,,44.4,46,1.8,86.1,7.8,252,5.2,1309,5,-1.1,2,5.6,,,,6.2,5,,,,0,,339,10.9,-57,-1.8,,,,,9.6,23,,406,,1.8,621,,2.8,,99.3,0,0,0,0,0,,,0,0,0,1,0,,,1,0,0,,0,0,,,,,0,0,,,,,,,0,498,0
Kyle Monangai,MonaKy00,2025,23,CHI,RB,17,1,169,783,5,40,50.9,39,4.6,46.1,9.9,30,18,164,9.1,0,7,,,,9.6,,,,,,,0,6,,36.7,34,1.1,60,5.5,187,5.1,947,5,-0.3,6,20,,,,6,3,,,,1,,162,9,2,0.1,,,,,33.8,5,,324,,1.9,459,,2.7,,61,0,0,1,0,0,,,0,0,0,2,0,,,0,0,0,,0,0,,,,,0,0,,,,,,,0,478,0
Kyren Williams,WillKy02,2022,22,LAR,RB,10,0,35,139,0,6,42.9,17,4,13.9,3.5,12,9,76,8.4,0,5,58.3,15,0.9,7.6,75,6.3,44,4.9,215,0,0,2,,,,,,,,,,,,,,5,-4,-0.4,,1,9,0,0,1,56.2,80,8.9,,,76,1.4,6,35,,0,,59,1.7,,80,2.3,,139,,,,,0,,0,0,0,,0,0,,0,0,0,0,0,0,0,,0,0,2,2,,,0%,0,24%,141,21%,53,,,
Kyren Williams,WillKy02,2023,23,LAR,RB,12,11,228,1144,12,65,59.6,56,5,95.3,19,48,32,206,6.4,3,9,43.8,24,2.7,17.2,66.7,4.3,260,5.2,1350,15,3,10,"PB,AP-2",,,,,,,,,,,,,9,-71,-2.2,,1,32,8.3,4,1,87.7,277,8.7,,,206,0.2,65,228,,23,9.9,459,2,,685,3,,1144,,,,,0,,0,0,0,,0,0,,0,0,3,0,0,0,0,,0,0,0,0,,,,,,,,,,,
Kyren Williams,WillKy02,2024,24,LAR,RB,16,16,316,1299,14,92,50.9,30,4.1,81.2,19.8,40,34,182,5.4,2,7,45,26,2.1,11.4,85,4.6,350,4.2,1481,16,5,9,AP OPoY-11,,,,,,,,,,,,,7,-13,-0.4,,2,17,2.5,1,0,102.3,195,5.7,,,182,-0.7,92,316,,27,11.7,606,1.9,,693,2.2,,1299,,,,,0,,0,0,0,,0,0,,0,0,5,0,0,0,0,,0,0,0,0,,,0%,0,87%,888,2%,7,,,
Kyren Williams,WillKy02,2025,25,LAR,RB,17,17,259,1252,10,74,62.9,34,4.8,73.6,15.2,50,36,281,7.8,3,12,52,30,2.1,16.5,72,5.6,295,5.2,1533,13,2,12,,,,,,,,,,,,,,12,126,3.5,,1,36,4,2,0,105.5,155,4.3,,,281,2.7,74,259,,22,11.8,515,2,,737,2.8,,1252,,,,,0,,0,0,0,,0,0,,0,0,2,0,0,0,0,,0,0,0,0,,,0%,0,68%,772,2%,9,,,
LaDainian Tomlinson,TomlLa00,2001,22,SDG,RB,16,16,339,1236,10,68,43.7,54,3.6,77.3,21.2,74,59,367,6.2,0,12,47.3,27,3.7,22.9,79.7,5,398,4,1603,10,8,10,AP ORoY-2,,,,,,,,,,,,,,,,,,,,,,,,,,,,,,,,,,,,,,,,,,,,,0,,0,0,0,,0,0,,0,0,8,0,,0,0,,0,0,0,0,,,,,,,,,,,
LaDainian Tomlinson,TomlLa00,2002,23,SDG,RB,16,16,372,1683,14,96,44.6,76,4.5,105.2,23.3,101,79,489,6.2,1,21,44.6,30,4.9,30.6,78.2,4.8,451,4.8,2172,15,3,15,"PB,AP-2",,,,,,,,,,,,,,,,,,,,,,,,,,,,,,,,,,,,,,,,,,,,,0,,0,0,0,,0,0,,0,0,3,0,,0,0,,,,,,,,,,,,,,,,
LaDainian Tomlinson,TomlLa00,2003,24,SDG,RB,16,16,313,1645,13,83,43.1,73,5.3,102.8,19.6,137,100,725,7.3,4,26,32.1,73,6.3,45.3,73,5.3,413,5.7,2370,17,2,19,"AP-2,AP OPoY-2",,,,,,,,,,,,,,,,,,,,,,,,,,,,,,,,,,,,,,,,,,,,,0,,0,0,0,,0,2,,0,0,2,0,,0,0,,0,0,0,0,,,,,,,,,,,
LaDainian Tomlinson,TomlLa00,2004,25,SDG,RB,15,15,339,1335,17,74,43.4,42,3.9,89,22.6,66,53,441,8.3,1,16,40.9,74,3.5,29.4,80.3,6.7,392,4.5,1776,18,6,18,"PB,AP-1,AP OPoY-5",,,,,,,,,,,,,,,,,,,,,,,,,,,,,,,,,,,,,,,,,,,,,0,,0,0,0,,0,2,,0,0,6,0,,0,0,,0,0,0,0,,,,,,,,,,,
LaDainian Tomlinson,TomlLa00,2005,26,SDG,RB,16,16,339,1462,18,72,46.9,62,4.3,91.4,21.2,77,51,370,7.3,2,15,33.8,41,3.2,23.1,66.2,4.8,390,4.7,1832,20,3,18,"PB,AP-2",,,,,,,,,,,,,,,,,,,,,,,,,,,,,,,,,,,,,,,,,,,,,0,,0,0,0,,0,1,,0,0,3,0,,0,0,,0,0,0,0,,,,,,,,,,,
LaDainian Tomlinson,TomlLa00,2006,27,SDG,RB,16,16,348,1815,28,83,47.7,85,5.2,113.4,21.8,80,56,508,9.1,3,23,48.8,51,3.5,31.8,70,6.4,404,5.8,2323,31,2,26,"PB,AP-1,AP MVP-1,AP OPoY-1",,,,,,,,,,,,,,,,,,,,,,,,,,,,,,,,,,,,,,,,,,,,,0,,0,0,0,,0,1,,0,0,2,0,,0,0,,,,,,,,,,,,,,,,
LaDainian Tomlinson,TomlLa00,2007,28,SDG,RB,16,16,315,1474,15,75,44.1,49,4.7,92.1,19.7,86,60,475,7.9,3,20,38.4,36,3.8,29.7,69.8,5.5,375,5.2,1949,18,0,18,"PB,AP-1",,,,,,,,,,,,,,,,,,,,,,,,,,,,,,,,,,,,,,,,,,,,,,,,,,,,,,,,,,,,,,,,,,,,,,,,,,,,
LaDainian Tomlinson,TomlLa00,2008,29,SDG,RB,16,16,292,1110,11,52,43.2,45,3.8,69.4,18.3,77,52,426,8.2,1,18,44.2,32,3.3,26.6,67.5,5.5,344,4.5,1536,12,1,14,,,,,,,,,,,,,,,,,,,,,,,,,,,,,,,,,,,,,,,,,,,,,,0,,0,0,0,,0,1,,0,0,1,0,0,0,0,,0,0,0,0,,,,,,,,,,,
LaDainian Tomlinson,TomlLa00,2009,30,SDG,RB,14,14,223,730,12,40,42.2,36,3.3,52.1,15.9,30,20,154,7.7,0,8,33.3,36,1.4,11,66.7,5.1,243,3.6,884,12,2,7,,,,,,,,,,,,,,,,,,,,,,,,,,,,,,,,,,,,,,,,,,,,,,0,,0,0,0,,0,0,,0,0,2,0,,0,0,,,0,0,0,,,,,,,,,,,
LaDainian Tomlinson,TomlLa00,2010,31,NYJ,RB,15,13,219,914,6,43,43.4,31,4.2,60.9,14.6,79,52,368,7.1,0,19,45.6,21,3.5,24.5,65.8,4.7,271,4.7,1282,6,4,8,,,,,,,,,,,,,,,,,,,,,,,,,,,,,,,,,,,,,,,,,,,,,,0,,0,0,0,,0,2,,0,0,4,0,0,0,0,,0,0,0,0,,,,,,,,,,,
LaDainian Tomlinson,TomlLa00,2011,32,NYJ,RB,14,1,75,280,1,15,45.3,20,3.7,20,5.4,61,42,449,10.7,2,12,31.1,74,3,32.1,68.9,7.4,117,6.2,729,3,0,5,,,,,,,,,,,,,,,,,,,,,,,,,,,,,,,,,,,,,,,,,,,,,,,,,,,,,,,,,,,,,,,,,,,,,,,,,,,,,
Le'Veon Bell,BellLe00,2013,21,PIT,RB,13,13,244,860,8,53,45.5,43,3.5,66.2,18.8,66,45,399,8.9,0,15,43.9,43,3.5,30.7,68.2,6,289,4.4,1259,8,1,8,,,,,,,,,,,,,,,,,,,,,,,,,,,,,,,,,,,,,,,,,,,,,,0,,0,0,0,,0,0,,0,0,1,0,,0,0,,,0,0,0,,,0%,0,77%,677,0%,0,,,
Le'Veon Bell,BellLe00,2014,22,PIT,RB,16,16,290,1361,8,75,49.3,81,4.7,85.1,18.1,105,83,854,10.3,3,41,60,48,5.2,53.4,79,8.1,373,5.9,2215,11,0,17,"PB,AP-1,AP OPoY-4",,,,,,,,,,,,,,,,,,,,,,,,,,,,,,,,,,,,,,,,,,,,,,,,,,,,,,,,,,,,,,,,,,,,,,,,,,,,
Le'Veon Bell,BellLe00,2015,23,PIT,RB,6,6,113,556,3,27,45.1,42,4.9,92.7,18.8,26,24,136,5.7,0,4,34.6,20,4,22.7,92.3,5.2,137,5.1,692,3,0,5,,,,,,,,,,,,,,,,,,,,,,,,,,,,,,,,,,,,,,,,,,,,,,0,,0,0,0,,0,1,,0,0,0,0,0,0,0,,0,0,0,0,,,0%,0,81%,301,0%,0,,,
Le'Veon Bell,BellLe00,2016,24,PIT,RB,12,12,261,1268,7,70,53.3,44,4.9,105.7,21.8,94,75,616,8.2,2,32,58.5,32,6.3,51.3,79.8,6.6,336,5.6,1884,9,4,15,"PB,AP-2,AP OPoY-6,AP CPoY-4",,,,,,,,,,,,,,,,,,,,,,,,,,,,,,,,,,,,,,,,,,,,,0,,0,0,0,,0,2,,0,4,4,0,0,0,0,,0,0,0,0,,,,,,,,,,,
Le'Veon Bell,BellLe00,2017,25,PIT,RB,15,15,321,1291,9,71,45.5,27,4,86.1,21.4,106,85,655,7.7,2,32,56.6,42,5.7,43.7,80.2,6.2,406,4.8,1946,11,3,15,"PB,AP-1",,,,,,,,,,,,,,,,,,,,,,,,,,,,,,,,,,,,,,,,,,,,,0,,0,0,0,,0,0,,0,0,3,0,,0,0,,,0,0,0,,,,,,,,,,,
Le'Veon Bell,BellLe00,2019,27,NYJ,RB,15,15,245,789,3,36,40.4,19,3.2,52.6,16.3,78,66,461,7,1,20,46.2,23,4.4,30.7,84.6,5.9,311,4,1250,4,1,5,,,,,,,,,,,,,,20,21,0.3,,12,5.5,2.6,2,1,90.2,440,6.7,,,461,0.6,36,245,,16,15.3,502,2,,287,1.2,,789,,,,,0,,0,0,0,,0,0,,0,0,1,0,0,0,0,,0,0,0,0,,,0%,0,82%,782,0%,0,,,
Le'Veon Bell,BellLe00,2020,28,2TM,RB,11,4,82,328,2,21,52.4,16,4,29.8,7.5,20,16,138,8.6,0,7,65,30,1.5,12.5,80,6.9,98,4.8,466,2,1,3,,,,,,,,,,,,,,7,2,0.1,,2,8,5,1,0,95.4,136,8.5,,,138,0.5,21,82,,9,9.1,165,2,,163,2,,328,,,,,0,,0,0,0,,0,0,,0,0,1,0,0,0,0,,0,0,0,0,,,,0,,270,,0,,,
Le'Veon Bell,BellLe00,2021,29,2TM,RB,8,0,39,101,2,9,46.2,12,2.6,12.6,4.9,7,5,30,6,1,3,42.9,15,0.6,3.8,71.4,4.3,44,3,131,3,0,0,,,,,,,,,,,,,,3,4,0.8,,1,5,14.3,1,0,119,26,5.2,,,30,0.7,9,39,,3,13,43,1.1,,58,1.5,,101,,,,,,,,,,,,,,,,,,,,,,,,,,,,,0,,170,,0,,,
LeSean McCoy,McCoLe01,2009,21,PHI,RB,16,4,155,637,4,29,42.6,66,4.1,39.8,9.7,55,40,308,7.7,0,13,41.8,45,2.5,19.3,72.7,5.6,195,4.8,945,4,2,8,,,,,,,,,,,,,,,,,,,,,,,,,,,,,,,,,,,,,,,,,,,,,,0,,0,0,0,,0,1,,0,0,2,0,0,0,0,,0,0,0,0,,,,,,,,,,,
LeSean McCoy,McCoLe01,2010,22,PHI,RB,15,13,207,1080,7,46,46.4,62,5.2,72,13.8,91,78,592,7.6,2,29,59.3,40,5.2,39.5,85.7,6.5,285,5.9,1672,9,2,13,,,,,,,,,,,,,,,,,,,,,,,,,,,,,,,,,,,,,,,,,,,,,,0,,0,0,0,,0,1,,0,0,2,0,0,0,0,,0,0,0,0,,,,,,,,,,,
LeSean McCoy,McCoLe01,2011,23,PHI,RB,15,15,273,1309,17,85,50.9,60,4.8,87.3,18.2,69,48,315,6.6,3,18,44.9,26,3.2,21,69.6,4.6,321,5.1,1624,20,1,10,"PB,AP-1",,,,,,,,,,,,,,,,,,,,,,,,,,,,,,,,,,,,,,,,,,,,,0,,0,0,0,,0,0,,0,0,1,0,0,0,0,,0,0,0,0,,,,,,,,,,,
LeSean McCoy,McCoLe01,2012,24,PHI,RB,12,12,200,840,2,45,49.5,34,4.2,70,16.7,67,54,373,6.9,3,20,46.3,36,4.5,31.1,80.6,5.6,254,4.8,1213,5,4,7,,,,,,,,,,,,,,,,,,,,,,,,,,,,,,,,,,,,,,,,,,,,,,0,,0,0,0,,0,2,,0,0,4,0,0,0,0,,0,0,0,0,,,0%,0,79%,695,0%,0,,,
LeSean McCoy,McCoLe01,2013,25,PHI,RB,16,16,314,1607,9,79,49.7,57,5.1,100.4,19.6,64,52,539,10.4,2,24,51.6,70,3.3,33.7,81.3,8.4,366,5.9,2146,11,1,15,"PB,AP-1,AP OPoY-2,AP CPoY-11",,,,,,,,,,,,,,,,,,,,,,,,,,,,,,,,,,,,,,,,,,,,,0,,0,0,0,,0,0,,0,0,1,0,0,0,0,,0,0,0,0,,,,,,,,,,,
LeSean McCoy,McCoLe01,2014,26,PHI,RB,16,16,312,1319,5,68,44.6,53,4.2,82.4,19.5,37,28,155,5.5,0,10,43.2,18,1.8,9.7,75.7,4.2,340,4.3,1474,5,4,8,PB,,,,,,,,,,,,,,,,,,,,,,,,,,,,,,,,,,,,,,,,,,,,,0,,0,0,0,,0,0,,0,0,4,0,0,0,0,,0,0,0,0,,,,,,,,,,,
LeSean McCoy,McCoLe01,2015,27,BUF,RB,12,12,203,895,3,42,45.8,48,4.4,74.6,16.9,50,32,292,9.1,2,12,46,22,2.7,24.3,64,5.8,235,5.1,1187,5,2,9,PB,,,,,,,,,,,,,,,,,,,,,,,,,,,,,,,,,,,,,,,,,,,,,0,,0,0,0,,0,2,,0,6,2,0,0,0,0,,0,0,0,0,,,,,,,,,,,
LeSean McCoy,McCoLe01,2016,28,BUF,RB,15,15,234,1267,13,56,49.6,75,5.4,84.5,15.6,57,50,356,7.1,1,17,54.4,41,3.3,23.7,87.7,6.2,284,5.7,1623,14,3,13,PB,,,,,,,,,,,,,,,,,,,,,,,,,,,,,,,,,,,,,,,,,,,,,0,,0,0,0,,0,1,,0,-5,3,0,0,0,0,,0,0,0,0,,,,,,,,,,,
LeSean McCoy,McCoLe01,2017,29,BUF,RB,16,16,287,1138,6,57,42.2,48,4,71.1,17.9,77,59,448,7.6,2,23,42.9,39,3.7,28,76.6,5.8,346,4.6,1586,8,3,11,PB,,,,,,,,,,,,,,,,,,,,,,,,,,,,,,,,,,,,,,,,,,,,,0,,0,0,0,,0,1,,0,0,3,0,0,0,0,,0,0,0,0,,,,,,,,,,,
LeSean McCoy,McCoLe01,2018,30,BUF,RB,14,13,161,514,3,22,36,28,3.2,36.7,11.5,46,34,238,7,0,10,37,24,2.4,17,73.9,5.2,195,3.9,752,3,0,4,,,,,,,,,,,,,,10,-50,-1.5,,4,8.5,4.3,2,1,76.2,288,8.5,,,238,-1.1,22,161,,2,80.5,227,1.4,,287,1.8,,514,,,,,,,,,,,,,,,,,,,,,,,,,,,,0%,0,53%,490,0%,0,,,
LeSean McCoy,McCoLe01,2019,31,KAN,RB,13,9,101,465,4,24,46.5,39,4.6,35.8,7.8,34,28,181,6.5,1,6,44.1,23,2.2,13.9,82.4,5.3,129,5,646,5,3,5,,,,,,,,,,,,,,6,-55,-2,,1,28,2.9,1,0,98.7,236,8.4,,,181,-0.7,24,101,,5,20.2,200,2,,265,2.6,,465,,,,,0,,0,0,0,,0,1,,0,0,3,0,0,0,0,,0,0,0,0,,,0%,0,35%,295,0%,0,,,
LeSean McCoy,McCoLe01,2020,32,TAM,RB,10,0,10,31,0,2,40,14,3.1,3.1,1,19,15,101,6.7,0,3,15.8,15,1.5,10.1,78.9,5.3,25,5.3,132,0,0,1,,,,,,,,,,,,,,3,-1,-0.1,,0,,10.5,2,0,88.8,102,6.8,,,101,1,2,10,,0,,8,0.8,,23,2.3,,31,,,,,,,,,,,,,,,,,,,,,,,,,,,,0%,0,17%,116,0%,0,,,
Leonard Fournette,FourLe00,2017,22,JAX,RB,13,13,268,1040,9,51,43.3,90,3.9,80,20.6,48,36,302,8.4,1,18,56.3,28,2.8,23.2,75,6.3,304,4.4,1342,10,2,8,,,,,,,,,,,,,,,,,,,,,,,,,,,,,,,,,,,,,,,,,,,,,,0,,0,0,0,,0,2,,0,0,2,0,0,0,0,,0,0,0,0,,,0%,0,62%,562,0%,0,,,
Leonard Fournette,FourLe00,2018,23,JAX,RB,8,8,133,439,5,23,47.4,25,3.3,54.9,16.6,26,22,185,8.4,1,10,50,31,2.8,23.1,84.6,7.1,155,4,624,6,0,3,,,,,,,,,,,,,,10,-28,-1.3,,0,,7.7,2,0,109.1,213,9.7,,,185,-0.5,23,133,,3,44.3,226,1.7,,213,1.6,,439,,,,,,,,,,,,,,,,,,,,,,,,,,,,0%,0,52%,280,2%,4,,,
Leonard Fournette,FourLe00,2019,24,JAX,RB,15,15,265,1152,3,55,41.1,81,4.3,76.8,17.7,100,76,522,6.9,0,23,40,27,5.1,34.8,76,5.2,341,4.9,1674,3,1,10,,,,,,,,,,,,,,23,-36,-0.5,,8,9.5,6,6,1,83,558,7.3,,,522,0.1,55,265,,16,16.6,792,3,,360,1.4,,1152,,,,,0,,0,0,0,,0,1,,0,0,1,0,0,0,0,,0,0,0,0,,,0%,0,89%,904,0%,0,,,
Leonard Fournette,FourLe00,2020,25,TAM,RB,13,3,97,367,6,21,48.5,46,3.8,28.2,7.5,47,36,233,6.5,0,9,48.9,20,2.8,17.9,76.6,5,133,4.5,600,6,0,5,,,,,,,,,,,,,,9,-2,-0.1,,5,7.2,14.9,7,0,86.6,235,6.5,,,233,0.1,21,97,,0,,198,2,,169,1.7,,367,,,,,0,,0,0,0,,0,1,,0,0,0,0,0,0,0,,0,0,0,0,,,0%,0,43%,383,0%,0,,,
Leonard Fournette,FourLe00,2021,26,TAM,RB,14,13,180,812,8,50,56.1,47,4.5,58,12.9,84,69,454,6.6,2,32,57.1,23,4.9,32.4,82.1,5.4,249,5.1,1266,10,1,9,,,,,,,,,,,,,,32,5,0.1,,6,11.5,7.1,6,2,87.2,449,6.5,,,454,0.8,50,180,,11,16.4,416,2.3,,396,2.2,,812,,,,,0,,0,0,0,,0,0,,0,0,1,0,0,0,0,,0,0,0,0,,,0%,0,63%,623,0%,0,,,
Leonard Fournette,FourLe00,2022,27,TAM,RB,16,9,189,668,3,40,49.2,23,3.5,41.8,11.8,83,73,523,7.2,3,27,55.4,44,4.6,32.7,88,6.3,262,4.5,1191,6,0,7,,,,,,,,,,,,,,27,-40,-0.5,,13,5.6,4.8,4,0,105,563,7.7,,,523,-0.6,40,189,,4,47.3,286,1.5,,382,2,,668,,,,,0,,0,0,0,,0,0,,0,0,0,0,0,0,0,,0,0,1,1,,,0%,0,60%,689,0%,0,,,
Leonard Fournette,FourLe00,2023,28,BUF,RB,2,0,12,40,0,2,41.7,9,3.3,20,6,0,0,0,,0,0,,,0,0,,,12,3.3,40,0,0,0,,,,,,,,,,,,,,0,0,,,0,,,0,0,,0,,,,0,,2,12,,0,,20,1.7,,20,1.7,,40,,,,,,,,,,,,,,,,,,,,,,,,,,,,0%,0,20%,26,17%,8,,,
Mark Ingram,IngrMa01,2011,22,NOR,RB,10,4,122,474,5,29,53.3,35,3.9,47.4,12.2,13,11,46,4.2,0,3,46.2,9,1.1,4.6,84.6,3.5,133,3.9,520,5,1,4,,,,,,,,,,,,,,,,,,,,,,,,,,,,,,,,,,,,,,,,,,,,,,0,,0,0,0,,0,0,,0,0,1,0,,0,0,,,0,1,1,,,,,,,,,,,
Mark Ingram,IngrMa01,2012,23,NOR,RB,16,5,156,602,5,29,47.4,31,3.9,37.6,9.8,10,6,29,4.8,0,2,30,16,0.4,1.8,60,2.9,162,3.9,631,5,0,4,,,,,,,,,,,,,,,,,,,,,,,,,,,,,,,,,,,,,,,,,,,,,,0,,0,0,0,,0,1,,0,1,0,0,0,0,0,,0,0,0,0,,,0%,0,24%,266,8%,38,,,
Mark Ingram,IngrMa01,2013,24,NOR,RB,11,3,78,386,1,18,46.2,34,4.9,35.1,7.1,11,7,68,9.7,0,3,45.5,23,0.6,6.2,63.6,6.2,85,5.3,454,1,0,3,,,,,,,,,,,,,,,,,,,,,,,,,,,,,,,,,,,,,,,,,,,,,,,,,,,,,,,,,,,,,,,,,,,,,0%,0,22%,169,2%,7,,,
Mark Ingram,IngrMa01,2014,25,NOR,RB,13,9,226,964,9,52,49.1,31,4.3,74.2,17.4,36,29,145,5,0,5,38.9,14,2.2,11.2,80.6,4,255,4.3,1109,9,3,8,PB,,,,,,,,,,,,,,,,,,,,,,,,,,,,,,,,,,,,,,,,,,,,,0,,0,0,0,,0,0,,0,0,3,0,0,0,0,,0,0,0,0,,,,,,,,,,,
Mark Ingram,IngrMa01,2015,26,NOR,RB,12,10,166,769,6,47,43.4,70,4.6,64.1,13.8,60,50,405,8.1,0,22,53.3,59,4.2,33.8,83.3,6.8,216,5.4,1174,6,2,8,,,,,,,,,,,,,,,,,,,,,,,,,,,,,,,,,,,,,,,,,,,,,,0,,0,0,0,,0,0,,0,0,2,0,0,0,0,,0,0,0,0,,,0%,0,63%,534,0%,0,,,
Mark Ingram,IngrMa01,2016,27,NOR,RB,16,14,205,1043,6,50,57.1,75,5.1,65.2,12.8,58,46,319,6.9,4,18,53.4,22,2.9,19.9,79.3,5.5,251,5.4,1362,10,2,11,,,,,,,,,,,,,,,,,,,,,,,,,,,,,,,,,,,,,,,,,,,,,,0,,0,0,0,,0,0,,0,0,2,0,,0,0,,,0,0,0,,,0%,0,46%,532,0%,0,,,
Mark Ingram,IngrMa01,2017,28,NOR,RB,16,12,230,1124,12,52,47.4,72,4.9,70.3,14.4,71,58,416,7.2,0,19,45.1,54,3.6,26,81.7,5.9,288,5.3,1540,12,3,14,PB,,,,,,,,,,,,,,,,,,,,,,,,,,,,,,,,,,,,,,,,,,,,,0,,0,0,0,,0,1,,0,0,3,0,,0,0,,,0,0,0,,,,,,,,,,,
Mark Ingram,IngrMa01,2018,29,NOR,RB,12,6,138,645,6,34,53.6,38,4.7,53.8,11.5,27,21,170,8.1,1,5,37,28,1.8,14.2,77.8,6.3,159,5.1,815,7,3,7,,,,,,,,,,,,,,5,15,0.7,,1,21,0,0,1,89.8,155,7.4,,,170,0.3,34,138,,18,7.7,371,2.7,,274,2,,645,,,,,0,,0,0,0,,0,1,,0,0,3,0,0,0,0,,0,0,0,0,,,0%,0,45%,350,0%,0,,,
Mark Ingram,IngrMa01,2019,30,BAL,RB,15,15,202,1018,10,53,58.4,53,5,67.9,13.5,29,26,247,9.5,5,16,62.1,25,1.7,16.5,89.7,8.5,228,5.5,1265,15,2,12,PB,,,,,,,,,,,,,16,27,1,,2,13,0,0,0,141.7,220,8.5,,,247,1.5,53,202,,18,11.2,524,2.6,,494,2.4,,1018,,,,,0,,0,0,0,,0,2,,0,0,2,0,0,0,0,,0,0,0,0,,,,,,,,,,,
Mark Ingram,IngrMa01,2020,31,BAL,RB,11,9,72,299,2,14,47.2,30,4.2,27.2,6.5,8,6,50,8.3,0,2,37.5,18,0.5,4.5,75,6.3,78,4.5,349,2,0,3,,,,,,,,,,,,,,2,1,0.2,,1,6,0,0,0,90.6,49,8.2,,,50,1.5,14,72,,6,12,126,1.8,,173,2.4,,299,,,,,0,,0,0,0,,0,2,,0,0,0,0,0,0,0,,0,0,0,0,,,0%,0,23%,160,0%,0,,,
Mark Ingram,IngrMa01,2021,32,2TM,RB,14,10,160,554,2,23,38.1,28,3.5,39.6,11.4,35,27,162,6,0,9,45.7,34,1.9,11.6,77.1,4.6,187,3.8,716,2,1,5,,,,,,,,,,,,,,9,-2,-0.1,,2,13.5,0,0,0,85.7,164,6.1,,,162,0,23,160,,9,17.8,317,2,,237,1.5,,554,,,,,0,,0,0,0,,0,0,,0,0,1,0,0,0,0,,0,0,1,1,,,,0,,400,,0,,,
Mark Ingram,IngrMa01,2022,33,NOR,RB,10,3,62,233,1,12,46.8,14,3.8,23.3,6.2,18,16,68,4.3,0,2,33.3,11,1.6,6.8,88.9,3.8,78,3.9,301,1,2,2,,,,,,,,,,,,,,2,-10,-0.6,,1,16,0,0,0,82.4,78,4.9,,,68,-0.9,12,62,,4,15.5,94,1.5,,139,2.2,,233,,,,,0,,0,0,0,,0,0,,0,0,2,0,0,0,0,,0,0,0,0,,,0%,0,31%,205,0%,0,,,
Marshall Faulk,FaulMa00,1994,21,IND,RB,16,16,314,1282,11,58,43.3,52,4.1,80.1,19.6,74,52,522,10,1,22,44.6,85,3.3,32.6,70.3,7.1,366,4.9,1804,12,5,16,"PB,AP-2,AP ORoY-1",,,,,,,,,,,,,,,,,,,,,,,,,,,,,,,,,,,,,,,,,,,,,0,,0,0,0,,0,1,,0,0,5,,,0,0,,,0,0,0,,,,,,,,,,,
Marshall Faulk,FaulMa00,1995,22,IND,RB,16,16,289,1078,11,68,47.1,40,3.7,67.4,18.1,75,56,475,8.5,3,18,50.7,34,3.5,29.7,74.7,6.3,345,4.5,1553,14,8,13,"PB,AP-2",,,,,,,,,,,,,,,,,,,,,,,,,,,,,,,,,,,,,,,,,,,,,0,,0,0,0,,0,1,,0,0,8,,,0,0,,,0,0,0,,,,,,,,,,,
Marshall Faulk,FaulMa00,1996,23,IND,RB,13,13,198,587,7,41,39.9,43,3,45.2,15.2,80,56,428,7.6,0,18,47.5,30,4.3,32.9,70,5.4,254,4,1015,7,2,8,,,,,,,,,,,,,,,,,,,,,,,,,,,,,,,,,,,,,,,,,,,,,,0,,0,0,0,,0,0,,0,0,2,,,0,0,,,0,0,0,,,,,,,,,,,
Marshall Faulk,FaulMa00,1997,24,IND,RB,16,16,264,1054,7,65,48.1,45,4,65.9,16.5,73,47,471,10,1,15,35.6,58,2.9,29.4,64.4,6.5,311,4.9,1525,8,5,12,,,,,,,,,,,,,,,,,,,,,,,,,,,,,,,,,,,,,,,,,,,,,,0,,0,0,0,,0,1,,0,0,5,,,0,0,,,0,0,0,,,,,,,,,,,
Marshall Faulk,FaulMa00,1998,25,IND,RB,16,15,324,1319,6,62,43.2,68,4.1,82.4,20.3,106,86,908,10.6,4,44,59.4,78,5.4,56.8,81.1,8.6,410,5.4,2227,10,3,18,"PB,AP-2,AP OPoY-4",,,,,,,,,,,,,,,,,,,,,,,,,,,,,,,,,,,,,,,,,,,,,0,,0,0,0,,0,2,,0,13,3,,,0,0,,,0,0,0,,,,,,,,,,,
Marshall Faulk,FaulMa00,1999,26,STL,RB,16,16,253,1381,7,70,48.2,58,5.5,86.3,15.8,104,87,1048,12,5,40,57.7,57,5.4,65.5,83.7,10.1,340,7.1,2429,12,2,25,"PB,AP-1,AP MVP-2,AP OPoY-1",,,,,,,,,,,,,,,,,,,,,,,,,,,,,,,,,,,,,,,,,,,,,0,,0,0,0,,0,0,,0,0,2,0,,0,0,,0,0,0,0,,,,,,,,,,,
Marshall Faulk,FaulMa00,2000,27,STL,RB,14,14,253,1359,18,78,55.7,36,5.4,97.1,18.1,113,81,830,10.2,8,42,54,72,5.8,59.3,71.7,7.3,334,6.6,2189,26,0,22,"PB,AP-1,AP MVP-1,AP OPoY-1",,,,,,,,,,,,,,,,,,,,,,,,,,,,,,,,,,,,,,,,,,,,,0,,0,0,0,,0,2,,0,0,0,0,,0,0,,0,0,0,0,,,,,,,,,,,
Marshall Faulk,FaulMa00,2001,28,STL,RB,14,14,260,1382,12,70,54.6,71,5.3,98.7,18.6,104,83,765,9.2,9,40,62.5,65,5.9,54.6,79.8,7.4,343,6.3,2147,21,3,22,"PB,AP-1,AP MVP-2,AP OPoY-1",,,,,,,,,,,,,,,,,,,,,,,,,,,,,,,,,,,,,,,,,,,,,0,,0,0,0,,0,2,,0,0,3,0,,0,0,,0,0,0,0,,,,,,,,,,,
Marshall Faulk,FaulMa00,2002,29,STL,RB,14,10,212,953,8,54,50,44,4.5,68.1,15.1,102,80,537,6.7,2,23,44.1,40,5.7,38.4,78.4,5.3,292,5.1,1490,10,4,9,PB,,,,,,,,,,,,,,,,,,,,,,,,,,,,,,,,,,,,,,,,,,,,,0,,0,0,0,,0,2,,0,5,4,0,,0,0,,0,0,0,0,,,,,,,,,,,
Marshall Faulk,FaulMa00,2003,30,STL,RB,11,11,209,818,10,51,43.1,52,3.9,74.4,19,61,45,290,6.4,1,11,36.1,30,4.1,26.4,73.8,4.8,254,4.4,1108,11,0,9,AP CPoY-11,,,,,,,,,,,,,,,,,,,,,,,,,,,,,,,,,,,,,,,,,,,,,0,,0,0,0,,0,1,,0,0,0,0,,0,0,,0,0,0,0,,,,,,,,,,,
Marshall Faulk,FaulMa00,2004,31,STL,RB,14,14,195,774,3,46,46.2,40,4,55.3,13.9,65,50,310,6.2,1,12,40,25,3.6,22.1,76.9,4.8,245,4.4,1084,4,2,6,,,,,,,,,,,,,,,,,,,,,,,,,,,,,,,,,,,,,,,,,,,,,,0,,0,0,0,,0,0,,0,0,2,0,,0,0,,0,0,0,0,,,,,,,,,,,
Marshall Faulk,FaulMa00,2005,32,STL,RB,16,1,65,292,0,15,46.2,20,4.5,18.3,4.1,57,44,291,6.6,1,18,43.9,18,2.8,18.2,77.2,5.1,109,5.3,583,1,2,4,,,,,,,,,,,,,,,,,,,,,,,,,,,,,,,,,,,,,,,,,,,,,,0,,0,0,0,,0,1,,0,0,2,0,,0,0,,0,0,0,0,,,,,,,,,,,
Marshawn Lynch,LyncMa00,2007,21,BUF,RB,13,13,280,1115,7,55,44.3,56,4,85.8,21.5,26,18,184,10.2,0,11,57.7,30,1.4,14.2,69.2,7.1,298,4.4,1299,7,2,7,,,,,,,,,,,,,,,,,,,,,,,,,,,,,,,,,,,,,,,,,,,,,,0,,0,0,0,,0,0,,0,0,2,0,,0,0,,,,,,,,,,,,,,,,
Marshawn Lynch,LyncMa00,2008,22,BUF,RB,15,15,250,1036,8,53,46.8,50,4.1,69.1,16.7,67,47,300,6.4,1,15,35.8,42,3.1,20,70.1,4.5,297,4.5,1336,9,2,9,PB,,,,,,,,,,,,,,,,,,,,,,,,,,,,,,,,,,,,,,,,,,,,,0,,0,0,0,,0,2,,0,0,2,0,0,0,0,,0,0,0,0,,,,,,,,,,,
Marshawn Lynch,LyncMa00,2009,23,BUF,RB,13,6,120,450,2,18,37.5,47,3.8,34.6,9.2,37,28,179,6.4,0,6,27,35,2.2,13.8,75.7,4.8,148,4.3,629,2,3,4,,,,,,,,,,,,,,,,,,,,,,,,,,,,,,,,,,,,,,,,,,,,,,0,,0,0,0,,0,2,,0,0,3,0,,0,0,,,0,1,1,,,,,,,,,,,
Marshawn Lynch,LyncMa00,2010,24,2TM,RB,16,14,202,737,6,38,44.1,39,3.6,46.1,12.6,26,22,145,6.6,0,5,65.4,22,1.4,9.1,84.6,5.6,224,3.9,882,6,4,6,,,,,,,,,,,,,,,,,,,,,,,,,,,,,,,,,,,,,,,,,,,,,,0,,0,0,0,,0,0,,0,0,4,0,0,0,0,,0,1,1,0,,,,,,,,,,,
Marshawn Lynch,LyncMa00,2011,25,SEA,RB,15,15,285,1204,12,65,43.5,47,4.2,80.3,19,41,28,212,7.6,1,8,36.6,26,1.9,14.1,68.3,5.2,313,4.5,1416,13,3,9,PB,,,,,,,,,,,,,,,,,,,,,,,,,,,,,,,,,,,,,,,,,,,,,0,,0,0,0,,0,2,,0,0,3,0,0,0,0,,0,0,0,0,,,,,,,,,,,
Marshawn Lynch,LyncMa00,2012,26,SEA,RB,16,15,315,1590,11,70,48.6,77,5,99.4,19.7,30,23,196,8.5,1,11,60,27,1.4,12.3,76.7,6.5,338,5.3,1786,12,5,15,"PB,AP-1",,,,,,,,,,,,,,,,,,,,,,,,,,,,,,,,,,,,,,,,,,,,,0,,0,0,0,,0,0,,0,0,5,0,0,0,0,,0,0,0,0,,,,,,,,,,,
Marshawn Lynch,LyncMa00,2013,27,SEA,RB,16,16,301,1257,12,73,48.2,43,4.2,78.6,18.8,44,36,316,8.8,2,12,40.9,55,2.3,19.8,81.8,7.2,337,4.7,1573,14,4,13,PB,,,,,,,,,,,,,,,,,,,,,,,,,,,,,,,,,,,,,,,,,,,,,0,,0,0,0,,0,0,,0,0,4,0,0,0,0,,0,0,0,0,,,,,,,,,,,
Marshawn Lynch,LyncMa00,2014,28,SEA,RB,16,14,280,1306,13,67,52.1,79,4.7,81.6,17.5,48,37,367,9.9,4,16,45.8,39,2.3,22.9,77.1,7.6,317,5.3,1673,17,3,13,"PB,AP-2",,,,,,,,,,,,,,,,,,,,,,,,,,,,,,,,,,,,,,,,,,,,,0,,0,0,0,,0,1,,0,0,3,0,0,0,0,,0,0,0,0,,,,,,,,,,,
Marshawn Lynch,LyncMa00,2015,29,SEA,RB,7,6,111,417,3,29,46.8,24,3.8,59.6,15.9,21,13,80,6.2,0,5,28.6,19,1.9,11.4,61.9,3.8,124,4,497,3,0,4,,,,,,,,,,,,,,,,,,,,,,,,,,,,,,,,,,,,,,,,,,,,,,,,,,,,,,,,,,,,,,,,,,,,,0%,0,67%,308,0%,0,,,
Marshawn Lynch,LyncMa00,2017,31,OAK,RB,15,15,207,891,7,45,47.8,51,4.3,59.4,13.8,31,20,151,7.6,0,6,35.5,26,1.3,10.1,64.5,4.9,227,4.6,1042,7,1,7,AP CPoY-6,,,,,,,,,,,,,,,,,,,,,,,,,,,,,,,,,,,,,,,,,,,,,0,,0,0,0,,0,0,,0,0,1,0,0,0,0,,0,0,0,0,,,0%,0,49%,461,0%,0,,,
Marshawn Lynch,LyncMa00,2018,32,OAK,RB,6,6,90,376,3,20,53.3,52,4.2,62.7,15,20,15,84,5.6,0,6,40,17,2.5,14,75,4.2,105,4.4,460,3,0,3,,,,,,,,,,,,,,6,-6,-0.4,,1,15,20,4,0,82.1,90,6,,,84,-0.3,20,90,,6,15,286,3.2,,90,1,,376,,,,,,,,,,,,,,,,,,,,,,,,,,,,0%,0,50%,209,0%,0,,,
Marshawn Lynch,LyncMa00,2019,33,SEA,RB,1,0,12,34,1,2,33.3,15,2.8,34,12,0,0,0,,0,0,,,0,0,,,12,2.8,34,1,0,0,,,,,,,,,,,,,,0,0,,,0,,,0,0,,0,,,,0,,2,12,,0,,14,1.2,,20,1.7,,34,,,,,,,,,,,,,,,,,,,,,,,,,,,,0%,0,31%,23,0%,0,,,
Matt Forte,FortMa00,2008,23,CHI,RB,16,16,316,1238,8,65,40.5,50,3.9,77.4,19.8,76,63,477,7.6,4,23,60.5,19,3.9,29.8,82.9,6.3,379,4.5,1715,12,1,12,AP ORoY-4,,,,,,,,,,,,,,,,,,,,,,,,,,,,,,,,,,,,,,,,,,,,,0,,0,0,0,,0,0,,0,0,1,0,0,0,0,,0,0,0,0,,,,,,,,,,,
Matt Forte,FortMa00,2009,24,CHI,RB,16,16,258,929,4,41,41.1,61,3.6,58.1,16.1,72,57,471,8.3,0,17,37.5,37,3.6,29.4,79.2,6.5,315,4.4,1400,4,6,9,,,,,,,,,,,,,,,,,,,,,,,,,,,,,,,,,,,,,,,,,,,,,,0,,0,0,0,,0,2,,0,0,6,0,0,0,0,,0,0,0,0,,,,,,,,,,,
Matt Forte,FortMa00,2010,25,CHI,RB,16,16,237,1069,6,43,40.9,68,4.5,66.8,14.8,70,51,547,10.7,3,21,48.6,89,3.2,34.2,72.9,7.8,288,5.6,1616,9,3,13,,,,,,,,,,,,,,,,,,,,,,,,,,,,,,,,,,,,,,,,,,,,,,0,,0,0,0,,0,1,,0,0,3,0,0,0,0,,0,0,0,0,,,,,,,,,,,
Matt Forte,FortMa00,2011,26,CHI,RB,12,12,203,997,3,41,43.8,46,4.9,83.1,16.9,76,52,490,9.4,1,20,38.2,56,4.3,40.8,68.4,6.4,255,5.8,1487,4,2,11,PB,,,,,,,,,,,,,,,,,,,,,,,,,,,,,,,,,,,,,,,,,,,,,0,,0,0,0,,0,0,,0,0,2,0,0,0,0,,0,0,0,0,,,,,,,,,,,
Matt Forte,FortMa00,2012,27,CHI,RB,15,15,248,1094,5,45,41.5,46,4.4,72.9,16.5,59,44,340,7.7,1,15,33.9,47,2.9,22.7,74.6,5.8,292,4.9,1434,6,2,11,,,,,,,,,,,,,,,,,,,,,,,,,,,,,,,,,,,,,,,,,,,,,,0,,0,0,0,,0,1,,0,0,2,0,0,0,0,,0,0,0,0,,,0%,0,71%,693,0%,0,,,
Matt Forte,FortMa00,2013,28,CHI,RB,16,16,289,1339,9,73,42.2,55,4.6,83.7,18.1,95,74,594,8,3,26,48.4,34,4.6,37.1,77.9,6.3,363,5.3,1933,12,2,15,PB,,,,,,,,,,,,,,,,,,,,,,,,,,,,,,,,,,,,,,,,,,,,,0,,0,0,0,,0,0,,0,0,2,0,0,0,0,,0,0,0,0,,,,,,,,,,,
Matt Forte,FortMa00,2014,29,CHI,RB,16,16,266,1038,6,65,48.9,32,3.9,64.9,16.6,130,102,808,7.9,4,28,46.2,56,6.4,50.5,78.5,6.2,368,5,1846,10,2,13,,,,,,,,,,,,,,,,,,,,,,,,,,,,,,,,,,,,,,,,,,,,,,0,,0,0,0,,0,0,,0,0,2,0,0,0,0,,0,0,0,0,,,0%,0,92%,974,0%,0,,,
Matt Forte,FortMa00,2015,30,CHI,RB,13,13,218,898,4,47,48.2,27,4.1,69.1,16.8,58,44,389,8.8,3,17,50,38,3.4,29.9,75.9,6.7,262,4.9,1287,7,2,8,,,,,,,,,,,,,,,,,,,,,,,,,,,,,,,,,,,,,,,,,,,,,,0,,0,0,0,,0,1,,0,0,2,0,0,0,0,,0,0,0,0,,,0%,0,68%,597,0%,0,,,
Matt Forte,FortMa00,2016,31,NYJ,RB,14,13,218,813,7,36,40.4,32,3.7,58.1,15.6,43,30,263,8.8,1,10,48.8,40,2.1,18.8,69.8,6.1,248,4.3,1076,8,1,5,,,,,,,,,,,,,,,,,,,,,,,,,,,,,,,,,,,,,,,,,,,,,,0,,0,0,0,,0,0,,0,0,1,0,,0,0,,,0,0,0,,,0%,0,53%,487,0%,0,,,
Matt Forte,FortMa00,2017,32,NYJ,RB,12,4,103,381,2,13,40.8,20,3.7,31.8,8.6,45,37,293,7.9,1,14,46.7,34,3.1,24.4,82.2,6.5,140,4.8,674,3,1,5,,,,,,,,,,,,,,,,,,,,,,,,,,,,,,,,,,,,,,,,,,,,,,0,,0,0,0,,0,0,,0,0,1,0,0,0,0,,0,0,0,0,,,0%,0,46%,361,0%,0,,,
Maurice Jones-Drew,DrewMa00,2006,21,JAX,RB,16,1,166,941,13,46,48.8,74,5.7,58.8,10.4,62,46,436,9.5,2,17,43.5,51,2.9,27.3,74.2,7,212,6.5,1377,15,1,13,AP ORoY-2,,,,,,,,,,,,,,,,,,,,,,,,,,,,,,,,,,,,,,,,,,,,,0,,0,0,0,,0,0,,0,0,1,0,0,0,0,,0,0,0,0,,,,,,,,,,,
Maurice Jones-Drew,DrewMa00,2007,22,JAX,RB,15,0,167,768,9,47,44.3,57,4.6,51.2,11.1,55,40,407,10.2,0,22,52.7,43,2.7,27.1,72.7,7.4,207,5.7,1175,9,2,13,,,,,,,,,,,,,,,,,,,,,,,,,,,,,,,,,,,,,,,,,,,,,,0,,0,0,0,,0,0,,0,0,2,0,0,0,0,,0,0,0,0,,,,,,,,,,,
Maurice Jones-Drew,DrewMa00,2008,23,JAX,RB,16,3,197,824,12,49,46.2,46,4.2,51.5,12.3,75,62,565,9.1,2,28,56,26,3.9,35.3,82.7,7.5,259,5.4,1389,14,6,10,,,,,,,,,,,,,,,,,,,,,,,,,,,,,,,,,,,,,,,,,,,,,,0,,0,0,0,,0,1,,0,0,6,0,0,0,0,,0,0,0,0,,,,,,,,,,,
Maurice Jones-Drew,DrewMa00,2009,24,JAX,RB,16,16,312,1391,15,69,48.1,80,4.5,86.9,19.5,71,53,374,7.1,1,16,46.5,19,3.3,23.4,74.6,5.3,365,4.8,1765,16,2,13,PB,,,,,,,,,,,,,,,,,,,,,,,,,,,,,,,,,,,,,,,,,,,,,0,,0,0,0,,0,2,,0,0,2,0,0,0,0,,0,0,0,0,,,,,,,,,,,
Maurice Jones-Drew,DrewMa00,2010,25,JAX,RB,14,14,299,1324,5,74,50.8,37,4.4,94.6,21.4,44,34,317,9.3,2,13,43.2,75,2.4,22.6,77.3,7.2,333,4.9,1641,7,2,14,PB,,,,,,,,,,,,,,,,,,,,,,,,,,,,,,,,,,,,,,,,,,,,,0,,0,0,0,,0,2,,0,0,2,0,0,0,0,,0,0,0,0,,,,,,,,,,,
Maurice Jones-Drew,DrewMa00,2011,26,JAX,RB,16,16,343,1606,8,76,48.1,56,4.7,100.4,21.4,64,43,374,8.7,3,18,43.8,48,2.7,23.4,67.2,5.8,386,5.1,1980,11,6,14,"PB,AP-1",,,,,,,,,,,,,,,,,,,,,,,,,,,,,,,,,,,,,,,,,,,,,0,,0,0,0,,0,3,,0,-16,6,0,0,0,0,,0,0,0,0,,,,,,,,,,,
Maurice Jones-Drew,DrewMa00,2012,27,JAX,RB,6,5,86,414,1,21,46.5,59,4.8,69,14.3,18,14,86,6.1,1,3,33.3,13,2.3,14.3,77.8,4.8,100,5,500,2,2,3,,,,,,,,,,,,,,,,,,,,,,,,,,,,,,,,,,,,,,,,,,,,,,0,,0,0,0,,0,1,,0,0,2,0,0,0,0,,0,0,0,0,,,0%,0,66%,240,1%,2,,,
Maurice Jones-Drew,DrewMa00,2013,28,JAX,RB,15,15,234,803,5,46,36.3,48,3.4,53.5,15.6,60,43,314,7.3,0,13,51.7,17,2.9,20.9,71.7,5.2,277,4,1117,5,1,5,,,,,,,,,,,,,,,,,,,,,,,,,,,,,,,,,,,,,,,,,,,,,,0,,0,0,0,,0,1,,0,0,1,0,0,0,0,,0,0,0,0,,,0%,0,66%,648,0%,0,,,
Maurice Jones-Drew,DrewMa00,2014,29,OAK,RB,12,1,43,96,0,2,23.3,13,2.2,8,3.6,16,11,71,6.5,0,3,43.8,12,0.9,5.9,68.8,4.4,54,3.1,167,0,1,1,,,,,,,,,,,,,,,,,,,,,,,,,,,,,,,,,,,,,,,,,,,,,,0,,0,0,0,,0,0,,0,0,1,0,0,0,0,,0,0,0,0,,,0%,0,26%,205,0%,0,,,
Melvin Gordon,GordMe00,2015,22,SDG,RB,14,12,184,641,0,36,42.4,27,3.5,45.8,13.1,37,33,192,5.8,0,8,48.6,18,2.4,13.7,89.2,5.2,217,3.8,833,0,6,5,,,,,,,,,,,,,,,,,,,,,,,,,,,,,,,,,,,,,,,,,,,,,,0,,0,0,0,,0,0,,0,0,6,0,0,0,0,,0,0,0,0,,,0%,0,39%,394,0%,0,,,
Melvin Gordon,GordMe00,2016,23,SDG,RB,13,11,254,997,10,62,42.9,48,3.9,76.7,19.5,57,41,419,10.2,2,21,57.9,35,3.2,32.2,71.9,7.4,295,4.8,1416,12,2,10,PB,,,,,,,,,,,,,,,,,,,,,,,,,,,,,,,,,,,,,,,,,,,,,0,,0,0,0,,0,0,,0,0,2,0,,0,0,,,0,0,0,,,,,,,,,,,
Melvin Gordon,GordMe00,2017,24,LAC,RB,16,16,284,1105,8,61,39.8,87,3.9,69.1,17.8,83,58,476,8.2,4,22,39.8,49,3.6,29.8,69.9,5.7,342,4.6,1581,12,1,10,,,,,,,,,,,,,,,,,,,,,,,,,,,,,,,,,,,,,,,,,,,,,,0,,0,0,0,,0,0,,0,0,1,0,,0,0,,,0,0,0,,,0%,0,71%,749,0%,0,,,
Melvin Gordon,GordMe00,2018,25,LAC,RB,12,12,175,885,10,47,51.4,34,5.1,73.8,14.6,66,50,490,9.8,4,21,48.5,66,4.2,40.8,75.8,7.4,225,6.1,1375,14,1,11,PB,,,,,,,,,,,,,21,-47,-0.9,,10,5,9.1,6,1,110,537,10.7,,,490,-0.3,47,175,,21,8.3,481,2.7,,404,2.3,,885,,,,,0,,0,0,0,,0,0,,0,0,1,0,0,0,0,,0,0,0,0,,,,,,,,,,,
Melvin Gordon,GordMe00,2019,26,LAC,RB,12,11,162,612,8,39,49.4,24,3.8,51,13.5,55,42,296,7,1,11,47.3,25,3.5,24.7,76.4,5.4,204,4.5,908,9,4,6,,,,,,,,,,,,,,11,-25,-0.6,,8,5.3,7.3,4,0,94.2,321,7.6,,,296,-0.9,39,162,,8,20.3,300,1.9,,312,1.9,,612,,,,,0,,0,0,0,,0,1,,0,0,4,0,0,0,0,,0,0,0,0,,,0%,0,54%,427,0%,0,,,
Melvin Gordon,GordMe00,2020,27,DEN,RB,15,10,215,986,9,46,44.2,65,4.6,65.7,14.3,44,32,158,4.9,1,7,29.5,20,2.1,10.5,72.7,3.6,247,4.6,1144,10,4,6,,,,,,,,,,,,,,7,-9,-0.3,,4,8,6.8,3,0,85.2,167,5.2,,,158,0.1,46,215,,16,13.4,456,2.1,,530,2.5,,986,,,,,0,,0,0,0,,0,0,,0,-15,4,0,0,0,0,,0,0,0,0,,,0%,0,62%,627,0%,0,,,
Melvin Gordon,GordMe00,2021,28,DEN,RB,16,16,203,918,8,48,55.2,70,4.5,57.4,12.7,38,28,213,7.6,2,9,36.8,30,1.8,13.3,73.7,5.6,231,4.9,1131,10,3,7,,,,,,,,,,,,,,9,27,1,,4,7,7.9,3,0,104.4,186,6.6,,,213,0.3,48,203,,20,10.2,456,2.2,,462,2.3,,918,,,,,0,,0,0,0,,0,0,,0,0,3,0,0,0,0,,0,0,0,0,,,0%,0,51%,514,0%,0,,,
Melvin Gordon,GordMe00,2022,29,DEN,RB,10,6,90,318,2,15,50,17,3.5,31.8,9,32,25,223,8.9,0,11,46.9,24,2.5,22.3,78.1,7,115,4.7,541,2,5,3,,,,,,,,,,,,,,11,17,0.7,,1,25,9.4,3,0,95.7,206,8.2,,,223,0.7,15,90,,5,18,150,1.7,,168,1.9,,318,,,,,0,,0,0,0,,0,1,,0,0,5,0,0,0,0,,0,0,0,0,,,0%,0,42%,284,0%,0,,,
Melvin Gordon,GordMe00,2023,30,BAL,RB,4,0,26,81,1,4,30.8,22,3.1,20.3,6.5,3,3,46,15.3,0,3,100,23,0.8,11.5,100,15.3,29,4.4,127,1,1,1,,,,,,,,,,,,,,3,18,6,,0,,0,0,0,118.7,28,9.3,,,46,6,4,26,,1,26,52,2,,29,1.1,,81,,,,,0,,0,0,0,,0,0,,0,0,1,0,0,0,0,,0,0,0,0,,,0%,0,23%,56,0%,0,,,
Michael Turner,TurnMi00,2004,22,SDG,RB,14,1,20,104,0,4,35,30,5.2,7.4,1.4,5,4,8,2,0,0,20,7,0.3,0.6,80,1.6,24,4.7,112,0,1,1,,,,,,,,,,,,,,,,,,,,,,,,,,,,,,,,,,,,,,,,,,,,,,0,,0,0,0,,0,0,,0,0,1,0,,0,0,,0,0,2,2,,,,,,,,,,,
Michael Turner,TurnMi00,2005,23,SDG,RB,16,0,57,335,3,12,47.4,83,5.9,20.9,3.6,1,0,0,,0,0,0,,0,0,0,0,57,5.9,335,3,0,3,,,,,,,,,,,,,,,,,,,,,,,,,,,,,,,,,,,,,,,,,,,,,,0,,0,0,0,,0,0,,0,0,0,0,,0,0,,0,0,4,4,,,,,,,,,,,
Michael Turner,TurnMi00,2006,24,SDG,RB,13,0,80,502,2,25,52.5,73,6.3,38.6,6.2,3,3,47,15.7,0,2,66.7,30,0.2,3.6,100,15.7,83,6.6,549,2,0,6,,,,,,,,,,,,,,,,,,,,,,,,,,,,,,,,,,,,,,,,,,,,,,0,,0,0,0,,0,0,,0,0,0,0,0,0,0,,0,0,3,3,,,,,,,,,,,
Michael Turner,TurnMi00,2007,25,SDG,RB,16,0,71,316,1,11,28.2,74,4.5,19.8,4.4,7,4,16,4,0,1,28.6,12,0.3,1,57.1,2.3,75,4.4,332,1,1,3,,,,,,,,,,,,,,,,,,,,,,,,,,,,,,,,,,,,,,,,,,,,,,0,,0,0,0,,0,0,,0,0,1,0,0,0,0,,0,1,3,2,,,,,,,,,,,
Michael Turner,TurnMi00,2008,26,ATL,RB,16,16,376,1699,17,85,46.5,70,4.5,106.2,23.5,9,6,41,6.8,0,2,44.4,18,0.4,2.6,66.7,4.6,382,4.6,1740,17,3,13,"PB,AP-1,AP MVP-2,AP OPoY-6",,,,,,,,,,,,,,,,,,,,,,,,,,,,,,,,,,,,,,,,,,,,,0,,0,0,0,,0,0,,0,0,3,0,,0,0,,,0,0,0,,,,,,,,,,,
Michael Turner,TurnMi00,2009,27,ATL,RB,11,11,178,871,10,43,48.9,58,4.9,79.2,16.2,7,5,35,7,0,2,71.4,10,0.5,3.2,71.4,5,183,5,906,10,4,7,,,,,,,,,,,,,,,,,,,,,,,,,,,,,,,,,,,,,,,,,,,,,,0,,0,0,0,,0,1,,0,0,4,0,0,0,0,,0,0,0,0,,,,,,,,,,,
Michael Turner,TurnMi00,2010,28,ATL,RB,16,15,334,1371,12,75,44,55,4.1,85.7,20.9,20,12,85,7.1,0,2,45,19,0.8,5.3,60,4.3,346,4.2,1456,12,2,13,"PB,AP-2",,,,,,,,,,,,,,,,,,,,,,,,,,,,,,,,,,,,,,,,,,,,,0,,0,0,0,,0,0,,0,0,2,0,,0,0,,,0,0,0,,,,,,,,,,,
Michael Turner,TurnMi00,2011,29,ATL,RB,16,15,301,1340,11,63,44.5,81,4.5,83.8,18.8,26,17,168,9.9,0,8,53.8,32,1.1,10.5,65.4,6.5,318,4.7,1508,11,3,11,,,,,,,,,,,,,,,,,,,,,,,,,,,,,,,,,,,,,,,,,,,,,,0,,0,0,0,,0,0,,0,0,3,0,,0,0,,,0,0,0,,,,,,,,,,,
Michael Turner,TurnMi00,2012,30,ATL,RB,16,16,222,800,10,40,41,43,3.6,50,13.9,30,19,128,6.7,1,2,26.7,60,1.2,8,63.3,4.3,241,3.9,928,11,3,6,,,,,,,,,,,,,,,,,,,,,,,,,,,,,,,,,,,,,,,,,,,,,,0,,0,0,0,,0,1,,0,0,3,0,0,0,0,,0,0,0,0,,,0%,0,45%,476,0%,0,,,
Miles Sanders,SandMi01,2019,22,PHI,RB,16,11,179,818,3,30,44.7,65,4.6,51.1,11.2,63,50,509,10.2,3,19,49.2,45,3.1,31.8,79.4,8.1,229,5.8,1327,6,2,8,AP ORoY-4,,,,,,,,,,,,,19,89,1.8,,4,12.5,4.8,3,0,116.2,420,8.4,,,509,2,30,179,,16,11.2,373,2.1,,445,2.5,,818,,,,,0,,0,0,0,,0,0,,0,0,2,0,0,0,0,,0,0,0,0,,,0%,0,53%,613,8%,37,,,
Miles Sanders,SandMi01,2020,23,PHI,RB,12,11,164,867,6,39,54.9,82,5.3,72.3,13.7,52,28,197,7,0,8,34.6,28,2.3,16.4,53.8,3.8,192,5.5,1064,6,4,6,,,,,,,,,,,,,,8,-11,-0.4,,3,9.3,13.5,7,2,46.7,208,7.4,,,197,1.9,39,164,,9,18.2,370,2.3,,497,3,,867,,,,,0,,0,0,0,,0,1,,0,7,4,0,0,0,0,,0,0,0,0,,,0%,0,71%,602,0%,0,,,
Miles Sanders,SandMi01,2021,24,PHI,RB,12,12,137,754,0,34,59.1,38,5.5,62.8,11.4,34,26,158,6.1,0,6,38.2,25,2.2,13.2,76.5,4.6,163,5.6,912,0,1,7,,,,,,,,,,,,,,6,-69,-2.7,,6,4.3,2.9,1,0,85.2,227,8.7,,,158,-0.5,34,137,,12,11.4,283,2.1,,471,3.4,,754,,,,,0,,0,0,0,,0,0,,0,0,1,0,0,0,0,,0,0,0,0,,,0%,0,53%,426,0%,0,,,
Miles Sanders,SandMi01,2022,25,PHI,RB,17,15,259,1269,11,65,56.8,40,4.9,74.6,15.2,26,20,78,3.9,0,2,46.2,16,1.2,4.6,76.9,3,279,4.8,1347,11,2,10,PB,,,,,,,,,,,,,2,-19,-1,,2,10,7.7,2,0,78.7,97,4.9,,,78,0.9,65,259,,13,19.9,432,1.7,,837,3.2,,1269,,,,,0,,0,0,0,,0,3,,0,2,2,0,0,0,0,,0,0,0,0,,,,,,,,,,,
Miles Sanders,SandMi01,2023,26,CAR,RB,16,5,129,432,1,24,40.3,48,3.3,27,8.1,41,27,154,5.7,0,8,39,14,1.7,9.6,65.9,3.8,156,3.8,586,1,2,3,,,,,,,,,,,,,,8,-4,-0.1,,4,6.8,9.8,4,1,62.4,158,5.9,,,154,0.6,24,129,,8,16.1,224,1.7,,208,1.6,,432,,,,,0,,0,0,0,,0,1,,0,0,2,0,0,0,0,,0,0,0,0,,,0%,0,38%,406,0%,1,,,
Miles Sanders,SandMi01,2024,27,CAR,RB,11,2,55,205,2,12,45.5,26,3.7,18.6,5,30,24,148,6.2,1,5,23.3,33,2.2,13.5,80,4.9,79,4.5,353,3,1,3,,,,,,,,,,,,,,5,-2,-0.1,,1,24,0,0,1,84.4,150,6.3,,,148,1.4,12,55,,2,27.5,81,1.5,,124,2.3,,205,,,,,0,,0,0,0,,0,0,,0,0,1,0,0,0,0,,0,0,0,0,,,0%,0,34%,224,1%,4,,,
Miles Sanders,SandMi01,2025,28,DAL,RB,4,0,20,117,1,5,50,49,5.9,29.3,5,8,8,30,3.8,0,0,37.5,9,2,7.5,100,3.8,28,5.3,147,1,1,1,,,,,,,,,,,,,,0,-14,-1.8,,0,,0,0,0,82.3,44,5.5,,,30,-1.8,5,20,,1,20,36,1.8,,81,4.1,,117,,,,,0,,0,0,0,,0,0,,0,0,1,0,0,0,0,,0,0,0,0,,,0%,0,22%,65,8%,9,,,
Najee Harris,HarrNa00,2021,23,PIT,RB,17,17,307,1200,7,62,47.6,37,3.9,70.6,18.1,94,74,467,6.3,3,22,48.9,25,4.4,27.5,78.7,5,381,4.4,1667,10,0,10,PB,,,,,,,,,,,,,22,-32,-0.4,,17,4.4,7.4,7,0,98,499,6.7,,,467,-0.1,62,307,,30,10.2,675,2.2,,525,1.7,,1200,,,,,0,,0,0,0,,0,1,,0,0,0,0,0,0,0,,0,0,2,2,,,,,,,,,,,
Najee Harris,HarrNa00,2022,24,PIT,RB,17,17,272,1034,7,45,46,36,3.8,60.8,16,53,41,229,5.6,3,16,49.1,19,2.4,13.5,77.4,4.3,313,4,1263,10,3,6,,,,,,,,,,,,,,16,18,0.4,,4,10.3,5.7,3,0,103.4,211,5.1,,,229,1.7,45,272,,21,13,457,1.7,,577,2.1,,1034,,,,,0,,0,0,0,,0,0,,0,0,3,0,0,0,0,,0,0,2,2,,,0%,0,66%,763,0%,1,,,
Najee Harris,HarrNa00,2023,25,PIT,RB,17,17,255,1035,8,52,48.2,25,4.1,60.9,15,38,29,170,5.9,0,10,50,32,1.7,10,76.3,4.5,284,4.2,1205,8,2,7,,,,,,,,,,,,,,10,-5,-0.2,,6,4.8,5.3,2,0,84.3,175,6,,,170,0.2,52,255,,30,8.5,618,2.4,,417,1.6,,1035,,,,,0,,0,0,0,,0,0,,0,0,2,0,0,0,0,,0,0,0,0,,,0%,0,53%,569,1%,4,,,
Najee Harris,HarrNa00,2024,26,PIT,RB,17,17,263,1043,6,51,43.7,36,4,61.4,15.5,48,36,283,7.9,0,14,45.8,32,2.1,16.6,75,5.9,299,4.4,1326,6,0,8,,,,,,,,,,,,,,14,-46,-1.3,,7,5.1,8.3,4,0,89.1,329,9.1,,,283,-1.5,51,263,,22,12,541,2.1,,502,1.9,,1043,,,,,,,,,,,,,,,,,,,,,,,,,,,,0%,0,50%,569,0%,2,,,
Najee Harris,HarrNa00,2025,27,LAC,RB,3,0,15,61,0,3,86.7,7,4.1,20.3,5,3,3,25,8.3,0,1,66.7,11,1,8.3,100,8.3,18,4.8,86,0,0,1,,,,,,,,,,,,,,1,10,3.3,,1,3,0,0,0,101.4,15,5,,,25,3.3,3,15,,0,,31,2.1,,30,2,,61,,,,,,,,,,,,,,,,,,,,,,,,,,,,0%,0,21%,43,0%,0,,,
Nick Chubb,ChubNi00,2018,23,CLE,RB,16,9,192,996,8,47,47.9,92,5.2,62.3,12,29,20,149,7.5,2,5,41.4,24,1.3,9.3,69,5.1,212,5.4,1145,10,0,6,,,,,,,,,,,,,,5,-32,-1.6,,0,,10.3,3,0,104,181,9.1,,,149,1.6,47,192,,22,8.7,598,3.1,,398,2.1,,996,,,,,0,,0,0,0,,0,0,,0,0,0,0,0,0,0,,0,3,5,2,,,0%,0,36%,395,23%,106,,,
Nick Chubb,ChubNi00,2019,24,CLE,RB,16,16,298,1494,8,62,43.6,88,5,93.4,18.6,49,36,278,7.7,0,13,42.9,32,2.3,17.4,73.5,5.7,334,5.3,1772,8,3,12,PB,,,,,,,,,,,,,13,-40,-1.1,,8,4.5,8.2,4,0,86.9,318,8.8,,,278,-0.6,62,298,,32,9.3,882,3,,612,2.1,,1494,,,,,0,,0,0,0,,0,0,,0,0,3,0,0,0,0,,0,0,0,0,,,,,,,,,,,
Nick Chubb,ChubNi00,2020,25,CLE,RB,12,12,190,1067,12,56,51.6,59,5.6,88.9,15.8,18,16,150,9.4,0,6,61.1,26,1.3,12.5,88.9,8.3,206,5.9,1217,12,1,9,PB,,,,,,,,,,,,,6,17,1.1,,4,4,0,0,0,101.4,133,8.3,,,150,2.7,56,190,,21,9,511,2.7,,556,2.9,,1067,,,,,0,,0,0,0,,0,0,,0,0,1,0,0,0,0,,0,0,0,0,,,,,,,,,,,
Nick Chubb,ChubNi00,2021,26,CLE,RB,14,14,228,1259,8,61,49.1,70,5.5,89.9,16.3,25,20,174,8.7,1,9,52,40,1.4,12.4,80,7,248,5.8,1433,9,2,10,PB,,,,,,,,,,,,,9,2,0.1,,4,5,0,0,0,109,172,8.6,,,174,1,61,228,,23,9.9,692,3,,567,2.5,,1259,,,,,0,,0,0,0,,0,1,,0,0,2,0,0,0,0,,0,0,0,0,,,,,,,,,,,
Nick Chubb,ChubNi00,2022,27,CLE,RB,17,17,302,1525,12,69,50,41,5,89.7,17.8,37,27,239,8.9,1,12,51.4,26,1.6,14.1,73,6.5,329,5.4,1764,13,1,12,"PB,AP-2",,,,,,,,,,,,,12,-20,-0.7,,3,9,10.8,4,0,98.8,259,9.6,,,239,0,69,302,,28,10.8,695,2.3,,830,2.7,,1525,,,,,0,,0,0,0,,0,0,,0,0,1,0,0,0,0,,0,0,0,0,,,,,,,,,,,
Nick Chubb,ChubNi00,2023,28,CLE,RB,2,2,28,170,0,8,57.1,20,6.1,85,14,4,4,21,5.3,0,1,50,10,2,10.5,100,5.3,32,6,191,0,0,1,,,,,,,,,,,,,,1,1,0.3,,0,,0,0,0,88.5,20,5,,,21,0.3,8,28,,2,14,70,2.5,,100,3.6,,170,,,,,,,,,,,,,,,,,,,,,,,,,,,,0%,0,34%,54,0%,0,,,
Nick Chubb,ChubNi00,2024,29,CLE,RB,8,8,102,332,3,17,41.2,19,3.3,41.5,12.8,11,5,31,6.2,1,3,27.3,19,0.6,3.9,45.5,2.8,107,3.4,363,4,1,2,AP CPoY-8,,,,,,,,,,,,,3,0,0,,0,,0,0,2,43.2,31,6.2,,,31,-0.5,17,102,,4,25.5,162,1.6,,170,1.7,,332,,,,,0,,0,0,0,,0,0,,0,0,1,0,0,0,0,,0,0,0,0,,,0%,0,40%,235,0%,0,,,
Nick Chubb,ChubNi00,2025,30,HOU,RB,15,9,122,506,3,20,48.4,30,4.1,33.7,8.1,20,13,67,5.2,0,1,35,27,0.9,4.5,65,3.4,135,4.2,573,3,0,3,,,,,,,,,,,,,,1,4,0.3,,1,13,10,2,0,70.2,63,4.8,,,67,0.7,20,122,,5,24.4,255,2.1,,251,2.1,,506,,,,,,,,,,,,,,,,,,,,,,,,,,,,0%,0,32%,326,0%,0,,,
Priest Holmes,HolmPr00,1997,24,BAL,RB,7,0,0,0,0,0,,,,0,0,0,0,0,,0,0,,,0,0,,,0,,0,0,0,0,,,,,,,,,,,,,,,,,,,,,,,,,,,,,,,,,,,,,,,,,,,,,,,,,,,,,,,,,,,,,,,,,,,,,,,,,,,,,
Priest Holmes,HolmPr00,1998,25,BAL,RB,16,13,233,1008,7,54,44.6,56,4.3,63,14.6,62,43,260,6,0,10,29,25,2.7,16.3,69.4,4.2,276,4.6,1268,7,3,8,,,,,,,,,,,,,,,,,,,,,,,,,,,,,,,,,,,,,,,,,,,,,,0,,0,0,0,,0,1,,0,1,3,,,0,0,,,0,0,0,,,,,,,,,,,
Priest Holmes,HolmPr00,1999,26,BAL,RB,9,4,89,506,1,20,52.8,72,5.7,56.2,9.9,17,13,104,8,1,6,47.1,34,1.4,11.6,76.5,6.1,102,6,610,2,0,4,,,,,,,,,,,,,,,,,,,,,,,,,,,,,,,,,,,,,,,,,,,,,,0,,0,0,0,,0,1,,0,0,0,0,,0,0,,0,0,0,0,,,,,,,,,,,
Priest Holmes,HolmPr00,2000,27,BAL,RB,16,2,137,588,2,38,51.1,21,4.3,36.8,8.6,46,32,221,6.9,0,11,39.1,27,2,13.8,69.6,4.8,169,4.8,809,2,2,6,,,,,,,,,,,,,,,,,,,,,,,,,,,,,,,,,,,,,,,,,,,,,,0,,0,0,0,,0,1,,0,0,2,0,,0,0,,0,0,0,0,,,,,,,,,,,
Priest Holmes,HolmPr00,2001,28,KAN,RB,16,16,327,1555,8,81,50.5,41,4.8,97.2,20.4,75,62,614,9.9,2,21,49.3,67,3.9,38.4,82.7,8.2,389,5.6,2169,10,4,17,"PB,AP-1,AP OPoY-4",,,,,,,,,,,,,,,,,,,,,,,,,,,,,,,,,,,,,,,,,,,,,0,,0,0,0,,0,0,,0,0,4,0,,0,0,,0,0,0,0,,,,,,,,,,,
Priest Holmes,HolmPr00,2002,29,KAN,RB,14,14,313,1615,21,105,54.3,56,5.2,115.4,22.4,81,70,672,9.6,3,31,56.8,64,5,48,86.4,8.3,383,6,2287,24,1,23,"PB,AP-1,AP MVP-4,AP OPoY-1",,,,,,,,,,,,,,,,,,,,,,,,,,,,,,,,,,,,,,,,,,,,,0,,0,0,0,,0,0,,0,0,1,0,,0,0,,,,,,,,,,,,,,,,
Priest Holmes,HolmPr00,2003,30,KAN,RB,16,16,320,1420,27,90,57.5,31,4.4,88.8,20,90,74,690,9.3,0,35,56.7,36,4.6,43.1,82.2,7.7,394,5.4,2110,27,1,20,"PB,AP-1,AP MVP-5,AP OPoY-4,AP CPoY-11",,,,,,,,,,,,,,,,,,,,,,,,,,,,,,,,,,,,,,,,,,,,,0,,0,0,0,,0,0,,0,0,1,0,,0,0,,,,,,,,,,,,,,,,
Priest Holmes,HolmPr00,2004,31,KAN,RB,8,8,196,892,14,59,53.1,33,4.6,111.5,24.5,25,19,187,9.8,1,8,36,52,2.4,23.4,76,7.5,215,5,1079,15,4,8,,,,,,,,,,,,,,,,,,,,,,,,,,,,,,,,,,,,,,,,,,,,,,0,,0,0,0,,0,0,,0,0,4,0,,0,0,,,,,,,,,,,,,,,,
Priest Holmes,HolmPr00,2005,32,KAN,RB,7,7,119,451,6,30,43.7,35,3.8,64.4,17,32,21,197,9.4,1,7,43.8,60,3,28.1,65.6,6.2,140,4.6,648,7,1,5,,,,,,,,,,,,,,,,,,,,,,,,,,,,,,,,,,,,,,,,,,,,,,0,,0,0,0,,0,0,,0,0,1,0,,0,0,,,,,,,,,,,,,,,,
Priest Holmes,HolmPr00,2007,34,KAN,RB,4,2,46,137,0,6,37,11,3,34.3,11.5,10,5,17,3.4,0,0,30,8,1.3,4.3,50,1.7,51,3,154,0,0,1,,,,,,,,,,,,,,,,,,,,,,,,,,,,,,,,,,,,,,,,,,,,,,,,,,,,,,,,,,,,,,,,,,,,,,,,,,,,,
Quinshon Judkins,JudkQu00,2025,22,CLE,RB,14,14,230,827,7,50,40.9,46,3.6,59.1,16.4,36,26,171,6.6,0,7,33.3,58,1.9,12.2,72.2,4.8,256,3.9,998,7,0,4,,,,,,,,,,,,,,7,-23,-0.9,,0,,2.8,1,1,70.5,194,7.5,,,171,-0.5,50,230,,11,20.9,505,2.2,,322,1.4,,827,,,,,,,,,,,,,,,,,,,,,,,,,,,,0%,0,50%,452,0%,0,,,
Raheem Mostert,MostRa00,2015,23,3TM,RB,11,0,0,0,0,0,,,,0,0,0,0,0,,0,0,,,0,0,,,0,,0,0,1,0,,,,,,,,,,,,,,,,,,,,,,,,,,,,,,,,,,,,,,,,,,,,,,0,,0,0,0,,0,0,,0,0,1,0,0,0,0,,0,0,1,1,,,,0,,2,,152,,,
Raheem Mostert,MostRa00,2016,24,2TM,RB,3,0,1,6,0,0,100,6,6,2,0.3,0,0,0,,0,0,,,0,0,,,1,6,6,0,0,0,,,,,,,,,,,,,,,,,,,,,,,,,,,,,,,,,,,,,,,,,,,,,,,,,,,,,,,,,,,,,,,,,,,,,,0,,4,,40,,,
Raheem Mostert,MostRa00,2017,25,SFO,RB,11,0,6,30,0,1,50,16,5,2.7,0.5,0,0,0,,0,0,,,0,0,,,6,5,30,0,1,0,,,,,,,,,,,,,,,,,,,,,,,,,,,,,,,,,,,,,,,,,,,,,,0,,0,0,0,,0,0,,0,0,1,0,0,0,0,,0,0,8,8,,,0%,0,2%,15,64%,204,,,
Raheem Mostert,MostRa00,2018,26,SFO,RB,9,0,34,261,1,13,64.7,52,7.7,29,3.8,7,6,25,4.2,0,1,28.6,23,0.7,2.8,85.7,3.6,40,7.2,286,1,1,2,,,,,,,,,,,,,,1,-19,-3.2,,0,,0,0,0,81.5,44,7.3,,,25,-0.6,13,34,,5,6.8,118,3.5,,143,4.2,,261,,,,,0,,0,0,0,,0,0,,0,0,1,0,0,0,0,,0,0,6,6,,,0%,0,15%,90,59%,157,,,
Raheem Mostert,MostRa00,2019,27,SFO,RB,16,0,137,772,8,31,48.9,41,5.6,48.3,8.6,22,14,180,12.9,2,6,40.9,39,0.9,11.3,63.6,8.2,151,6.3,952,10,2,8,,,,,,,,,,,,,,6,25,1.8,,1,14,9.1,2,0,119.5,155,11.1,,,180,2,31,137,,12,11.4,297,2.2,,475,3.5,,772,,,,,0,,0,0,0,,0,2,,0,0,2,0,0,0,0,,0,3,11,8,,,0%,0,34%,362,46%,201,,,
Raheem Mostert,MostRa00,2020,28,SFO,RB,8,8,104,521,2,22,49,80,5,65.1,13,19,16,156,9.8,1,5,52.6,76,2,19.5,84.2,8.2,120,5.6,677,3,1,4,,,,,,,,,,,,,,5,20,1.3,,1,16,0,0,0,118.4,136,8.5,,,156,1.1,22,104,,5,20.8,175,1.7,,346,3.3,,521,,,,,0,,0,0,0,,0,0,,0,0,1,0,0,0,0,,0,0,0,0,,,0%,0,43%,237,0%,0,,,
Raheem Mostert,MostRa00,2021,29,SFO,RB,1,1,2,20,0,1,100,11,10,20,2,0,0,0,,0,0,,,0,0,,,2,10,20,0,0,0,,,,,,,,,,,,,,0,0,,,0,,,0,0,,0,,,,0,,1,2,,0,,2,1,,18,9,,20,,,,,,,,,,,,,,,,,,,,,,,,,,,,0%,0,7%,4,0%,0,,,
Raheem Mostert,MostRa00,2022,30,MIA,RB,16,14,181,891,3,44,55.2,67,4.9,55.7,11.3,42,31,202,6.5,2,11,47.6,25,1.9,12.6,73.8,4.8,212,5.2,1093,5,1,7,,,,,,,,,,,,,,11,23,0.7,,8,3.9,4.8,2,1,89.6,179,5.8,,,202,1.1,44,181,,16,11.3,379,2.1,,512,2.8,,891,,,,,0,,0,0,0,,0,0,,0,0,1,0,0,0,0,,0,0,1,1,,,0%,0,56%,552,18%,75,,,
Raheem Mostert,MostRa00,2023,31,MIA,RB,15,15,209,1012,18,59,55,49,4.8,67.5,13.9,32,25,175,7,3,6,40.6,22,1.7,11.7,78.1,5.5,234,5.1,1187,21,4,9,PB,,,,,,,,,,,,,6,-38,-1.5,,6,4.2,3.1,1,1,107.7,213,8.5,,,175,-0.6,59,209,,16,13.1,465,2.2,,547,2.6,,1012,,,,,0,,0,0,0,,0,1,,0,-1,4,0,0,0,0,,0,0,0,0,,,,,,,,,,,
Raheem Mostert,MostRa00,2024,32,MIA,RB,13,1,85,278,2,13,37.6,21,3.3,21.4,6.5,23,19,161,8.5,0,10,52.2,25,1.5,12.4,82.6,7,104,4.2,439,2,2,3,,,,,,,,,,,,,,10,15,0.8,,2,9.5,0,0,0,95.8,146,7.7,,,161,0.6,13,85,,1,85,135,1.6,,143,1.7,,278,,,,,0,,0,0,0,,0,0,,0,0,2,0,0,0,0,,0,0,0,0,,,0%,0,32%,278,10%,34,,,
Raheem Mostert,MostRa00,2025,33,LVR,RB,12,0,22,104,0,5,40.9,37,4.7,8.7,1.8,12,12,70,5.8,0,6,58.3,18,1,5.8,100,5.8,34,5.1,174,0,0,1,,,,,,,,,,,,,,6,-16,-1.3,,0,,0,0,0,91,86,7.2,,,70,-1.3,5,22,,2,11,68,3.1,,36,1.6,,104,,,,,,,,,,,,,,,,,,,,,,,,,,,,0%,0,20%,137,22%,62,,,
Ray Rice,RiceRa00,2008,21,BAL,RB,13,4,107,454,0,21,41.1,60,4.2,34.9,8.2,43,33,273,8.3,0,12,48.8,40,2.5,21,76.7,6.3,140,5.2,727,0,1,6,,,,,,,,,,,,,,,,,,,,,,,,,,,,,,,,,,,,,,,,,,,,,,0,,0,0,0,,0,1,,0,0,1,0,0,0,0,,0,0,0,0,,,,,,,,,,,
Ray Rice,RiceRa00,2009,22,BAL,RB,16,15,254,1339,7,53,48.8,59,5.3,83.7,15.9,101,78,702,9,1,27,46.5,63,4.9,43.9,77.2,7,332,6.1,2041,8,3,18,"PB,AP-2",,,,,,,,,,,,,,,,,,,,,,,,,,,,,,,,,,,,,,,,,,,,,0,,0,0,0,,0,1,,0,2,3,0,0,0,0,,0,0,0,0,,,,,,,,,,,
Ray Rice,RiceRa00,2010,23,BAL,RB,16,14,307,1220,5,53,43.3,50,4,76.3,19.2,83,63,556,8.8,1,23,42.2,34,3.9,34.8,75.9,6.7,370,4.8,1776,6,0,13,,,,,,,,,,,,,,,,,,,,,,,,,,,,,,,,,,,,,,,,,,,,,,,,,,,,,,,,,,,,,,,,,,,,,,,,,,,,,
Ray Rice,RiceRa00,2011,24,BAL,RB,16,16,291,1364,12,54,43,70,4.7,85.3,18.2,104,76,704,9.3,3,30,46.2,52,4.8,44,73.1,6.8,367,5.6,2068,15,2,16,"PB,AP-2",,,,,,,,,,,,,,,,,,,,,,,,,,,,,,,,,,,,,,,,,,,,,0,,0,0,0,,0,0,,0,0,2,0,0,0,0,,0,0,0,0,,,,,,,,,,,
Ray Rice,RiceRa00,2012,25,BAL,RB,16,16,257,1143,9,52,43.2,46,4.4,71.4,16.1,83,61,478,7.8,1,24,42.2,43,3.8,29.9,73.5,5.8,318,5.1,1621,10,1,13,PB,,,,,,,,,,,,,,,,,,,,,,,,,,,,,,,,,,,,,,,,,,,,,0,,0,0,0,,0,0,,0,0,1,0,0,0,0,,0,0,0,0,,,,,,,,,,,
Ray Rice,RiceRa00,2013,26,BAL,RB,15,15,214,660,4,28,33.6,47,3.1,44,14.3,72,58,321,5.5,0,13,37.5,22,3.9,21.4,80.6,4.5,272,3.6,981,4,2,3,,,,,,,,,,,,,,,,,,,,,,,,,,,,,,,,,,,,,,,,,,,,,,0,,0,0,0,,0,0,,0,0,2,0,,0,0,,,0,0,0,,,0%,0,66%,703,0%,0,,,
Reggie Bush,BushRe00,2006,21,NOR,RB,16,8,155,565,6,28,43.9,18,3.6,35.3,9.7,121,88,742,8.4,2,34,43.8,74,5.5,46.4,72.7,6.1,243,5.4,1307,8,2,12,AP ORoY-5,,,,,,,,,,,,,,,,,,,,,,,,,,,,,,,,,,,,,,,,,,,,,0,,0,0,0,,0,1,,0,0,2,0,0,0,0,,0,0,0,0,,,,,,,,,,,
Reggie Bush,BushRe00,2007,22,NOR,RB,12,10,157,581,4,37,45.2,22,3.7,48.4,13.1,98,73,417,5.7,2,23,44.9,25,6.1,34.8,74.5,4.3,230,4.3,998,6,8,8,,,,,,,,,,,,,,,,,,,,,,,,,,,,,,,,,,,,,,,,,,,,,,0,,0,0,0,,0,3,,0,-16,8,0,0,0,0,,0,0,0,0,,,,,,,,,,,
Reggie Bush,BushRe00,2008,23,NOR,RB,10,9,106,404,2,20,45.3,43,3.8,40.4,10.6,73,52,440,8.5,4,22,47.9,42,5.2,44,71.2,6,158,5.3,844,6,3,10,,,,,,,,,,,,,,,,,,,,,,,,,,,,,,,,,,,,,,,,,,,,,,0,,0,0,0,,0,0,,0,0,3,0,,0,0,,,0,0,0,,,,,,,,,,,
Reggie Bush,BushRe00,2009,24,NOR,RB,14,8,70,390,5,19,42.9,55,5.6,27.9,5,68,47,335,7.1,3,16,48.5,29,3.4,23.9,69.1,4.9,117,6.2,725,8,4,6,,,,,,,,,,,,,,,,,,,,,,,,,,,,,,,,,,,,,,,,,,,,,,0,,0,0,0,,0,2,,0,0,4,0,0,0,0,,0,0,0,0,,,,,,,,,,,
Reggie Bush,BushRe00,2010,25,NOR,RB,8,6,36,150,0,6,41.7,23,4.2,18.8,4.5,42,34,208,6.1,1,10,47.6,20,4.3,26,81,5,70,5.1,358,1,2,3,,,,,,,,,,,,,,,,,,,,,,,,,,,,,,,,,,,,,,,,,,,,,,0,,0,0,0,,0,2,,0,0,2,0,0,0,0,,0,0,0,0,,,,,,,,,,,
Reggie Bush,BushRe00,2011,26,MIA,RB,15,15,216,1086,6,41,43.5,76,5,72.4,14.4,52,43,296,6.9,1,12,38.5,34,2.9,19.7,82.7,5.7,259,5.3,1382,7,4,10,,,,,,,,,,,,,,,,,,,,,,,,,,,,,,,,,,,,,,,,,,,,,,0,,0,0,0,,0,3,,0,0,4,0,0,0,0,,0,0,0,0,,,,,,,,,,,
Reggie Bush,BushRe00,2012,27,MIA,RB,16,16,227,986,6,43,50.2,65,4.3,61.6,14.2,52,35,292,8.3,2,14,40.4,25,2.2,18.3,67.3,5.6,262,4.9,1278,8,4,8,,,,,,,,,,,,,,,,,,,,,,,,,,,,,,,,,,,,,,,,,,,,,,0,,0,0,0,,0,0,,0,0,4,0,0,0,0,,0,0,0,0,,,0%,0,55%,573,0%,0,,,
Reggie Bush,BushRe00,2013,28,DET,RB,14,14,223,1006,4,49,44.8,39,4.5,71.9,15.9,80,54,506,9.4,3,22,45,77,3.9,36.1,67.5,6.3,277,5.5,1512,7,5,10,,,,,,,,,,,,,,,,,,,,,,,,,,,,,,,,,,,,,,,,,,,,,,0,,0,0,0,,0,1,,0,0,5,0,0,0,0,,0,0,0,0,,,0%,0,61%,611,0%,0,,,
Reggie Bush,BushRe00,2014,29,DET,RB,11,9,76,297,2,9,43.4,26,3.9,27,6.9,56,40,253,6.3,0,13,39.3,28,3.6,23,71.4,4.5,116,4.7,550,2,0,4,,,,,,,,,,,,,,,,,,,,,,,,,,,,,,,,,,,,,,,,,,,,,,,,,,,,,,,,,,,,,,,,,,,,,0%,0,38%,277,0%,0,,,
Reggie Bush,BushRe00,2015,30,SFO,RB,5,1,8,28,0,0,12.5,9,3.5,5.6,1.6,10,4,19,4.8,0,1,10,8,0.8,3.8,40,1.9,12,3.9,47,0,0,0,,,,,,,,,,,,,,,,,,,,,,,,,,,,,,,,,,,,,,,,,,,,,,,,,,,,,,,,,,,,,,,,,,,,,0%,0,16%,47,5%,6,,,
Reggie Bush,BushRe00,2016,31,BUF,RB,13,0,12,-3,1,3,41.7,5,-0.3,-0.2,0.9,10,7,90,12.9,0,6,70,25,0.5,6.9,70,9,19,4.6,87,1,1,1,,,,,,,,,,,,,,,,,,,,,,,,,,,,,,,,,,,,,,,,,,,,,,0,,0,0,0,,0,0,,0,0,1,0,,0,0,,,0,0,0,,,0%,0,11%,96,11%,42,,,
Ricky Williams,WillRi00,1999,22,NOR,RB,12,12,253,884,2,51,41.9,25,3.5,73.7,21.1,40,28,172,6.1,0,8,30,29,2.3,14.3,70,4.3,281,3.8,1056,2,6,5,,,,,,,,,,,,,,,,,,,,,,,,,,,,,,,,,,,,,,,,,,,,,,0,,0,0,0,,0,1,,0,0,6,0,,0,0,,0,0,0,0,,,,,,,,,,,
Ricky Williams,WillRi00,2000,23,NOR,RB,10,10,248,1000,8,56,44.4,26,4,100,24.8,55,44,409,9.3,1,19,60,24,4.4,40.9,80,7.4,292,4.8,1409,9,6,11,,,,,,,,,,,,,,,,,,,,,,,,,,,,,,,,,,,,,,,,,,,,,,0,,0,0,0,,0,2,,0,0,6,0,,0,0,,0,0,0,0,,,,,,,,,,,
Ricky Williams,WillRi00,2001,24,NOR,RB,16,16,313,1245,6,61,41.9,46,4,77.8,19.6,88,60,511,8.5,1,19,40.9,42,3.8,31.9,68.2,5.8,373,4.7,1756,7,8,14,,,,,,,,,,,,,,,,,,,,,,,,,,,,,,,,,,,,,,,,,,,,,,0,,0,0,0,,0,2,,0,4,8,0,,0,0,,0,0,0,0,,,,,,,,,,,
Ricky Williams,WillRi00,2002,25,MIA,RB,16,16,383,1853,16,94,48.6,63,4.8,115.8,23.9,59,47,363,7.7,1,16,49.2,52,2.9,22.7,79.7,6.2,430,5.2,2216,17,7,19,"PB,AP-1,AP OPoY-4",,,,,,,,,,,,,,,,,,,,,,,,,,,,,,,,,,,,,,,,,,,,,0,,0,0,0,,0,1,,0,0,7,0,,0,0,,0,0,0,0,,,,,,,,,,,
Ricky Williams,WillRi00,2003,26,MIA,RB,16,16,392,1372,9,68,36.7,45,3.5,85.8,24.5,62,50,351,7,1,12,41.9,59,3.1,21.9,80.6,5.7,442,3.9,1723,10,7,11,,,,,,,,,,,,,,,,,,,,,,,,,,,,,,,,,,,,,,,,,,,,,,0,,0,0,0,,0,1,,0,0,7,0,,0,0,,0,0,0,0,,,,,,,,,,,
Ricky Williams,WillRi00,2005,28,MIA,RB,12,3,168,743,6,39,45.8,35,4.4,61.9,14,20,17,93,5.5,0,3,45,19,1.4,7.8,85,4.7,185,4.5,836,6,1,6,AP CPoY-5,,,,,,,,,,,,,,,,,,,,,,,,,,,,,,,,,,,,,,,,,,,,,0,,0,0,0,,0,1,,0,0,1,0,,0,0,,0,0,0,0,,,,,,,,,,,
Ricky Williams,WillRi00,2007,30,MIA,RB,1,0,6,15,0,2,50,6,2.5,15,6,0,0,0,,0,0,,,0,0,,,6,2.5,15,0,1,0,,,,,,,,,,,,,,,,,,,,,,,,,,,,,,,,,,,,,,,,,,,,,,0,,0,0,0,,0,0,,0,0,1,0,,0,0,,,,,,,,,,,,,,,,
Ricky Williams,WillRi00,2008,31,MIA,RB,16,3,160,659,4,36,45.6,51,4.1,41.2,10,39,29,219,7.6,1,10,38.5,47,1.8,13.7,74.4,5.6,189,4.6,878,5,5,7,,,,,,,,,,,,,,,,,,,,,,,,,,,,,,,,,,,,,,,,,,,,,,0,,0,0,0,,0,2,,0,0,5,0,0,0,0,,0,0,0,0,,,,,,,,,,,
Ricky Williams,WillRi00,2009,32,MIA,RB,16,7,241,1121,11,55,53.9,68,4.7,70.1,15.1,53,35,264,7.5,2,9,41.5,59,2.2,16.5,66,5,276,5,1385,13,5,10,,,,,,,,,,,,,,,,,,,,,,,,,,,,,,,,,,,,,,,,,,,,,,0,,0,0,0,,0,2,,0,0,5,0,0,0,0,,0,0,0,0,,,,,,,,,,,
Ricky Williams,WillRi00,2010,33,MIA,RB,16,0,159,673,2,26,49.1,45,4.2,42.1,9.9,30,19,141,7.4,1,5,40,28,1.2,8.8,63.3,4.7,178,4.6,814,3,4,4,,,,,,,,,,,,,,,,,,,,,,,,,,,,,,,,,,,,,,,,,,,,,,0,,0,0,0,,0,2,,0,0,4,0,0,0,0,,0,0,0,0,,,,,,,,,,,
Ricky Williams,WillRi00,2011,34,BAL,RB,16,0,108,444,2,20,48.1,28,4.1,27.8,6.8,20,13,83,6.4,0,6,55,18,0.8,5.2,65,4.2,121,4.4,527,2,2,4,,,,,,,,,,,,,,,,,,,,,,,,,,,,,,,,,,,,,,,,,,,,,,0,,0,0,0,,0,0,,0,0,2,0,,0,0,,,0,1,1,,,,,,,,,,,
Rico Dowdle,DowdRi01,2020,22,DAL,RB,15,0,7,24,0,1,42.9,7,3.4,1.6,0.5,0,0,0,,0,0,,,0,0,,,7,3.4,24,0,0,0,,,,,,,,,,,,,,0,0,,,0,,,0,0,,0,,,,0,,1,7,,0,,11,1.6,,13,1.9,,24,,,,,0,,0,0,0,,0,0,,0,0,0,0,0,0,0,,0,3,4,1,,,0%,0,1%,13,48%,201,,,
Rico Dowdle,DowdRi01,2022,24,DAL,RB,5,0,0,0,0,0,,,,0,0,0,0,0,,0,0,,,0,0,,,0,,0,0,0,0,,,,,,,,,,,,,,,,,,,,,,,,,,,,,,,,,,,,,,,,,,,,,,0,,0,0,0,,0,0,,0,0,0,0,0,0,0,,0,0,1,1,,,0%,0,2%,6,67%,93,,,
Rico Dowdle,DowdRi01,2023,25,DAL,RB,16,0,89,361,2,17,47.2,21,4.1,22.6,5.6,22,17,144,8.5,2,8,40.9,32,1.1,9,77.3,6.5,106,4.8,505,4,0,4,,,,,,,,,,,,,,8,-26,-1.5,,2,8.5,13.6,3,0,124.1,170,10,,,144,-0.5,17,89,,5,17.8,173,1.9,,188,2.1,,361,,,,,0,,0,0,0,,0,0,,0,0,0,0,0,0,0,,0,1,1,0,,,0%,0,22%,247,20%,85,,,
Rico Dowdle,DowdRi01,2024,26,DAL,RB,16,15,235,1079,2,53,53.6,27,4.6,67.4,14.7,49,39,249,6.4,3,13,53.1,22,2.4,15.6,79.6,5.1,274,4.8,1328,5,3,8,,,,,,,,,,,,,,13,-23,-0.6,,3,13,4.1,2,0,108.2,272,7,,,249,-0.1,53,235,,11,21.4,509,2.2,,570,2.4,,1079,,,,,0,,0,0,0,,0,0,,0,0,3,0,0,0,0,,0,0,0,0,,,0%,0,57%,636,0%,0,,,
Rico Dowdle,DowdRi01,2025,27,CAR,RB,17,11,236,1076,6,51,47.9,53,4.6,63.3,13.9,50,39,297,7.6,1,14,46,36,2.3,17.5,78,5.9,275,5,1373,7,2,10,,,,,,,,,,,,,,14,-53,-1.4,,3,13,4,2,1,89.7,350,9,,,297,-1,51,236,,14,16.9,480,2,,596,2.5,,1076,,,,,0,,0,0,0,,0,2,,0,-10,2,0,0,0,0,,0,0,0,0,,,0%,0,56%,591,8%,32,,,
Shaun Alexander,AlexSh00,2000,23,SEA,RB,16,1,64,313,2,20,45.3,50,4.9,19.6,4,11,5,41,8.2,0,2,18.2,18,0.3,2.6,45.5,3.7,69,5.1,354,2,2,3,,,,,,,,,,,,,,,,,,,,,,,,,,,,,,,,,,,,,,,,,,,,,,0,,0,0,0,,0,0,,0,0,2,0,,0,0,,0,0,0,0,,,,,,,,,,,
Shaun Alexander,AlexSh00,2001,24,SEA,RB,16,12,309,1318,14,64,42.7,88,4.3,82.4,19.3,59,44,343,7.8,2,15,42.4,28,2.8,21.4,74.6,5.8,353,4.7,1661,16,4,11,,,,,,,,,,,,,,,,,,,,,,,,,,,,,,,,,,,,,,,,,,,,,,0,,0,0,0,,0,3,,0,8,4,0,,0,0,,0,0,0,0,,,,,,,,,,,
Shaun Alexander,AlexSh00,2002,25,SEA,RB,16,16,295,1175,16,64,41,58,4,73.4,18.4,78,59,460,7.8,2,20,43.6,80,3.7,28.8,75.6,5.9,354,4.6,1635,18,3,11,,,,,,,,,,,,,,,,,,,,,,,,,,,,,,,,,,,,,,,,,,,,,,0,,0,0,0,,0,3,,0,0,3,0,,0,0,,0,0,0,0,,,,,,,,,,,
Shaun Alexander,AlexSh00,2003,26,SEA,RB,16,15,326,1435,14,81,46.6,55,4.4,89.7,20.4,59,42,295,7,2,17,45.8,22,2.6,18.4,71.2,5,368,4.7,1730,16,4,14,PB,,,,,,,,,,,,,,,,,,,,,,,,,,,,,,,,,,,,,,,,,,,,,0,,0,0,0,,0,2,,0,0,4,0,,0,0,,0,0,0,0,,,,,,,,,,,
Shaun Alexander,AlexSh00,2004,27,SEA,RB,16,16,353,1696,16,78,44.8,44,4.8,106,22.1,38,23,170,7.4,4,9,39.5,24,1.4,10.6,60.5,4.5,376,5,1866,20,5,12,"PB,AP-2",,,,,,,,,,,,,,,,,,,,,,,,,,,,,,,,,,,,,,,,,,,,,0,,0,0,0,,0,2,,0,0,5,0,,0,0,,0,0,0,0,,,,,,,,,,,
Shaun Alexander,AlexSh00,2005,28,SEA,RB,16,16,370,1880,27,109,52.7,88,5.1,117.5,23.1,29,15,78,5.2,1,3,34.5,9,0.9,4.9,51.7,2.7,385,5.1,1958,28,5,17,"PB,AP-1,AP MVP-1,AP OPoY-1",,,,,,,,,,,,,,,,,,,,,,,,,,,,,,,,,,,,,,,,,,,,,0,,0,0,0,,0,0,,0,0,5,0,,0,0,,,,,,,,,,,,,,,,
Shaun Alexander,AlexSh00,2006,29,SEA,RB,10,10,252,896,7,54,40.9,33,3.6,89.6,25.2,16,12,48,4,0,4,31.3,14,1.2,4.8,75,3,264,3.6,944,7,6,5,,,,,,,,,,,,,,,,,,,,,,,,,,,,,,,,,,,,,,,,,,,,,,0,,0,0,0,,0,2,,0,0,6,0,0,0,0,,0,0,0,0,,,,,,,,,,,
Shaun Alexander,AlexSh00,2007,30,SEA,RB,13,10,207,716,4,39,35.3,25,3.5,55.1,15.9,25,14,76,5.4,1,4,20,18,1.1,5.8,56,3,221,3.6,792,5,2,4,,,,,,,,,,,,,,,,,,,,,,,,,,,,,,,,,,,,,,,,,,,,,,0,,0,0,0,,0,1,,0,0,2,0,0,0,0,,0,0,0,0,,,,,,,,,,,
Shaun Alexander,AlexSh00,2008,31,WAS,RB,4,0,11,24,0,0,0,8,2.2,6,2.8,1,1,9,9,0,0,0,9,0.3,2.3,100,9,12,2.8,33,0,0,0,,,,,,,,,,,,,,,,,,,,,,,,,,,,,,,,,,,,,,,,,,,,,,,,,,,,,,,,,,,,,,,,,,,,,,,,,,,,,
Steven Jackson,JackSt00,2004,21,STL,RB,14,3,134,673,4,37,56,48,5,48.1,9.6,24,19,189,9.9,0,6,41.7,28,1.4,13.5,79.2,7.9,153,5.6,862,4,1,5,,,,,,,,,,,,,,,,,,,,,,,,,,,,,,,,,,,,,,,,,,,,,,0,,0,0,0,,0,0,,0,0,1,0,,0,0,,0,0,0,0,,,,,,,,,,,
Steven Jackson,JackSt00,2005,22,STL,RB,15,15,254,1046,8,50,41.7,51,4.1,69.7,16.9,55,43,320,7.4,2,13,56.4,27,2.9,21.3,78.2,5.8,297,4.6,1366,10,3,9,,,,,,,,,,,,,,,,,,,,,,,,,,,,,,,,,,,,,,,,,,,,,,0,,0,0,0,,0,1,,0,-7,3,0,,0,0,,0,0,0,0,,,,,,,,,,,
Steven Jackson,JackSt00,2006,23,STL,RB,16,16,346,1528,13,73,46.5,59,4.4,95.5,21.6,110,90,806,9,3,32,51.8,64,5.6,50.4,81.8,7.3,436,5.4,2334,16,4,20,"PB,AP-2,AP OPoY-4",,,,,,,,,,,,,,,,,,,,,,,,,,,,,,,,,,,,,,,,,,,,,0,,0,0,0,,0,2,,0,0,4,0,0,0,0,,0,0,0,0,,,,,,,,,,,
Steven Jackson,JackSt00,2007,24,STL,RB,12,12,237,1002,5,37,43.9,54,4.2,83.5,19.8,52,38,271,7.1,1,13,34.6,37,3.2,22.6,73.1,5.2,275,4.6,1273,6,5,8,,,,,,,,,,,,,,,,,,,,,,,,,,,,,,,,,,,,,,,,,,,,,,0,,0,0,0,,0,2,,0,0,5,0,0,0,0,,0,0,0,0,,,,,,,,,,,
Steven Jackson,JackSt00,2008,25,STL,RB,12,11,253,1042,7,57,44.3,56,4.1,86.8,21.1,62,40,379,9.5,1,15,43.5,53,3.3,31.6,64.5,6.1,293,4.8,1421,8,5,8,,,,,,,,,,,,,,,,,,,,,,,,,,,,,,,,,,,,,,,,,,,,,,0,,0,0,0,,0,1,,0,0,5,0,0,0,0,,0,0,0,0,,,,,,,,,,,
Steven Jackson,JackSt00,2009,26,STL,RB,15,15,324,1416,4,59,45.4,58,4.4,94.4,21.6,75,51,322,6.3,0,16,34.7,38,3.4,21.5,68,4.3,375,4.6,1738,4,2,8,"PB,AP-2",,,,,,,,,,,,,,,,,,,,,,,,,,,,,,,,,,,,,,,,,,,,,0,,0,0,0,,0,1,,0,-2,2,0,0,0,0,,0,0,0,0,,,,,,,,,,,
Steven Jackson,JackSt00,2010,27,STL,RB,16,16,330,1241,6,60,39.7,42,3.8,77.6,20.6,62,46,383,8.3,0,14,41.9,49,2.9,23.9,74.2,6.2,376,4.3,1624,6,1,10,PB,,,,,,,,,,,,,,,,,,,,,,,,,,,,,,,,,,,,,,,,,,,,,0,,0,0,0,,0,1,,0,0,1,0,0,0,0,,0,0,0,0,,,,,,,,,,,
Steven Jackson,JackSt00,2011,28,STL,RB,15,15,260,1145,5,51,38.5,47,4.4,76.3,17.3,58,42,333,7.9,1,17,48.3,50,2.8,22.2,72.4,5.7,302,4.9,1478,6,2,6,,,,,,,,,,,,,,,,,,,,,,,,,,,,,,,,,,,,,,,,,,,,,,0,,0,0,0,,0,2,,0,0,2,0,0,0,0,,0,0,0,0,,,,,,,,,,,
Steven Jackson,JackSt00,2012,29,STL,RB,16,16,258,1045,4,49,45.3,46,4.1,65.3,16.1,53,38,321,8.4,0,13,49.1,22,2.4,20.1,71.7,6.1,296,4.6,1366,4,0,7,,,,,,,,,,,,,,,,,,,,,,,,,,,,,,,,,,,,,,,,,,,,,,,,,,,,,,,,,,,,,,,,,,,,,0%,0,68%,707,0%,0,,,
Steven Jackson,JackSt00,2013,30,ATL,RB,12,12,157,543,6,26,40.1,50,3.5,45.3,13.1,49,33,191,5.8,1,11,26.5,25,2.8,15.9,67.3,3.9,190,3.9,734,7,0,5,,,,,,,,,,,,,,,,,,,,,,,,,,,,,,,,,,,,,,,,,,,,,,,,,,,,,,,,,,,,,,,,,,,,,0%,0,52%,417,0%,0,,,
Steven Jackson,JackSt00,2014,31,ATL,RB,15,15,190,707,6,38,50,55,3.7,47.1,12.7,27,20,148,7.4,0,6,48.1,17,1.3,9.9,74.1,5.5,210,4.1,855,6,0,6,,,,,,,,,,,,,,,,,,,,,,,,,,,,,,,,,,,,,,,,,,,,,,,,,,,,,,,,,,,,,,,,,,,,,0%,0,42%,420,1%,2,,,
Steven Jackson,JackSt00,2015,32,NWE,RB,2,1,21,50,1,4,42.9,7,2.4,25,10.5,1,1,20,20,0,1,100,20,0.5,10,100,20,22,3.2,70,1,0,1,,,,,,,,,,,,,,,,,,,,,,,,,,,,,,,,,,,,,,,,,,,,,,,,,,,,,,,,,,,,,,,,,,,,,0%,0,28%,33,0%,0,,,
Terrell Davis,DaviTe00,1995,23,DEN,RB,14,14,237,1117,7,58,50.2,60,4.7,79.8,16.9,82,49,367,7.5,1,18,39,31,3.5,26.2,59.8,4.5,286,5.2,1484,8,5,13,AP ORoY-2,,,,,,,,,,,,,,,,,,,,,,,,,,,,,,,,,,,,,,,,,,,,,0,,0,0,0,,0,1,,0,0,5,,,0,0,,,0,0,0,,,,,,,,,,,
Terrell Davis,DaviTe00,1996,24,DEN,RB,16,16,345,1538,13,92,49.3,71,4.5,96.1,21.6,52,36,310,8.6,2,16,53.8,23,2.3,19.4,69.2,6,381,4.9,1848,15,5,16,"PB,AP-1,AP MVP-3,AP OPoY-1",,,,,,,,,,,,,,,,,,,,,,,,,,,,,,,,,,,,,,,,,,,,,0,,0,0,0,,0,2,,0,0,5,,,0,0,,,0,0,0,,,,,,,,,,,
Terrell Davis,DaviTe00,1997,25,DEN,RB,15,15,369,1750,15,100,55,50,4.7,116.7,24.6,58,42,287,6.8,0,11,37.9,25,2.8,19.1,72.4,4.9,411,5,2037,15,4,19,"PB,AP-1,AP MVP-3,AP OPoY-2",,,,,,,,,,,,,,,,,,,,,,,,,,,,,,,,,,,,,,,,,,,,,0,,0,0,0,,0,2,,0,-7,4,,,0,0,,,0,0,0,,,,,,,,,,,
Terrell Davis,DaviTe00,1998,26,DEN,RB,16,16,392,2008,21,100,50.3,70,5.1,125.5,24.5,38,25,217,8.7,2,12,47.4,35,1.6,13.6,65.8,5.7,417,5.3,2225,23,2,22,"PB,AP-1,AP MVP-1,AP OPoY-1",,,,,,,,,,,,,,,,,,,,,,,,,,,,,,,,,,,,,,,,,,,,,0,,0,0,0,,0,1,,0,0,2,,,0,0,,,0,0,0,,,,,,,,,,,
Terrell Davis,DaviTe00,1999,27,DEN,RB,4,4,67,211,2,11,37.3,26,3.1,52.8,16.8,3,3,26,8.7,0,2,100,10,0.8,6.5,100,8.7,70,3.4,237,2,1,2,,,,,,,,,,,,,,,,,,,,,,,,,,,,,,,,,,,,,,,,,,,,,,0,,0,0,0,,0,1,,0,0,1,0,,0,0,,0,0,0,0,,,,,,,,,,,
Terrell Davis,DaviTe00,2000,28,DEN,RB,5,4,78,282,2,15,42.3,24,3.6,56.4,15.6,2,2,4,2,0,0,50,5,0.4,0.8,100,2,80,3.6,286,2,1,2,,,,,,,,,,,,,,,,,,,,,,,,,,,,,,,,,,,,,,,,,,,,,,0,,0,0,0,,0,0,,0,0,1,0,,0,0,,,,,,,,,,,,,,,,
Terrell Davis,DaviTe00,2001,29,DEN,RB,8,8,167,701,0,39,46.7,57,4.2,87.6,20.9,21,12,69,5.8,0,2,28.6,16,1.5,8.6,57.1,3.3,179,4.3,770,0,2,6,,,,,,,,,,,,,,,,,,,,,,,,,,,,,,,,,,,,,,,,,,,,,,0,,0,0,0,,0,1,,0,0,2,0,,0,0,,0,0,0,0,,,,,,,,,,,
Thomas Jones,JoneTh00,2000,22,ARI,RB,14,4,112,373,2,23,45.5,29,3.3,26.6,8,46,32,208,6.5,0,9,41.3,20,2.3,14.9,69.6,4.5,144,4,581,2,4,4,,,,,,,,,,,,,,,,,,,,,,,,,,,,,,,,,,,,,,,,,,,,,,0,,0,0,0,,0,1,,0,0,4,0,,0,0,,0,0,0,0,,,,,,,,,,,
Thomas Jones,JoneTh00,2001,23,ARI,RB,16,2,112,380,5,22,43.8,21,3.4,23.8,7,24,21,151,7.2,0,6,45.8,18,1.3,9.4,87.5,6.3,133,4,531,5,2,4,,,,,,,,,,,,,,,,,,,,,,,,,,,,,,,,,,,,,,,,,,,,,,0,,0,0,0,,0,2,,0,0,2,0,,0,0,,0,0,0,0,,,,,,,,,,,
Thomas Jones,JoneTh00,2002,24,ARI,RB,9,9,138,511,2,24,41.3,58,3.7,56.8,15.3,30,20,113,5.7,0,4,36.7,17,2.2,12.6,66.7,3.8,158,3.9,624,2,3,4,,,,,,,,,,,,,,,,,,,,,,,,,,,,,,,,,,,,,,,,,,,,,,0,,0,0,0,,0,1,,0,0,3,0,,0,0,,0,0,0,0,,,,,,,,,,,
Thomas Jones,JoneTh00,2003,25,TAM,RB,16,3,137,627,3,24,42.3,61,4.6,39.2,8.6,31,24,180,7.5,0,9,45.2,29,1.5,11.3,77.4,5.8,161,5,807,3,4,5,,,,,,,,,,,,,,,,,,,,,,,,,,,,,,,,,,,,,,,,,,,,,,0,,0,0,0,,0,1,,0,0,4,0,,0,0,,0,0,0,0,,,,,,,,,,,
Thomas Jones,JoneTh00,2004,26,CHI,RB,14,14,240,948,7,49,45.8,54,4,67.7,17.1,72,56,427,7.6,0,17,41.7,45,4,30.5,77.8,5.9,296,4.6,1375,7,2,6,,,,,,,,,,,,,,,,,,,,,,,,,,,,,,,,,,,,,,,,,,,,,,0,,0,0,0,,0,0,,0,0,2,0,,0,0,,,,,,,,,,,,,,,,
Thomas Jones,JoneTh00,2005,27,CHI,RB,15,15,314,1335,9,63,38.9,42,4.3,89,20.9,39,26,143,5.5,0,6,30.8,41,1.7,9.5,66.7,3.7,340,4.3,1478,9,2,9,,,,,,,,,,,,,,,,,,,,,,,,,,,,,,,,,,,,,,,,,,,,,,0,,0,0,0,,0,0,,0,0,2,0,,0,0,,0,0,0,0,,,,,,,,,,,
Thomas Jones,JoneTh00,2006,28,CHI,RB,16,16,296,1210,6,63,47.3,30,4.1,75.6,18.5,47,36,154,4.3,0,6,31.9,21,2.3,9.6,76.6,3.3,332,4.1,1364,6,1,9,,,,,,,,,,,,,,,,,,,,,,,,,,,,,,,,,,,,,,,,,,,,,,0,,0,0,0,,0,0,,0,0,1,0,0,0,0,,0,0,0,0,,,,,,,,,,,
Thomas Jones,JoneTh00,2007,29,NYJ,RB,16,14,310,1119,1,57,42.3,36,3.6,69.9,19.4,34,28,217,7.8,1,8,47.1,25,1.8,13.6,82.4,6.4,338,4,1336,2,2,7,,,,,,,,,,,,,,,,,,,,,,,,,,,,,,,,,,,,,,,,,,,,,,0,,0,0,0,,0,2,,0,0,2,0,0,0,0,,0,0,0,0,,,,,,,,,,,
Thomas Jones,JoneTh00,2008,30,NYJ,RB,16,14,290,1312,13,63,51.4,59,4.5,82,18.1,42,36,207,5.8,2,13,57.1,19,2.3,12.9,85.7,4.9,326,4.7,1519,15,2,13,PB,,,,,,,,,,,,,,,,,,,,,,,,,,,,,,,,,,,,,,,,,,,,,0,,0,0,0,,0,0,,0,0,2,0,0,0,0,,0,0,0,0,,,,,,,,,,,
Thomas Jones,JoneTh00,2009,31,NYJ,RB,16,16,331,1402,14,66,42.6,71,4.2,87.6,20.7,18,10,58,5.8,0,4,27.8,28,0.6,3.6,55.6,3.2,341,4.3,1460,14,2,8,,,,,,,,,,,,,,,,,,,,,,,,,,,,,,,,,,,,,,,,,,,,,,0,,0,0,0,,0,2,,0,0,2,0,0,0,0,,0,0,0,0,,,,,,,,,,,
Thomas Jones,JoneTh00,2010,32,KAN,RB,16,10,245,896,6,39,41.6,70,3.7,56,15.3,20,14,122,8.7,0,8,50,20,0.9,7.6,70,6.1,259,3.9,1018,6,3,7,,,,,,,,,,,,,,,,,,,,,,,,,,,,,,,,,,,,,,,,,,,,,,0,,0,0,0,,0,0,,0,0,3,0,,0,0,,,0,0,0,,,,,,,,,,,
Thomas Jones,JoneTh00,2011,33,KAN,RB,16,8,153,478,0,19,34.6,26,3.1,29.9,9.6,7,5,43,8.6,0,1,42.9,27,0.3,2.7,71.4,6.1,158,3.3,521,0,0,2,,,,,,,,,,,,,,,,,,,,,,,,,,,,,,,,,,,,,,,,,,,,,,,,,,,,,,,,,,,,,,,,,,,,,,,,,,,,,
Thurman Thomas,ThomTh00,1988,22,BUF,RB,15,15,207,881,2,40,48.3,37,4.3,58.7,13.8,27,18,208,11.6,0,8,55.6,34,1.2,13.9,66.7,7.7,225,4.8,1089,2,9,9,,,,,,,,,,,,,,,,,,,,,,,,,,,,,,,,,,,,,,,,,,,,,,0,,0,0,0,,0,1,,0,0,9,,,0,0,,,0,0,0,,,,,,,,,,,
Thurman Thomas,ThomTh00,1989,23,BUF,RB,16,16,298,1244,6,68,47.7,38,4.2,77.8,18.6,81,60,669,11.2,6,31,63,74,3.8,41.8,74.1,8.3,358,5.3,1913,12,7,16,"PB,AP-2",,,,,,,,,,,,,,,,,,,,,,,,,,,,,,,,,,,,,,,,,,,,,0,,0,0,0,,0,2,,0,0,7,,,0,0,,,0,0,0,,,,,,,,,,,
Thurman Thomas,ThomTh00,1990,24,BUF,RB,16,16,271,1297,11,58,51.7,80,4.8,81.1,16.9,74,49,532,10.9,2,26,52.7,63,3.1,33.3,66.2,7.2,320,5.7,1829,13,6,19,"PB,AP-1",,,,,,,,,,,,,,,,,,,,,,,,,,,,,,,,,,,,,,,,,,,,,0,,0,0,0,,1,2,,0,0,6,,,0,0,,,0,0,0,,,,,,,,,,,
Thurman Thomas,ThomTh00,1991,25,BUF,RB,15,15,288,1407,7,62,52.1,33,4.9,93.8,19.2,73,62,631,10.2,5,30,69.9,50,4.1,42.1,84.9,8.6,350,5.8,2038,12,5,20,"PB,AP-1,AP MVP-1,AP OPoY-1",,,,,,,,,,,,,,,,,,,,,,,,,,,,,,,,,,,,,,,,,,,,,0,,0,0,0,,0,0,,0,0,5,,,0,0,,,0,0,0,,,,,,,,,,,
Thurman Thomas,ThomTh00,1992,26,BUF,RB,16,16,312,1487,9,78,51.3,44,4.8,92.9,19.5,87,58,626,10.8,3,35,55.2,43,3.6,39.1,66.7,7.2,370,5.7,2113,12,6,19,"PB,AP-2,AP OPoY-5",,,,,,,,,,,,,,,,,,,,,,,,,,,,,,,,,,,,,,,,,,,,,0,,0,0,0,,0,1,,0,0,6,,,0,0,,,0,0,0,,,,,,,,,,,
Thurman Thomas,ThomTh00,1993,27,BUF,RB,16,16,355,1315,6,70,46.8,27,3.7,82.2,22.2,72,48,387,8.1,0,19,45.8,37,3,24.2,66.7,5.4,403,4.2,1702,6,6,12,"PB,AP-2",,,,,,,,,,,,,,,,,,,,,,,,,,,,,,,,,,,,,,,,,,,,,0,,0,0,0,,0,1,,0,0,6,,,0,0,,,0,0,0,,,,,,,,,,,
Thurman Thomas,ThomTh00,1994,28,BUF,RB,15,15,287,1093,7,62,47.4,29,3.8,72.9,19.1,71,50,349,7,2,16,43.7,28,3.3,23.3,70.4,4.9,337,4.3,1442,9,1,12,,,,,,,,,,,,,,,,,,,,,,,,,,,,,,,,,,,,,,,,,,,,,,0,,0,0,0,,0,2,,0,0,1,,,0,0,,,0,0,0,,,,,,,,,,,
Thurman Thomas,ThomTh00,1995,29,BUF,RB,14,14,267,1005,6,63,46.4,49,3.8,71.8,19.1,41,26,220,8.5,2,9,43.9,60,1.9,15.7,63.4,5.4,293,4.2,1225,8,6,8,,,,,,,,,,,,,,,,,,,,,,,,,,,,,,,,,,,,,,,,,,,,,,0,,0,0,0,,0,0,,0,0,6,,,0,0,,,0,0,0,,,,,,,,,,,
Thurman Thomas,ThomTh00,1996,30,BUF,RB,15,15,281,1033,8,66,46.6,36,3.7,68.9,18.7,42,26,254,9.8,0,9,38.1,69,1.7,16.9,61.9,6,307,4.2,1287,8,1,7,,,,,,,,,,,,,,,,,,,,,,,,,,,,,,,,,,,,,,,,,,,,,,0,,0,0,0,,0,1,,0,0,1,,,0,0,,,0,0,0,,,,,,,,,,,
Thurman Thomas,ThomTh00,1997,31,BUF,RB,16,16,154,643,1,33,41.6,24,4.2,40.2,9.6,42,30,208,6.9,0,8,45.2,30,1.9,13,71.4,5,184,4.6,851,1,2,5,,,,,,,,,,,,,,,,,,,,,,,,,,,,,,,,,,,,,,,,,,,,,,0,,0,0,0,,0,0,,0,0,2,,,0,0,,,0,0,0,,,,,,,,,,,
Thurman Thomas,ThomTh00,1998,32,BUF,RB,14,3,93,381,2,15,39.8,17,4.1,27.2,6.6,32,26,220,8.5,1,10,53.1,26,1.9,15.7,81.3,6.9,119,5.1,601,3,0,6,,,,,,,,,,,,,,,,,,,,,,,,,,,,,,,,,,,,,,,,,,,,,,,,,,,,,,,,,,,,,,,,,,,,,,,,,,,,,
Thurman Thomas,ThomTh00,1999,33,BUF,RB,5,3,36,152,0,10,52.8,31,4.2,30.4,7.2,5,3,37,12.3,1,2,40,23,0.6,7.4,60,7.4,39,4.8,189,1,0,1,,,,,,,,,,,,,,,,,,,,,,,,,,,,,,,,,,,,,,,,,,,,,,,,,,,,,,,,,,,,,,,,,,,,,,,,,,,,,
Thurman Thomas,ThomTh00,2000,34,MIA,RB,9,0,28,136,0,7,35.7,25,4.9,15.1,3.1,24,16,117,7.3,1,6,37.5,15,1.8,13,66.7,4.9,44,5.8,253,1,1,2,,,,,,,,,,,,,,,,,,,,,,,,,,,,,,,,,,,,,,,,,,,,,,0,,0,0,0,,0,0,,0,0,1,0,,0,0,,0,0,0,0,,,,,,,,,,,
Tiki Barber,BarbTi00,1997,22,NYG,RB,12,6,136,511,3,31,43.4,42,3.8,42.6,11.3,54,34,299,8.8,1,13,42.6,29,2.8,24.9,63,5.5,170,4.8,810,4,3,6,AP ORoY-4,,,,,,,,,,,,,,,,,,,,,,,,,,,,,,,,,,,,,,,,,,,,,0,,0,0,0,,0,0,,0,0,3,,,0,0,,,0,0,0,,,,,,,,,,,
Tiki Barber,BarbTi00,1998,23,NYG,RB,16,4,52,166,0,8,36.5,23,3.2,10.4,3.3,59,42,348,8.3,3,13,39,87,2.6,21.8,71.2,5.9,94,5.5,514,3,1,4,,,,,,,,,,,,,,,,,,,,,,,,,,,,,,,,,,,,,,,,,,,,,,0,,0,0,0,,0,0,,0,0,1,,,0,0,,,0,0,0,,,,,,,,,,,
Tiki Barber,BarbTi00,1999,24,NYG,RB,16,1,62,258,0,13,41.9,30,4.2,16.1,3.9,91,66,609,9.2,2,32,51.6,56,4.1,38.1,72.5,6.7,128,6.8,867,2,5,7,,,,,,,,,,,,,,,,,,,,,,,,,,,,,,,,,,,,,,,,,,,,,,0,,0,0,0,,0,5,,0,0,5,0,,0,0,,0,0,0,0,,,,,,,,,,,
Tiki Barber,BarbTi00,2000,25,NYG,RB,16,12,213,1006,8,39,40.8,78,4.7,62.9,13.3,95,70,719,10.3,1,29,48.4,36,4.4,44.9,73.7,7.6,283,6.1,1725,9,9,15,,,,,,,,,,,,,,,,,,,,,,,,,,,,,,,,,,,,,,,,,,,,,,0,,0,0,0,,0,5,,0,0,9,0,,0,0,,0,0,0,0,,,,,,,,,,,
Tiki Barber,BarbTi00,2001,26,NYG,RB,14,9,166,865,4,40,47,36,5.2,61.8,11.9,98,72,577,8,0,30,50,44,5.1,41.2,73.5,5.9,238,6.1,1442,4,8,9,,,,,,,,,,,,,,,,,,,,,,,,,,,,,,,,,,,,,,,,,,,,,,0,,0,0,0,,0,6,,0,2,8,0,,0,0,,0,0,0,0,,,,,,,,,,,
Tiki Barber,BarbTi00,2002,27,NYG,RB,16,15,304,1387,11,71,41.4,70,4.6,86.7,19,95,69,597,8.7,0,24,44.2,38,4.3,37.3,72.6,6.3,373,5.3,1984,11,9,15,,,,,,,,,,,,,,,,,,,,,,,,,,,,,,,,,,,,,,,,,,,,,,0,,0,0,0,,0,1,,0,0,9,0,,0,0,,0,0,0,0,,,,,,,,,,,
Tiki Barber,BarbTi00,2003,28,NYG,RB,16,16,278,1216,2,68,47.5,27,4.4,76,17.4,98,69,461,6.7,1,26,43.9,36,4.3,28.8,70.4,4.7,347,4.8,1677,3,9,9,,,,,,,,,,,,,,,,,,,,,,,,,,,,,,,,,,,,,,,,,,,,,,0,,0,0,0,,0,4,,0,0,9,0,,0,0,,0,0,0,0,,,,,,,,,,,
Tiki Barber,BarbTi00,2004,29,NYG,RB,16,14,322,1518,13,82,47.2,72,4.7,94.9,20.1,79,52,578,11.1,2,20,45.6,62,3.3,36.1,65.8,7.3,374,5.6,2096,15,5,17,PB,,,,,,,,,,,,,,,,,,,,,,,,,,,,,,,,,,,,,,,,,,,,,0,,0,0,0,,0,2,,0,0,5,0,,0,0,,0,0,0,0,,,,,,,,,,,
Tiki Barber,BarbTi00,2005,30,NYG,RB,16,16,357,1860,9,74,47.9,95,5.2,116.3,22.3,70,54,530,9.8,2,22,55.7,48,3.4,33.1,77.1,7.6,411,5.8,2390,11,1,21,"PB,AP-1,AP MVP-4,AP OPoY-3",,,,,,,,,,,,,,,,,,,,,,,,,,,,,,,,,,,,,,,,,,,,,0,,0,0,0,,0,1,,0,0,1,0,,0,0,,0,0,0,0,,,,,,,,,,,
Tiki Barber,BarbTi00,2006,31,NYG,RB,16,16,327,1662,5,79,47.1,55,5.1,103.9,20.4,75,58,465,8,0,24,53.3,28,3.6,29.1,77.3,6.2,385,5.5,2127,5,3,19,PB,,,,,,,,,,,,,,,,,,,,,,,,,,,,,,,,,,,,,,,,,,,,,0,,0,0,0,,0,1,,0,0,3,0,0,0,0,,0,0,0,0,,,,,,,,,,,
Todd Gurley,GurlTo01,2015,21,STL,RB,13,12,229,1106,10,47,40.2,71,4.8,85.1,17.6,26,21,188,9,0,9,46.2,31,1.6,14.5,80.8,7.2,250,5.2,1294,10,3,8,"PB,AP-2,AP ORoY-1",,,,,,,,,,,,,,,,,,,,,,,,,,,,,,,,,,,,,,,,,,,,,0,,0,0,0,,0,0,,0,0,3,0,,0,0,,,0,0,0,,,,,,,,,,,
Todd Gurley,GurlTo01,2016,22,LAR,RB,16,16,278,885,6,49,40.3,24,3.2,55.3,17.4,58,43,327,7.6,0,16,39.7,33,2.7,20.4,74.1,5.6,321,3.8,1212,6,2,4,,,,,,,,,,,,,,,,,,,,,,,,,,,,,,,,,,,,,,,,,,,,,,0,,0,0,0,,0,1,,0,0,2,0,0,0,0,,0,0,0,0,,,0%,0,74%,742,0%,0,,,
Todd Gurley,GurlTo01,2017,23,LAR,RB,15,15,279,1305,13,69,50.5,57,4.7,87,18.6,87,64,788,12.3,6,32,51.7,80,4.3,52.5,73.6,9.1,343,6.1,2093,19,5,19,"PB,AP-1,AP MVP-2,AP OPoY-1,AP CPoY-6",,,,,,,,,,,,,,,,,,,,,,,,,,,,,,,,,,,,,,,,,,,,,0,,0,0,0,,0,1,,0,0,5,0,0,0,0,,0,0,0,0,,,,,,,,,,,
Todd Gurley,GurlTo01,2018,24,LAR,RB,14,14,256,1251,17,70,55.9,36,4.9,89.4,18.3,81,59,580,9.8,4,26,53.1,56,4.2,41.4,72.8,7.2,315,5.8,1831,21,1,16,"PB,AP-1,AP OPoY-3",,,,,,,,,,,,,26,-7,-0.1,,8,7.4,8.6,7,1,103.9,587,9.9,,,580,0.6,70,256,,17,15.1,617,2.4,,634,2.5,,1251,,,,,0,,0,0,0,,0,0,,0,0,1,0,0,0,0,,0,0,0,0,,,,,,,,,,,
Todd Gurley,GurlTo01,2019,25,LAR,RB,15,15,223,857,12,51,46.6,25,3.8,57.1,14.9,49,31,207,6.7,2,8,36.7,23,2.1,13.8,63.3,4.2,254,4.2,1064,14,3,6,,,,,,,,,,,,,,8,11,0.4,,1,31,14.3,7,0,86,196,6.3,,,207,0.6,51,223,,21,10.6,374,1.7,,483,2.2,,857,,,,,0,,0,0,0,,0,0,,0,0,3,0,0,0,0,,0,0,0,0,,,0%,0,74%,787,0%,0,,,
Todd Gurley,GurlTo01,2020,26,ATL,RB,15,15,195,678,9,45,44.6,35,3.5,45.2,13,35,25,164,6.6,0,7,42.9,26,1.7,10.9,71.4,4.7,220,3.8,842,9,2,6,,,,,,,,,,,,,,7,41,1.6,,3,8.3,11.4,4,0,81.1,123,4.9,,,164,1.5,45,195,,19,10.3,349,1.8,,329,1.7,,678,,,,,0,,0,0,0,,0,2,,0,0,2,0,0,0,0,,0,0,0,0,,,0%,0,49%,507,0%,0,,,
Tony Pollard,PollTo00,2019,22,DAL,RB,15,0,86,455,2,21,50,44,5.3,30.3,5.7,20,15,107,7.1,1,4,,,,7.1,,,,,,,1,3,,40,21,1,75,5.4,101,5.6,562,3,-0.9,1,5,,,,15,1,,,,1,,135,9,-28,-1.9,,,,,8.6,10,,309,,3.6,146,,1.7,,82.7,0,0,0,0,0,,,0,0,0,0,0,,,1,0,0,,0,0,,,,,0,0,,,,,,,0,199,115
Tony Pollard,PollTo00,2020,23,DAL,RB,16,2,101,435,4,23,45.5,42,4.3,27.2,6.3,40,28,193,6.9,1,9,,,,12.1,,,,,,,0,4,,42.5,30,1.8,70,4.8,129,4.9,628,5,-0.4,4,10,,,,7,4,,,,0,,232,8.3,-39,-1.4,,,,,12.6,8,,249,,2.5,186,,1.8,,88.9,0,1,0,0,0,,,0,0,0,0,0,,,0,0,0,,0,1,,,,,0,0,,,,,,,0,363,126
Tony Pollard,PollTo00,2021,24,DAL,RB,15,0,130,719,2,35,53.8,58,5.5,47.9,8.7,46,39,337,8.6,0,16,,,,22.5,,,,,,,2,8,,58.7,32,2.6,84.8,7.3,169,6.2,1056,2,0.2,3,6.5,,,,9.8,4,,,,0,,341,8.7,-4,-0.1,,,,,18.6,7,,321,,2.5,398,,3.1,,97.2,1,5,0,0,0,,,0,0,0,1,0,,,2,0,0,,0,4,,,,,0,0,,,,,,,0,374,100
Tony Pollard,PollTo00,2022,25,DAL,RB,16,4,193,1007,9,49,47.7,57,5.2,62.9,12.1,55,39,371,9.5,3,19,,,,23.2,,,,,,,0,11,,47.3,68,2.4,70.9,6.7,232,5.9,1378,12,1.4,3,5.5,,,,19.5,2,,,,0,,347,8.9,24,0.6,,,,,17.5,11,,503,,2.6,504,,2.6,,107.5,0,1,0,0,0,,,0,0,0,0,0,,,0,0,0,,0,1,,,,,0,0,,,,,,,,,
Tony Pollard,PollTo00,2023,26,DAL,RB,17,17,252,1005,6,60,50,31,4,59.1,14.8,67,55,311,5.7,0,13,,,,18.3,,,,,,,3,11,,43.3,60,3.2,82.1,4.6,307,4.3,1316,6,0.4,6,9,,,,3.9,14,,,,0,,321,5.8,-10,-0.2,,,,,13.3,19,,510,,2,495,,2,,86,0,0,0,0,0,,,0,0,0,0,0,,,3,0,0,,0,0,,,,,0,0,,,,,,,0,836,1
Tony Pollard,PollTo00,2024,27,TEN,RB,16,16,260,1079,5,53,47.7,41,4.2,67.4,16.3,57,41,238,5.8,0,9,,,,14.9,,,,,,,2,7,,29.8,30,2.6,71.9,4.2,301,4.4,1317,5,0.1,8,14,,,,20.5,2,,,,1,,221,5.4,17,0.4,,,,,11.8,22,,558,,2.1,521,,2,,72.1,0,0,0,0,0,,,0,0,0,1,0,,,2,0,0,,0,0,,,,,0,0,,,,,,,0,701,0
Tony Pollard,PollTo00,2025,28,TEN,RB,17,17,242,1082,5,48,46.7,65,4.5,63.6,14.2,41,33,206,6.2,0,11,,,,12.1,,,,,,,4,7,,43.9,29,1.9,80.5,5,275,4.7,1288,5,0.3,2,4.9,,,,16.5,2,,,,1,,203,6.2,3,0.1,,,,,15.1,16,,442,,1.8,640,,2.6,,77.4,0,0,0,0,0,,,0,0,0,2,0,,,4,0,0,,0,0,,,,,0,0,,,,,,,0,657,0
Travis Etienne,EtieTr00,2022,23,JAX,RB,17,12,220,1125,5,52,50.9,62,5.1,66.2,12.9,45,35,316,9,0,16,,,,18.6,,,,,,,5,11,,44.4,30,2.1,77.8,7,255,5.7,1441,5,0.3,3,6.7,,,,,0,,,,0,,352,10.1,-36,-1,,,,,15.7,14,,387,,1.8,738,,3.4,,95.9,0,0,0,0,0,,,0,0,0,1,0,,,5,0,0,,0,0,,,,,0,0,,,,,,,0,669,0
Travis Etienne,EtieTr00,2023,24,JAX,RB,17,17,267,1008,11,53,43.1,62,3.8,59.3,15.7,73,58,476,8.2,1,23,,,,28,,,,,,,0,9,,49.3,56,3.4,79.5,6.5,325,4.6,1484,12,-0.9,4,5.5,,,,4.8,12,,,,0,,523,9,-47,-0.8,,,,,8.6,31,,435,,1.6,573,,2.1,,98.4,,,,,,,,,,,,,,,,,,,,,,,,,,,,,,,,,0,856,0
Travis Etienne,EtieTr00,2024,25,JAX,RB,15,15,150,558,2,31,45.3,22,3.7,37.2,10,52,39,254,6.5,0,13,,,,16.9,,,,,,,1,5,,38.5,26,2.6,75,4.9,189,4.3,812,2,0.2,2,3.8,,,,9.8,4,,,,1,,296,7.6,-42,-1.1,,,,,50,3,,275,,1.8,283,,1.9,,76.9,0,0,0,0,0,,,0,0,0,1,0,,,1,0,0,,0,0,,,,,0,0,,,,,,,0,494,0
Travis Etienne,EtieTr00,2025,26,JAX,RB,17,16,260,1107,7,48,46.9,71,4.3,65.1,15.3,52,36,292,8.1,6,14,,,,17.2,,,,,,,1,10,,48.1,45,2.1,69.2,5.6,296,4.7,1399,13,-1.3,5,9.6,,,,9,4,,,,0,,339,9.4,-47,-1.3,,,,,26,10,,545,,2.1,562,,2.2,,121.6,0,0,0,0,0,,,0,0,0,0,0,,,1,0,0,,0,0,,,,,0,0,,,,,,,0,691,0
TreVeyon Henderson,HendTr02,2025,23,NWE,RB,17,4,180,911,9,45,51.7,69,5.1,53.6,10.6,42,35,221,6.3,1,7,47.6,19,2.1,13,83.3,5.3,215,5.3,1132,10,1,8,AP ORoY-3,,,,,,,,,,,,,7,-23,-0.7,,3,11.7,4.8,2,0,96.5,244,7,,,221,0,45,180,,11,16.4,362,2,,549,3.1,,911,,,,,0,,0,0,0,,0,1,,0,0,1,0,0,0,0,,0,0,0,0,,,0%,0,46%,501,6%,25,,,
Willis McGahee,McGaWi00,2004,23,BUF,RB,16,11,284,1128,13,65,45.1,41,4,70.5,17.8,36,22,169,7.7,0,8,38.9,16,1.4,10.6,61.1,4.7,306,4.2,1297,13,4,10,AP CPoY-3,,,,,,,,,,,,,,,,,,,,,,,,,,,,,,,,,,,,,,,,,,,,,0,,0,0,0,,0,0,,0,0,4,0,,0,0,,,,,,,,,,,,,,,,
Willis McGahee,McGaWi00,2005,24,BUF,RB,16,15,325,1247,5,71,44.3,27,3.8,77.9,20.3,37,28,178,6.4,0,10,37.8,19,1.8,11.1,75.7,4.8,353,4,1425,5,1,11,,,,,,,,,,,,,,,,,,,,,,,,,,,,,,,,,,,,,,,,,,,,,,0,,0,0,0,,0,0,,0,0,1,0,,0,0,,0,0,0,0,,,,,,,,,,,
Willis McGahee,McGaWi00,2006,25,BUF,RB,14,14,259,990,6,50,45.2,57,3.8,70.7,18.5,28,18,156,8.7,0,4,39.3,56,1.3,11.1,64.3,5.6,277,4.1,1146,6,4,7,,,,,,,,,,,,,,,,,,,,,,,,,,,,,,,,,,,,,,,,,,,,,,0,,0,0,0,,0,1,,0,0,4,0,0,0,0,,0,0,0,0,,,,,,,,,,,
Willis McGahee,McGaWi00,2007,26,BAL,RB,15,15,294,1207,7,57,41.5,46,4.1,80.5,19.6,49,43,231,5.4,1,10,44.9,30,2.9,15.4,87.8,4.7,337,4.3,1438,8,4,8,PB,,,,,,,,,,,,,,,,,,,,,,,,,,,,,,,,,,,,,,,,,,,,,0,,0,0,0,,0,1,,0,-10,4,0,0,0,0,,0,0,0,0,,,,,,,,,,,
Willis McGahee,McGaWi00,2008,27,BAL,RB,13,8,170,671,7,36,43.5,77,3.9,51.6,13.1,32,24,173,7.2,0,8,37.5,35,1.8,13.3,75,5.4,194,4.4,844,7,3,7,,,,,,,,,,,,,,,,,,,,,,,,,,,,,,,,,,,,,,,,,,,,,,0,,0,0,0,,0,1,,0,0,3,0,0,0,0,,0,0,0,0,,,,,,,,,,,
Willis McGahee,McGaWi00,2009,28,BAL,RB,16,1,109,544,12,29,52.3,77,5,34,6.8,22,15,85,5.7,2,5,36.4,14,0.9,5.3,68.2,3.9,124,5.1,629,14,1,5,,,,,,,,,,,,,,,,,,,,,,,,,,,,,,,,,,,,,,,,,,,,,,0,,0,0,0,,0,1,,0,0,1,0,0,0,0,,0,0,0,0,,,,,,,,,,,
Willis McGahee,McGaWi00,2010,29,BAL,RB,15,2,100,380,5,18,46,30,3.8,25.3,6.7,17,14,55,3.9,1,2,29.4,32,0.9,3.7,82.4,3.2,114,3.8,435,6,2,3,,,,,,,,,,,,,,,,,,,,,,,,,,,,,,,,,,,,,,,,,,,,,,0,,0,0,0,,0,0,,0,0,2,0,,0,0,,,0,0,0,,,,,,,,,,,
Willis McGahee,McGaWi00,2011,30,DEN,RB,15,14,249,1199,4,53,46.2,60,4.8,79.9,16.6,20,12,51,4.3,1,3,30,12,0.8,3.4,60,2.6,261,4.8,1250,5,4,7,PB,,,,,,,,,,,,,,,,,,,,,,,,,,,,,,,,,,,,,,,,,,,,,0,,0,0,0,,0,1,,0,0,4,0,0,0,0,,0,0,0,0,,,,,,,,,,,
Willis McGahee,McGaWi00,2012,31,DEN,RB,10,9,167,731,4,44,56.3,31,4.4,73.1,16.7,33,26,221,8.5,0,10,51.5,31,2.6,22.1,78.8,6.7,193,4.9,952,4,5,7,,,,,,,,,,,,,,,,,,,,,,,,,,,,,,,,,,,,,,,,,,,,,,0,,0,0,0,,0,1,,0,0,5,0,0,0,0,,0,0,0,0,,,0%,0,57%,391,0%,0,,,
Willis McGahee,McGaWi00,2013,32,CLE,RB,12,6,138,377,2,31,43.5,16,2.7,31.4,11.5,11,8,20,2.5,0,0,18.2,9,0.7,1.7,72.7,1.8,146,2.7,397,2,1,2,,,,,,,,,,,,,,,,,,,,,,,,,,,,,,,,,,,,,,,,,,,,,,0,,0,0,0,,0,0,,0,0,1,0,,0,0,,,0,0,0,,,0%,0,31%,264,0%,0,,,
