player_id,player_name,season,week
00-0020337,S.Smith,2016,2
00-0020337,S.Smith,2016,3
00-0020337,S.Smith,2016,4
00-0020337,S.Smith,2016,5
00-0020337,S.Smith,2016,9
00-0020337,S.Smith,2016,10
00-0020337,S.Smith,2016,11
00-0020337,S.Smith,2016,12
00-0020337,S.Smith,2016,13
00-0020337,S.Smith,2016,14
00-0020337,S.Smith,2016,15
00-0020337,S.Smith,2016,16
00-0020337,S.Smith Sr.,2016,17
00-0021547,A.Gates,2015,15
00-0021547,A.Gates,2015,16
00-0021547,A.Gates,2015,17
00-0021547,A.Gates,2016,1
00-0021547,A.Gates,2016,2
00-0021547,A.Gates,2016,5
00-0021547,A.Gates,2016,6
00-0021547,A.Gates,2016,7
00-0021547,A.Gates,2016,8
00-0021547,A.Gates,2016,9
00-0021547,A.Gates,2016,10
00-0021547,A.Gates,2016,13
00-0021547,A.Gates,2016,14
00-0021547,A.Gates,2016,15
00-0021547,A.Gates,2016,16
00-0021547,A.Gates,2016,17
00-0021547,A.Gates,2017,1
00-0021547,A.Gates,2017,2
00-0021547,A.Gates,2017,3
00-0021547,A.Gates,2017,4
00-0021547,A.Gates,2017,5
00-0021547,A.Gates,2017,6
00-0021547,A.Gates,2017,7
00-0021547,A.Gates,2017,8
00-0021547,A.Gates,2017,10
00-0021547,A.Gates,2017,11
00-0021547,A.Gates,2017,12
00-0021547,A.Gates,2017,13
00-0021547,A.Gates,2017,14
00-0021547,A.Gates,2017,15
00-0021547,A.Gates,2017,16
00-0021547,A.Gates,2017,17
00-0021547,A.Gates,2018,1
00-0021547,A.Gates,2018,2
00-0021547,A.Gates,2018,3
00-0021547,A.Gates,2018,4
00-0021547,A.Gates,2018,5
00-0021547,A.Gates,2018,6
00-0021547,A.Gates,2018,7
00-0021547,A.Gates,2018,9
00-0021547,A.Gates,2018,10
00-0021547,A.Gates,2018,11
00-0021547,A.Gates,2018,12
00-0021547,A.Gates,2018,13
00-0021547,A.Gates,2018,14
00-0021547,A.Gates,2018,15
00-0021547,A.Gates,2018,16
00-0021547,A.Gates,2018,17
00-0021547,A.Gates,2018,18
00-0021547,A.Gates,2018,19
00-0022044,A.Johnson,2015,9
00-0022044,A.Johnson,2015,11
00-0022044,A.Johnson,2015,12
00-0022044,A.Johnson,2015,13
00-0022044,A.Johnson,2015,14
00-0022044,A.Johnson,2015,15
00-0022044,A.Johnson,2015,16
00-0022044,A.Johnson,2015,17
00-0022044,A.Johnson,2016,1
00-0022044,A.Johnson,2016,2
00-0022044,A.Johnson,2016,3
00-0022044,A.Johnson,2016,4
00-0022044,A.Johnson,2016,5
00-0022044,A.Johnson,2016,7
00-0022084,A.Boldin,2015,12
00-0022084,A.Boldin,2015,13
00-0022084,A.Boldin,2015,14
00-0022084,A.Boldin,2015,15
00-0022084,A.Boldin,2015,16
00-0022084,A.Boldin,2015,17
00-0022084,A.Boldin,2016,1
00-0022084,A.Boldin,2016,2
00-0022084,A.Boldin,2016,3
00-0022084,A.Boldin,2016,4
00-0022084,A.Boldin,2016,5
00-0022084,A.Boldin,2016,6
00-0022084,A.Boldin,2016,7
00-0022084,A.Boldin,2016,8
00-0022084,A.Boldin,2016,9
00-0022084,A.Boldin,2016,11
00-0022084,A.Boldin,2016,12
00-0022084,A.Boldin,2016,13
00-0022084,A.Boldin,2016,14
00-0022084,A.Boldin,2016,15
00-0022084,A.Boldin,2016,16
00-0022084,A.Boldin,2016,17
00-0022084,A.Boldin,2016,18
00-0022127,J.Witten,2015,10
00-0022127,J.Witten,2015,11
00-0022127,J.Witten,2015,12
00-0022127,J.Witten,2015,13
00-0022127,J.Witten,2015,14
00-0022127,J.Witten,2015,15
00-0022127,J.Witten,2015,16
00-0022127,J.Witten,2015,17
00-0022127,J.Witten,2016,1
00-0022127,J.Witten,2016,2
00-0022127,J.Witten,2016,3
00-0022127,J.Witten,2016,4
00-0022127,J.Witten,2016,5
00-0022127,J.Witten,2016,6
00-0022127,J.Witten,2016,8
00-0022127,J.Witten,2016,9
00-0022127,J.Witten,2016,10
00-0022127,J.Witten,2016,11
00-0022127,J.Witten,2016,12
00-0022127,J.Witten,2016,14
00-0022127,J.Witten,2016,15
00-0022127,J.Witten,2016,16
00-0022127,J.Witten,2016,17
00-0022127,J.Witten,2016,19
00-0022127,J.Witten,2017,1
00-0022127,J.Witten,2017,2
00-0022127,J.Witten,2017,3
00-0022127,J.Witten,2017,4
00-0022127,J.Witten,2017,5
00-0022127,J.Witten,2017,7
00-0022127,J.Witten,2017,8
00-0022127,J.Witten,2017,9
00-0022127,J.Witten,2017,10
00-0022127,J.Witten,2017,11
00-0022127,J.Witten,2017,12
00-0022127,J.Witten,2017,13
00-0022127,J.Witten,2017,14
00-0022127,J.Witten,2017,15
00-0022127,J.Witten,2017,16
00-0022127,J.Witten,2017,17
00-0022127,J.Witten,2019,1
00-0022127,J.Witten,2019,2
00-0022127,J.Witten,2019,3
00-0022127,J.Witten,2019,4
00-0022127,J.Witten,2019,5
00-0022127,J.Witten,2019,6
00-0022127,J.Witten,2019,7
00-0022127,J.Witten,2019,9
00-0022127,J.Witten,2019,10
00-0022127,J.Witten,2019,11
00-0022127,J.Witten,2019,12
00-0022127,J.Witten,2019,13
00-0022127,J.Witten,2019,14
00-0022127,J.Witten,2019,15
00-0022127,J.Witten,2019,16
00-0022127,J.Witten,2019,17
00-0022127,J.Witten,2020,1
00-0022127,J.Witten,2020,2
00-0022127,J.Witten,2020,4
00-0022127,J.Witten,2020,5
00-0022127,J.Witten,2020,7
00-0022127,J.Witten,2020,8
00-0022127,J.Witten,2020,9
00-0022127,J.Witten,2020,11
00-0022127,J.Witten,2020,13
00-0022127,J.Witten,2020,16
00-0022811,J.Cotchery,2015,12
00-0022811,J.Cotchery,2015,13
00-0022811,J.Cotchery,2015,14
00-0022811,J.Cotchery,2015,15
00-0022811,J.Cotchery,2015,16
00-0022811,J.Cotchery,2015,17
00-0022811,J.Cotchery,2015,19
00-0022811,J.Cotchery,2015,20
00-0022811,J.Cotchery,2015,21
00-0022921,L.Fitzgerald,2015,10
00-0022921,L.Fitzgerald,2015,11
00-0022921,L.Fitzgerald,2015,12
00-0022921,L.Fitzgerald,2015,13
00-0022921,L.Fitzgerald,2015,14
00-0022921,L.Fitzgerald,2015,15
00-0022921,L.Fitzgerald,2015,16
00-0022921,L.Fitzgerald,2015,17
00-0022921,L.Fitzgerald,2015,19
00-0022921,L.Fitzgerald,2015,20
00-0022921,L.Fitzgerald,2016,1
00-0022921,L.Fitzgerald,2016,2
00-0022921,L.Fitzgerald,2016,3
00-0022921,L.Fitzgerald,2016,4
00-0022921,L.Fitzgerald,2016,5
00-0022921,L.Fitzgerald,2016,6
00-0022921,L.Fitzgerald,2016,7
00-0022921,L.Fitzgerald,2016,8
00-0022921,L.Fitzgerald,2016,10
00-0022921,L.Fitzgerald,2016,11
00-0022921,L.Fitzgerald,2016,12
00-0022921,L.Fitzgerald,2016,13
00-0022921,L.Fitzgerald,2016,14
00-0022921,L.Fitzgerald,2016,15
00-0022921,L.Fitzgerald,2016,16
00-0022921,L.Fitzgerald,2016,17
00-0022921,L.Fitzgerald,2017,1
00-0022921,L.Fitzgerald,2017,2
00-0022921,L.Fitzgerald,2017,3
00-0022921,L.Fitzgerald,2017,4
00-0022921,L.Fitzgerald,2017,5
00-0022921,L.Fitzgerald,2017,6
00-0022921,L.Fitzgerald,2017,7
00-0022921,L.Fitzgerald,2017,9
00-0022921,L.Fitzgerald,2017,10
00-0022921,L.Fitzgerald,2017,11
00-0022921,L.Fitzgerald,2017,12
00-0022921,L.Fitzgerald,2017,13
00-0022921,L.Fitzgerald,2017,14
00-0022921,L.Fitzgerald,2017,15
00-0022921,L.Fitzgerald,2017,16
00-0022921,L.Fitzgerald,2017,17
00-0022921,L.Fitzgerald,2018,1
00-0022921,L.Fitzgerald,2018,2
00-0022921,L.Fitzgerald,2018,3
00-0022921,L.Fitzgerald,2018,4
00-0022921,L.Fitzgerald,2018,5
00-0022921,L.Fitzgerald,2018,6
00-0022921,L.Fitzgerald,2018,7
00-0022921,L.Fitzgerald,2018,8
00-0022921,L.Fitzgerald,2018,10
00-0022921,L.Fitzgerald,2018,11
00-0022921,L.Fitzgerald,2018,12
00-0022921,L.Fitzgerald,2018,13
00-0022921,L.Fitzgerald,2018,14
00-0022921,L.Fitzgerald,2018,15
00-0022921,L.Fitzgerald,2018,16
00-0022921,L.Fitzgerald,2018,17
00-0022921,L.Fitzgerald,2019,1
00-0022921,L.Fitzgerald,2019,2
00-0022921,L.Fitzgerald,2019,3
00-0022921,L.Fitzgerald,2019,4
00-0022921,L.Fitzgerald,2019,5
00-0022921,L.Fitzgerald,2019,6
00-0022921,L.Fitzgerald,2019,7
00-0022921,L.Fitzgerald,2019,8
00-0022921,L.Fitzgerald,2019,9
00-0022921,L.Fitzgerald,2019,10
00-0022921,L.Fitzgerald,2019,11
00-0022921,L.Fitzgerald,2019,13
00-0022921,L.Fitzgerald,2019,14
00-0022921,L.Fitzgerald,2019,15
00-0022921,L.Fitzgerald,2019,16
00-0022921,L.Fitzgerald,2019,17
00-0022921,L.Fitzgerald,2020,1
00-0022921,L.Fitzgerald,2020,2
00-0022921,L.Fitzgerald,2020,3
00-0022921,L.Fitzgerald,2020,4
00-0022921,L.Fitzgerald,2020,5
00-0022921,L.Fitzgerald,2020,6
00-0022921,L.Fitzgerald,2020,7
00-0022921,L.Fitzgerald,2020,9
00-0022921,L.Fitzgerald,2020,10
00-0022921,L.Fitzgerald,2020,11
00-0022921,L.Fitzgerald,2020,14
00-0022921,L.Fitzgerald,2020,15
00-0022921,L.Fitzgerald,2020,16
00-0022943,B.Watson,2015,9
00-0022943,B.Watson,2015,10
00-0022943,B.Watson,2015,12
00-0022943,B.Watson,2015,13
00-0022943,B.Watson,2015,14
00-0022943,B.Watson,2015,15
00-0022943,B.Watson,2015,16
00-0022943,B.Watson,2015,17
00-0022943,B.Watson,2017,1
00-0022943,B.Watson,2017,2
00-0022943,B.Watson,2017,3
00-0022943,B.Watson,2017,4
00-0022943,B.Watson,2017,5
00-0022943,B.Watson,2017,6
00-0022943,B.Watson,2017,7
00-0022943,B.Watson,2017,8
00-0022943,B.Watson,2017,9
00-0022943,B.Watson,2017,11
00-0022943,B.Watson,2017,12
00-0022943,B.Watson,2017,13
00-0022943,B.Watson,2017,14
00-0022943,B.Watson,2017,15
00-0022943,B.Watson,2017,16
00-0022943,B.Watson,2017,17
00-0022943,B.Watson,2018,1
00-0022943,B.Watson,2018,2
00-0022943,B.Watson,2018,3
00-0022943,B.Watson,2018,4
00-0022943,B.Watson,2018,5
00-0022943,B.Watson,2018,7
00-0022943,B.Watson,2018,9
00-0022943,B.Watson,2018,10
00-0022943,B.Watson,2018,12
00-0022943,B.Watson,2018,14
00-0022943,B.Watson,2018,15
00-0022943,B.Watson,2018,16
00-0022943,B.Watson,2018,17
00-0022943,B.Watson,2018,19
00-0022943,B.Watson,2019,7
00-0022943,B.Watson,2019,8
00-0022943,B.Watson,2019,9
00-0022943,B.Watson,2019,11
00-0022943,B.Watson,2019,12
00-0022943,B.Watson,2019,13
00-0022943,B.Watson,2019,14
00-0022943,B.Watson,2019,16
00-0022943,B.Watson,2019,17
00-0022943,B.Watson,2019,18
00-0022999,J.Kuhn,2015,19
00-0022999,J.Kuhn,2016,1
00-0022999,J.Kuhn,2016,2
00-0022999,J.Kuhn,2016,4
00-0022999,J.Kuhn,2016,7
00-0022999,J.Kuhn,2016,8
00-0022999,J.Kuhn,2016,9
00-0022999,J.Kuhn,2016,11
00-0022999,J.Kuhn,2016,12
00-0022999,J.Kuhn,2016,13
00-0022999,J.Kuhn,2016,14
00-0022999,J.Kuhn,2016,15
00-0022999,J.Kuhn,2016,16
00-0023465,H.Miller,2015,9
00-0023465,H.Miller,2015,10
00-0023465,H.Miller,2015,12
00-0023465,H.Miller,2015,14
00-0023465,H.Miller,2015,15
00-0023465,H.Miller,2015,16
00-0023465,H.Miller,2015,17
00-0023465,H.Miller,2015,18
00-0023465,H.Miller,2015,19
00-0023500,F.Gore,2015,11
00-0023500,F.Gore,2015,12
00-0023500,F.Gore,2015,13
00-0023500,F.Gore,2015,14
00-0023500,F.Gore,2015,15
00-0023500,F.Gore,2015,16
00-0023500,F.Gore,2015,17
00-0023500,F.Gore,2016,1
00-0023500,F.Gore,2016,2
00-0023500,F.Gore,2016,3
00-0023500,F.Gore,2016,4
00-0023500,F.Gore,2016,5
00-0023500,F.Gore,2016,6
00-0023500,F.Gore,2016,7
00-0023500,F.Gore,2016,8
00-0023500,F.Gore,2016,9
00-0023500,F.Gore,2016,11
00-0023500,F.Gore,2016,12
00-0023500,F.Gore,2016,13
00-0023500,F.Gore,2016,14
00-0023500,F.Gore,2016,15
00-0023500,F.Gore,2016,16
00-0023500,F.Gore,2016,17
00-0023500,F.Gore,2017,1
00-0023500,F.Gore,2017,2
00-0023500,F.Gore,2017,3
00-0023500,F.Gore,2017,4
00-0023500,F.Gore,2017,5
00-0023500,F.Gore,2017,6
00-0023500,F.Gore,2017,8
00-0023500,F.Gore,2017,9
00-0023500,F.Gore,2017,10
00-0023500,F.Gore,2017,12
00-0023500,F.Gore,2017,14
00-0023500,F.Gore,2017,15
00-0023500,F.Gore,2017,16
00-0023500,F.Gore,2017,17
00-0023500,F.Gore,2018,2
00-0023500,F.Gore,2018,4
00-0023500,F.Gore,2018,6
00-0023500,F.Gore,2018,7
00-0023500,F.Gore,2018,8
00-0023500,F.Gore,2018,9
00-0023500,F.Gore,2018,10
00-0023500,F.Gore,2018,12
00-0023500,F.Gore,2018,13
00-0023500,F.Gore,2018,14
00-0023500,F.Gore,2019,2
00-0023500,F.Gore,2019,3
00-0023500,F.Gore,2019,4
00-0023500,F.Gore,2019,5
00-0023500,F.Gore,2019,7
00-0023500,F.Gore,2019,10
00-0023500,F.Gore,2019,11
00-0023500,F.Gore,2019,13
00-0023500,F.Gore,2019,17
00-0023500,F.Gore,2019,18
00-0023500,F.Gore,2020,2
00-0023500,F.Gore,2020,3
00-0023500,F.Gore,2020,4
00-0023500,F.Gore,2020,6
00-0023500,F.Gore,2020,9
00-0023500,F.Gore,2020,11
00-0023500,F.Gore,2020,12
00-0023500,F.Gore,2020,14
00-0023500,F.Gore,2020,15
00-0023500,F.Gore,2020,16
00-0023564,D.Sproles,2015,10
00-0023564,D.Sproles,2015,11
00-0023564,D.Sproles,2015,12
00-0023564,D.Sproles,2015,13
00-0023564,D.Sproles,2015,14
00-0023564,D.Sproles,2015,15
00-0023564,D.Sproles,2015,16
00-0023564,D.Sproles,2015,17
00-0023564,D.Sproles,2016,1
00-0023564,D.Sproles,2016,2
00-0023564,D.Sproles,2016,3
00-0023564,D.Sproles,2016,5
00-0023564,D.Sproles,2016,6
00-0023564,D.Sproles,2016,7
00-0023564,D.Sproles,2016,8
00-0023564,D.Sproles,2016,9
00-0023564,D.Sproles,2016,10
00-0023564,D.Sproles,2016,11
00-0023564,D.Sproles,2016,12
00-0023564,D.Sproles,2016,13
00-0023564,D.Sproles,2016,14
00-0023564,D.Sproles,2016,16
00-0023564,D.Sproles,2016,17
00-0023564,D.Sproles,2017,1
00-0023564,D.Sproles,2017,2
00-0023564,D.Sproles,2018,1
00-0023564,D.Sproles,2018,14
00-0023564,D.Sproles,2018,15
00-0023564,D.Sproles,2018,16
00-0023564,D.Sproles,2018,17
00-0023564,D.Sproles,2018,18
00-0023564,D.Sproles,2018,19
00-0023564,D.Sproles,2019,1
00-0023564,D.Sproles,2019,2
00-0023564,D.Sproles,2019,3
00-0023564,D.Sproles,2019,5
00-0023564,D.Sproles,2019,9
00-0024204,F.Jackson,2015,11
00-0024204,F.Jackson,2015,12
00-0024204,F.Jackson,2015,13
00-0024204,F.Jackson,2015,14
00-0024204,F.Jackson,2015,15
00-0024204,F.Jackson,2015,16
00-0024204,F.Jackson,2015,17
00-0024204,F.Jackson,2015,18
00-0024204,F.Jackson,2015,19
00-0024221,V.Davis,2015,11
00-0024221,V.Davis,2015,12
00-0024221,V.Davis,2015,13
00-0024221,V.Davis,2015,14
00-0024221,V.Davis,2015,15
00-0024221,V.Davis,2015,20
00-0024221,V.Davis,2016,1
00-0024221,V.Davis,2016,2
00-0024221,V.Davis,2016,4
00-0024221,V.Davis,2016,5
00-0024221,V.Davis,2016,6
00-0024221,V.Davis,2016,7
00-0024221,V.Davis,2016,8
00-0024221,V.Davis,2016,10
00-0024221,V.Davis,2016,11
00-0024221,V.Davis,2016,12
00-0024221,V.Davis,2016,13
00-0024221,V.Davis,2016,14
00-0024221,V.Davis,2016,15
00-0024221,V.Davis,2016,16
00-0024221,V.Davis,2016,17
00-0024221,V.Davis,2017,1
00-0024221,V.Davis,2017,2
00-0024221,V.Davis,2017,3
00-0024221,V.Davis,2017,4
00-0024221,V.Davis,2017,6
00-0024221,V.Davis,2017,7
00-0024221,V.Davis,2017,8
00-0024221,V.Davis,2017,9
00-0024221,V.Davis,2017,10
00-0024221,V.Davis,2017,11
00-0024221,V.Davis,2017,12
00-0024221,V.Davis,2017,13
00-0024221,V.Davis,2017,14
00-0024221,V.Davis,2017,15
00-0024221,V.Davis,2017,16
00-0024221,V.Davis,2017,17
00-0024221,V.Davis,2018,1
00-0024221,V.Davis,2018,2
00-0024221,V.Davis,2018,3
00-0024221,V.Davis,2018,5
00-0024221,V.Davis,2018,6
00-0024221,V.Davis,2018,8
00-0024221,V.Davis,2018,9
00-0024221,V.Davis,2018,10
00-0024221,V.Davis,2018,11
00-0024221,V.Davis,2018,12
00-0024221,V.Davis,2018,13
00-0024221,V.Davis,2018,14
00-0024221,V.Davis,2018,15
00-0024221,V.Davis,2019,1
00-0024221,V.Davis,2019,2
00-0024221,V.Davis,2019,3
00-0024221,V.Davis,2019,4
00-0024242,D.Williams,2015,14
00-0024242,D.Williams,2015,15
00-0024242,D.Williams,2015,16
00-0024242,D.Williams,2015,17
00-0024242,D.Williams,2016,1
00-0024242,D.Williams,2016,2
00-0024242,D.Williams,2016,3
00-0024242,D.Williams,2016,4
00-0024242,D.Williams,2016,5
00-0024242,D.Williams,2016,17
00-0024242,D.Williams,2016,20
00-0024243,M.Lewis,2015,11
00-0024243,M.Lewis,2015,12
00-0024243,M.Lewis,2015,13
00-0024243,M.Lewis,2015,14
00-0024243,M.Lewis,2015,15
00-0024243,M.Lewis,2015,16
00-0024243,M.Lewis,2015,17
00-0024243,M.Lewis,2016,1
00-0024243,M.Lewis,2016,2
00-0024243,M.Lewis,2016,3
00-0024243,M.Lewis,2016,4
00-0024243,M.Lewis,2016,6
00-0024243,M.Lewis,2016,7
00-0024243,M.Lewis,2016,8
00-0024243,M.Lewis,2016,9
00-0024243,M.Lewis,2016,10
00-0024243,M.Lewis,2016,11
00-0024243,M.Lewis,2017,1
00-0024243,M.Lewis,2017,2
00-0024243,M.Lewis,2017,3
00-0024243,M.Lewis,2017,4
00-0024243,M.Lewis,2017,5
00-0024243,M.Lewis,2017,6
00-0024243,M.Lewis,2017,7
00-0024243,M.Lewis,2017,9
00-0024243,M.Lewis,2017,10
00-0024243,M.Lewis,2017,11
00-0024243,M.Lewis,2017,12
00-0024243,M.Lewis,2017,13
00-0024243,M.Lewis,2017,14
00-0024243,M.Lewis,2017,15
00-0024243,M.Lewis,2017,16
00-0024243,M.Lewis,2017,17
00-0024243,M.Lewis,2017,18
00-0024243,M.Lewis,2017,19
00-0024243,M.Lewis,2017,20
00-0024243,M.Lewis,2018,2
00-0024243,M.Lewis,2018,9
00-0024243,M.Lewis,2018,10
00-0024243,M.Lewis,2018,12
00-0024243,M.Lewis,2019,1
00-0024243,M.Lewis,2019,2
00-0024243,M.Lewis,2019,3
00-0024243,M.Lewis,2019,4
00-0024243,M.Lewis,2019,5
00-0024243,M.Lewis,2019,6
00-0024243,M.Lewis,2019,8
00-0024243,M.Lewis,2019,13
00-0024243,M.Lewis,2019,14
00-0024243,M.Lewis,2019,15
00-0024243,M.Lewis,2019,16
00-0024243,M.Lewis,2019,17
00-0024243,M.Lewis,2019,20
00-0024243,M.Lewis,2020,2
00-0024243,M.Lewis,2020,3
00-0024243,M.Lewis,2020,6
00-0024243,M.Lewis,2020,7
00-0024243,M.Lewis,2020,9
00-0024243,M.Lewis,2020,11
00-0024243,M.Lewis,2020,12
00-0024243,M.Lewis,2020,13
00-0024243,M.Lewis,2020,14
00-0024243,M.Lewis,2020,17
00-0024243,M.Lewis,2020,20
00-0024243,M.Lewis,2021,1
00-0024243,M.Lewis,2021,4
00-0024243,M.Lewis,2021,5
00-0024243,M.Lewis,2021,6
00-0024243,M.Lewis,2021,7
00-0024243,M.Lewis,2021,8
00-0024243,M.Lewis,2021,9
00-0024243,M.Lewis,2021,10
00-0024243,M.Lewis,2021,12
00-0024243,M.Lewis,2021,14
00-0024243,M.Lewis,2021,15
00-0024243,M.Lewis,2021,16
00-0024243,M.Lewis,2021,18
00-0024243,M.Lewis,2021,20
00-0024243,M.Lewis,2022,5
00-0024243,M.Lewis,2022,9
00-0024243,M.Lewis,2022,10
00-0024243,M.Lewis,2022,13
00-0024243,M.Lewis,2022,15
00-0024243,M.Lewis,2022,16
00-0024268,A.Fasano,2015,10
00-0024268,A.Fasano,2015,11
00-0024268,A.Fasano,2015,12
00-0024268,A.Fasano,2015,14
00-0024268,A.Fasano,2015,15
00-0024268,A.Fasano,2015,16
00-0024268,A.Fasano,2016,2
00-0024268,A.Fasano,2016,4
00-0024268,A.Fasano,2016,5
00-0024268,A.Fasano,2016,6
00-0024268,A.Fasano,2016,7
00-0024268,A.Fasano,2016,9
00-0024268,A.Fasano,2016,10
00-0024268,A.Fasano,2016,12
00-0024268,A.Fasano,2016,14
00-0024268,A.Fasano,2016,16
00-0024268,A.Fasano,2017,5
00-0024268,A.Fasano,2017,7
00-0024268,A.Fasano,2017,8
00-0024268,A.Fasano,2017,9
00-0024268,A.Fasano,2017,13
00-0024268,A.Fasano,2017,14
00-0024268,A.Fasano,2017,15
00-0024268,A.Fasano,2017,17
00-0024313,O.Daniels,2015,10
00-0024313,O.Daniels,2015,11
00-0024313,O.Daniels,2015,12
00-0024313,O.Daniels,2015,13
00-0024313,O.Daniels,2015,14
00-0024313,O.Daniels,2015,15
00-0024313,O.Daniels,2015,16
00-0024313,O.Daniels,2015,17
00-0024313,O.Daniels,2015,19
00-0024313,O.Daniels,2015,20
00-0024313,O.Daniels,2015,21
00-0024334,B.Marshall,2015,10
00-0024334,B.Marshall,2015,11
00-0024334,B.Marshall,2015,12
00-0024334,B.Marshall,2015,13
00-0024334,B.Marshall,2015,14
00-0024334,B.Marshall,2015,15
00-0024334,B.Marshall,2015,16
00-0024334,B.Marshall,2015,17
00-0024334,B.Marshall,2016,1
00-0024334,B.Marshall,2016,2
00-0024334,B.Marshall,2016,3
00-0024334,B.Marshall,2016,4
00-0024334,B.Marshall,2016,5
00-0024334,B.Marshall,2016,6
00-0024334,B.Marshall,2016,7
00-0024334,B.Marshall,2016,8
00-0024334,B.Marshall,2016,9
00-0024334,B.Marshall,2016,10
00-0024334,B.Marshall,2016,12
00-0024334,B.Marshall,2016,13
00-0024334,B.Marshall,2016,14
00-0024334,B.Marshall,2016,15
00-0024334,B.Marshall,2016,16
00-0024334,B.Marshall,2017,1
00-0024334,B.Marshall,2017,2
00-0024334,B.Marshall,2017,3
00-0024334,B.Marshall,2017,4
00-0024334,B.Marshall,2017,5
00-0024334,B.Marshall,2018,1
00-0024334,B.Marshall,2018,2
00-0024334,B.Marshall,2018,3
00-0024334,B.Marshall,2018,4
00-0024334,B.Marshall,2018,5
00-0024334,B.Marshall,2018,6
00-0024389,D.Walker,2015,11
00-0024389,D.Walker,2015,12
00-0024389,D.Walker,2015,13
00-0024389,D.Walker,2015,14
00-0024389,D.Walker,2015,15
00-0024389,D.Walker,2015,16
00-0024389,D.Walker,2015,17
00-0024389,D.Walker,2016,1
00-0024389,D.Walker,2016,2
00-0024389,D.Walker,2016,4
00-0024389,D.Walker,2016,5
00-0024389,D.Walker,2016,6
00-0024389,D.Walker,2016,7
00-0024389,D.Walker,2016,8
00-0024389,D.Walker,2016,9
00-0024389,D.Walker,2016,10
00-0024389,D.Walker,2016,11
00-0024389,D.Walker,2016,12
00-0024389,D.Walker,2016,14
00-0024389,D.Walker,2016,15
00-0024389,D.Walker,2016,16
00-0024389,D.Walker,2016,17
00-0024389,D.Walker,2017,1
00-0024389,D.Walker,2017,2
00-0024389,D.Walker,2017,3
00-0024389,D.Walker,2017,4
00-0024389,D.Walker,2017,5
00-0024389,D.Walker,2017,6
00-0024389,D.Walker,2017,7
00-0024389,D.Walker,2017,9
00-0024389,D.Walker,2017,10
00-0024389,D.Walker,2017,11
00-0024389,D.Walker,2017,12
00-0024389,D.Walker,2017,13
00-0024389,D.Walker,2017,14
00-0024389,D.Walker,2017,15
00-0024389,D.Walker,2017,16
00-0024389,D.Walker,2017,17
00-0024389,D.Walker,2017,18
00-0024389,D.Walker,2017,19
00-0024389,D.Walker,2018,1
00-0024389,De.Walker,2019,1
00-0024389,De.Walker,2019,2
00-0024389,De.Walker,2019,3
00-0024389,De.Walker,2019,4
00-0024389,De.Walker,2019,5
00-0024389,De.Walker,2019,6
00-0025389,C.Johnson,2015,10
00-0025389,C.Johnson,2015,11
00-0025389,C.Johnson,2015,12
00-0025389,C.Johnson,2015,13
00-0025389,C.Johnson,2015,14
00-0025389,C.Johnson,2015,15
00-0025389,C.Johnson,2015,16
00-0025389,C.Johnson,2015,17
00-0025394,A.Peterson,2015,11
00-0025394,A.Peterson,2015,12
00-0025394,A.Peterson,2015,13
00-0025394,A.Peterson,2015,14
00-0025394,A.Peterson,2015,16
00-0025394,A.Peterson,2015,17
00-0025394,A.Peterson,2015,18
00-0025394,A.Peterson,2016,1
00-0025394,A.Peterson,2016,2
00-0025394,A.Peterson,2016,15
00-0025394,A.Peterson,2017,1
00-0025394,A.Peterson,2017,3
00-0025394,A.Peterson,2017,7
00-0025394,A.Peterson,2017,9
00-0025394,A.Peterson,2017,10
00-0025394,A.Peterson,2017,11
00-0025394,A.Peterson,2017,12
00-0025394,A.Peterson,2018,1
00-0025394,A.Peterson,2018,2
00-0025394,A.Peterson,2018,5
00-0025394,A.Peterson,2018,6
00-0025394,A.Peterson,2018,7
00-0025394,A.Peterson,2018,8
00-0025394,A.Peterson,2018,9
00-0025394,A.Peterson,2018,10
00-0025394,A.Peterson,2018,12
00-0025394,A.Peterson,2018,14
00-0025394,A.Peterson,2018,15
00-0025394,A.Peterson,2018,16
00-0025394,A.Peterson,2019,2
00-0025394,A.Peterson,2019,3
00-0025394,A.Peterson,2019,6
00-0025394,A.Peterson,2019,8
00-0025394,A.Peterson,2019,9
00-0025394,A.Peterson,2019,11
00-0025394,A.Peterson,2019,12
00-0025394,A.Peterson,2019,13
00-0025394,A.Peterson,2019,15
00-0025394,A.Peterson,2019,16
00-0025394,A.Peterson,2019,17
00-0025394,A.Peterson,2020,1
00-0025394,A.Peterson,2020,3
00-0025394,A.Peterson,2020,4
00-0025394,A.Peterson,2020,6
00-0025394,A.Peterson,2020,7
00-0025394,A.Peterson,2020,8
00-0025394,A.Peterson,2020,9
00-0025394,A.Peterson,2020,10
00-0025394,A.Peterson,2020,11
00-0025394,A.Peterson,2020,13
00-0025394,A.Peterson,2020,14
00-0025394,A.Peterson,2021,9
00-0025394,A.Peterson,2021,10
00-0025394,A.Peterson,2021,11
00-0025396,T.Ginn,2015,10
00-0025396,T.Ginn,2015,11
00-0025396,T.Ginn,2015,13
00-0025396,T.Ginn,2015,14
00-0025396,T.Ginn,2015,15
00-0025396,T.Ginn,2015,16
00-0025396,T.Ginn,2015,19
00-0025396,T.Ginn,2015,20
00-0025396,T.Ginn,2015,21
00-0025396,T.Ginn,2016,1
00-0025396,T.Ginn,2016,2
00-0025396,T.Ginn,2016,3
00-0025396,T.Ginn,2016,4
00-0025396,T.Ginn,2016,5
00-0025396,T.Ginn,2016,6
00-0025396,T.Ginn,2016,8
00-0025396,T.Ginn,2016,9
00-0025396,T.Ginn,2016,10
00-0025396,T.Ginn,2016,11
00-0025396,T.Ginn,2016,12
00-0025396,T.Ginn,2016,13
00-0025396,T.Ginn,2016,14
00-0025396,T.Ginn,2016,15
00-0025396,T.Ginn,2016,16
00-0025396,T.Ginn,2016,17
00-0025396,T.Ginn,2017,1
00-0025396,T.Ginn,2017,2
00-0025396,T.Ginn,2017,3
00-0025396,T.Ginn,2017,4
00-0025396,T.Ginn,2017,6
00-0025396,T.Ginn,2017,7
00-0025396,T.Ginn,2017,8
00-0025396,T.Ginn,2017,9
00-0025396,T.Ginn,2017,10
00-0025396,T.Ginn,2017,11
00-0025396,T.Ginn,2017,12
00-0025396,T.Ginn,2017,13
00-0025396,T.Ginn,2017,14
00-0025396,T.Ginn,2017,16
00-0025396,T.Ginn,2017,17
00-0025396,T.Ginn,2017,18
00-0025396,T.Ginn,2017,19
00-0025396,T.Ginn,2018,1
00-0025396,T.Ginn,2018,2
00-0025396,T.Ginn,2018,3
00-0025396,T.Ginn,2018,4
00-0025396,T.Ginn,2018,16
00-0025396,T.Ginn,2018,19
00-0025396,T.Ginn,2018,20
00-0025396,T.Ginn,2019,1
00-0025396,T.Ginn,2019,3
00-0025396,T.Ginn,2019,4
00-0025396,T.Ginn,2019,5
00-0025396,T.Ginn,2019,6
00-0025396,T.Ginn,2019,7
00-0025396,T.Ginn,2019,8
00-0025396,T.Ginn,2019,10
00-0025396,T.Ginn,2019,11
00-0025396,T.Ginn,2019,12
00-0025396,T.Ginn,2019,13
00-0025396,T.Ginn,2019,14
00-0025396,T.Ginn,2019,15
00-0025396,T.Ginn,2019,16
00-0025396,T.Ginn,2019,17
00-0025396,T.Ginn,2019,18
00-0025396,T.Ginn,2020,1
00-0025396,T.Ginn,2020,3
00-0025396,T.Ginn,2020,4
00-0025399,M.Lynch,2017,2
00-0025399,M.Lynch,2017,3
00-0025399,M.Lynch,2017,4
00-0025399,M.Lynch,2017,5
00-0025399,M.Lynch,2017,6
00-0025399,M.Lynch,2017,9
00-0025399,M.Lynch,2017,11
00-0025399,M.Lynch,2017,12
00-0025399,M.Lynch,2017,13
00-0025399,M.Lynch,2017,14
00-0025399,M.Lynch,2017,15
00-0025399,M.Lynch,2017,16
00-0025399,M.Lynch,2017,17
00-0025399,M.Lynch,2018,1
00-0025399,M.Lynch,2018,2
00-0025399,M.Lynch,2018,3
00-0025399,M.Lynch,2018,4
00-0025399,M.Lynch,2018,5
00-0025399,M.Lynch,2018,6
00-0025399,M.Lynch,2019,18
00-0025418,G.Olsen,2015,10
00-0025418,G.Olsen,2015,11
00-0025418,G.Olsen,2015,12
00-0025418,G.Olsen,2015,13
00-0025418,G.Olsen,2015,14
00-0025418,G.Olsen,2015,15
00-0025418,G.Olsen,2015,16
00-0025418,G.Olsen,2015,17
00-0025418,G.Olsen,2015,19
00-0025418,G.Olsen,2015,20
00-0025418,G.Olsen,2015,21
00-0025418,G.Olsen,2016,1
00-0025418,G.Olsen,2016,2
00-0025418,G.Olsen,2016,3
00-0025418,G.Olsen,2016,4
00-0025418,G.Olsen,2016,5
00-0025418,G.Olsen,2016,6
00-0025418,G.Olsen,2016,8
00-0025418,G.Olsen,2016,9
00-0025418,G.Olsen,2016,10
00-0025418,G.Olsen,2016,11
00-0025418,G.Olsen,2016,12
00-0025418,G.Olsen,2016,13
00-0025418,G.Olsen,2016,14
00-0025418,G.Olsen,2016,15
00-0025418,G.Olsen,2016,16
00-0025418,G.Olsen,2016,17
00-0025418,G.Olsen,2017,1
00-0025418,G.Olsen,2017,2
00-0025418,G.Olsen,2017,12
00-0025418,G.Olsen,2017,14
00-0025418,G.Olsen,2017,15
00-0025418,G.Olsen,2017,16
00-0025418,G.Olsen,2017,17
00-0025418,G.Olsen,2017,18
00-0025418,G.Olsen,2018,1
00-0025418,G.Olsen,2018,6
00-0025418,G.Olsen,2018,7
00-0025418,G.Olsen,2018,8
00-0025418,G.Olsen,2018,9
00-0025418,G.Olsen,2018,10
00-0025418,G.Olsen,2018,11
00-0025418,G.Olsen,2018,12
00-0025418,G.Olsen,2018,13
00-0025418,G.Olsen,2019,1
00-0025418,G.Olsen,2019,2
00-0025418,G.Olsen,2019,3
00-0025418,G.Olsen,2019,4
00-0025418,G.Olsen,2019,5
00-0025418,G.Olsen,2019,6
00-0025418,G.Olsen,2019,8
00-0025418,G.Olsen,2019,9
00-0025418,G.Olsen,2019,10
00-0025418,G.Olsen,2019,11
00-0025418,G.Olsen,2019,12
00-0025418,G.Olsen,2019,13
00-0025418,G.Olsen,2019,16
00-0025418,G.Olsen,2019,17
00-0025418,G.Olsen,2020,1
00-0025418,G.Olsen,2020,2
00-0025418,G.Olsen,2020,3
00-0025418,G.Olsen,2020,4
00-0025418,G.Olsen,2020,5
00-0025418,G.Olsen,2020,7
00-0025418,G.Olsen,2020,8
00-0025418,G.Olsen,2020,9
00-0025418,G.Olsen,2020,10
00-0025418,G.Olsen,2020,11
00-0025418,G.Olsen,2020,16
00-0025465,J.Jones,2015,10
00-0025465,J.Jones,2015,11
00-0025465,J.Jones,2015,12
00-0025465,J.Jones,2015,13
00-0025465,J.Jones,2015,14
00-0025465,J.Jones,2015,15
00-0025465,J.Jones,2015,16
00-0025465,J.Jones,2015,17
00-0025465,J.Jones,2015,18
00-0025465,J.Jones,2015,19
00-0025549,B.Celek,2015,14
00-0025549,B.Celek,2015,15
00-0025549,B.Celek,2015,16
00-0025549,B.Celek,2015,17
00-0025549,B.Celek,2016,1
00-0025549,B.Celek,2016,2
00-0025549,B.Celek,2016,3
00-0025549,B.Celek,2016,7
00-0025549,B.Celek,2016,10
00-0025549,B.Celek,2016,11
00-0025549,B.Celek,2016,14
00-0025549,B.Celek,2016,15
00-0025549,B.Celek,2016,16
00-0025549,B.Celek,2016,17
00-0025549,B.Celek,2017,1
00-0025549,B.Celek,2017,4
00-0025549,B.Celek,2017,5
00-0025549,B.Celek,2017,7
00-0025549,B.Celek,2017,8
00-0025549,B.Celek,2017,9
00-0025549,B.Celek,2017,11
00-0025549,B.Celek,2017,12
00-0025549,B.Celek,2017,14
00-0025549,B.Celek,2017,16
00-0025549,B.Celek,2017,17
00-0025549,B.Celek,2017,19
00-0025549,B.Celek,2017,20
00-0026019,D.Woodhead,2015,9
00-0026019,D.Woodhead,2015,11
00-0026019,D.Woodhead,2015,12
00-0026019,D.Woodhead,2015,13
00-0026019,D.Woodhead,2015,14
00-0026019,D.Woodhead,2015,15
00-0026019,D.Woodhead,2015,16
00-0026019,D.Woodhead,2015,17
00-0026019,D.Woodhead,2016,1
00-0026019,D.Woodhead,2016,2
00-0026019,D.Woodhead,2017,1
00-0026019,D.Woodhead,2017,11
00-0026019,D.Woodhead,2017,12
00-0026019,D.Woodhead,2017,13
00-0026019,D.Woodhead,2017,14
00-0026019,D.Woodhead,2017,15
00-0026019,D.Woodhead,2017,16
00-0026019,D.Woodhead,2017,17
00-0026035,D.Amendola,2015,10
00-0026035,D.Amendola,2015,11
00-0026035,D.Amendola,2015,13
00-0026035,D.Amendola,2015,14
00-0026035,D.Amendola,2015,15
00-0026035,D.Amendola,2015,17
00-0026035,D.Amendola,2015,19
00-0026035,D.Amendola,2015,20
00-0026035,D.Amendola,2016,1
00-0026035,D.Amendola,2016,2
00-0026035,D.Amendola,2016,3
00-0026035,D.Amendola,2016,4
00-0026035,D.Amendola,2016,5
00-0026035,D.Amendola,2016,6
00-0026035,D.Amendola,2016,8
00-0026035,D.Amendola,2016,10
00-0026035,D.Amendola,2016,11
00-0026035,D.Amendola,2016,12
00-0026035,D.Amendola,2016,13
00-0026035,D.Amendola,2016,19
00-0026035,D.Amendola,2016,20
00-0026035,D.Amendola,2016,21
00-0026035,D.Amendola,2017,1
00-0026035,D.Amendola,2017,3
00-0026035,D.Amendola,2017,4
00-0026035,D.Amendola,2017,5
00-0026035,D.Amendola,2017,6
00-0026035,D.Amendola,2017,7
00-0026035,D.Amendola,2017,8
00-0026035,D.Amendola,2017,10
00-0026035,D.Amendola,2017,11
00-0026035,D.Amendola,2017,12
00-0026035,D.Amendola,2017,13
00-0026035,D.Amendola,2017,14
00-0026035,D.Amendola,2017,15
00-0026035,D.Amendola,2017,16
00-0026035,D.Amendola,2017,17
00-0026035,D.Amendola,2017,19
00-0026035,D.Amendola,2017,20
00-0026035,D.Amendola,2017,21
00-0026035,D.Amendola,2018,1
00-0026035,D.Amendola,2018,2
00-0026035,D.Amendola,2018,3
00-0026035,D.Amendola,2018,4
00-0026035,D.Amendola,2018,5
00-0026035,D.Amendola,2018,6
00-0026035,D.Amendola,2018,7
00-0026035,D.Amendola,2018,8
00-0026035,D.Amendola,2018,9
00-0026035,D.Amendola,2018,10
00-0026035,D.Amendola,2018,12
00-0026035,D.Amendola,2018,14
00-0026035,D.Amendola,2018,15
00-0026035,D.Amendola,2018,16
00-0026035,D.Amendola,2018,17
00-0026035,D.Amendola,2019,1
00-0026035,D.Amendola,2019,2
00-0026035,D.Amendola,2019,3
00-0026035,D.Amendola,2019,6
00-0026035,D.Amendola,2019,7
00-0026035,D.Amendola,2019,8
00-0026035,D.Amendola,2019,9
00-0026035,D.Amendola,2019,10
00-0026035,D.Amendola,2019,11
00-0026035,D.Amendola,2019,12
00-0026035,D.Amendola,2019,13
00-0026035,D.Amendola,2019,14
00-0026035,D.Amendola,2019,15
00-0026035,D.Amendola,2019,16
00-0026035,D.Amendola,2019,17
00-0026035,D.Amendola,2020,1
00-0026035,D.Amendola,2020,2
00-0026035,D.Amendola,2020,3
00-0026035,D.Amendola,2020,4
00-0026035,D.Amendola,2020,6
00-0026035,D.Amendola,2020,7
00-0026035,D.Amendola,2020,8
00-0026035,D.Amendola,2020,9
00-0026035,D.Amendola,2020,10
00-0026035,D.Amendola,2020,13
00-0026035,D.Amendola,2020,14
00-0026035,D.Amendola,2020,15
00-0026035,D.Amendola,2020,16
00-0026035,D.Amendola,2020,17
00-0026035,D.Amendola,2021,1
00-0026035,D.Amendola,2021,2
00-0026035,D.Amendola,2021,7
00-0026035,D.Amendola,2021,8
00-0026035,D.Amendola,2021,9
00-0026035,D.Amendola,2021,11
00-0026035,D.Amendola,2021,12
00-0026035,D.Amendola,2021,18
00-0026069,M.Tolbert,2015,13
00-0026069,M.Tolbert,2015,14
00-0026069,M.Tolbert,2015,16
00-0026069,M.Tolbert,2015,17
00-0026069,M.Tolbert,2015,19
00-0026069,M.Tolbert,2015,20
00-0026069,M.Tolbert,2015,21
00-0026069,M.Tolbert,2016,1
00-0026069,M.Tolbert,2016,2
00-0026069,M.Tolbert,2016,3
00-0026069,M.Tolbert,2016,4
00-0026069,M.Tolbert,2016,11
00-0026069,M.Tolbert,2016,12
00-0026069,M.Tolbert,2016,13
00-0026069,M.Tolbert,2016,15
00-0026069,M.Tolbert,2016,17
00-0026069,M.Tolbert,2017,1
00-0026069,M.Tolbert,2017,2
00-0026069,M.Tolbert,2017,3
00-0026069,M.Tolbert,2017,5
00-0026069,M.Tolbert,2017,7
00-0026069,M.Tolbert,2017,8
00-0026069,M.Tolbert,2017,9
00-0026069,M.Tolbert,2017,10
00-0026069,M.Tolbert,2017,16
00-0026069,M.Tolbert,2017,17
00-0026069,M.Tolbert,2017,18
00-0026144,D.McFadden,2015,12
00-0026144,D.McFadden,2015,13
00-0026144,D.McFadden,2015,14
00-0026144,D.McFadden,2015,15
00-0026144,D.McFadden,2015,16
00-0026144,D.McFadden,2015,17
00-0026144,D.McFadden,2016,15
00-0026144,D.McFadden,2016,16
00-0026144,D.McFadden,2016,17
00-0026153,J.Stewart,2015,12
00-0026153,J.Stewart,2015,13
00-0026153,J.Stewart,2015,14
00-0026153,J.Stewart,2015,19
00-0026153,J.Stewart,2015,20
00-0026153,J.Stewart,2015,21
00-0026153,J.Stewart,2016,1
00-0026153,J.Stewart,2016,2
00-0026153,J.Stewart,2016,6
00-0026153,J.Stewart,2016,8
00-0026153,J.Stewart,2016,10
00-0026153,J.Stewart,2016,11
00-0026153,J.Stewart,2016,12
00-0026153,J.Stewart,2016,13
00-0026153,J.Stewart,2016,14
00-0026153,J.Stewart,2016,15
00-0026153,J.Stewart,2016,16
00-0026153,J.Stewart,2016,17
00-0026153,J.Stewart,2017,1
00-0026153,J.Stewart,2017,2
00-0026153,J.Stewart,2017,3
00-0026153,J.Stewart,2017,4
00-0026153,J.Stewart,2017,5
00-0026153,J.Stewart,2017,6
00-0026153,J.Stewart,2017,13
00-0026153,J.Stewart,2017,14
00-0026153,J.Stewart,2017,15
00-0026153,J.Stewart,2017,16
00-0026176,J.Nelson,2016,10
00-0026176,J.Nelson,2016,11
00-0026176,J.Nelson,2016,12
00-0026176,J.Nelson,2016,13
00-0026176,J.Nelson,2016,14
00-0026176,J.Nelson,2016,15
00-0026176,J.Nelson,2016,16
00-0026176,J.Nelson,2016,17
00-0026176,J.Nelson,2016,18
00-0026176,J.Nelson,2016,20
00-0026176,J.Nelson,2017,1
00-0026176,J.Nelson,2017,3
00-0026176,J.Nelson,2017,4
00-0026176,J.Nelson,2017,5
00-0026176,J.Nelson,2017,6
00-0026176,J.Nelson,2017,7
00-0026176,J.Nelson,2017,9
00-0026176,J.Nelson,2017,10
00-0026176,J.Nelson,2017,11
00-0026176,J.Nelson,2017,12
00-0026176,J.Nelson,2017,13
00-0026176,J.Nelson,2017,14
00-0026176,J.Nelson,2017,15
00-0026176,J.Nelson,2017,16
00-0026176,J.Nelson,2018,1
00-0026176,J.Nelson,2018,2
00-0026176,J.Nelson,2018,3
00-0026176,J.Nelson,2018,4
00-0026176,J.Nelson,2018,5
00-0026176,J.Nelson,2018,6
00-0026176,J.Nelson,2018,8
00-0026176,J.Nelson,2018,9
00-0026176,J.Nelson,2018,10
00-0026176,J.Nelson,2018,12
00-0026176,J.Nelson,2018,13
00-0026176,J.Nelson,2018,14
00-0026176,J.Nelson,2018,15
00-0026176,J.Nelson,2018,16
00-0026176,J.Nelson,2018,17
00-0026182,E.Royal,2015,16
00-0026182,E.Royal,2016,1
00-0026182,E.Royal,2016,2
00-0026182,E.Royal,2016,3
00-0026182,E.Royal,2016,4
00-0026182,E.Royal,2016,5
00-0026182,E.Royal,2016,6
00-0026182,E.Royal,2016,10
00-0026182,E.Royal,2016,11
00-0026182,E.Royal,2016,12
00-0026184,M.Forte,2015,13
00-0026184,M.Forte,2015,14
00-0026184,M.Forte,2015,15
00-0026184,M.Forte,2015,16
00-0026184,M.Forte,2015,17
00-0026184,M.Forte,2016,1
00-0026184,M.Forte,2016,2
00-0026184,M.Forte,2016,3
00-0026184,M.Forte,2016,4
00-0026184,M.Forte,2016,5
00-0026184,M.Forte,2016,6
00-0026184,M.Forte,2016,7
00-0026184,M.Forte,2016,8
00-0026184,M.Forte,2016,9
00-0026184,M.Forte,2016,10
00-0026184,M.Forte,2016,12
00-0026184,M.Forte,2016,13
00-0026184,M.Forte,2016,15
00-0026184,M.Forte,2017,1
00-0026184,M.Forte,2017,2
00-0026184,M.Forte,2017,6
00-0026184,M.Forte,2017,7
00-0026184,M.Forte,2017,8
00-0026184,M.Forte,2017,9
00-0026184,M.Forte,2017,12
00-0026184,M.Forte,2017,13
00-0026184,M.Forte,2017,14
00-0026184,M.Forte,2017,15
00-0026184,M.Forte,2017,16
00-0026189,D.Jackson,2015,16
00-0026189,D.Jackson,2015,18
00-0026189,D.Jackson,2016,1
00-0026189,D.Jackson,2016,2
00-0026189,D.Jackson,2016,3
00-0026189,D.Jackson,2016,4
00-0026189,D.Jackson,2016,5
00-0026189,D.Jackson,2016,6
00-0026189,D.Jackson,2016,7
00-0026189,D.Jackson,2016,8
00-0026189,D.Jackson,2016,11
00-0026189,D.Jackson,2016,12
00-0026189,D.Jackson,2016,13
00-0026189,D.Jackson,2016,14
00-0026189,D.Jackson,2016,15
00-0026189,D.Jackson,2016,16
00-0026189,D.Jackson,2016,17
00-0026189,D.Jackson,2017,2
00-0026189,D.Jackson,2017,3
00-0026189,D.Jackson,2017,4
00-0026189,D.Jackson,2017,5
00-0026189,D.Jackson,2017,6
00-0026189,D.Jackson,2017,7
00-0026189,D.Jackson,2017,8
00-0026189,D.Jackson,2017,9
00-0026189,D.Jackson,2017,10
00-0026189,D.Jackson,2017,11
00-0026189,D.Jackson,2017,12
00-0026189,D.Jackson,2017,13
00-0026189,D.Jackson,2017,14
00-0026189,D.Jackson,2017,15
00-0026189,D.Jackson,2018,1
00-0026189,D.Jackson,2018,2
00-0026189,D.Jackson,2018,3
00-0026189,D.Jackson,2018,4
00-0026189,D.Jackson,2018,6
00-0026189,D.Jackson,2018,7
00-0026189,D.Jackson,2018,8
00-0026189,D.Jackson,2018,9
00-0026189,D.Jackson,2018,10
00-0026189,D.Jackson,2018,11
00-0026189,D.Jackson,2018,12
00-0026189,D.Jackson,2018,16
00-0026189,D.Jackson,2019,1
00-0026189,D.Jackson,2019,9
00-0026189,D.Jackson,2020,1
00-0026189,D.Jackson,2020,2
00-0026189,D.Jackson,2020,3
00-0026189,D.Jackson,2020,7
00-0026189,D.Jackson,2020,16
00-0026189,D.Jackson,2021,1
00-0026189,D.Jackson,2021,3
00-0026189,D.Jackson,2021,4
00-0026189,D.Jackson,2021,5
00-0026189,D.Jackson,2021,6
00-0026189,D.Jackson,2021,7
00-0026189,D.Jackson,2021,10
00-0026189,D.Jackson,2021,12
00-0026189,D.Jackson,2021,13
00-0026189,D.Jackson,2021,14
00-0026189,D.Jackson,2021,15
00-0026189,D.Jackson,2021,16
00-0026189,D.Jackson,2021,17
00-0026189,D.Jackson,2021,19
00-0026189,D.Jackson,2022,9
00-0026189,D.Jackson,2022,12
00-0026189,D.Jackson,2022,13
00-0026189,D.Jackson,2022,14
00-0026189,D.Jackson,2022,15
00-0026189,D.Jackson,2022,16
00-0026189,D.Jackson,2022,17
00-0026201,M.Bennett,2015,10
00-0026201,M.Bennett,2015,11
00-0026201,M.Bennett,2015,13
00-0026201,M.Bennett,2016,1
00-0026201,M.Bennett,2016,2
00-0026201,M.Bennett,2016,3
00-0026201,M.Bennett,2016,4
00-0026201,M.Bennett,2016,5
00-0026201,M.Bennett,2016,6
00-0026201,M.Bennett,2016,7
00-0026201,M.Bennett,2016,8
00-0026201,M.Bennett,2016,10
00-0026201,M.Bennett,2016,11
00-0026201,M.Bennett,2016,12
00-0026201,M.Bennett,2016,13
00-0026201,M.Bennett,2016,14
00-0026201,M.Bennett,2016,15
00-0026201,M.Bennett,2016,16
00-0026201,M.Bennett,2016,17
00-0026201,M.Bennett,2016,19
00-0026201,M.Bennett,2016,20
00-0026201,M.Bennett,2016,21
00-0026201,M.Bennett,2017,1
00-0026201,M.Bennett,2017,2
00-0026201,M.Bennett,2017,3
00-0026201,M.Bennett,2017,4
00-0026201,M.Bennett,2017,5
00-0026201,M.Bennett,2017,6
00-0026201,M.Bennett,2017,7
00-0026201,M.Bennett,2017,10
00-0026201,M.Bennett,2017,11
00-0026213,J.Charles,2017,2
00-0026213,J.Charles,2017,3
00-0026213,J.Charles,2017,4
00-0026213,J.Charles,2017,6
00-0026213,J.Charles,2017,7
00-0026213,J.Charles,2017,8
00-0026213,J.Charles,2017,9
00-0026213,J.Charles,2017,10
00-0026213,J.Charles,2017,12
00-0026213,J.Charles,2017,13
00-0026213,J.Charles,2017,14
00-0026213,J.Charles,2018,6
00-0026213,J.Charles,2018,7
00-0026224,H.Douglas,2015,12
00-0026224,H.Douglas,2015,13
00-0026224,H.Douglas,2015,14
00-0026224,H.Douglas,2015,15
00-0026224,H.Douglas,2015,16
00-0026224,H.Douglas,2015,17
00-0026224,H.Douglas,2016,1
00-0026224,H.Douglas,2016,3
00-0026224,H.Douglas,2016,9
00-0026224,H.Douglas,2016,11
00-0026224,H.Douglas,2016,12
00-0026224,H.Douglas,2016,14
00-0026224,H.Douglas,2016,16
00-0026224,H.Douglas,2017,12
00-0026267,J.Tamme,2015,11
00-0026267,J.Tamme,2015,12
00-0026267,J.Tamme,2015,13
00-0026267,J.Tamme,2015,14
00-0026267,J.Tamme,2015,15
00-0026267,J.Tamme,2015,16
00-0026267,J.Tamme,2015,17
00-0026267,J.Tamme,2016,1
00-0026267,J.Tamme,2016,2
00-0026267,J.Tamme,2016,3
00-0026267,J.Tamme,2016,4
00-0026267,J.Tamme,2016,5
00-0026267,J.Tamme,2016,6
00-0026267,J.Tamme,2016,7
00-0026267,J.Tamme,2016,8
00-0026281,G.Barnidge,2015,9
00-0026281,G.Barnidge,2015,10
00-0026281,G.Barnidge,2015,12
00-0026281,G.Barnidge,2015,13
00-0026281,G.Barnidge,2015,14
00-0026281,G.Barnidge,2015,15
00-0026281,G.Barnidge,2015,16
00-0026281,G.Barnidge,2015,17
00-0026281,G.Barnidge,2016,1
00-0026281,G.Barnidge,2016,2
00-0026281,G.Barnidge,2016,3
00-0026281,G.Barnidge,2016,4
00-0026281,G.Barnidge,2016,5
00-0026281,G.Barnidge,2016,6
00-0026281,G.Barnidge,2016,7
00-0026281,G.Barnidge,2016,8
00-0026281,G.Barnidge,2016,9
00-0026281,G.Barnidge,2016,10
00-0026281,G.Barnidge,2016,11
00-0026281,G.Barnidge,2016,12
00-0026281,G.Barnidge,2016,14
00-0026281,G.Barnidge,2016,15
00-0026281,G.Barnidge,2016,16
00-0026281,G.Barnidge,2016,17
00-0026289,T.Hightower,2016,10
00-0026289,T.Hightower,2016,11
00-0026289,T.Hightower,2016,12
00-0026289,T.Hightower,2016,13
00-0026289,T.Hightower,2016,14
00-0026289,T.Hightower,2016,15
00-0026289,T.Hightower,2016,16
00-0026289,T.Hightower,2016,17
00-0026345,P.Garcon,2015,10
00-0026345,P.Garcon,2015,11
00-0026345,P.Garcon,2015,12
00-0026345,P.Garcon,2015,13
00-0026345,P.Garcon,2015,14
00-0026345,P.Garcon,2015,15
00-0026345,P.Garcon,2015,16
00-0026345,P.Garcon,2015,17
00-0026345,P.Garcon,2015,18
00-0026345,P.Garcon,2016,1
00-0026345,P.Garcon,2016,2
00-0026345,P.Garcon,2016,3
00-0026345,P.Garcon,2016,4
00-0026345,P.Garcon,2016,5
00-0026345,P.Garcon,2016,6
00-0026345,P.Garcon,2016,7
00-0026345,P.Garcon,2016,8
00-0026345,P.Garcon,2016,10
00-0026345,P.Garcon,2016,11
00-0026345,P.Garcon,2016,12
00-0026345,P.Garcon,2016,13
00-0026345,P.Garcon,2016,14
00-0026345,P.Garcon,2016,15
00-0026345,P.Garcon,2016,16
00-0026345,P.Garcon,2016,17
00-0026345,P.Garcon,2017,1
00-0026345,P.Garcon,2017,2
00-0026345,P.Garcon,2017,3
00-0026345,P.Garcon,2017,4
00-0026345,P.Garcon,2017,5
00-0026345,P.Garcon,2017,6
00-0026345,P.Garcon,2017,7
00-0026345,P.Garcon,2017,8
00-0026345,P.Garcon,2018,1
00-0026345,P.Garcon,2018,2
00-0026345,P.Garcon,2018,3
00-0026345,P.Garcon,2018,4
00-0026345,P.Garcon,2018,5
00-0026345,P.Garcon,2018,6
00-0026345,P.Garcon,2018,7
00-0026345,P.Garcon,2018,9
00-0026373,J.Forsett,2015,10
00-0026373,J.Forsett,2016,1
00-0026373,J.Forsett,2016,2
00-0026373,J.Forsett,2016,3
00-0026373,J.Forsett,2016,6
00-0026373,J.Forsett,2016,7
00-0026373,J.Forsett,2016,14
00-0026373,J.Forsett,2016,15
00-0026373,J.Forsett,2016,16
00-0026373,J.Forsett,2016,17
00-0026393,M.Reece,2015,11
00-0026393,M.Reece,2015,12
00-0026393,M.Reece,2015,13
00-0026393,M.Reece,2015,15
00-0026393,M.Reece,2015,16
00-0026393,M.Reece,2016,14
00-0026393,M.Reece,2016,15
00-0026393,M.Reece,2016,16
00-0026393,M.Reece,2016,17
00-0026393,M.Reece,2016,18
00-0026393,M.Reece,2016,19
00-0026739,J.Norwood,2015,16
00-0026739,J.Norwood,2015,17
00-0026739,J.Norwood,2015,19
00-0026739,J.Norwood,2015,20
00-0026739,J.Norwood,2015,21
00-0026739,J.Norwood,2016,1
00-0026739,J.Norwood,2016,2
00-0026739,J.Norwood,2016,3
00-0026739,J.Norwood,2016,4
00-0026739,J.Norwood,2016,5
00-0026739,J.Norwood,2016,6
00-0026739,J.Norwood,2016,7
00-0026739,J.Norwood,2016,8
00-0026739,J.Norwood,2016,9
00-0026739,J.Norwood,2016,10
00-0026739,J.Norwood,2016,12
00-0026739,J.Norwood,2016,13
00-0026739,J.Norwood,2016,15
00-0026739,J.Norwood,2016,16
00-0026901,M.Wallace,2015,10
00-0026901,M.Wallace,2015,11
00-0026901,M.Wallace,2015,13
00-0026901,M.Wallace,2015,14
00-0026901,M.Wallace,2015,15
00-0026901,M.Wallace,2015,16
00-0026901,M.Wallace,2015,17
00-0026901,M.Wallace,2015,18
00-0026901,M.Wallace,2016,1
00-0026901,M.Wallace,2016,2
00-0026901,M.Wallace,2016,3
00-0026901,M.Wallace,2016,4
00-0026901,M.Wallace,2016,5
00-0026901,M.Wallace,2016,6
00-0026901,M.Wallace,2016,7
00-0026901,M.Wallace,2016,9
00-0026901,M.Wallace,2016,10
00-0026901,M.Wallace,2016,11
00-0026901,M.Wallace,2016,12
00-0026901,M.Wallace,2016,13
00-0026901,M.Wallace,2016,14
00-0026901,M.Wallace,2016,15
00-0026901,M.Wallace,2016,16
00-0026901,M.Wallace,2016,17
00-0026901,M.Wallace,2017,1
00-0026901,M.Wallace,2017,2
00-0026901,M.Wallace,2017,3
00-0026901,M.Wallace,2017,4
00-0026901,M.Wallace,2017,5
00-0026901,M.Wallace,2017,6
00-0026901,M.Wallace,2017,7
00-0026901,M.Wallace,2017,9
00-0026901,M.Wallace,2017,11
00-0026901,M.Wallace,2017,12
00-0026901,M.Wallace,2017,13
00-0026901,M.Wallace,2017,14
00-0026901,M.Wallace,2017,15
00-0026901,M.Wallace,2017,16
00-0026901,M.Wallace,2017,17
00-0026901,M.Wallace,2018,1
00-0026983,D.Heyward-Bey,2015,13
00-0026983,D.Heyward-Bey,2015,16
00-0026983,D.Heyward-Bey,2015,17
00-0026983,D.Heyward-Bey,2015,18
00-0026983,D.Heyward-Bey,2015,19
00-0026983,D.Heyward-Bey,2016,2
00-0026983,D.Heyward-Bey,2016,3
00-0026983,D.Heyward-Bey,2016,4
00-0026983,D.Heyward-Bey,2016,6
00-0026983,D.Heyward-Bey,2016,7
00-0026983,D.Heyward-Bey,2016,9
00-0026983,D.Heyward-Bey,2016,17
00-0026983,D.Heyward-Bey,2016,18
00-0026983,D.Heyward-Bey,2016,20
00-0026983,D.Heyward-Bey,2017,7
00-0026983,D.Heyward-Bey,2017,8
00-0026983,D.Heyward-Bey,2017,15
00-0026983,D.Heyward-Bey,2017,19
00-0026983,D.Heyward-Bey,2018,10
00-0026983,D.Heyward-Bey,2018,13
00-0026986,M.Crabtree,2015,10
00-0026986,M.Crabtree,2015,11
00-0026986,M.Crabtree,2015,12
00-0026986,M.Crabtree,2015,13
00-0026986,M.Crabtree,2015,14
00-0026986,M.Crabtree,2015,15
00-0026986,M.Crabtree,2015,16
00-0026986,M.Crabtree,2015,17
00-0026986,M.Crabtree,2016,1
00-0026986,M.Crabtree,2016,2
00-0026986,M.Crabtree,2016,3
00-0026986,M.Crabtree,2016,4
00-0026986,M.Crabtree,2016,5
00-0026986,M.Crabtree,2016,6
00-0026986,M.Crabtree,2016,7
00-0026986,M.Crabtree,2016,8
00-0026986,M.Crabtree,2016,9
00-0026986,M.Crabtree,2016,11
00-0026986,M.Crabtree,2016,12
00-0026986,M.Crabtree,2016,13
00-0026986,M.Crabtree,2016,14
00-0026986,M.Crabtree,2016,15
00-0026986,M.Crabtree,2016,16
00-0026986,M.Crabtree,2016,17
00-0026986,M.Crabtree,2016,18
00-0026986,M.Crabtree,2017,1
00-0026986,M.Crabtree,2017,2
00-0026986,M.Crabtree,2017,3
00-0026986,M.Crabtree,2017,5
00-0026986,M.Crabtree,2017,6
00-0026986,M.Crabtree,2017,7
00-0026986,M.Crabtree,2017,8
00-0026986,M.Crabtree,2017,9
00-0026986,M.Crabtree,2017,11
00-0026986,M.Crabtree,2017,14
00-0026986,M.Crabtree,2017,15
00-0026986,M.Crabtree,2017,16
00-0026986,M.Crabtree,2017,17
00-0026986,M.Crabtree,2018,1
00-0026986,M.Crabtree,2018,2
00-0026986,M.Crabtree,2018,3
00-0026986,M.Crabtree,2018,4
00-0026986,M.Crabtree,2018,5
00-0026986,M.Crabtree,2018,6
00-0026986,M.Crabtree,2018,7
00-0026986,M.Crabtree,2018,8
00-0026986,M.Crabtree,2018,9
00-0026986,M.Crabtree,2018,11
00-0026986,M.Crabtree,2018,12
00-0026986,M.Crabtree,2018,13
00-0026986,M.Crabtree,2018,14
00-0026986,M.Crabtree,2018,15
00-0026986,M.Crabtree,2018,16
00-0026986,M.Crabtree,2018,17
00-0026986,M.Crabtree,2018,18
00-0026986,M.Crabtree,2019,2
00-0026986,M.Crabtree,2019,3
00-0026995,J.Maclin,2015,11
00-0026995,J.Maclin,2015,12
00-0026995,J.Maclin,2015,13
00-0026995,J.Maclin,2015,14
00-0026995,J.Maclin,2015,15
00-0026995,J.Maclin,2015,16
00-0026995,J.Maclin,2015,17
00-0026995,J.Maclin,2015,18
00-0026995,J.Maclin,2015,19
00-0026995,J.Maclin,2016,1
00-0026995,J.Maclin,2016,2
00-0026995,J.Maclin,2016,3
00-0026995,J.Maclin,2016,4
00-0026995,J.Maclin,2016,6
00-0026995,J.Maclin,2016,7
00-0026995,J.Maclin,2016,8
00-0026995,J.Maclin,2016,9
00-0026995,J.Maclin,2016,14
00-0026995,J.Maclin,2016,15
00-0026995,J.Maclin,2016,16
00-0026995,J.Maclin,2016,17
00-0026995,J.Maclin,2016,19
00-0026995,J.Maclin,2017,1
00-0026995,J.Maclin,2017,2
00-0026995,J.Maclin,2017,3
00-0026995,J.Maclin,2017,4
00-0026995,J.Maclin,2017,5
00-0026995,J.Maclin,2017,8
00-0026995,J.Maclin,2017,9
00-0026995,J.Maclin,2017,11
00-0026995,J.Maclin,2017,12
00-0026995,J.Maclin,2017,13
00-0026995,J.Maclin,2017,14
00-0026995,J.Maclin,2017,15
00-0027006,K.Britt,2015,10
00-0027006,K.Britt,2015,11
00-0027006,K.Britt,2015,12
00-0027006,K.Britt,2015,13
00-0027006,K.Britt,2015,14
00-0027006,K.Britt,2015,15
00-0027006,K.Britt,2015,16
00-0027006,K.Britt,2015,17
00-0027006,K.Britt,2016,1
00-0027006,K.Britt,2016,2
00-0027006,K.Britt,2016,3
00-0027006,K.Britt,2016,4
00-0027006,K.Britt,2016,5
00-0027006,K.Britt,2016,6
00-0027006,K.Britt,2016,7
00-0027006,K.Britt,2016,9
00-0027006,K.Britt,2016,10
00-0027006,K.Britt,2016,11
00-0027006,K.Britt,2016,12
00-0027006,K.Britt,2016,13
00-0027006,K.Britt,2016,14
00-0027006,K.Britt,2016,15
00-0027006,K.Britt,2016,16
00-0027006,K.Britt,2017,1
00-0027006,K.Britt,2017,2
00-0027006,K.Britt,2017,3
00-0027006,K.Britt,2017,4
00-0027006,K.Britt,2017,7
00-0027006,K.Britt,2017,10
00-0027006,K.Britt,2017,11
00-0027006,K.Britt,2017,12
00-0027006,K.Britt,2017,13
00-0027006,K.Britt,2017,15
00-0027006,K.Britt,2017,16
00-0027006,K.Britt,2017,17
00-0027029,L.McCoy,2015,12
00-0027029,L.McCoy,2015,13
00-0027029,L.McCoy,2015,14
00-0027029,L.McCoy,2015,15
00-0027029,L.McCoy,2016,1
00-0027029,L.McCoy,2016,2
00-0027029,L.McCoy,2016,3
00-0027029,L.McCoy,2016,4
00-0027029,L.McCoy,2016,5
00-0027029,L.McCoy,2016,6
00-0027029,L.McCoy,2016,9
00-0027029,L.McCoy,2016,11
00-0027029,L.McCoy,2016,12
00-0027029,L.McCoy,2016,13
00-0027029,L.McCoy,2016,14
00-0027029,L.McCoy,2016,15
00-0027029,L.McCoy,2016,16
00-0027029,L.McCoy,2016,17
00-0027029,L.McCoy,2017,1
00-0027029,L.McCoy,2017,2
00-0027029,L.McCoy,2017,3
00-0027029,L.McCoy,2017,4
00-0027029,L.McCoy,2017,5
00-0027029,L.McCoy,2017,7
00-0027029,L.McCoy,2017,8
00-0027029,L.McCoy,2017,9
00-0027029,L.McCoy,2017,10
00-0027029,L.McCoy,2017,11
00-0027029,L.McCoy,2017,12
00-0027029,L.McCoy,2017,13
00-0027029,L.McCoy,2017,15
00-0027029,L.McCoy,2017,16
00-0027029,L.McCoy,2017,17
00-0027029,L.McCoy,2017,18
00-0027029,L.McCoy,2018,1
00-0027029,L.McCoy,2018,2
00-0027029,L.McCoy,2018,4
00-0027029,L.McCoy,2018,5
00-0027029,L.McCoy,2018,6
00-0027029,L.McCoy,2018,8
00-0027029,L.McCoy,2018,9
00-0027029,L.McCoy,2018,10
00-0027029,L.McCoy,2018,12
00-0027029,L.McCoy,2018,13
00-0027029,L.McCoy,2018,14
00-0027029,L.McCoy,2018,16
00-0027029,L.McCoy,2018,17
00-0027029,L.McCoy,2019,1
00-0027029,L.McCoy,2019,2
00-0027029,L.McCoy,2019,3
00-0027029,L.McCoy,2019,4
00-0027029,L.McCoy,2019,5
00-0027029,L.McCoy,2019,6
00-0027029,L.McCoy,2019,7
00-0027029,L.McCoy,2019,8
00-0027029,L.McCoy,2019,9
00-0027029,L.McCoy,2019,11
00-0027029,L.McCoy,2019,13
00-0027029,L.McCoy,2019,14
00-0027029,L.McCoy,2020,1
00-0027029,L.McCoy,2020,2
00-0027029,L.McCoy,2020,3
00-0027029,L.McCoy,2020,4
00-0027029,L.McCoy,2020,6
00-0027029,L.McCoy,2020,14
00-0027029,L.McCoy,2020,15
00-0027029,L.McCoy,2020,16
00-0027061,J.Cook,2015,10
00-0027061,J.Cook,2015,11
00-0027061,J.Cook,2015,12
00-0027061,J.Cook,2015,13
00-0027061,J.Cook,2015,14
00-0027061,J.Cook,2015,15
00-0027061,J.Cook,2015,16
00-0027061,J.Cook,2015,17
00-0027061,J.Cook,2016,1
00-0027061,J.Cook,2016,2
00-0027061,J.Cook,2016,3
00-0027061,J.Cook,2016,11
00-0027061,J.Cook,2016,12
00-0027061,J.Cook,2016,13
00-0027061,J.Cook,2016,14
00-0027061,J.Cook,2016,15
00-0027061,J.Cook,2016,16
00-0027061,J.Cook,2016,17
00-0027061,J.Cook,2016,18
00-0027061,J.Cook,2016,19
00-0027061,J.Cook,2016,20
00-0027061,J.Cook,2017,1
00-0027061,J.Cook,2017,2
00-0027061,J.Cook,2017,3
00-0027061,J.Cook,2017,4
00-0027061,J.Cook,2017,5
00-0027061,J.Cook,2017,6
00-0027061,J.Cook,2017,7
00-0027061,J.Cook,2017,8
00-0027061,J.Cook,2017,9
00-0027061,J.Cook,2017,11
00-0027061,J.Cook,2017,12
00-0027061,J.Cook,2017,13
00-0027061,J.Cook,2017,14
00-0027061,J.Cook,2017,15
00-0027061,J.Cook,2017,16
00-0027061,J.Cook,2017,17
00-0027061,J.Cook,2018,1
00-0027061,J.Cook,2018,2
00-0027061,J.Cook,2018,3
00-0027061,J.Cook,2018,4
00-0027061,J.Cook,2018,5
00-0027061,J.Cook,2018,6
00-0027061,J.Cook,2018,8
00-0027061,J.Cook,2018,9
00-0027061,J.Cook,2018,10
00-0027061,J.Cook,2018,11
00-0027061,J.Cook,2018,12
00-0027061,J.Cook,2018,13
00-0027061,J.Cook,2018,14
00-0027061,J.Cook,2018,15
00-0027061,J.Cook,2018,16
00-0027061,J.Cook,2018,17
00-0027061,J.Cook,2019,1
00-0027061,J.Cook,2019,2
00-0027061,J.Cook,2019,3
00-0027061,J.Cook,2019,4
00-0027061,J.Cook,2019,5
00-0027061,J.Cook,2019,6
00-0027061,J.Cook,2019,10
00-0027061,J.Cook,2019,11
00-0027061,J.Cook,2019,12
00-0027061,J.Cook,2019,13
00-0027061,J.Cook,2019,14
00-0027061,J.Cook,2019,15
00-0027061,J.Cook,2019,16
00-0027061,J.Cook,2019,17
00-0027061,J.Cook,2019,18
00-0027061,J.Cook,2020,1
00-0027061,J.Cook,2020,2
00-0027061,J.Cook,2020,3
00-0027061,J.Cook,2020,5
00-0027061,J.Cook,2020,7
00-0027061,J.Cook,2020,8
00-0027061,J.Cook,2020,9
00-0027061,J.Cook,2020,10
00-0027061,J.Cook,2020,11
00-0027061,J.Cook,2020,12
00-0027061,J.Cook,2020,13
00-0027061,J.Cook,2020,14
00-0027061,J.Cook,2020,15
00-0027061,J.Cook,2020,16
00-0027061,J.Cook,2020,17
00-0027061,J.Cook,2020,18
00-0027061,J.Cook,2020,19
00-0027061,J.Cook,2021,1
00-0027061,J.Cook,2021,2
00-0027061,J.Cook,2021,3
00-0027061,J.Cook,2021,4
00-0027061,J.Cook,2021,5
00-0027061,J.Cook,2021,6
00-0027061,J.Cook,2021,8
00-0027061,J.Cook,2021,9
00-0027061,J.Cook,2021,10
00-0027061,J.Cook,2021,11
00-0027061,J.Cook,2021,12
00-0027061,J.Cook,2021,13
00-0027061,J.Cook,2021,14
00-0027061,J.Cook,2021,15
00-0027061,J.Cook,2021,16
00-0027061,J.Cook,2021,18
00-0027125,Z.Miller,2015,13
00-0027125,Z.Miller,2015,14
00-0027125,Z.Miller,2015,15
00-0027125,Z.Miller,2015,16
00-0027125,Z.Miller,2016,1
00-0027125,Z.Miller,2016,2
00-0027125,Z.Miller,2016,3
00-0027125,Z.Miller,2016,4
00-0027125,Z.Miller,2016,5
00-0027125,Z.Miller,2016,6
00-0027125,Z.Miller,2016,7
00-0027125,Z.Miller,2016,8
00-0027125,Z.Miller,2016,10
00-0027125,Z.Miller,2016,11
00-0027125,Z.Miller,2017,1
00-0027125,Z.Miller,2017,2
00-0027125,Z.Miller,2017,3
00-0027125,Z.Miller,2017,4
00-0027125,Z.Miller,2017,5
00-0027125,Z.Miller,2017,6
00-0027125,Z.Miller,2017,7
00-0027125,Z.Miller,2017,8
00-0027139,J.Phillips,2016,6
00-0027139,J.Phillips,2016,11
00-0027139,J.Phillips,2016,14
00-0027139,J.Phillips,2016,15
00-0027139,J.Phillips,2016,16
00-0027139,J.Phillips,2016,17
00-0027139,J.Phillips,2018,16
00-0027139,J.Phillips,2018,17
00-0027150,J.Edelman,2015,10
00-0027150,J.Edelman,2015,19
00-0027150,J.Edelman,2015,20
00-0027150,J.Edelman,2016,1
00-0027150,J.Edelman,2016,2
00-0027150,J.Edelman,2016,3
00-0027150,J.Edelman,2016,4
00-0027150,J.Edelman,2016,5
00-0027150,J.Edelman,2016,6
00-0027150,J.Edelman,2016,7
00-0027150,J.Edelman,2016,8
00-0027150,J.Edelman,2016,10
00-0027150,J.Edelman,2016,11
00-0027150,J.Edelman,2016,12
00-0027150,J.Edelman,2016,13
00-0027150,J.Edelman,2016,14
00-0027150,J.Edelman,2016,15
00-0027150,J.Edelman,2016,16
00-0027150,J.Edelman,2016,17
00-0027150,J.Edelman,2016,19
00-0027150,J.Edelman,2016,20
00-0027150,J.Edelman,2016,21
00-0027150,J.Edelman,2018,5
00-0027150,J.Edelman,2018,6
00-0027150,J.Edelman,2018,7
00-0027150,J.Edelman,2018,8
00-0027150,J.Edelman,2018,9
00-0027150,J.Edelman,2018,10
00-0027150,J.Edelman,2018,12
00-0027150,J.Edelman,2018,13
00-0027150,J.Edelman,2018,14
00-0027150,J.Edelman,2018,15
00-0027150,J.Edelman,2018,16
00-0027150,J.Edelman,2018,17
00-0027150,J.Edelman,2018,19
00-0027150,J.Edelman,2018,20
00-0027150,J.Edelman,2018,21
00-0027150,J.Edelman,2019,1
00-0027150,J.Edelman,2019,2
00-0027150,J.Edelman,2019,3
00-0027150,J.Edelman,2019,4
00-0027150,J.Edelman,2019,5
00-0027150,J.Edelman,2019,6
00-0027150,J.Edelman,2019,7
00-0027150,J.Edelman,2019,8
00-0027150,J.Edelman,2019,9
00-0027150,J.Edelman,2019,11
00-0027150,J.Edelman,2019,12
00-0027150,J.Edelman,2019,13
00-0027150,J.Edelman,2019,14
00-0027150,J.Edelman,2019,15
00-0027150,J.Edelman,2019,16
00-0027150,J.Edelman,2019,17
00-0027150,J.Edelman,2019,18
00-0027150,J.Edelman,2020,1
00-0027150,J.Edelman,2020,2
00-0027150,J.Edelman,2020,3
00-0027150,J.Edelman,2020,4
00-0027150,J.Edelman,2020,6
00-0027150,J.Edelman,2020,7
00-0027155,R.Jennings,2015,10
00-0027155,R.Jennings,2015,12
00-0027155,R.Jennings,2015,13
00-0027155,R.Jennings,2015,14
00-0027155,R.Jennings,2015,15
00-0027155,R.Jennings,2015,16
00-0027155,R.Jennings,2015,17
00-0027155,R.Jennings,2016,1
00-0027155,R.Jennings,2016,2
00-0027155,R.Jennings,2016,6
00-0027155,R.Jennings,2016,7
00-0027155,R.Jennings,2016,9
00-0027155,R.Jennings,2016,10
00-0027155,R.Jennings,2016,11
00-0027155,R.Jennings,2016,12
00-0027155,R.Jennings,2016,13
00-0027155,R.Jennings,2016,14
00-0027155,R.Jennings,2016,16
00-0027155,R.Jennings,2016,17
00-0027155,R.Jennings,2016,18
00-0027215,L.Paulsen,2017,15
00-0027215,L.Paulsen,2018,2
00-0027215,L.Paulsen,2018,3
00-0027215,L.Paulsen,2018,4
00-0027215,L.Paulsen,2018,10
00-0027215,L.Paulsen,2018,11
00-0027215,L.Paulsen,2018,12
00-0027215,L.Paulsen,2018,17
00-0027325,L.Blount,2016,12
00-0027325,L.Blount,2016,14
00-0027325,L.Blount,2016,20
00-0027325,L.Blount,2017,1
00-0027325,L.Blount,2017,2
00-0027325,L.Blount,2017,4
00-0027325,L.Blount,2017,8
00-0027325,L.Blount,2017,14
00-0027325,L.Blount,2017,16
00-0027325,L.Blount,2017,17
00-0027325,L.Blount,2018,2
00-0027325,L.Blount,2018,3
00-0027325,L.Blount,2018,8
00-0027325,L.Blount,2018,9
00-0027325,L.Blount,2018,12
00-0027325,L.Blount,2018,13
00-0027325,L.Blount,2018,14
00-0027325,L.Blount,2018,15
00-0027325,L.Blount,2018,16
00-0027531,C.Ivory,2015,11
00-0027531,C.Ivory,2015,12
00-0027531,C.Ivory,2015,13
00-0027531,C.Ivory,2015,14
00-0027531,C.Ivory,2015,15
00-0027531,C.Ivory,2015,16
00-0027531,C.Ivory,2016,3
00-0027531,C.Ivory,2016,4
00-0027531,C.Ivory,2016,6
00-0027531,C.Ivory,2016,7
00-0027531,C.Ivory,2016,8
00-0027531,C.Ivory,2016,9
00-0027531,C.Ivory,2016,10
00-0027531,C.Ivory,2016,11
00-0027531,C.Ivory,2016,12
00-0027531,C.Ivory,2016,15
00-0027531,C.Ivory,2016,16
00-0027531,C.Ivory,2017,1
00-0027531,C.Ivory,2017,2
00-0027531,C.Ivory,2017,3
00-0027531,C.Ivory,2017,4
00-0027531,C.Ivory,2017,6
00-0027531,C.Ivory,2017,9
00-0027531,C.Ivory,2017,10
00-0027531,C.Ivory,2017,13
00-0027531,C.Ivory,2017,18
00-0027531,C.Ivory,2018,2
00-0027531,C.Ivory,2018,3
00-0027531,C.Ivory,2018,6
00-0027531,C.Ivory,2018,7
00-0027531,C.Ivory,2018,8
00-0027531,C.Ivory,2018,9
00-0027531,C.Ivory,2018,14
00-0027531,C.Ivory,2018,17
00-0027595,B.Walters,2015,11
00-0027595,B.Walters,2015,12
00-0027595,B.Walters,2015,13
00-0027595,B.Walters,2016,4
00-0027595,B.Walters,2016,8
00-0027595,B.Walters,2016,9
00-0027595,B.Walters,2016,13
00-0027595,B.Walters,2016,14
00-0027595,B.Walters,2016,15
00-0027595,B.Walters,2016,16
00-0027595,B.Walters,2016,17
00-0027656,R.Gronkowski,2015,10
00-0027656,R.Gronkowski,2015,11
00-0027656,R.Gronkowski,2015,12
00-0027656,R.Gronkowski,2015,14
00-0027656,R.Gronkowski,2015,15
00-0027656,R.Gronkowski,2015,16
00-0027656,R.Gronkowski,2015,17
00-0027656,R.Gronkowski,2015,19
00-0027656,R.Gronkowski,2015,20
00-0027656,R.Gronkowski,2016,3
00-0027656,R.Gronkowski,2016,4
00-0027656,R.Gronkowski,2016,5
00-0027656,R.Gronkowski,2016,6
00-0027656,R.Gronkowski,2016,7
00-0027656,R.Gronkowski,2016,8
00-0027656,R.Gronkowski,2016,10
00-0027656,R.Gronkowski,2016,12
00-0027656,R.Gronkowski,2017,1
00-0027656,R.Gronkowski,2017,2
00-0027656,R.Gronkowski,2017,3
00-0027656,R.Gronkowski,2017,4
00-0027656,R.Gronkowski,2017,6
00-0027656,R.Gronkowski,2017,7
00-0027656,R.Gronkowski,2017,8
00-0027656,R.Gronkowski,2017,10
00-0027656,R.Gronkowski,2017,11
00-0027656,R.Gronkowski,2017,12
00-0027656,R.Gronkowski,2017,13
00-0027656,R.Gronkowski,2017,15
00-0027656,R.Gronkowski,2017,16
00-0027656,R.Gronkowski,2017,19
00-0027656,R.Gronkowski,2017,20
00-0027656,R.Gronkowski,2017,21
00-0027656,R.Gronkowski,2018,1
00-0027656,R.Gronkowski,2018,2
00-0027656,R.Gronkowski,2018,3
00-0027656,R.Gronkowski,2018,4
00-0027656,R.Gronkowski,2018,5
00-0027656,R.Gronkowski,2018,6
00-0027656,R.Gronkowski,2018,8
00-0027656,R.Gronkowski,2018,12
00-0027656,R.Gronkowski,2018,13
00-0027656,R.Gronkowski,2018,14
00-0027656,R.Gronkowski,2018,15
00-0027656,R.Gronkowski,2018,16
00-0027656,R.Gronkowski,2018,17
00-0027656,R.Gronkowski,2018,19
00-0027656,R.Gronkowski,2018,20
00-0027656,R.Gronkowski,2018,21
00-0027656,R.Gronkowski,2020,1
00-0027656,R.Gronkowski,2020,2
00-0027656,R.Gronkowski,2020,3
00-0027656,R.Gronkowski,2020,4
00-0027656,R.Gronkowski,2020,5
00-0027656,R.Gronkowski,2020,6
00-0027656,R.Gronkowski,2020,7
00-0027656,R.Gronkowski,2020,8
00-0027656,R.Gronkowski,2020,9
00-0027656,R.Gronkowski,2020,10
00-0027656,R.Gronkowski,2020,11
00-0027656,R.Gronkowski,2020,12
00-0027656,R.Gronkowski,2020,14
00-0027656,R.Gronkowski,2020,15
00-0027656,R.Gronkowski,2020,16
00-0027656,R.Gronkowski,2020,17
00-0027656,R.Gronkowski,2020,18
00-0027656,R.Gronkowski,2020,19
00-0027656,R.Gronkowski,2020,20
00-0027656,R.Gronkowski,2020,21
00-0027656,R.Gronkowski,2021,1
00-0027656,R.Gronkowski,2021,2
00-0027656,R.Gronkowski,2021,3
00-0027656,R.Gronkowski,2021,8
00-0027656,R.Gronkowski,2021,11
00-0027656,R.Gronkowski,2021,12
00-0027656,R.Gronkowski,2021,13
00-0027656,R.Gronkowski,2021,14
00-0027656,R.Gronkowski,2021,15
00-0027656,R.Gronkowski,2021,16
00-0027656,R.Gronkowski,2021,17
00-0027656,R.Gronkowski,2021,18
00-0027656,R.Gronkowski,2021,19
00-0027656,R.Gronkowski,2021,20
00-0027675,E.Dickson,2015,13
00-0027675,E.Dickson,2015,14
00-0027675,E.Dickson,2015,16
00-0027675,E.Dickson,2015,17
00-0027675,E.Dickson,2015,19
00-0027675,E.Dickson,2015,20
00-0027675,E.Dickson,2016,2
00-0027675,E.Dickson,2016,3
00-0027675,E.Dickson,2016,4
00-0027675,E.Dickson,2016,6
00-0027675,E.Dickson,2016,9
00-0027675,E.Dickson,2016,10
00-0027675,E.Dickson,2016,11
00-0027675,E.Dickson,2016,13
00-0027675,E.Dickson,2016,14
00-0027675,E.Dickson,2016,15
00-0027675,E.Dickson,2016,16
00-0027675,E.Dickson,2016,17
00-0027675,E.Dickson,2017,1
00-0027675,E.Dickson,2017,2
00-0027675,E.Dickson,2017,3
00-0027675,E.Dickson,2017,4
00-0027675,E.Dickson,2017,5
00-0027675,E.Dickson,2017,6
00-0027675,E.Dickson,2017,7
00-0027675,E.Dickson,2017,8
00-0027675,E.Dickson,2017,9
00-0027675,E.Dickson,2017,10
00-0027675,E.Dickson,2017,12
00-0027675,E.Dickson,2017,13
00-0027675,E.Dickson,2017,14
00-0027675,E.Dickson,2017,17
00-0027675,E.Dickson,2017,18
00-0027675,E.Dickson,2018,8
00-0027675,E.Dickson,2018,9
00-0027675,E.Dickson,2018,10
00-0027675,E.Dickson,2018,11
00-0027675,E.Dickson,2018,12
00-0027675,E.Dickson,2018,14
00-0027675,E.Dickson,2018,15
00-0027675,E.Dickson,2018,16
00-0027675,E.Dickson,2018,18
00-0027681,B.LaFell,2015,15
00-0027681,B.LaFell,2015,16
00-0027681,B.LaFell,2015,17
00-0027681,B.LaFell,2015,19
00-0027681,B.LaFell,2016,1
00-0027681,B.LaFell,2016,2
00-0027681,B.LaFell,2016,3
00-0027681,B.LaFell,2016,4
00-0027681,B.LaFell,2016,5
00-0027681,B.LaFell,2016,6
00-0027681,B.LaFell,2016,7
00-0027681,B.LaFell,2016,8
00-0027681,B.LaFell,2016,10
00-0027681,B.LaFell,2016,11
00-0027681,B.LaFell,2016,12
00-0027681,B.LaFell,2016,13
00-0027681,B.LaFell,2016,14
00-0027681,B.LaFell,2016,15
00-0027681,B.LaFell,2016,16
00-0027681,B.LaFell,2016,17
00-0027681,B.LaFell,2017,1
00-0027681,B.LaFell,2017,2
00-0027681,B.LaFell,2017,3
00-0027681,B.LaFell,2017,4
00-0027681,B.LaFell,2017,5
00-0027681,B.LaFell,2017,7
00-0027681,B.LaFell,2017,8
00-0027681,B.LaFell,2017,9
00-0027681,B.LaFell,2017,10
00-0027681,B.LaFell,2017,11
00-0027681,B.LaFell,2017,12
00-0027681,B.LaFell,2017,13
00-0027681,B.LaFell,2017,14
00-0027681,B.LaFell,2017,15
00-0027681,B.LaFell,2017,16
00-0027681,B.LaFell,2017,17
00-0027681,B.LaFell,2018,8
00-0027681,B.LaFell,2018,9
00-0027681,B.LaFell,2018,10
00-0027681,B.LaFell,2018,11
00-0027685,E.Sanders,2015,10
00-0027685,E.Sanders,2015,12
00-0027685,E.Sanders,2015,13
00-0027685,E.Sanders,2015,14
00-0027685,E.Sanders,2015,15
00-0027685,E.Sanders,2015,16
00-0027685,E.Sanders,2015,17
00-0027685,E.Sanders,2015,19
00-0027685,E.Sanders,2015,20
00-0027685,E.Sanders,2015,21
00-0027685,E.Sanders,2016,1
00-0027685,E.Sanders,2016,2
00-0027685,E.Sanders,2016,3
00-0027685,E.Sanders,2016,4
00-0027685,E.Sanders,2016,5
00-0027685,E.Sanders,2016,6
00-0027685,E.Sanders,2016,7
00-0027685,E.Sanders,2016,8
00-0027685,E.Sanders,2016,9
00-0027685,E.Sanders,2016,10
00-0027685,E.Sanders,2016,12
00-0027685,E.Sanders,2016,13
00-0027685,E.Sanders,2016,14
00-0027685,E.Sanders,2016,15
00-0027685,E.Sanders,2016,16
00-0027685,E.Sanders,2017,1
00-0027685,E.Sanders,2017,2
00-0027685,E.Sanders,2017,3
00-0027685,E.Sanders,2017,4
00-0027685,E.Sanders,2017,6
00-0027685,E.Sanders,2017,9
00-0027685,E.Sanders,2017,10
00-0027685,E.Sanders,2017,11
00-0027685,E.Sanders,2017,12
00-0027685,E.Sanders,2017,13
00-0027685,E.Sanders,2017,14
00-0027685,E.Sanders,2017,15
00-0027685,E.Sanders,2018,1
00-0027685,E.Sanders,2018,2
00-0027685,E.Sanders,2018,3
00-0027685,E.Sanders,2018,4
00-0027685,E.Sanders,2018,5
00-0027685,E.Sanders,2018,6
00-0027685,E.Sanders,2018,7
00-0027685,E.Sanders,2018,8
00-0027685,E.Sanders,2018,9
00-0027685,E.Sanders,2018,11
00-0027685,E.Sanders,2018,12
00-0027685,E.Sanders,2018,13
00-0027685,E.Sanders,2019,1
00-0027685,E.Sanders,2019,2
00-0027685,E.Sanders,2019,3
00-0027685,E.Sanders,2019,4
00-0027685,E.Sanders,2019,5
00-0027685,E.Sanders,2019,6
00-0027685,E.Sanders,2019,7
00-0027685,E.Sanders,2019,8
00-0027685,E.Sanders,2019,9
00-0027685,E.Sanders,2019,10
00-0027685,E.Sanders,2019,11
00-0027685,E.Sanders,2019,12
00-0027685,E.Sanders,2019,13
00-0027685,E.Sanders,2019,14
00-0027685,E.Sanders,2019,15
00-0027685,E.Sanders,2019,16
00-0027685,E.Sanders,2019,17
00-0027685,E.Sanders,2019,19
00-0027685,E.Sanders,2019,20
00-0027685,E.Sanders,2019,21
00-0027685,E.Sanders,2020,1
00-0027685,E.Sanders,2020,2
00-0027685,E.Sanders,2020,3
00-0027685,E.Sanders,2020,4
00-0027685,E.Sanders,2020,5
00-0027685,E.Sanders,2020,9
00-0027685,E.Sanders,2020,10
00-0027685,E.Sanders,2020,11
00-0027685,E.Sanders,2020,12
00-0027685,E.Sanders,2020,13
00-0027685,E.Sanders,2020,14
00-0027685,E.Sanders,2020,15
00-0027685,E.Sanders,2020,16
00-0027685,E.Sanders,2020,17
00-0027685,E.Sanders,2020,18
00-0027685,E.Sanders,2020,19
00-0027685,E.Sanders,2021,1
00-0027685,E.Sanders,2021,2
00-0027685,E.Sanders,2021,3
00-0027685,E.Sanders,2021,4
00-0027685,E.Sanders,2021,5
00-0027685,E.Sanders,2021,6
00-0027685,E.Sanders,2021,8
00-0027685,E.Sanders,2021,9
00-0027685,E.Sanders,2021,10
00-0027685,E.Sanders,2021,11
00-0027685,E.Sanders,2021,12
00-0027685,E.Sanders,2021,13
00-0027685,E.Sanders,2021,14
00-0027685,E.Sanders,2021,16
00-0027685,E.Sanders,2021,19
00-0027685,E.Sanders,2021,20
00-0027690,E.Decker,2015,11
00-0027690,E.Decker,2015,12
00-0027690,E.Decker,2015,13
00-0027690,E.Decker,2015,14
00-0027690,E.Decker,2015,15
00-0027690,E.Decker,2015,16
00-0027690,E.Decker,2015,17
00-0027690,E.Decker,2016,1
00-0027690,E.Decker,2016,2
00-0027690,E.Decker,2016,3
00-0027690,E.Decker,2017,1
00-0027690,E.Decker,2017,2
00-0027690,E.Decker,2017,3
00-0027690,E.Decker,2017,4
00-0027690,E.Decker,2017,5
00-0027690,E.Decker,2017,6
00-0027690,E.Decker,2017,7
00-0027690,E.Decker,2017,9
00-0027690,E.Decker,2017,10
00-0027690,E.Decker,2017,11
00-0027690,E.Decker,2017,12
00-0027690,E.Decker,2017,13
00-0027690,E.Decker,2017,14
00-0027690,E.Decker,2017,15
00-0027690,E.Decker,2017,16
00-0027690,E.Decker,2017,17
00-0027690,E.Decker,2017,18
00-0027690,E.Decker,2017,19
00-0027691,A.Roberts,2016,3
00-0027691,A.Roberts,2016,4
00-0027691,A.Roberts,2016,5
00-0027691,A.Roberts,2016,6
00-0027691,A.Roberts,2016,7
00-0027691,A.Roberts,2016,9
00-0027691,A.Roberts,2016,11
00-0027691,A.Roberts,2016,12
00-0027691,A.Roberts,2016,13
00-0027691,A.Roberts,2016,14
00-0027691,A.Roberts,2016,16
00-0027691,A.Roberts,2016,17
00-0027691,A.Roberts,2017,2
00-0027691,A.Roberts,2017,3
00-0027691,A.Roberts,2017,7
00-0027691,A.Roberts,2017,9
00-0027691,A.Roberts,2018,5
00-0027691,A.Roberts,2018,7
00-0027691,A.Roberts,2018,8
00-0027691,A.Roberts,2018,13
00-0027691,A.Roberts,2018,15
00-0027691,A.Roberts,2018,17
00-0027691,A.Roberts,2019,4
00-0027691,A.Roberts,2019,7
00-0027691,A.Roberts,2019,10
00-0027691,A.Roberts,2019,15
00-0027691,A.Roberts,2020,4
00-0027691,A.Roberts,2020,5
00-0027691,A.Roberts,2020,16
00-0027691,A.Roberts,2021,2
00-0027696,J.Graham,2015,10
00-0027696,J.Graham,2015,11
00-0027696,J.Graham,2015,12
00-0027696,J.Graham,2016,1
00-0027696,J.Graham,2016,2
00-0027696,J.Graham,2016,3
00-0027696,J.Graham,2016,4
00-0027696,J.Graham,2016,6
00-0027696,J.Graham,2016,7
00-0027696,J.Graham,2016,8
00-0027696,J.Graham,2016,9
00-0027696,J.Graham,2016,10
00-0027696,J.Graham,2016,11
00-0027696,J.Graham,2016,12
00-0027696,J.Graham,2016,13
00-0027696,J.Graham,2016,14
00-0027696,J.Graham,2016,15
00-0027696,J.Graham,2016,16
00-0027696,J.Graham,2016,17
00-0027696,J.Graham,2016,18
00-0027696,J.Graham,2016,19
00-0027696,J.Graham,2017,1
00-0027696,J.Graham,2017,2
00-0027696,J.Graham,2017,3
00-0027696,J.Graham,2017,4
00-0027696,J.Graham,2017,5
00-0027696,J.Graham,2017,7
00-0027696,J.Graham,2017,8
00-0027696,J.Graham,2017,9
00-0027696,J.Graham,2017,10
00-0027696,J.Graham,2017,11
00-0027696,J.Graham,2017,12
00-0027696,J.Graham,2017,13
00-0027696,J.Graham,2017,14
00-0027696,J.Graham,2017,15
00-0027696,J.Graham,2017,16
00-0027696,J.Graham,2017,17
00-0027696,J.Graham,2018,1
00-0027696,J.Graham,2018,2
00-0027696,J.Graham,2018,3
00-0027696,J.Graham,2018,4
00-0027696,J.Graham,2018,5
00-0027696,J.Graham,2018,6
00-0027696,J.Graham,2018,8
00-0027696,J.Graham,2018,9
00-0027696,J.Graham,2018,10
00-0027696,J.Graham,2018,11
00-0027696,J.Graham,2018,12
00-0027696,J.Graham,2018,13
00-0027696,J.Graham,2018,14
00-0027696,J.Graham,2018,15
00-0027696,J.Graham,2018,16
00-0027696,J.Graham,2018,17
00-0027696,J.Graham,2019,1
00-0027696,J.Graham,2019,2
00-0027696,J.Graham,2019,3
00-0027696,J.Graham,2019,4
00-0027696,J.Graham,2019,5
00-0027696,J.Graham,2019,6
00-0027696,J.Graham,2019,7
00-0027696,J.Graham,2019,8
00-0027696,J.Graham,2019,9
00-0027696,J.Graham,2019,10
00-0027696,J.Graham,2019,12
00-0027696,J.Graham,2019,13
00-0027696,J.Graham,2019,14
00-0027696,J.Graham,2019,15
00-0027696,J.Graham,2019,16
00-0027696,J.Graham,2019,17
00-0027696,J.Graham,2019,19
00-0027696,J.Graham,2019,20
00-0027696,J.Graham,2020,1
00-0027696,J.Graham,2020,2
00-0027696,J.Graham,2020,3
00-0027696,J.Graham,2020,4
00-0027696,J.Graham,2020,5
00-0027696,J.Graham,2020,6
00-0027696,J.Graham,2020,7
00-0027696,J.Graham,2020,8
00-0027696,J.Graham,2020,9
00-0027696,J.Graham,2020,10
00-0027696,J.Graham,2020,12
00-0027696,J.Graham,2020,13
00-0027696,J.Graham,2020,14
00-0027696,J.Graham,2020,15
00-0027696,J.Graham,2020,16
00-0027696,J.Graham,2020,17
00-0027696,J.Graham,2020,18
00-0027696,J.Graham,2021,1
00-0027696,J.Graham,2021,3
00-0027696,J.Graham,2021,9
00-0027696,J.Graham,2021,11
00-0027696,J.Graham,2021,12
00-0027696,J.Graham,2021,13
00-0027696,J.Graham,2021,14
00-0027696,J.Graham,2021,15
00-0027696,J.Graham,2021,16
00-0027696,J.Graham,2021,17
00-0027696,J.Graham,2021,18
00-0027714,D.Pitta,2016,10
00-0027714,D.Pitta,2016,11
00-0027714,D.Pitta,2016,12
00-0027714,D.Pitta,2016,13
00-0027714,D.Pitta,2016,14
00-0027714,D.Pitta,2016,15
00-0027714,D.Pitta,2016,16
00-0027714,D.Pitta,2016,17
00-0027732,M.Hoomanawanui,2015,17
00-0027732,M.Hoomanawanui,2017,2
00-0027732,M.Hoomanawanui,2017,3
00-0027732,M.Hoomanawanui,2017,4
00-0027732,M.Hoomanawanui,2017,6
00-0027732,M.Hoomanawanui,2017,10
00-0027732,M.Hoomanawanui,2017,13
00-0027732,M.Hoomanawanui,2017,14
00-0027791,J.Starks,2015,11
00-0027791,J.Starks,2015,12
00-0027791,J.Starks,2015,13
00-0027791,J.Starks,2015,14
00-0027791,J.Starks,2015,15
00-0027791,J.Starks,2015,17
00-0027791,J.Starks,2015,18
00-0027791,J.Starks,2015,19
00-0027791,J.Starks,2016,1
00-0027791,J.Starks,2016,2
00-0027791,J.Starks,2016,3
00-0027791,J.Starks,2016,5
00-0027791,J.Starks,2016,10
00-0027791,J.Starks,2016,11
00-0027791,J.Starks,2016,12
00-0027793,A.Brown,2015,9
00-0027793,A.Brown,2015,10
00-0027793,A.Brown,2015,12
00-0027793,A.Brown,2015,13
00-0027793,A.Brown,2015,14
00-0027793,A.Brown,2015,15
00-0027793,A.Brown,2015,16
00-0027793,A.Brown,2015,17
00-0027793,A.Brown,2015,18
00-0027793,A.Brown,2016,1
00-0027793,A.Brown,2016,2
00-0027793,A.Brown,2016,3
00-0027793,A.Brown,2016,4
00-0027793,A.Brown,2016,5
00-0027793,A.Brown,2016,6
00-0027793,A.Brown,2016,7
00-0027793,A.Brown,2016,9
00-0027793,A.Brown,2016,10
00-0027793,A.Brown,2016,11
00-0027793,A.Brown,2016,12
00-0027793,A.Brown,2016,13
00-0027793,A.Brown,2016,14
00-0027793,A.Brown,2016,15
00-0027793,A.Brown,2016,16
00-0027793,A.Brown,2016,18
00-0027793,A.Brown,2016,19
00-0027793,A.Brown,2016,20
00-0027793,A.Brown,2017,1
00-0027793,A.Brown,2017,2
00-0027793,A.Brown,2017,3
00-0027793,A.Brown,2017,4
00-0027793,A.Brown,2017,5
00-0027793,A.Brown,2017,6
00-0027793,A.Brown,2017,7
00-0027793,A.Brown,2017,8
00-0027793,A.Brown,2017,10
00-0027793,A.Brown,2017,11
00-0027793,A.Brown,2017,12
00-0027793,A.Brown,2017,13
00-0027793,A.Brown,2017,14
00-0027793,A.Brown,2017,15
00-0027793,A.Brown,2017,19
00-0027793,A.Brown,2018,1
00-0027793,A.Brown,2018,2
00-0027793,A.Brown,2018,3
00-0027793,A.Brown,2018,4
00-0027793,A.Brown,2018,5
00-0027793,A.Brown,2018,6
00-0027793,A.Brown,2018,8
00-0027793,A.Brown,2018,9
00-0027793,A.Brown,2018,10
00-0027793,A.Brown,2018,11
00-0027793,A.Brown,2018,12
00-0027793,A.Brown,2018,13
00-0027793,A.Brown,2018,14
00-0027793,A.Brown,2018,15
00-0027793,A.Brown,2018,16
00-0027793,A.Brown,2019,2
00-0027793,A.Brown,2020,9
00-0027793,A.Brown,2020,10
00-0027793,A.Brown,2020,11
00-0027793,A.Brown,2020,12
00-0027793,A.Brown,2020,14
00-0027793,A.Brown,2020,15
00-0027793,A.Brown,2020,16
00-0027793,A.Brown,2020,17
00-0027793,A.Brown,2020,18
00-0027793,A.Brown,2020,19
00-0027793,A.Brown,2020,21
00-0027793,A.Brown,2021,1
00-0027793,A.Brown,2021,2
00-0027793,A.Brown,2021,4
00-0027793,A.Brown,2021,5
00-0027793,A.Brown,2021,6
00-0027793,A.Brown,2021,16
00-0027793,A.Brown,2021,17
00-0027861,C.Spiller,2015,10
00-0027861,C.Spiller,2015,12
00-0027861,C.Spiller,2015,13
00-0027861,C.Spiller,2015,14
00-0027861,C.Spiller,2015,15
00-0027861,C.Spiller,2016,4
00-0027861,C.Spiller,2016,6
00-0027861,C.Spiller,2016,10
00-0027861,C.Spiller,2016,12
00-0027861,C.Spiller,2016,13
00-0027861,C.Spiller,2017,7
00-0027864,R.Mathews,2015,15
00-0027864,R.Mathews,2015,16
00-0027864,R.Mathews,2015,17
00-0027864,R.Mathews,2016,2
00-0027864,R.Mathews,2016,5
00-0027864,R.Mathews,2016,7
00-0027864,R.Mathews,2016,8
00-0027864,R.Mathews,2016,9
00-0027864,R.Mathews,2016,10
00-0027864,R.Mathews,2016,14
00-0027864,R.Mathews,2016,15
00-0027864,R.Mathews,2016,16
00-0027873,J.Gresham,2015,10
00-0027873,J.Gresham,2015,12
00-0027873,J.Gresham,2015,13
00-0027873,J.Gresham,2015,16
00-0027873,J.Gresham,2015,17
00-0027873,J.Gresham,2016,1
00-0027873,J.Gresham,2016,2
00-0027873,J.Gresham,2016,3
00-0027873,J.Gresham,2016,4
00-0027873,J.Gresham,2016,5
00-0027873,J.Gresham,2016,6
00-0027873,J.Gresham,2016,7
00-0027873,J.Gresham,2016,8
00-0027873,J.Gresham,2016,10
00-0027873,J.Gresham,2016,11
00-0027873,J.Gresham,2016,12
00-0027873,J.Gresham,2016,13
00-0027873,J.Gresham,2016,14
00-0027873,J.Gresham,2016,15
00-0027873,J.Gresham,2016,16
00-0027873,J.Gresham,2016,17
00-0027873,J.Gresham,2017,1
00-0027873,J.Gresham,2017,3
00-0027873,J.Gresham,2017,4
00-0027873,J.Gresham,2017,5
00-0027873,J.Gresham,2017,6
00-0027873,J.Gresham,2017,7
00-0027873,J.Gresham,2017,9
00-0027873,J.Gresham,2017,10
00-0027873,J.Gresham,2017,11
00-0027873,J.Gresham,2017,12
00-0027873,J.Gresham,2017,13
00-0027873,J.Gresham,2017,14
00-0027873,J.Gresham,2017,16
00-0027873,J.Gresham,2017,17
00-0027873,J.Gresham,2018,3
00-0027873,J.Gresham,2018,5
00-0027873,J.Gresham,2018,6
00-0027873,J.Gresham,2018,8
00-0027873,J.Gresham,2018,11
00-0027873,J.Gresham,2018,12
00-0027873,J.Gresham,2018,14
00-0027873,J.Gresham,2018,15
00-0027874,D.Thomas,2015,10
00-0027874,D.Thomas,2015,11
00-0027874,D.Thomas,2015,12
00-0027874,D.Thomas,2015,13
00-0027874,D.Thomas,2015,14
00-0027874,D.Thomas,2015,15
00-0027874,D.Thomas,2015,16
00-0027874,D.Thomas,2015,17
00-0027874,D.Thomas,2015,19
00-0027874,D.Thomas,2015,20
00-0027874,D.Thomas,2015,21
00-0027874,D.Thomas,2016,1
00-0027874,D.Thomas,2016,2
00-0027874,D.Thomas,2016,3
00-0027874,D.Thomas,2016,4
00-0027874,D.Thomas,2016,5
00-0027874,D.Thomas,2016,6
00-0027874,D.Thomas,2016,7
00-0027874,D.Thomas,2016,8
00-0027874,D.Thomas,2016,9
00-0027874,D.Thomas,2016,10
00-0027874,D.Thomas,2016,12
00-0027874,D.Thomas,2016,13
00-0027874,D.Thomas,2016,14
00-0027874,D.Thomas,2016,15
00-0027874,D.Thomas,2016,16
00-0027874,D.Thomas,2016,17
00-0027874,De.Thomas,2017,1
00-0027874,D. Thomas,2017,1
00-0027874,D. Thomas,2017,2
00-0027874,D. Thomas,2017,3
00-0027874,D. Thomas,2017,4
00-0027874,D. Thomas,2017,6
00-0027874,D. Thomas,2017,7
00-0027874,D. Thomas,2017,8
00-0027874,D. Thomas,2017,9
00-0027874,D. Thomas,2017,10
00-0027874,D. Thomas,2017,11
00-0027874,D. Thomas,2017,12
00-0027874,D. Thomas,2017,13
00-0027874,D.Thomas,2017,14
00-0027874,D.Thomas,2017,15
00-0027874,D.Thomas,2017,16
00-0027874,D.Thomas,2017,17
00-0027874,De.Thomas,2018,1
00-0027874,De.Thomas,2018,2
00-0027874,De.Thomas,2018,3
00-0027874,De.Thomas,2018,4
00-0027874,De.Thomas,2018,5
00-0027874,De.Thomas,2018,6
00-0027874,De.Thomas,2018,7
00-0027874,De.Thomas,2018,8
00-0027874,De.Thomas,2018,9
00-0027874,De.Thomas,2018,11
00-0027874,De.Thomas,2018,12
00-0027874,De.Thomas,2018,13
00-0027874,De.Thomas,2018,14
00-0027874,De.Thomas,2018,15
00-0027874,De.Thomas,2018,16
00-0027874,D.Thomas,2019,2
00-0027874,D.Thomas,2019,5
00-0027874,D.Thomas,2019,6
00-0027874,D.Thomas,2019,7
00-0027874,D.Thomas,2019,8
00-0027874,D.Thomas,2019,9
00-0027874,D.Thomas,2019,10
00-0027874,D.Thomas,2019,11
00-0027874,D.Thomas,2019,12
00-0027874,D.Thomas,2019,13
00-0027874,D.Thomas,2019,14
00-0027891,G.Tate,2015,10
00-0027891,G.Tate,2015,11
00-0027891,G.Tate,2015,12
00-0027891,G.Tate,2015,13
00-0027891,G.Tate,2015,14
00-0027891,G.Tate,2015,15
00-0027891,G.Tate,2015,16
00-0027891,G.Tate,2015,17
00-0027891,G.Tate,2016,1
00-0027891,G.Tate,2016,2
00-0027891,G.Tate,2016,3
00-0027891,G.Tate,2016,4
00-0027891,G.Tate,2016,5
00-0027891,G.Tate,2016,6
00-0027891,G.Tate,2016,7
00-0027891,G.Tate,2016,8
00-0027891,G.Tate,2016,9
00-0027891,G.Tate,2016,11
00-0027891,G.Tate,2016,12
00-0027891,G.Tate,2016,13
00-0027891,G.Tate,2016,14
00-0027891,G.Tate,2016,15
00-0027891,G.Tate,2016,16
00-0027891,G.Tate,2016,17
00-0027891,G.Tate,2016,18
00-0027891,G.Tate,2017,1
00-0027891,G.Tate,2017,2
00-0027891,G.Tate,2017,3
00-0027891,G.Tate,2017,4
00-0027891,G.Tate,2017,5
00-0027891,G.Tate,2017,6
00-0027891,G.Tate,2017,8
00-0027891,G.Tate,2017,9
00-0027891,G.Tate,2017,10
00-0027891,G.Tate,2017,11
00-0027891,G.Tate,2017,12
00-0027891,G.Tate,2017,13
00-0027891,G.Tate,2017,14
00-0027891,G.Tate,2017,15
00-0027891,G.Tate,2017,16
00-0027891,G.Tate,2017,17
00-0027891,G.Tate,2018,1
00-0027891,G.Tate,2018,2
00-0027891,G.Tate,2018,3
00-0027891,G.Tate,2018,4
00-0027891,G.Tate,2018,5
00-0027891,G.Tate,2018,7
00-0027891,G.Tate,2018,8
00-0027891,G.Tate,2018,10
00-0027891,G.Tate,2018,11
00-0027891,G.Tate,2018,12
00-0027891,G.Tate,2018,13
00-0027891,G.Tate,2018,14
00-0027891,G.Tate,2018,15
00-0027891,G.Tate,2018,16
00-0027891,G.Tate,2018,17
00-0027891,G.Tate,2018,18
00-0027891,G.Tate,2018,19
00-0027891,G.Tate,2019,5
00-0027891,G.Tate,2019,6
00-0027891,G.Tate,2019,7
00-0027891,G.Tate,2019,8
00-0027891,G.Tate,2019,9
00-0027891,G.Tate,2019,10
00-0027891,G.Tate,2019,12
00-0027891,G.Tate,2019,14
00-0027891,G.Tate,2019,15
00-0027891,G.Tate,2019,16
00-0027891,G.Tate,2019,17
00-0027891,G.Tate,2020,2
00-0027891,G.Tate,2020,3
00-0027891,G.Tate,2020,4
00-0027891,G.Tate,2020,5
00-0027891,G.Tate,2020,6
00-0027891,G.Tate,2020,7
00-0027891,G.Tate,2020,8
00-0027891,G.Tate,2020,10
00-0027891,G.Tate III,2020,12
00-0027891,G.Tate III,2020,13
00-0027891,G.Tate III,2020,14
00-0027891,G.Tate III,2020,15
00-0027902,D.Bryant,2015,15
00-0027902,D.Bryant,2016,1
00-0027902,D.Bryant,2016,2
00-0027902,D.Bryant,2016,3
00-0027902,D.Bryant,2016,8
00-0027902,D.Bryant,2016,9
00-0027902,D.Bryant,2016,10
00-0027902,D.Bryant,2016,11
00-0027902,D.Bryant,2016,12
00-0027902,D.Bryant,2016,13
00-0027902,D.Bryant,2016,14
00-0027902,D.Bryant,2016,15
00-0027902,D.Bryant,2016,16
00-0027902,D.Bryant,2016,17
00-0027902,D.Bryant,2016,19
00-0027902,D.Bryant,2017,1
00-0027902,D.Bryant,2017,2
00-0027902,D.Bryant,2017,3
00-0027902,D.Bryant,2017,4
00-0027902,D.Bryant,2017,5
00-0027902,D.Bryant,2017,7
00-0027902,D.Bryant,2017,8
00-0027902,D.Bryant,2017,9
00-0027902,D.Bryant,2017,10
00-0027902,D.Bryant,2017,11
00-0027902,D.Bryant,2017,12
00-0027902,D.Bryant,2017,13
00-0027902,D.Bryant,2017,14
00-0027902,D.Bryant,2017,15
00-0027902,D.Bryant,2017,16
00-0027902,D.Bryant,2017,17
00-0027902,D.Bryant,2020,11
00-0027902,D.Bryant,2020,12
00-0027902,D.Bryant,2020,15
00-0027902,D.Bryant,2020,16
00-0027902,D.Bryant,2020,18
00-0027902,D.Bryant,2020,19
00-0027918,A.Hawkins,2016,1
00-0027918,A.Hawkins,2016,2
00-0027918,A.Hawkins,2016,3
00-0027918,A.Hawkins,2016,4
00-0027918,A.Hawkins,2016,5
00-0027918,A.Hawkins,2016,6
00-0027918,A.Hawkins,2016,7
00-0027918,A.Hawkins,2016,8
00-0027918,A.Hawkins,2016,9
00-0027918,A.Hawkins,2016,10
00-0027918,A.Hawkins,2016,11
00-0027918,A.Hawkins,2016,12
00-0027918,A.Hawkins,2016,14
00-0027918,A.Hawkins,2016,15
00-0027918,A.Hawkins,2016,16
00-0027918,A.Hawkins,2016,17
00-0027925,J.Develin,2017,4
00-0027925,J.Develin,2017,5
00-0027925,J.Develin,2017,8
00-0027925,J.Develin,2017,10
00-0027925,J.Develin,2017,14
00-0027925,J.Develin,2017,15
00-0027925,J.Develin,2017,17
00-0027925,J.Develin,2017,21
00-0027925,J.Develin,2018,1
00-0027925,J.Develin,2018,2
00-0027925,J.Develin,2018,4
00-0027925,J.Develin,2018,6
00-0027925,J.Develin,2018,7
00-0027925,J.Develin,2018,8
00-0027925,J.Develin,2018,9
00-0027925,J.Develin,2018,13
00-0027925,J.Develin,2018,15
00-0027925,J.Develin,2018,17
00-0027925,J.Develin,2018,20
00-0027942,A.Green,2015,10
00-0027942,A.Green,2015,11
00-0027942,A.Green,2015,12
00-0027942,A.Green,2015,13
00-0027942,A.Green,2015,14
00-0027942,A.Green,2015,15
00-0027942,A.Green,2015,16
00-0027942,A.Green,2015,17
00-0027942,A.Green,2015,18
00-0027942,A.Green,2016,1
00-0027942,A.Green,2016,2
00-0027942,A.Green,2016,3
00-0027942,A.Green,2016,4
00-0027942,A.Green,2016,5
00-0027942,A.Green,2016,6
00-0027942,A.Green,2016,7
00-0027942,A.Green,2016,8
00-0027942,A.Green,2016,10
00-0027942,A.Green,2016,11
00-0027942,A.Green,2017,1
00-0027942,A.Green,2017,2
00-0027942,A.Green,2017,3
00-0027942,A.Green,2017,4
00-0027942,A.Green,2017,5
00-0027942,A.Green,2017,7
00-0027942,A.Green,2017,8
00-0027942,A.Green,2017,9
00-0027942,A.Green,2017,10
00-0027942,A.Green,2017,11
00-0027942,A.Green,2017,12
00-0027942,A.Green,2017,13
00-0027942,A.Green,2017,14
00-0027942,A.Green,2017,15
00-0027942,A.Green,2017,16
00-0027942,A.Green,2017,17
00-0027942,A.Green,2018,1
00-0027942,A.Green,2018,2
00-0027942,A.Green,2018,3
00-0027942,A.Green,2018,4
00-0027942,A.Green,2018,5
00-0027942,A.Green,2018,6
00-0027942,A.Green,2018,7
00-0027942,A.Green,2018,8
00-0027942,A.Green,2018,13
00-0027942,A.Green,2020,1
00-0027942,A.Green,2020,2
00-0027942,A.Green,2020,3
00-0027942,A.Green,2020,4
00-0027942,A.Green,2020,5
00-0027942,A.Green,2020,6
00-0027942,A.Green,2020,7
00-0027942,A.Green,2020,8
00-0027942,A.Green,2020,10
00-0027942,A.Green,2020,11
00-0027942,A.Green,2020,12
00-0027942,A.Green,2020,13
00-0027942,A.Green,2020,14
00-0027942,A.Green,2020,15
00-0027942,A.Green,2020,16
00-0027942,A.Green,2020,17
00-0027942,A.Green,2021,1
00-0027942,A.Green,2021,2
00-0027942,A.Green,2021,3
00-0027942,A.Green,2021,4
00-0027942,A.Green,2021,5
00-0027942,A.Green,2021,6
00-0027942,A.Green,2021,7
00-0027942,A.Green,2021,8
00-0027942,A.Green,2021,10
00-0027942,A.Green,2021,11
00-0027942,A.Green,2021,13
00-0027942,A.Green,2021,14
00-0027942,A.Green,2021,15
00-0027942,A.Green,2021,16
00-0027942,A.Green,2021,17
00-0027942,A.Green,2021,18
00-0027942,A.Green,2021,19
00-0027942,A.Green,2022,1
00-0027942,A.Green,2022,2
00-0027942,A.Green,2022,3
00-0027942,A.Green,2022,5
00-0027942,A.Green,2022,6
00-0027942,A.Green,2022,8
00-0027942,A.Green,2022,10
00-0027942,A.Green,2022,11
00-0027942,A.Green,2022,12
00-0027942,A.Green,2022,14
00-0027942,A.Green,2022,15
00-0027942,A.Green,2022,17
00-0027942,A.Green,2022,18
00-0027944,J.Jones,2015,9
00-0027944,J.Jones,2015,11
00-0027944,J.Jones,2015,12
00-0027944,J.Jones,2015,13
00-0027944,J.Jones,2015,14
00-0027944,J.Jones,2015,15
00-0027944,J.Jones,2015,16
00-0027944,J.Jones,2015,17
00-0027944,J.Jones,2016,1
00-0027944,J.Jones,2016,2
00-0027944,J.Jones,2016,3
00-0027944,J.Jones,2016,4
00-0027944,J.Jones,2016,5
00-0027944,J.Jones,2016,6
00-0027944,J.Jones,2016,7
00-0027944,J.Jones,2016,8
00-0027944,J.Jones,2016,9
00-0027944,J.Jones,2016,10
00-0027944,J.Jones,2016,12
00-0027944,J.Jones,2016,13
00-0027944,J.Jones,2016,16
00-0027944,J.Jones,2016,17
00-0027944,J.Jones,2016,19
00-0027944,J.Jones,2016,20
00-0027944,J.Jones,2016,21
00-0027944,Ju.Jones,2017,1
00-0027944,Ju.Jones,2017,2
00-0027944,Ju.Jones,2017,3
00-0027944,Ju.Jones,2017,4
00-0027944,Ju.Jones,2017,6
00-0027944,Ju.Jones,2017,7
00-0027944,Ju.Jones,2017,8
00-0027944,Ju.Jones,2017,9
00-0027944,Ju.Jones,2017,10
00-0027944,Ju.Jones,2017,11
00-0027944,Ju.Jones,2017,12
00-0027944,Ju.Jones,2017,13
00-0027944,Ju.Jones,2017,14
00-0027944,Ju.Jones,2017,15
00-0027944,Ju.Jones,2017,16
00-0027944,Ju.Jones,2017,17
00-0027944,Ju.Jones,2017,18
00-0027944,Ju.Jones,2017,19
00-0027944,J.Jones,2018,1
00-0027944,J.Jones,2018,2
00-0027944,J.Jones,2018,3
00-0027944,J.Jones,2018,4
00-0027944,J.Jones,2018,5
00-0027944,J.Jones,2018,6
00-0027944,J.Jones,2018,7
00-0027944,J.Jones,2018,9
00-0027944,J.Jones,2018,10
00-0027944,J.Jones,2018,11
00-0027944,J.Jones,2018,12
00-0027944,J.Jones,2018,13
00-0027944,J.Jones,2018,14
00-0027944,J.Jones,2018,15
00-0027944,J.Jones,2018,16
00-0027944,J.Jones,2018,17
00-0027944,J.Jones,2019,1
00-0027944,J.Jones,2019,2
00-0027944,J.Jones,2019,3
00-0027944,J.Jones,2019,4
00-0027944,J.Jones,2019,5
00-0027944,J.Jones,2019,6
00-0027944,J.Jones,2019,7
00-0027944,J.Jones,2019,8
00-0027944,J.Jones,2019,10
00-0027944,J.Jones,2019,11
00-0027944,J.Jones,2019,12
00-0027944,J.Jones,2019,14
00-0027944,J.Jones,2019,15
00-0027944,J.Jones,2019,16
00-0027944,J.Jones,2019,17
00-0027944,J.Jones,2020,1
00-0027944,J.Jones,2020,2
00-0027944,J.Jones,2020,4
00-0027944,J.Jones,2020,6
00-0027944,J.Jones,2020,7
00-0027944,J.Jones,2020,8
00-0027944,J.Jones,2020,9
00-0027944,J.Jones,2020,11
00-0027944,J.Jones,2020,13
00-0027944,J.Jones,2021,1
00-0027944,J.Jones,2021,2
00-0027944,J.Jones,2021,3
00-0027944,J.Jones,2021,6
00-0027944,J.Jones,2021,7
00-0027944,J.Jones,2021,9
00-0027944,J.Jones,2021,14
00-0027944,J.Jones,2021,15
00-0027944,J.Jones,2021,16
00-0027944,J.Jones,2021,18
00-0027944,J.Jones,2021,20
00-0027944,J.Jones,2022,1
00-0027944,J.Jones,2022,4
00-0027944,J.Jones,2022,8
00-0027944,J.Jones,2022,9
00-0027944,J.Jones,2022,10
00-0027944,J.Jones,2022,12
00-0027944,J.Jones,2022,13
00-0027944,J.Jones,2022,14
00-0027944,J.Jones,2022,16
00-0027944,J.Jones,2022,17
00-0027944,J.Jones,2022,19
00-0027966,M.Ingram,2015,9
00-0027966,M.Ingram,2015,10
00-0027966,M.Ingram,2015,12
00-0027966,M.Ingram,2015,13
00-0027966,M.Ingram,2016,1
00-0027966,M.Ingram,2016,2
00-0027966,M.Ingram,2016,3
00-0027966,M.Ingram,2016,4
00-0027966,M.Ingram,2016,6
00-0027966,M.Ingram,2016,7
00-0027966,M.Ingram,2016,9
00-0027966,M.Ingram,2016,10
00-0027966,M.Ingram,2016,11
00-0027966,M.Ingram,2016,12
00-0027966,M.Ingram,2016,13
00-0027966,M.Ingram,2016,14
00-0027966,M.Ingram,2016,15
00-0027966,M.Ingram,2016,16
00-0027966,M.Ingram,2016,17
00-0027966,M.Ingram,2017,1
00-0027966,M.Ingram,2017,2
00-0027966,M.Ingram,2017,3
00-0027966,M.Ingram,2017,4
00-0027966,M.Ingram,2017,6
00-0027966,M.Ingram,2017,7
00-0027966,M.Ingram,2017,8
00-0027966,M.Ingram,2017,9
00-0027966,M.Ingram,2017,11
00-0027966,M.Ingram,2017,12
00-0027966,M.Ingram,2017,13
00-0027966,M.Ingram,2017,14
00-0027966,M.Ingram,2017,15
00-0027966,M.Ingram,2017,16
00-0027966,M.Ingram,2017,17
00-0027966,M.Ingram,2017,18
00-0027966,M.Ingram,2017,19
00-0027966,M.Ingram,2018,5
00-0027966,M.Ingram,2018,7
00-0027966,M.Ingram,2018,8
00-0027966,M.Ingram,2018,9
00-0027966,M.Ingram,2018,10
00-0027966,M.Ingram,2018,12
00-0027966,M.Ingram,2018,13
00-0027966,M.Ingram,2018,14
00-0027966,M.Ingram,2018,15
00-0027966,M.Ingram,2018,16
00-0027966,M.Ingram,2018,17
00-0027966,M.Ingram,2018,19
00-0027966,M.Ingram,2018,20
00-0027966,M.Ingram,2019,2
00-0027966,M.Ingram,2019,3
00-0027966,M.Ingram,2019,4
00-0027966,M.Ingram,2019,5
00-0027966,M.Ingram,2019,6
00-0027966,M.Ingram,2019,7
00-0027966,M.Ingram,2019,9
00-0027966,M.Ingram II,2019,11
00-0027966,M.Ingram II,2019,12
00-0027966,M.Ingram II,2019,13
00-0027966,M.Ingram II,2019,14
00-0027966,M.Ingram II,2019,15
00-0027966,M.Ingram II,2019,16
00-0027966,M.Ingram II,2019,19
00-0027966,M.Ingram,2020,2
00-0027966,M.Ingram,2020,3
00-0027966,M.Ingram,2020,4
00-0027966,M.Ingram,2020,10
00-0027966,M.Ingram,2020,13
00-0027966,M.Ingram,2021,1
00-0027966,M.Ingram,2021,2
00-0027966,M.Ingram,2021,3
00-0027966,M.Ingram,2021,6
00-0027966,M.Ingram,2021,7
00-0027966,M.Ingram,2021,8
00-0027966,M.Ingram,2021,9
00-0027966,M.Ingram,2021,10
00-0027966,M.Ingram,2021,11
00-0027966,M.Ingram,2021,13
00-0027966,M.Ingram,2021,15
00-0027966,M.Ingram,2022,1
00-0027966,M.Ingram,2022,2
00-0027966,M.Ingram,2022,4
00-0027966,M.Ingram,2022,6
00-0027966,M.Ingram,2022,7
00-0027966,M.Ingram,2022,8
00-0027966,M.Ingram,2022,12
00-0027966,M.Ingram,2022,13
00-0027981,K.Rudolph,2015,10
00-0027981,K.Rudolph,2015,11
00-0027981,K.Rudolph,2015,12
00-0027981,K.Rudolph,2015,13
00-0027981,K.Rudolph,2015,14
00-0027981,K.Rudolph,2015,15
00-0027981,K.Rudolph,2015,16
00-0027981,K.Rudolph,2015,17
00-0027981,K.Rudolph,2015,18
00-0027981,K.Rudolph,2016,1
00-0027981,K.Rudolph,2016,2
00-0027981,K.Rudolph,2016,3
00-0027981,K.Rudolph,2016,4
00-0027981,K.Rudolph,2016,5
00-0027981,K.Rudolph,2016,7
00-0027981,K.Rudolph,2016,8
00-0027981,K.Rudolph,2016,9
00-0027981,K.Rudolph,2016,10
00-0027981,K.Rudolph,2016,11
00-0027981,K.Rudolph,2016,12
00-0027981,K.Rudolph,2016,13
00-0027981,K.Rudolph,2016,14
00-0027981,K.Rudolph,2016,15
00-0027981,K.Rudolph,2016,16
00-0027981,K.Rudolph,2016,17
00-0027981,K.Rudolph,2017,1
00-0027981,K.Rudolph,2017,2
00-0027981,K.Rudolph,2017,3
00-0027981,K.Rudolph,2017,4
00-0027981,K.Rudolph,2017,5
00-0027981,K.Rudolph,2017,6
00-0027981,K.Rudolph,2017,7
00-0027981,K.Rudolph,2017,8
00-0027981,K.Rudolph,2017,10
00-0027981,K.Rudolph,2017,11
00-0027981,K.Rudolph,2017,12
00-0027981,K.Rudolph,2017,13
00-0027981,K.Rudolph,2017,14
00-0027981,K.Rudolph,2017,15
00-0027981,K.Rudolph,2017,16
00-0027981,K.Rudolph,2017,17
00-0027981,K.Rudolph,2017,19
00-0027981,K.Rudolph,2017,20
00-0027981,K.Rudolph,2018,1
00-0027981,K.Rudolph,2018,2
00-0027981,K.Rudolph,2018,3
00-0027981,K.Rudolph,2018,4
00-0027981,K.Rudolph,2018,5
00-0027981,K.Rudolph,2018,6
00-0027981,K.Rudolph,2018,7
00-0027981,K.Rudolph,2018,8
00-0027981,K.Rudolph,2018,9
00-0027981,K.Rudolph,2018,11
00-0027981,K.Rudolph,2018,12
00-0027981,K.Rudolph,2018,13
00-0027981,K.Rudolph,2018,14
00-0027981,K.Rudolph,2018,15
00-0027981,K.Rudolph,2018,16
00-0027981,K.Rudolph,2018,17
00-0027981,K.Rudolph,2019,1
00-0027981,K.Rudolph,2019,2
00-0027981,K.Rudolph,2019,3
00-0027981,K.Rudolph,2019,4
00-0027981,K.Rudolph,2019,5
00-0027981,K.Rudolph,2019,6
00-0027981,K.Rudolph,2019,7
00-0027981,K.Rudolph,2019,8
00-0027981,K.Rudolph,2019,9
00-0027981,K.Rudolph,2019,10
00-0027981,K.Rudolph,2019,11
00-0027981,K.Rudolph,2019,13
00-0027981,K.Rudolph,2019,14
00-0027981,K.Rudolph,2019,15
00-0027981,K.Rudolph,2019,16
00-0027981,K.Rudolph,2019,18
00-0027981,K.Rudolph,2019,19
00-0027981,K.Rudolph,2020,1
00-0027981,K.Rudolph,2020,2
00-0027981,K.Rudolph,2020,3
00-0027981,K.Rudolph,2020,4
00-0027981,K.Rudolph,2020,5
00-0027981,K.Rudolph,2020,6
00-0027981,K.Rudolph,2020,8
00-0027981,K.Rudolph,2020,9
00-0027981,K.Rudolph,2020,10
00-0027981,K.Rudolph,2020,11
00-0027981,K.Rudolph,2020,12
00-0027981,K.Rudolph,2020,13
00-0027981,K.Rudolph,2021,1
00-0027981,K.Rudolph,2021,2
00-0027981,K.Rudolph,2021,4
00-0027981,K.Rudolph,2021,5
00-0027981,K.Rudolph,2021,6
00-0027981,K.Rudolph,2021,7
00-0027981,K.Rudolph,2021,8
00-0027981,K.Rudolph,2021,9
00-0027981,K.Rudolph,2021,11
00-0027981,K.Rudolph,2021,13
00-0027981,K.Rudolph,2021,14
00-0027981,K.Rudolph,2021,15
00-0027981,K.Rudolph,2021,16
00-0027981,K.Rudolph,2021,17
00-0027981,K.Rudolph,2021,18
00-0027981,K.Rudolph,2022,3
00-0027981,K.Rudolph,2022,5
00-0027981,K.Rudolph,2022,7
00-0027981,K.Rudolph,2022,8
00-0027981,K.Rudolph,2022,18
00-0027985,L.Kendricks,2015,11
00-0027985,L.Kendricks,2015,12
00-0027985,L.Kendricks,2015,14
00-0027985,L.Kendricks,2015,15
00-0027985,L.Kendricks,2015,16
00-0027985,L.Kendricks,2015,17
00-0027985,L.Kendricks,2016,1
00-0027985,L.Kendricks,2016,2
00-0027985,L.Kendricks,2016,3
00-0027985,L.Kendricks,2016,4
00-0027985,L.Kendricks,2016,5
00-0027985,L.Kendricks,2016,6
00-0027985,L.Kendricks,2016,7
00-0027985,L.Kendricks,2016,9
00-0027985,L.Kendricks,2016,10
00-0027985,L.Kendricks,2016,11
00-0027985,L.Kendricks,2016,12
00-0027985,L.Kendricks,2016,13
00-0027985,L.Kendricks,2016,14
00-0027985,L.Kendricks,2016,15
00-0027985,L.Kendricks,2016,16
00-0027985,L.Kendricks,2016,17
00-0027985,L.Kendricks,2017,1
00-0027985,L.Kendricks,2017,3
00-0027985,L.Kendricks,2017,4
00-0027985,L.Kendricks,2017,5
00-0027985,L.Kendricks,2017,9
00-0027985,L.Kendricks,2017,10
00-0027985,L.Kendricks,2017,11
00-0027985,L.Kendricks,2017,13
00-0027985,L.Kendricks,2017,14
00-0027985,L.Kendricks,2017,15
00-0027985,L.Kendricks,2017,16
00-0027985,L.Kendricks,2018,1
00-0027985,L.Kendricks,2018,2
00-0027985,L.Kendricks,2018,3
00-0027985,L.Kendricks,2018,4
00-0027985,L.Kendricks,2018,5
00-0027985,L.Kendricks,2018,6
00-0027985,L.Kendricks,2018,9
00-0027985,L.Kendricks,2018,10
00-0027985,L.Kendricks,2018,11
00-0027985,L.Kendricks,2018,12
00-0027985,L.Kendricks,2018,15
00-0027985,L.Kendricks,2018,16
00-0027985,L.Kendricks,2018,17
00-0027985,L.Kendricks,2019,3
00-0027985,L.Kendricks,2019,4
00-0027985,L.Kendricks,2019,5
00-0027985,L.Kendricks,2019,10
00-0027994,S.Vereen,2015,10
00-0027994,S.Vereen,2015,12
00-0027994,S.Vereen,2015,13
00-0027994,S.Vereen,2015,14
00-0027994,S.Vereen,2015,15
00-0027994,S.Vereen,2015,16
00-0027994,S.Vereen,2015,17
00-0027994,S.Vereen,2016,1
00-0027994,S.Vereen,2016,2
00-0027994,S.Vereen,2016,3
00-0027994,S.Vereen,2016,14
00-0027994,S.Vereen,2016,15
00-0027994,S.Vereen,2017,1
00-0027994,S.Vereen,2017,2
00-0027994,S.Vereen,2017,3
00-0027994,S.Vereen,2017,4
00-0027994,S.Vereen,2017,5
00-0027994,S.Vereen,2017,7
00-0027994,S.Vereen,2017,9
00-0027994,S.Vereen,2017,10
00-0027994,S.Vereen,2017,11
00-0027994,S.Vereen,2017,12
00-0027994,S.Vereen,2017,13
00-0027994,S.Vereen,2017,14
00-0027994,S.Vereen,2017,15
00-0027994,S.Vereen,2017,17
00-0027996,T.Smith,2015,9
00-0027996,T.Smith,2015,11
00-0027996,T.Smith,2015,12
00-0027996,T.Smith,2015,13
00-0027996,T.Smith,2015,14
00-0027996,T.Smith,2015,15
00-0027996,T.Smith,2015,16
00-0027996,T.Smith,2015,17
00-0027996,T.Smith,2016,1
00-0027996,T.Smith,2016,2
00-0027996,T.Smith,2016,3
00-0027996,T.Smith,2016,4
00-0027996,T.Smith,2016,5
00-0027996,T.Smith,2016,6
00-0027996,T.Smith,2016,7
00-0027996,T.Smith,2016,9
00-0027996,T.Smith,2016,10
00-0027996,T.Smith,2016,12
00-0027996,T.Smith,2016,13
00-0027996,T.Smith,2016,14
00-0027996,T.Smith,2017,1
00-0027996,T.Smith,2017,2
00-0027996,T.Smith,2017,3
00-0027996,T.Smith,2017,4
00-0027996,T.Smith,2017,5
00-0027996,T.Smith,2017,6
00-0027996,T.Smith,2017,7
00-0027996,T.Smith,2017,8
00-0027996,T.Smith,2017,9
00-0027996,T.Smith,2017,11
00-0027996,T.Smith,2017,12
00-0027996,T.Smith,2017,13
00-0027996,T.Smith,2017,14
00-0027996,T.Smith,2017,15
00-0027996,T.Smith,2017,16
00-0027996,T.Smith,2017,17
00-0027996,T.Smith,2017,19
00-0027996,T.Smith,2017,20
00-0027996,T.Smith,2017,21
00-0027996,T.Smith,2018,1
00-0027996,T.Smith,2018,2
00-0027996,T.Smith,2018,3
00-0027996,T.Smith,2018,5
00-0027996,T.Smith,2018,6
00-0027996,T.Smith,2018,7
00-0027996,T.Smith,2018,16
00-0027996,T.Smith,2018,17
00-0028002,R.Cobb,2015,10
00-0028002,R.Cobb,2015,11
00-0028002,R.Cobb,2015,12
00-0028002,R.Cobb,2015,13
00-0028002,R.Cobb,2015,14
00-0028002,R.Cobb,2015,15
00-0028002,R.Cobb,2015,16
00-0028002,R.Cobb,2015,17
00-0028002,R.Cobb,2015,18
00-0028002,R.Cobb,2015,19
00-0028002,R.Cobb,2016,1
00-0028002,R.Cobb,2016,2
00-0028002,R.Cobb,2016,3
00-0028002,R.Cobb,2016,5
00-0028002,R.Cobb,2016,6
00-0028002,R.Cobb,2016,7
00-0028002,R.Cobb,2016,9
00-0028002,R.Cobb,2016,10
00-0028002,R.Cobb,2016,11
00-0028002,R.Cobb,2016,12
00-0028002,R.Cobb,2016,13
00-0028002,R.Cobb,2016,14
00-0028002,R.Cobb,2016,15
00-0028002,R.Cobb,2016,18
00-0028002,R.Cobb,2016,19
00-0028002,R.Cobb,2016,20
00-0028002,R.Cobb,2017,1
00-0028002,R.Cobb,2017,2
00-0028002,R.Cobb,2017,4
00-0028002,R.Cobb,2017,5
00-0028002,R.Cobb,2017,6
00-0028002,R.Cobb,2017,7
00-0028002,R.Cobb,2017,9
00-0028002,R.Cobb,2017,10
00-0028002,R.Cobb,2017,11
00-0028002,R.Cobb,2017,12
00-0028002,R.Cobb,2017,14
00-0028002,R.Cobb,2017,15
00-0028002,R.Cobb,2017,16
00-0028002,R.Cobb,2017,17
00-0028002,R.Cobb,2018,1
00-0028002,R.Cobb,2018,2
00-0028002,R.Cobb,2018,3
00-0028002,R.Cobb,2018,8
00-0028002,R.Cobb,2018,9
00-0028002,R.Cobb,2018,13
00-0028002,R.Cobb,2018,14
00-0028002,R.Cobb,2018,15
00-0028002,R.Cobb,2018,17
00-0028002,R.Cobb,2019,1
00-0028002,R.Cobb,2019,2
00-0028002,R.Cobb,2019,3
00-0028002,R.Cobb,2019,4
00-0028002,R.Cobb,2019,5
00-0028002,R.Cobb,2019,7
00-0028002,R.Cobb,2019,9
00-0028002,R.Cobb,2019,10
00-0028002,R.Cobb,2019,11
00-0028002,R.Cobb,2019,12
00-0028002,R.Cobb,2019,13
00-0028002,R.Cobb,2019,14
00-0028002,R.Cobb,2019,15
00-0028002,R.Cobb,2019,16
00-0028002,R.Cobb,2019,17
00-0028002,R.Cobb,2020,1
00-0028002,R.Cobb,2020,2
00-0028002,R.Cobb,2020,3
00-0028002,R.Cobb,2020,4
00-0028002,R.Cobb,2020,5
00-0028002,R.Cobb,2020,6
00-0028002,R.Cobb,2020,7
00-0028002,R.Cobb,2020,9
00-0028002,R.Cobb,2020,10
00-0028002,R.Cobb,2020,11
00-0028002,R.Cobb,2021,1
00-0028002,R.Cobb,2021,2
00-0028002,R.Cobb,2021,3
00-0028002,R.Cobb,2021,4
00-0028002,R.Cobb,2021,5
00-0028002,R.Cobb,2021,7
00-0028002,R.Cobb,2021,8
00-0028002,R.Cobb,2021,9
00-0028002,R.Cobb,2021,10
00-0028002,R.Cobb,2021,11
00-0028002,R.Cobb,2021,12
00-0028002,R.Cobb,2021,20
00-0028002,R.Cobb,2022,1
00-0028002,R.Cobb,2022,2
00-0028002,R.Cobb,2022,3
00-0028002,R.Cobb,2022,4
00-0028002,R.Cobb,2022,5
00-0028002,R.Cobb,2022,6
00-0028002,R.Cobb,2022,11
00-0028002,R.Cobb,2022,12
00-0028002,R.Cobb,2022,13
00-0028002,R.Cobb,2022,15
00-0028002,R.Cobb,2022,16
00-0028002,R.Cobb,2022,17
00-0028002,R.Cobb,2022,18
00-0028009,D.Murray,2015,11
00-0028009,D.Murray,2015,14
00-0028009,D.Murray,2015,16
00-0028009,D.Murray,2015,17
00-0028009,D.Murray,2016,1
00-0028009,D.Murray,2016,2
00-0028009,D.Murray,2016,3
00-0028009,D.Murray,2016,4
00-0028009,D.Murray,2016,5
00-0028009,D.Murray,2016,6
00-0028009,D.Murray,2016,7
00-0028009,D.Murray,2016,8
00-0028009,D.Murray,2016,9
00-0028009,D.Murray,2016,10
00-0028009,D.Murray,2016,11
00-0028009,D.Murray,2016,12
00-0028009,D.Murray,2016,14
00-0028009,D.Murray,2016,15
00-0028009,D.Murray,2016,16
00-0028009,D.Murray,2016,17
00-0028009,D.Murray,2017,1
00-0028009,D.Murray,2017,2
00-0028009,D.Murray,2017,3
00-0028009,D.Murray,2017,4
00-0028009,D.Murray,2017,5
00-0028009,D.Murray,2017,6
00-0028009,D.Murray,2017,7
00-0028009,D.Murray,2017,9
00-0028009,D.Murray,2017,10
00-0028009,D.Murray,2017,11
00-0028009,D.Murray,2017,12
00-0028009,D.Murray,2017,13
00-0028009,D.Murray,2017,14
00-0028009,D.Murray,2017,15
00-0028009,D.Murray,2017,16
00-0028040,J.Cameron,2015,10
00-0028040,J.Cameron,2015,11
00-0028040,J.Cameron,2015,12
00-0028040,J.Cameron,2015,13
00-0028040,J.Cameron,2015,14
00-0028040,J.Cameron,2015,15
00-0028040,J.Cameron,2015,16
00-0028040,J.Cameron,2015,17
00-0028040,J.Cameron,2016,1
00-0028040,J.Cameron,2016,2
00-0028040,J.Cameron,2016,3
00-0028042,L.Stocker,2016,8
00-0028042,L.Stocker,2016,10
00-0028042,L.Stocker,2016,12
00-0028042,L.Stocker,2016,15
00-0028042,L.Stocker,2016,16
00-0028042,L.Stocker,2016,17
00-0028042,L.Stocker,2017,6
00-0028042,L.Stocker,2017,9
00-0028042,L.Stocker,2017,15
00-0028042,L.Stocker,2017,17
00-0028042,L.Stocker,2018,1
00-0028042,L.Stocker,2018,2
00-0028042,L.Stocker,2018,3
00-0028042,L.Stocker,2018,5
00-0028042,L.Stocker,2018,7
00-0028042,L.Stocker,2018,9
00-0028042,L.Stocker,2018,11
00-0028042,L.Stocker,2018,12
00-0028042,L.Stocker,2018,14
00-0028042,L.Stocker,2018,15
00-0028042,L.Stocker,2018,16
00-0028042,L.Stocker,2018,17
00-0028042,L.Stocker,2019,1
00-0028042,L.Stocker,2019,2
00-0028042,L.Stocker,2019,3
00-0028042,L.Stocker,2019,4
00-0028042,L.Stocker,2019,6
00-0028042,L.Stocker,2019,8
00-0028042,L.Stocker,2019,12
00-0028042,L.Stocker,2019,14
00-0028042,L.Stocker,2019,15
00-0028042,L.Stocker,2019,16
00-0028042,L.Stocker,2019,17
00-0028042,L.Stocker,2020,1
00-0028042,L.Stocker,2020,3
00-0028042,L.Stocker,2020,5
00-0028042,L.Stocker,2020,7
00-0028042,L.Stocker,2020,9
00-0028042,L.Stocker,2020,11
00-0028042,L.Stocker,2020,15
00-0028042,L.Stocker,2020,16
00-0028042,L.Stocker,2020,17
00-0028042,L.Stocker,2021,8
00-0028042,L.Stocker,2021,9
00-0028052,C.Shorts III,2015,13
00-0028052,C.Shorts III,2015,14
00-0028052,C.Shorts III,2015,15
00-0028052,C.Shorts III,2015,18
00-0028052,C.Shorts,2016,2
00-0028052,C.Shorts,2016,8
00-0028052,C.Shorts,2016,9
00-0028052,C.Shorts,2016,10
00-0028052,C.Shorts,2016,11
00-0028052,C.Shorts,2016,12
00-0028052,C.Shorts,2016,13
00-0028063,T.Jones,2016,13
00-0028063,T.Jones,2017,7
00-0028063,T.Jones,2018,4
00-0028063,T.Jones,2018,5
00-0028063,T.Jones,2019,17
00-0028063,T.Jones,2019,18
00-0028063,T.Jones,2019,19
00-0028063,T.Jones,2020,5
00-0028063,T.Jones,2020,16
00-0028064,B.Powell,2015,14
00-0028064,B.Powell,2015,15
00-0028064,B.Powell,2015,16
00-0028064,B.Powell,2016,1
00-0028064,B.Powell,2016,2
00-0028064,B.Powell,2016,3
00-0028064,B.Powell,2016,4
00-0028064,B.Powell,2016,5
00-0028064,B.Powell,2016,6
00-0028064,B.Powell,2016,8
00-0028064,B.Powell,2016,9
00-0028064,B.Powell,2016,10
00-0028064,B.Powell,2016,12
00-0028064,B.Powell,2016,13
00-0028064,B.Powell,2016,14
00-0028064,B.Powell,2016,15
00-0028064,B.Powell,2016,16
00-0028064,B.Powell,2016,17
00-0028064,B.Powell,2017,1
00-0028064,B.Powell,2017,2
00-0028064,B.Powell,2017,4
00-0028064,B.Powell,2017,5
00-0028064,B.Powell,2017,7
00-0028064,B.Powell,2017,8
00-0028064,B.Powell,2017,10
00-0028064,B.Powell,2017,12
00-0028064,B.Powell,2017,13
00-0028064,B.Powell,2017,15
00-0028064,B.Powell,2017,16
00-0028064,B.Powell,2017,17
00-0028064,B.Powell,2018,1
00-0028064,B.Powell,2018,2
00-0028064,B.Powell,2018,3
00-0028064,B.Powell,2018,4
00-0028064,B.Powell,2018,6
00-0028064,B.Powell,2018,7
00-0028064,B.Powell,2019,6
00-0028064,B.Powell,2019,11
00-0028064,B.Powell,2019,12
00-0028064,B.Powell,2019,13
00-0028064,B.Powell,2019,14
00-0028064,B.Powell,2019,16
00-0028067,J.Thomas,2015,14
00-0028067,J.Thomas,2015,15
00-0028067,J.Thomas,2015,16
00-0028067,J.Thomas,2015,17
00-0028067,J.Thomas,2016,1
00-0028067,J.Thomas,2016,2
00-0028067,J.Thomas,2016,3
00-0028067,J.Thomas,2016,6
00-0028067,J.Thomas,2016,7
00-0028067,J.Thomas,2016,8
00-0028067,J.Thomas,2016,9
00-0028067,J.Thomas,2016,10
00-0028067,J.Thomas,2016,11
00-0028067,J.Thomas,2017,2
00-0028067,J.Thomas,2017,3
00-0028067,J.Thomas,2017,4
00-0028067,J.Thomas,2017,5
00-0028067,J.Thomas,2017,6
00-0028067,J.Thomas,2017,7
00-0028067,J.Thomas,2017,8
00-0028067,J.Thomas,2017,9
00-0028067,J.Thomas,2017,10
00-0028067,J.Thomas,2017,11
00-0028067,J.Thomas,2017,12
00-0028067,J.Thomas,2017,13
00-0028067,J.Thomas,2017,14
00-0028067,J.Thomas,2017,15
00-0028074,A.Sherman,2016,7
00-0028074,A.Sherman,2016,9
00-0028074,A.Sherman,2016,15
00-0028074,A.Sherman,2016,17
00-0028074,A.Sherman,2016,19
00-0028074,A.Sherman,2017,3
00-0028074,A.Sherman,2017,5
00-0028074,A.Sherman,2017,11
00-0028074,A.Sherman,2017,12
00-0028074,A.Sherman,2017,17
00-0028074,A.Sherman,2018,1
00-0028074,A.Sherman,2018,3
00-0028074,A.Sherman,2018,5
00-0028074,A.Sherman,2018,6
00-0028074,A.Sherman,2018,8
00-0028074,A.Sherman,2018,10
00-0028074,A.Sherman,2018,14
00-0028074,A.Sherman,2018,17
00-0028074,A.Sherman,2019,1
00-0028074,A.Sherman,2019,5
00-0028074,A.Sherman,2019,13
00-0028074,A.Sherman,2019,15
00-0028074,A.Sherman,2019,20
00-0028074,A.Sherman,2020,3
00-0028074,A.Sherman,2020,14
00-0028083,J.Rodgers,2016,8
00-0028083,J.Rodgers,2016,13
00-0028083,J.Rodgers,2016,16
00-0028083,J.Rodgers,2016,17
00-0028083,J.Rodgers,2017,4
00-0028083,J.Rodgers,2017,5
00-0028083,J.Rodgers,2017,6
00-0028083,J.Rodgers,2017,7
00-0028083,J.Rodgers,2017,8
00-0028083,J.Rodgers,2017,12
00-0028083,J.Rodgers,2017,17
00-0028083,J.Rodgers,2018,1
00-0028083,J.Rodgers,2018,2
00-0028083,J.Rodgers,2018,3
00-0028083,J.Rodgers,2018,7
00-0028083,J.Rodgers,2018,8
00-0028083,J.Rodgers,2018,9
00-0028083,J.Rodgers,2018,10
00-0028083,J.Rodgers,2018,11
00-0028083,J.Rodgers,2018,12
00-0028083,J.Rodgers,2018,14
00-0028083,J.Rodgers,2018,15
00-0028083,J.Rodgers,2018,16
00-0028083,J.Rodgers,2018,17
00-0028087,D.Lewis,2016,12
00-0028087,D.Lewis,2016,13
00-0028087,D.Lewis,2016,14
00-0028087,D.Lewis,2016,15
00-0028087,D.Lewis,2016,16
00-0028087,D.Lewis,2016,17
00-0028087,D.Lewis,2016,19
00-0028087,D.Lewis,2016,20
00-0028087,D.Lewis,2016,21
00-0028087,D.Lewis,2017,2
00-0028087,D.Lewis,2017,3
00-0028087,D.Lewis,2017,4
00-0028087,D.Lewis,2017,5
00-0028087,D.Lewis,2017,7
00-0028087,D.Lewis,2017,8
00-0028087,D.Lewis,2017,11
00-0028087,D.Lewis,2017,12
00-0028087,D.Lewis,2017,14
00-0028087,D.Lewis,2017,15
00-0028087,D.Lewis,2017,16
00-0028087,D.Lewis,2017,17
00-0028087,D.Lewis,2017,19
00-0028087,D.Lewis,2017,20
00-0028087,D.Lewis,2018,1
00-0028087,D.Lewis,2018,2
00-0028087,D.Lewis,2018,3
00-0028087,D.Lewis,2018,4
00-0028087,D.Lewis,2018,5
00-0028087,D.Lewis,2018,6
00-0028087,D.Lewis,2018,7
00-0028087,D.Lewis,2018,9
00-0028087,D.Lewis,2018,10
00-0028087,D.Lewis,2018,11
00-0028087,D.Lewis,2018,12
00-0028087,D.Lewis,2018,13
00-0028087,D.Lewis,2018,14
00-0028087,D.Lewis,2018,15
00-0028087,D.Lewis,2018,16
00-0028087,D.Lewis,2018,17
00-0028087,D.Lewis,2019,1
00-0028087,D.Lewis,2019,2
00-0028087,D.Lewis,2019,3
00-0028087,D.Lewis,2019,4
00-0028087,D.Lewis,2019,5
00-0028087,D.Lewis,2019,6
00-0028087,D.Lewis,2019,7
00-0028087,D.Lewis,2019,8
00-0028087,D.Lewis,2019,9
00-0028087,D.Lewis,2019,12
00-0028087,D.Lewis,2019,13
00-0028087,D.Lewis,2019,14
00-0028087,D.Lewis,2019,15
00-0028087,D.Lewis,2019,16
00-0028087,D.Lewis,2019,18
00-0028087,D.Lewis,2019,20
00-0028087,D.Lewis,2020,1
00-0028087,D.Lewis,2020,2
00-0028087,D.Lewis,2020,3
00-0028087,D.Lewis,2020,4
00-0028087,D.Lewis,2020,5
00-0028087,D.Lewis,2020,6
00-0028087,D.Lewis,2020,8
00-0028087,D.Lewis,2020,9
00-0028087,D.Lewis,2020,10
00-0028087,D.Lewis,2020,12
00-0028087,D.Lewis,2020,15
00-0028087,D.Lewis,2020,17
00-0028091,J.Kerley,2016,4
00-0028091,J.Kerley,2016,5
00-0028091,J.Kerley,2016,6
00-0028091,J.Kerley,2016,7
00-0028091,J.Kerley,2016,9
00-0028091,J.Kerley,2016,10
00-0028091,J.Kerley,2016,11
00-0028091,J.Kerley,2016,12
00-0028091,J.Kerley,2016,13
00-0028091,J.Kerley,2016,14
00-0028091,J.Kerley,2016,15
00-0028091,J.Kerley,2016,16
00-0028091,J.Kerley,2016,17
00-0028091,J.Kerley,2017,2
00-0028091,J.Kerley,2017,3
00-0028091,J.Kerley,2017,4
00-0028091,J.Kerley,2017,5
00-0028091,J.Kerley,2017,6
00-0028091,J.Kerley,2017,7
00-0028091,J.Kerley,2017,8
00-0028091,J.Kerley,2018,1
00-0028093,N.Paul,2017,14
00-0028093,N.Paul,2017,15
00-0028093,N.Paul,2017,16
00-0028093,N.Paul,2017,17
00-0028093,N.Paul,2018,1
00-0028093,N.Paul,2018,2
00-0028093,N.Paul,2018,4
00-0028093,N.Paul,2018,5
00-0028097,L.Smith,2015,13
00-0028097,L.Smith,2015,16
00-0028097,L.Smith,2016,2
00-0028097,L.Smith,2016,3
00-0028097,L.Smith,2016,4
00-0028097,L.Smith,2017,2
00-0028097,L.Smith,2017,4
00-0028097,L.Smith,2017,8
00-0028097,L.Smith,2017,12
00-0028097,L.Smith,2017,15
00-0028097,L.Smith,2017,16
00-0028097,L.Smith,2018,4
00-0028097,L.Smith,2018,11
00-0028097,L.Smith,2018,12
00-0028097,L.Smith,2018,13
00-0028097,L.Smith,2018,14
00-0028097,L.Smith,2018,15
00-0028097,L.Smith,2019,2
00-0028097,L.Smith,2019,3
00-0028097,L.Smith,2019,5
00-0028097,L.Smith,2019,7
00-0028097,L.Smith,2019,8
00-0028097,L.Smith,2019,18
00-0028097,L.Smith,2020,3
00-0028097,L.Smith,2020,12
00-0028097,L.Smith,2020,13
00-0028097,L.Smith,2020,15
00-0028097,L.Smith,2020,16
00-0028097,L.Smith,2021,2
00-0028097,L.Smith,2021,3
00-0028097,L.Smith,2021,5
00-0028097,L.Smith,2021,7
00-0028097,L.Smith,2021,14
00-0028097,L.Smith,2021,15
00-0028112,C.Clay,2015,10
00-0028112,C.Clay,2015,11
00-0028112,C.Clay,2015,12
00-0028112,C.Clay,2015,13
00-0028112,C.Clay,2015,14
00-0028112,C.Clay,2016,1
00-0028112,C.Clay,2016,2
00-0028112,C.Clay,2016,3
00-0028112,C.Clay,2016,4
00-0028112,C.Clay,2016,5
00-0028112,C.Clay,2016,6
00-0028112,C.Clay,2016,7
00-0028112,C.Clay,2016,8
00-0028112,C.Clay,2016,9
00-0028112,C.Clay,2016,11
00-0028112,C.Clay,2016,12
00-0028112,C.Clay,2016,14
00-0028112,C.Clay,2016,15
00-0028112,C.Clay,2016,16
00-0028112,C.Clay,2016,17
00-0028112,C.Clay,2017,1
00-0028112,C.Clay,2017,2
00-0028112,C.Clay,2017,3
00-0028112,C.Clay,2017,4
00-0028112,C.Clay,2017,5
00-0028112,C.Clay,2017,10
00-0028112,C.Clay,2017,11
00-0028112,C.Clay,2017,12
00-0028112,C.Clay,2017,13
00-0028112,C.Clay,2017,14
00-0028112,C.Clay,2017,15
00-0028112,C.Clay,2017,16
00-0028112,C.Clay,2017,17
00-0028112,C.Clay,2017,18
00-0028112,C.Clay,2018,1
00-0028112,C.Clay,2018,2
00-0028112,C.Clay,2018,3
00-0028112,C.Clay,2018,4
00-0028112,C.Clay,2018,5
00-0028112,C.Clay,2018,6
00-0028112,C.Clay,2018,7
00-0028112,C.Clay,2018,8
00-0028112,C.Clay,2018,13
00-0028112,C.Clay,2018,14
00-0028112,C.Clay,2018,15
00-0028112,C.Clay,2019,1
00-0028112,C.Clay,2019,2
00-0028112,C.Clay,2019,3
00-0028112,C.Clay,2019,4
00-0028112,C.Clay,2019,5
00-0028112,C.Clay,2019,6
00-0028112,C.Clay,2019,7
00-0028112,C.Clay,2019,8
00-0028112,C.Clay,2019,9
00-0028112,C.Clay,2019,10
00-0028112,C.Clay,2019,11
00-0028112,C.Clay,2019,13
00-0028112,C.Clay,2019,14
00-0028112,C.Clay,2019,15
00-0028112,C.Clay,2019,16
00-0028114,D.Harris,2015,12
00-0028114,D.Harris,2015,13
00-0028114,D.Harris,2015,14
00-0028114,D.Harris,2015,15
00-0028114,D.Harris,2015,16
00-0028114,D.Harris,2016,12
00-0028114,D.Harris,2018,3
00-0028114,D.Harris,2018,6
00-0028114,D.Harris,2018,9
00-0028114,D.Harris,2018,10
00-0028114,D.Harris,2018,13
00-0028114,D.Harris,2019,1
00-0028116,A.Robinson,2016,13
00-0028116,A.Robinson,2016,14
00-0028116,A.Robinson,2016,15
00-0028116,A.Robinson,2016,16
00-0028116,A.Robinson,2016,17
00-0028116,A.Robinson,2016,19
00-0028116,A.Robinson,2016,20
00-0028116,A.Robinson,2017,1
00-0028116,A.Robinson,2017,3
00-0028116,A.Robinson,2017,4
00-0028116,A.Robinson,2017,5
00-0028116,A.Robinson,2017,6
00-0028116,A.Robinson,2017,7
00-0028116,A.Robinson,2017,8
00-0028116,A.Robinson,2017,9
00-0028116,A.Robinson,2017,10
00-0028116,A.Robinson,2017,12
00-0028116,A.Robinson,2017,14
00-0028116,A.Robinson,2017,15
00-0028116,A.Robinson,2017,16
00-0028116,A.Robinson,2017,17
00-0028116,A.Robinson,2018,3
00-0028116,A.Robinson,2018,4
00-0028116,A.Robinson,2018,5
00-0028116,A.Robinson,2018,6
00-0028116,A.Robinson,2018,7
00-0028116,A.Robinson,2018,8
00-0028116,A.Robinson,2018,9
00-0028116,A.Robinson,2018,11
00-0028116,A.Robinson,2018,12
00-0028116,A.Robinson,2018,13
00-0028116,A.Robinson,2018,14
00-0028116,A.Robinson,2018,15
00-0028116,A.Robinson,2018,16
00-0028116,A.Robinson,2018,17
00-0028142,V.Green,2015,14
00-0028142,V.Green,2015,16
00-0028142,V.Green,2015,17
00-0028142,V.Green,2015,19
00-0028142,V.Green,2015,20
00-0028142,V.Green,2016,1
00-0028142,V.Green,2016,2
00-0028142,V.Green,2016,6
00-0028142,V.Green,2016,8
00-0028142,V.Green,2016,9
00-0028142,V.Green,2016,10
00-0028142,V.Green,2016,13
00-0028142,V.Green,2016,14
00-0028142,V.Green,2016,15
00-0028142,V.Green,2016,17
00-0028142,V.Green,2017,1
00-0028142,V.Green,2017,2
00-0028142,V.Green,2017,3
00-0028142,V.Green,2017,6
00-0028142,V.Green,2017,7
00-0028142,V.Green,2017,8
00-0028142,V.Green,2017,11
00-0028142,V.Green,2017,12
00-0028142,V.Green,2017,13
00-0028142,V.Green,2017,15
00-0028142,V.Green,2017,17
00-0028142,V.Green,2018,1
00-0028142,V.Green,2018,2
00-0028142,V.Green,2018,3
00-0028142,V.Green,2018,4
00-0028142,V.Green,2018,5
00-0028142,V.Green,2018,7
00-0028142,V.Green,2018,9
00-0028142,V.Green,2018,10
00-0028142,V.Green,2018,11
00-0028142,V.Green,2018,12
00-0028142,V.Green,2018,15
00-0028142,V.Green,2018,16
00-0028142,V.Green,2018,17
00-0028142,V.Green,2018,18
00-0028142,V.Green,2018,19
00-0028142,V.Green,2019,1
00-0028142,V.Green,2019,2
00-0028142,V.Green,2019,5
00-0028142,V.Green,2019,6
00-0028142,V.Green,2019,7
00-0028142,V.Green,2019,8
00-0028142,V.Green,2019,11
00-0028142,V.Green,2019,13
00-0028142,V.Green,2019,14
00-0028142,V.Green,2019,16
00-0028142,V.Green,2019,17
00-0028142,V.Green,2020,1
00-0028142,V.Green,2020,3
00-0028142,V.Green,2020,5
00-0028142,V.Green,2020,7
00-0028198,M.Asiata,2015,13
00-0028198,M.Asiata,2015,14
00-0028198,M.Asiata,2015,15
00-0028198,M.Asiata,2015,16
00-0028198,M.Asiata,2015,18
00-0028198,M.Asiata,2016,2
00-0028198,M.Asiata,2016,3
00-0028198,M.Asiata,2016,4
00-0028198,M.Asiata,2016,5
00-0028198,M.Asiata,2016,7
00-0028198,M.Asiata,2016,8
00-0028198,M.Asiata,2016,9
00-0028198,M.Asiata,2016,10
00-0028198,M.Asiata,2016,11
00-0028198,M.Asiata,2016,12
00-0028198,M.Asiata,2016,13
00-0028198,M.Asiata,2016,14
00-0028198,M.Asiata,2016,15
00-0028198,M.Asiata,2016,16
00-0028198,M.Asiata,2016,17
00-0028202,S.Draughn,2015,15
00-0028202,S.Draughn,2016,1
00-0028202,S.Draughn,2016,2
00-0028202,S.Draughn,2016,3
00-0028202,S.Draughn,2016,4
00-0028202,S.Draughn,2016,6
00-0028202,S.Draughn,2016,7
00-0028202,S.Draughn,2016,11
00-0028202,S.Draughn,2016,12
00-0028202,S.Draughn,2016,13
00-0028202,S.Draughn,2016,14
00-0028202,S.Draughn,2016,16
00-0028202,S.Draughn,2016,17
00-0028237,C.Hogan,2015,13
00-0028237,C.Hogan,2015,14
00-0028237,C.Hogan,2015,15
00-0028237,C.Hogan,2015,16
00-0028237,C.Hogan,2015,17
00-0028237,C.Hogan,2016,1
00-0028237,C.Hogan,2016,2
00-0028237,C.Hogan,2016,3
00-0028237,C.Hogan,2016,4
00-0028237,C.Hogan,2016,5
00-0028237,C.Hogan,2016,6
00-0028237,C.Hogan,2016,7
00-0028237,C.Hogan,2016,8
00-0028237,C.Hogan,2016,10
00-0028237,C.Hogan,2016,12
00-0028237,C.Hogan,2016,13
00-0028237,C.Hogan,2016,14
00-0028237,C.Hogan,2016,15
00-0028237,C.Hogan,2016,16
00-0028237,C.Hogan,2016,17
00-0028237,C.Hogan,2016,19
00-0028237,C.Hogan,2016,20
00-0028237,C.Hogan,2016,21
00-0028237,C.Hogan,2017,1
00-0028237,C.Hogan,2017,2
00-0028237,C.Hogan,2017,3
00-0028237,C.Hogan,2017,4
00-0028237,C.Hogan,2017,5
00-0028237,C.Hogan,2017,6
00-0028237,C.Hogan,2017,7
00-0028237,C.Hogan,2017,8
00-0028237,C.Hogan,2017,14
00-0028237,C.Hogan,2017,19
00-0028237,C.Hogan,2017,20
00-0028237,C.Hogan,2017,21
00-0028237,C.Hogan,2018,1
00-0028237,C.Hogan,2018,2
00-0028237,C.Hogan,2018,3
00-0028237,C.Hogan,2018,4
00-0028237,C.Hogan,2018,5
00-0028237,C.Hogan,2018,6
00-0028237,C.Hogan,2018,7
00-0028237,C.Hogan,2018,8
00-0028237,C.Hogan,2018,9
00-0028237,C.Hogan,2018,10
00-0028237,C.Hogan,2018,12
00-0028237,C.Hogan,2018,13
00-0028237,C.Hogan,2018,14
00-0028237,C.Hogan,2018,15
00-0028237,C.Hogan,2018,17
00-0028237,C.Hogan,2018,19
00-0028237,C.Hogan,2018,20
00-0028237,C.Hogan,2018,21
00-0028237,C.Hogan,2019,1
00-0028237,C.Hogan,2019,2
00-0028237,C.Hogan,2019,3
00-0028237,C.Hogan,2019,4
00-0028237,C.Hogan,2019,15
00-0028237,C.Hogan,2019,16
00-0028237,C.Hogan,2019,17
00-0028237,C.Hogan,2020,1
00-0028237,C.Hogan,2020,2
00-0028237,C.Hogan,2020,3
00-0028237,C.Hogan,2020,4
00-0028237,C.Hogan,2020,5
00-0028237,C.Hogan,2021,1
00-0028237,C.Hogan,2021,2
00-0028237,C.Hogan,2021,3
00-0028237,C.Hogan,2021,4
00-0028237,C.Hogan,2021,5
00-0028263,A.Holmes,2015,11
00-0028263,A.Holmes,2015,12
00-0028263,A.Holmes,2015,13
00-0028263,A.Holmes,2015,15
00-0028263,A.Holmes,2015,16
00-0028263,A.Holmes,2016,1
00-0028263,A.Holmes,2016,2
00-0028263,A.Holmes,2016,3
00-0028263,A.Holmes,2016,5
00-0028263,A.Holmes,2016,6
00-0028263,A.Holmes,2016,7
00-0028263,A.Holmes,2016,8
00-0028263,A.Holmes,2016,9
00-0028263,A.Holmes,2016,12
00-0028263,A.Holmes,2016,13
00-0028263,A.Holmes,2016,14
00-0028263,A.Holmes,2016,15
00-0028263,A.Holmes,2016,16
00-0028263,A.Holmes,2016,17
00-0028263,A.Holmes,2016,18
00-0028263,A.Holmes,2017,1
00-0028263,A.Holmes,2017,2
00-0028263,A.Holmes,2017,3
00-0028263,A.Holmes,2017,4
00-0028263,A.Holmes,2017,5
00-0028263,A.Holmes,2017,7
00-0028263,A.Holmes,2017,8
00-0028263,A.Holmes,2017,9
00-0028263,A.Holmes,2017,11
00-0028263,A.Holmes,2017,13
00-0028263,A.Holmes,2018,1
00-0028263,A.Holmes,2018,2
00-0028263,A.Holmes,2018,3
00-0028263,A.Holmes,2018,4
00-0028263,A.Holmes,2018,5
00-0028263,A.Holmes,2018,6
00-0028263,A.Holmes,2018,7
00-0028263,A.Holmes,2018,8
00-0028263,A.Holmes,2018,9
00-0028263,A.Holmes,2018,10
00-0028263,A.Holmes,2018,15
00-0028411,D.Inman,2015,13
00-0028411,D.Inman,2015,15
00-0028411,D.Inman,2015,16
00-0028411,D.Inman,2015,17
00-0028411,D.Inman,2016,1
00-0028411,D.Inman,2016,2
00-0028411,D.Inman,2016,3
00-0028411,D.Inman,2016,4
00-0028411,D.Inman,2016,5
00-0028411,D.Inman,2016,6
00-0028411,D.Inman,2016,7
00-0028411,D.Inman,2016,8
00-0028411,D.Inman,2016,9
00-0028411,D.Inman,2016,10
00-0028411,D.Inman,2016,12
00-0028411,D.Inman,2016,13
00-0028411,D.Inman,2016,14
00-0028411,D.Inman,2016,15
00-0028411,D.Inman,2016,16
00-0028411,D.Inman,2016,17
00-0028411,D.Inman,2017,2
00-0028411,D.Inman,2017,3
00-0028411,D.Inman,2017,4
00-0028411,D.Inman,2017,10
00-0028411,D.Inman,2017,11
00-0028411,D.Inman,2017,12
00-0028411,D.Inman,2017,13
00-0028411,D.Inman,2017,15
00-0028411,D.Inman,2017,16
00-0028411,D.Inman,2017,17
00-0028411,D.Inman,2018,8
00-0028411,D.Inman,2018,10
00-0028411,D.Inman,2018,11
00-0028411,D.Inman,2018,12
00-0028411,D.Inman,2018,13
00-0028411,D.Inman,2018,15
00-0028411,D.Inman,2018,16
00-0028411,D.Inman,2018,17
00-0028411,D.Inman,2018,18
00-0028411,D.Inman,2018,19
00-0028411,D.Inman,2019,1
00-0028411,D.Inman,2019,2
00-0028411,D.Inman,2019,3
00-0028411,D.Inman,2019,4
00-0028411,D.Inman,2019,15
00-0028411,D.Inman,2019,16
00-0028411,D.Inman,2019,17
00-0028411,D.Inman,2020,1
00-0028411,D.Inman,2020,2
00-0028411,D.Inman,2020,3
00-0028411,D.Inman,2020,4
00-0028411,D.Inman,2020,5
00-0028411,D.Inman,2020,6
00-0028411,D.Inman,2020,12
00-0028434,D.Baldwin,2015,10
00-0028434,D.Baldwin,2015,11
00-0028434,D.Baldwin,2015,12
00-0028434,D.Baldwin,2015,13
00-0028434,D.Baldwin,2015,14
00-0028434,D.Baldwin,2015,15
00-0028434,D.Baldwin,2015,16
00-0028434,D.Baldwin,2015,17
00-0028434,D.Baldwin,2015,18
00-0028434,D.Baldwin,2015,19
00-0028434,D.Baldwin,2016,1
00-0028434,D.Baldwin,2016,2
00-0028434,D.Baldwin,2016,3
00-0028434,D.Baldwin,2016,4
00-0028434,D.Baldwin,2016,6
00-0028434,D.Baldwin,2016,7
00-0028434,D.Baldwin,2016,8
00-0028434,D.Baldwin,2016,9
00-0028434,D.Baldwin,2016,10
00-0028434,D.Baldwin,2016,11
00-0028434,D.Baldwin,2016,12
00-0028434,D.Baldwin,2016,13
00-0028434,D.Baldwin,2016,14
00-0028434,D.Baldwin,2016,15
00-0028434,D.Baldwin,2016,16
00-0028434,D.Baldwin,2016,17
00-0028434,D.Baldwin,2016,18
00-0028434,D.Baldwin,2016,19
00-0028434,D.Baldwin,2017,1
00-0028434,D.Baldwin,2017,2
00-0028434,D.Baldwin,2017,3
00-0028434,D.Baldwin,2017,4
00-0028434,D.Baldwin,2017,5
00-0028434,D.Baldwin,2017,7
00-0028434,D.Baldwin,2017,8
00-0028434,D.Baldwin,2017,9
00-0028434,D.Baldwin,2017,10
00-0028434,D.Baldwin,2017,11
00-0028434,D.Baldwin,2017,12
00-0028434,D.Baldwin,2017,13
00-0028434,D.Baldwin,2017,14
00-0028434,D.Baldwin,2017,15
00-0028434,D.Baldwin,2017,16
00-0028434,D.Baldwin,2017,17
00-0028434,D.Baldwin,2018,1
00-0028434,D.Baldwin,2018,4
00-0028434,D.Baldwin,2018,5
00-0028434,D.Baldwin,2018,6
00-0028434,D.Baldwin,2018,8
00-0028434,D.Baldwin,2018,9
00-0028434,D.Baldwin,2018,10
00-0028434,D.Baldwin,2018,11
00-0028434,D.Baldwin,2018,12
00-0028434,D.Baldwin,2018,13
00-0028434,D.Baldwin,2018,15
00-0028434,D.Baldwin,2018,16
00-0028434,D.Baldwin,2018,17
00-0028434,D.Baldwin,2018,18
00-0028497,K.Aiken,2015,10
00-0028497,K.Aiken,2015,11
00-0028497,K.Aiken,2015,12
00-0028497,K.Aiken,2015,13
00-0028497,K.Aiken,2015,14
00-0028497,K.Aiken,2015,15
00-0028497,K.Aiken,2015,16
00-0028497,K.Aiken,2015,17
00-0028497,K.Aiken,2016,1
00-0028497,K.Aiken,2016,2
00-0028497,K.Aiken,2016,3
00-0028497,K.Aiken,2016,4
00-0028497,K.Aiken,2016,5
00-0028497,K.Aiken,2016,6
00-0028497,K.Aiken,2016,7
00-0028497,K.Aiken,2016,9
00-0028497,K.Aiken,2016,10
00-0028497,K.Aiken,2016,11
00-0028497,K.Aiken,2016,12
00-0028497,K.Aiken,2016,13
00-0028497,K.Aiken,2016,14
00-0028497,K.Aiken,2016,15
00-0028497,K.Aiken,2016,16
00-0028497,K.Aiken,2016,17
00-0028497,K.Aiken,2017,1
00-0028497,K.Aiken,2017,2
00-0028497,K.Aiken,2017,3
00-0028497,K.Aiken,2017,4
00-0028497,K.Aiken,2017,5
00-0028497,K.Aiken,2017,6
00-0028497,K.Aiken,2017,7
00-0028497,K.Aiken,2017,8
00-0028497,K.Aiken,2017,9
00-0028497,K.Aiken,2017,13
00-0028497,K.Aiken,2017,15
00-0028497,K.Aiken,2017,16
00-0028497,K.Aiken,2017,17
00-0028497,K.Aiken,2018,2
00-0028497,K.Aiken,2018,4
00-0028581,P.DiMarco,2015,17
00-0028581,P.DiMarco,2016,1
00-0028581,P.DiMarco,2016,4
00-0028581,P.DiMarco,2016,5
00-0028581,P.DiMarco,2016,6
00-0028581,P.DiMarco,2016,7
00-0028581,P.DiMarco,2016,9
00-0028581,P.DiMarco,2016,12
00-0028581,P.DiMarco,2016,14
00-0028581,P.DiMarco,2016,16
00-0028581,P.DiMarco,2016,19
00-0028581,P.DiMarco,2016,20
00-0028581,P.DiMarco,2016,21
00-0028581,P.DiMarco,2017,1
00-0028581,P.DiMarco,2017,2
00-0028581,P.DiMarco,2017,10
00-0028581,P.DiMarco,2017,11
00-0028581,P.DiMarco,2017,15
00-0028581,P.DiMarco,2017,16
00-0028581,P.DiMarco,2017,17
00-0028581,P.DiMarco,2017,18
00-0028581,P.DiMarco,2018,2
00-0028581,P.DiMarco,2018,8
00-0028581,P.DiMarco,2018,13
00-0028581,P.DiMarco,2018,14
00-0028581,P.DiMarco,2019,1
00-0028581,P.DiMarco,2019,2
00-0028581,P.DiMarco,2019,7
00-0028581,P.DiMarco,2019,8
00-0028581,P.DiMarco,2019,10
00-0028581,P.DiMarco,2019,15
00-0028581,P.DiMarco,2019,18
00-0028825,T.Pryor Sr.,2016,7
00-0028825,T.Pryor Sr.,2016,8
00-0028825,T.Pryor Sr.,2016,9
00-0028825,T.Pryor Sr.,2016,10
00-0028825,T.Pryor Sr.,2016,11
00-0028825,T.Pryor Sr.,2016,12
00-0028825,T.Pryor Sr.,2016,14
00-0028825,T.Pryor Sr.,2016,15
00-0028825,T.Pryor Sr.,2016,16
00-0028825,T.Pryor Sr.,2016,17
00-0028825,T.Pryor,2017,1
00-0028825,T.Pryor,2017,2
00-0028825,T.Pryor,2017,3
00-0028825,T.Pryor,2017,4
00-0028825,T.Pryor,2017,6
00-0028825,T.Pryor,2017,7
00-0028825,T.Pryor,2017,8
00-0028825,T.Pryor,2017,9
00-0028825,T.Pryor,2018,1
00-0028825,T.Pryor,2018,2
00-0028825,T.Pryor,2018,3
00-0028825,T.Pryor,2018,4
00-0028825,T.Pryor,2018,5
00-0028825,T.Pryor,2018,6
00-0028825,T.Pryor,2018,9
00-0028825,T.Pryor,2018,10
00-0028903,G.Celek,2015,9
00-0028903,G.Celek,2015,11
00-0028903,G.Celek,2016,1
00-0028903,G.Celek,2016,2
00-0028903,G.Celek,2016,3
00-0028903,G.Celek,2016,4
00-0028903,G.Celek,2016,5
00-0028903,G.Celek,2016,7
00-0028903,G.Celek,2016,9
00-0028903,G.Celek,2016,11
00-0028903,G.Celek,2016,12
00-0028903,G.Celek,2016,14
00-0028903,G.Celek,2016,15
00-0028903,G.Celek,2016,16
00-0028903,G.Celek,2016,17
00-0028903,G.Celek,2017,2
00-0028903,G.Celek,2017,3
00-0028903,G.Celek,2017,5
00-0028903,G.Celek,2017,6
00-0028903,G.Celek,2017,7
00-0028903,G.Celek,2017,8
00-0028903,G.Celek,2017,9
00-0028903,G.Celek,2017,10
00-0028903,G.Celek,2017,12
00-0028903,G.Celek,2017,13
00-0028903,G.Celek,2017,14
00-0028903,G.Celek,2017,15
00-0028903,G.Celek,2017,17
00-0028903,G.Celek,2018,2
00-0028903,G.Celek,2018,3
00-0028903,G.Celek,2018,4
00-0028903,G.Celek,2018,7
00-0028903,G.Celek,2018,14
00-0028903,G.Celek,2018,15
00-0029000,C.Beasley,2015,10
00-0029000,C.Beasley,2015,11
00-0029000,C.Beasley,2015,12
00-0029000,C.Beasley,2015,13
00-0029000,C.Beasley,2015,14
00-0029000,C.Beasley,2015,15
00-0029000,C.Beasley,2015,16
00-0029000,C.Beasley,2015,17
00-0029000,C.Beasley,2016,1
00-0029000,C.Beasley,2016,2
00-0029000,C.Beasley,2016,3
00-0029000,C.Beasley,2016,4
00-0029000,C.Beasley,2016,5
00-0029000,C.Beasley,2016,6
00-0029000,C.Beasley,2016,8
00-0029000,C.Beasley,2016,9
00-0029000,C.Beasley,2016,10
00-0029000,C.Beasley,2016,11
00-0029000,C.Beasley,2016,12
00-0029000,C.Beasley,2016,13
00-0029000,C.Beasley,2016,14
00-0029000,C.Beasley,2016,15
00-0029000,C.Beasley,2016,16
00-0029000,C.Beasley,2016,17
00-0029000,C.Beasley,2016,19
00-0029000,C.Beasley,2017,1
00-0029000,C.Beasley,2017,2
00-0029000,C.Beasley,2017,3
00-0029000,C.Beasley,2017,4
00-0029000,C.Beasley,2017,5
00-0029000,C.Beasley,2017,7
00-0029000,C.Beasley,2017,8
00-0029000,C.Beasley,2017,9
00-0029000,C.Beasley,2017,10
00-0029000,C.Beasley,2017,11
00-0029000,C.Beasley,2017,12
00-0029000,C.Beasley,2017,13
00-0029000,C.Beasley,2017,14
00-0029000,C.Beasley,2017,15
00-0029000,C.Beasley,2017,16
00-0029000,C.Beasley,2018,1
00-0029000,C.Beasley,2018,2
00-0029000,C.Beasley,2018,3
00-0029000,C.Beasley,2018,4
00-0029000,C.Beasley,2018,5
00-0029000,C.Beasley,2018,6
00-0029000,C.Beasley,2018,7
00-0029000,C.Beasley,2018,9
00-0029000,C.Beasley,2018,10
00-0029000,C.Beasley,2018,11
00-0029000,C.Beasley,2018,12
00-0029000,C.Beasley,2018,13
00-0029000,C.Beasley,2018,14
00-0029000,C.Beasley,2018,15
00-0029000,C.Beasley,2018,16
00-0029000,C.Beasley,2018,17
00-0029000,C.Beasley,2018,18
00-0029000,C.Beasley,2018,19
00-0029000,C.Beasley,2019,1
00-0029000,C.Beasley,2019,2
00-0029000,C.Beasley,2019,3
00-0029000,C.Beasley,2019,4
00-0029000,C.Beasley,2019,5
00-0029000,C.Beasley,2019,7
00-0029000,C.Beasley,2019,8
00-0029000,C.Beasley,2019,9
00-0029000,C.Beasley,2019,10
00-0029000,C.Beasley,2019,11
00-0029000,C.Beasley,2019,12
00-0029000,C.Beasley,2019,13
00-0029000,C.Beasley,2019,14
00-0029000,C.Beasley,2019,15
00-0029000,C.Beasley,2019,16
00-0029000,C.Beasley,2019,18
00-0029000,C.Beasley,2020,1
00-0029000,C.Beasley,2020,2
00-0029000,C.Beasley,2020,3
00-0029000,C.Beasley,2020,4
00-0029000,C.Beasley,2020,5
00-0029000,C.Beasley,2020,6
00-0029000,C.Beasley,2020,7
00-0029000,C.Beasley,2020,8
00-0029000,C.Beasley,2020,9
00-0029000,C.Beasley,2020,10
00-0029000,C.Beasley,2020,12
00-0029000,C.Beasley,2020,13
00-0029000,C.Beasley,2020,14
00-0029000,C.Beasley,2020,15
00-0029000,C.Beasley,2020,16
00-0029000,C.Beasley,2020,18
00-0029000,C.Beasley,2020,19
00-0029000,C.Beasley,2020,20
00-0029000,C.Beasley,2021,1
00-0029000,C.Beasley,2021,2
00-0029000,C.Beasley,2021,3
00-0029000,C.Beasley,2021,4
00-0029000,C.Beasley,2021,5
00-0029000,C.Beasley,2021,6
00-0029000,C.Beasley,2021,8
00-0029000,C.Beasley,2021,9
00-0029000,C.Beasley,2021,10
00-0029000,C.Beasley,2021,11
00-0029000,C.Beasley,2021,12
00-0029000,C.Beasley,2021,13
00-0029000,C.Beasley,2021,14
00-0029000,C.Beasley,2021,15
00-0029000,C.Beasley,2021,17
00-0029000,C.Beasley,2021,18
00-0029000,C.Beasley,2021,19
00-0029000,C.Beasley,2021,20
00-0029000,C.Beasley,2022,3
00-0029000,C.Beasley,2022,4
00-0029000,C.Beasley,2022,15
00-0029000,C.Beasley,2022,16
00-0029000,C.Beasley,2022,19
00-0029000,C.Beasley,2022,20
00-0029119,D.Carrier,2015,11
00-0029119,D.Carrier,2015,12
00-0029119,D.Carrier,2015,14
00-0029119,D.Carrier,2016,12
00-0029119,D.Carrier,2016,13
00-0029119,D.Carrier,2017,1
00-0029119,D.Carrier,2017,2
00-0029119,D.Carrier,2017,3
00-0029119,D.Carrier,2017,7
00-0029119,D.Carrier,2017,9
00-0029119,D.Carrier,2017,13
00-0029119,D.Carrier,2017,15
00-0029119,D.Carrier,2017,17
00-0029119,D.Carrier,2018,1
00-0029119,D.Carrier,2018,2
00-0029119,D.Carrier,2018,5
00-0029119,D.Carrier,2018,9
00-0029119,D.Carrier,2018,10
00-0029119,D.Carrier,2018,14
00-0029119,D.Carrier,2019,2
00-0029119,D.Carrier,2019,5
00-0029119,D.Carrier,2019,7
00-0029119,D.Carrier,2019,12
00-0029119,D.Carrier,2019,13
00-0029119,D.Carrier,2019,15
00-0029119,D.Carrier,2019,16
00-0029119,D.Carrier,2019,17
00-0029119,D.Carrier,2020,11
00-0029119,D.Carrier,2021,2
00-0029137,A.Jeffery,2015,15
00-0029137,A.Jeffery,2016,1
00-0029137,A.Jeffery,2016,2
00-0029137,A.Jeffery,2016,3
00-0029137,A.Jeffery,2016,4
00-0029137,A.Jeffery,2016,5
00-0029137,A.Jeffery,2016,6
00-0029137,A.Jeffery,2016,7
00-0029137,A.Jeffery,2016,8
00-0029137,A.Jeffery,2016,10
00-0029137,A.Jeffery,2016,15
00-0029137,A.Jeffery,2016,16
00-0029137,A.Jeffery,2016,17
00-0029137,A.Jeffery,2017,1
00-0029137,A.Jeffery,2017,2
00-0029137,A.Jeffery,2017,3
00-0029137,A.Jeffery,2017,4
00-0029137,A.Jeffery,2017,5
00-0029137,A.Jeffery,2017,6
00-0029137,A.Jeffery,2017,7
00-0029137,A.Jeffery,2017,8
00-0029137,A.Jeffery,2017,9
00-0029137,A.Jeffery,2017,11
00-0029137,A.Jeffery,2017,12
00-0029137,A.Jeffery,2017,13
00-0029137,A.Jeffery,2017,14
00-0029137,A.Jeffery,2017,15
00-0029137,A.Jeffery,2017,16
00-0029137,A.Jeffery,2017,17
00-0029137,A.Jeffery,2017,19
00-0029137,A.Jeffery,2017,20
00-0029137,A.Jeffery,2017,21
00-0029137,A.Jeffery,2018,4
00-0029137,A.Jeffery,2018,5
00-0029137,A.Jeffery,2018,6
00-0029137,A.Jeffery,2018,7
00-0029137,A.Jeffery,2018,8
00-0029137,A.Jeffery,2018,10
00-0029137,A.Jeffery,2018,11
00-0029137,A.Jeffery,2018,12
00-0029137,A.Jeffery,2018,13
00-0029137,A.Jeffery,2018,14
00-0029137,A.Jeffery,2018,15
00-0029137,A.Jeffery,2018,16
00-0029137,A.Jeffery,2018,17
00-0029137,A.Jeffery,2018,18
00-0029137,A.Jeffery,2018,19
00-0029137,A.Jeffery,2019,1
00-0029137,A.Jeffery,2019,4
00-0029137,A.Jeffery,2019,5
00-0029137,A.Jeffery,2019,6
00-0029137,A.Jeffery,2019,7
00-0029137,A.Jeffery,2019,8
00-0029137,A.Jeffery,2019,9
00-0029137,A.Jeffery,2019,13
00-0029137,A.Jeffery,2019,14
00-0029137,A.Jeffery,2020,10
00-0029137,A.Jeffery,2020,11
00-0029137,A.Jeffery,2020,12
00-0029137,A.Jeffery,2020,13
00-0029137,A.Jeffery,2020,14
00-0029137,A.Jeffery,2020,15
00-0029137,A.Jeffery,2020,16
00-0029141,A.Morris,2016,1
00-0029141,A.Morris,2016,3
00-0029141,A.Morris,2016,5
00-0029141,A.Morris,2016,10
00-0029141,A.Morris,2016,17
00-0029141,A.Morris,2017,5
00-0029141,A.Morris,2017,7
00-0029141,A.Morris,2017,12
00-0029141,A.Morris,2017,13
00-0029141,A.Morris,2017,14
00-0029141,A.Morris,2017,15
00-0029141,A.Morris,2018,2
00-0029141,A.Morris,2018,4
00-0029141,A.Morris,2018,5
00-0029141,A.Morris,2018,7
00-0029141,A.Morris,2018,10
00-0029141,A.Morris,2018,14
00-0029141,A.Morris,2018,17
00-0029141,A.Morris,2020,9
00-0029141,A.Morris,2020,13
00-0029141,A.Morris,2020,16
00-0029141,A.Morris,2020,17
00-0029159,J.Kearse,2015,10
00-0029159,J.Kearse,2015,11
00-0029159,J.Kearse,2015,12
00-0029159,J.Kearse,2015,13
00-0029159,J.Kearse,2015,14
00-0029159,J.Kearse,2015,15
00-0029159,J.Kearse,2015,16
00-0029159,J.Kearse,2015,17
00-0029159,J.Kearse,2015,18
00-0029159,J.Kearse,2015,19
00-0029159,J.Kearse,2016,1
00-0029159,J.Kearse,2016,2
00-0029159,J.Kearse,2016,3
00-0029159,J.Kearse,2016,4
00-0029159,J.Kearse,2016,6
00-0029159,J.Kearse,2016,7
00-0029159,J.Kearse,2016,8
00-0029159,J.Kearse,2016,9
00-0029159,J.Kearse,2016,10
00-0029159,J.Kearse,2016,11
00-0029159,J.Kearse,2016,12
00-0029159,J.Kearse,2016,13
00-0029159,J.Kearse,2016,14
00-0029159,J.Kearse,2016,15
00-0029159,J.Kearse,2016,16
00-0029159,J.Kearse,2016,17
00-0029159,J.Kearse,2016,18
00-0029159,J.Kearse,2016,19
00-0029159,J.Kearse,2017,1
00-0029159,J.Kearse,2017,2
00-0029159,J.Kearse,2017,3
00-0029159,J.Kearse,2017,4
00-0029159,J.Kearse,2017,5
00-0029159,J.Kearse,2017,6
00-0029159,J.Kearse,2017,7
00-0029159,J.Kearse,2017,8
00-0029159,J.Kearse,2017,9
00-0029159,J.Kearse,2017,10
00-0029159,J.Kearse,2017,12
00-0029159,J.Kearse,2017,13
00-0029159,J.Kearse,2017,14
00-0029159,J.Kearse,2017,15
00-0029159,J.Kearse,2017,16
00-0029159,J.Kearse,2017,17
00-0029159,J.Kearse,2018,2
00-0029159,J.Kearse,2018,3
00-0029159,J.Kearse,2018,4
00-0029159,J.Kearse,2018,5
00-0029159,J.Kearse,2018,6
00-0029159,J.Kearse,2018,7
00-0029159,J.Kearse,2018,8
00-0029159,J.Kearse,2018,9
00-0029159,J.Kearse,2018,10
00-0029159,J.Kearse,2018,12
00-0029159,J.Kearse,2018,14
00-0029159,J.Kearse,2018,15
00-0029159,J.Kearse,2018,16
00-0029205,T.Cadet,2016,3
00-0029205,T.Cadet,2016,6
00-0029205,T.Cadet,2016,7
00-0029205,T.Cadet,2016,8
00-0029205,T.Cadet,2016,9
00-0029205,T.Cadet,2016,10
00-0029205,T.Cadet,2016,13
00-0029205,T.Cadet,2016,14
00-0029205,T.Cadet,2016,15
00-0029205,T.Cadet,2016,16
00-0029205,T.Cadet,2016,17
00-0029205,T.Cadet,2017,6
00-0029205,T.Cadet,2017,11
00-0029205,T.Cadet,2017,12
00-0029205,T.Cadet,2017,13
00-0029205,T.Cadet,2017,15
00-0029205,T.Cadet,2017,16
00-0029205,T.Cadet,2018,17
00-0029239,B.Bolden,2015,16
00-0029239,B.Bolden,2015,17
00-0029239,B.Bolden,2015,19
00-0029239,B.Bolden,2015,20
00-0029239,B.Bolden,2016,4
00-0029239,B.Bolden,2016,7
00-0029239,B.Bolden,2017,17
00-0029239,B.Bolden,2018,14
00-0029239,B.Bolden,2018,16
00-0029239,B.Bolden,2018,17
00-0029239,B.Bolden,2019,3
00-0029239,B.Bolden,2019,5
00-0029239,B.Bolden,2019,6
00-0029239,B.Bolden,2019,7
00-0029239,B.Bolden,2019,8
00-0029239,B.Bolden,2021,3
00-0029239,B.Bolden,2021,4
00-0029239,B.Bolden,2021,5
00-0029239,B.Bolden,2021,6
00-0029239,B.Bolden,2021,7
00-0029239,B.Bolden,2021,9
00-0029239,B.Bolden,2021,10
00-0029239,B.Bolden,2021,11
00-0029239,B.Bolden,2021,12
00-0029239,B.Bolden,2021,13
00-0029239,B.Bolden,2021,15
00-0029239,B.Bolden,2021,16
00-0029239,B.Bolden,2021,17
00-0029239,B.Bolden,2021,18
00-0029239,B.Bolden,2021,19
00-0029239,B.Bolden,2022,1
00-0029239,B.Bolden,2022,3
00-0029239,B.Bolden,2022,4
00-0029239,B.Bolden,2022,5
00-0029239,B.Bolden,2022,11
00-0029262,R.Randle,2015,9
00-0029262,R.Randle,2015,10
00-0029262,R.Randle,2015,12
00-0029262,R.Randle,2015,13
00-0029262,R.Randle,2015,14
00-0029262,R.Randle,2015,15
00-0029262,R.Randle,2015,16
00-0029262,R.Randle,2015,17
00-0029269,T.Benjamin,2015,9
00-0029269,T.Benjamin,2015,10
00-0029269,T.Benjamin,2015,12
00-0029269,T.Benjamin,2015,13
00-0029269,T.Benjamin,2015,14
00-0029269,T.Benjamin,2015,15
00-0029269,T.Benjamin,2015,16
00-0029269,T.Benjamin,2015,17
00-0029269,T.Benjamin,2016,1
00-0029269,T.Benjamin,2016,2
00-0029269,T.Benjamin,2016,3
00-0029269,T.Benjamin,2016,4
00-0029269,T.Benjamin,2016,5
00-0029269,T.Benjamin,2016,6
00-0029269,T.Benjamin,2016,7
00-0029269,T.Benjamin,2016,8
00-0029269,T.Benjamin,2016,9
00-0029269,T.Benjamin,2016,12
00-0029269,T.Benjamin,2016,13
00-0029269,T.Benjamin,2016,14
00-0029269,T.Benjamin,2016,15
00-0029269,T.Benjamin,2016,16
00-0029269,T.Benjamin,2017,1
00-0029269,T.Benjamin,2017,2
00-0029269,T.Benjamin,2017,3
00-0029269,T.Benjamin,2017,4
00-0029269,T.Benjamin,2017,5
00-0029269,T.Benjamin,2017,6
00-0029269,T.Benjamin,2017,7
00-0029269,T.Benjamin,2017,8
00-0029269,T.Benjamin,2017,10
00-0029269,T.Benjamin,2017,11
00-0029269,T.Benjamin,2017,12
00-0029269,T.Benjamin,2017,13
00-0029269,T.Benjamin,2017,14
00-0029269,T.Benjamin,2017,15
00-0029269,T.Benjamin,2017,16
00-0029269,T.Benjamin,2017,17
00-0029269,T.Benjamin,2018,1
00-0029269,T.Benjamin,2018,4
00-0029269,T.Benjamin,2018,7
00-0029269,T.Benjamin,2018,9
00-0029269,T.Benjamin,2018,11
00-0029269,T.Benjamin,2018,12
00-0029269,T.Benjamin,2018,13
00-0029269,T.Benjamin,2018,14
00-0029269,T.Benjamin,2018,15
00-0029269,T.Benjamin,2018,16
00-0029269,T.Benjamin,2018,17
00-0029269,T.Benjamin,2018,18
00-0029269,T.Benjamin,2018,19
00-0029269,T.Benjamin,2019,1
00-0029269,T.Benjamin,2019,2
00-0029269,T.Benjamin,2019,3
00-0029269,T.Benjamin,2019,5
00-0029269,T.Benjamin,2019,6
00-0029269,T.Benjamin,2021,5
00-0029269,T.Benjamin,2021,14
00-0029269,T.Benjamin,2021,18
00-0029269,T.Benjamin,2021,19
00-0029269,T.Benjamin,2021,21
00-0029273,R.Turbin,2016,2
00-0029273,R.Turbin,2016,4
00-0029273,R.Turbin,2016,6
00-0029273,R.Turbin,2016,7
00-0029273,R.Turbin,2016,8
00-0029273,R.Turbin,2016,9
00-0029273,R.Turbin,2016,12
00-0029273,R.Turbin,2016,14
00-0029273,R.Turbin,2016,15
00-0029273,R.Turbin,2016,16
00-0029273,R.Turbin,2016,17
00-0029273,R.Turbin,2017,1
00-0029273,R.Turbin,2017,2
00-0029273,R.Turbin,2017,3
00-0029273,R.Turbin,2017,5
00-0029273,R.Turbin,2017,6
00-0029273,R.Turbin,2018,5
00-0029273,R.Turbin,2018,6
00-0029275,L.Green,2015,12
00-0029275,L.Green,2015,13
00-0029275,L.Green,2015,14
00-0029275,L.Green,2015,15
00-0029275,L.Green,2015,16
00-0029275,L.Green,2016,10
00-0029275,L.Green,2016,11
00-0029275,L.Green,2016,12
00-0029275,L.Green,2016,13
00-0029275,L.Green,2016,14
00-0029275,L.Green,2016,15
00-0029293,M.Jones,2015,10
00-0029293,M.Jones,2015,11
00-0029293,M.Jones,2015,12
00-0029293,M.Jones,2015,13
00-0029293,M.Jones,2015,14
00-0029293,M.Jones,2015,15
00-0029293,M.Jones,2015,16
00-0029293,M.Jones,2015,17
00-0029293,M.Jones,2015,18
00-0029293,M.Jones,2016,1
00-0029293,M.Jones,2016,2
00-0029293,M.Jones,2016,3
00-0029293,M.Jones,2016,4
00-0029293,M.Jones,2016,5
00-0029293,M.Jones,2016,6
00-0029293,M.Jones,2016,7
00-0029293,M.Jones,2016,8
00-0029293,M.Jones,2016,9
00-0029293,M.Jones,2016,11
00-0029293,M.Jones,2016,12
00-0029293,M.Jones,2016,14
00-0029293,M.Jones,2016,15
00-0029293,M.Jones,2016,16
00-0029293,M.Jones,2016,17
00-0029293,M.Jones,2016,18
00-0029293,M.Jones,2017,1
00-0029293,M.Jones,2017,2
00-0029293,M.Jones,2017,3
00-0029293,M.Jones,2017,4
00-0029293,M.Jones,2017,5
00-0029293,M.Jones,2017,6
00-0029293,M.Jones,2017,8
00-0029293,M.Jones,2017,9
00-0029293,M.Jones,2017,10
00-0029293,M.Jones,2017,11
00-0029293,M.Jones,2017,12
00-0029293,M.Jones,2017,13
00-0029293,M.Jones,2017,14
00-0029293,M.Jones,2017,15
00-0029293,M.Jones Jr.,2017,16
00-0029293,M.Jones Jr.,2017,17
00-0029293,M.Jones,2018,1
00-0029293,M.Jones,2018,2
00-0029293,M.Jones,2018,3
00-0029293,M.Jones,2018,4
00-0029293,M.Jones,2018,5
00-0029293,M.Jones,2018,7
00-0029293,M.Jones,2018,8
00-0029293,M.Jones,2018,9
00-0029293,M.Jones,2018,10
00-0029293,M.Jones,2019,1
00-0029293,M.Jones,2019,2
00-0029293,M.Jones,2019,3
00-0029293,M.Jones,2019,4
00-0029293,M.Jones,2019,6
00-0029293,M.Jones,2019,7
00-0029293,M.Jones,2019,8
00-0029293,M.Jones,2019,9
00-0029293,M.Jones,2019,10
00-0029293,M.Jones,2019,11
00-0029293,M.Jones,2019,12
00-0029293,M.Jones Jr.,2019,12
00-0029293,M.Jones Jr.,2019,13
00-0029293,M.Jones Jr.,2019,14
00-0029293,M.Jones,2020,1
00-0029293,M.Jones,2020,2
00-0029293,M.Jones,2020,3
00-0029293,M.Jones,2020,4
00-0029293,M.Jones,2020,6
00-0029293,M.Jones,2020,7
00-0029293,M.Jones,2020,8
00-0029293,M.Jones,2020,9
00-0029293,M.Jones,2020,10
00-0029293,M.Jones,2020,11
00-0029293,M.Jones,2020,12
00-0029293,M.Jones,2020,13
00-0029293,M.Jones,2020,14
00-0029293,M.Jones,2020,15
00-0029293,M.Jones,2020,16
00-0029293,M.Jones,2020,17
00-0029293,M.Jones,2021,1
00-0029293,M.Jones,2021,2
00-0029293,M.Jones,2021,3
00-0029293,M.Jones,2021,4
00-0029293,M.Jones,2021,5
00-0029293,M.Jones,2021,6
00-0029293,M.Jones,2021,8
00-0029293,M.Jones,2021,9
00-0029293,M.Jones,2021,10
00-0029293,M.Jones,2021,11
00-0029293,M.Jones,2021,12
00-0029293,M.Jones,2021,13
00-0029293,M.Jones,2021,14
00-0029293,M.Jones,2021,15
00-0029293,M.Jones,2021,16
00-0029293,M.Jones,2021,17
00-0029293,M.Jones,2021,18
00-0029293,M.Jones,2022,1
00-0029293,M.Jones,2022,2
00-0029293,M.Jones,2022,3
00-0029293,M.Jones,2022,4
00-0029293,M.Jones,2022,5
00-0029293,M.Jones,2022,7
00-0029293,M.Jones,2022,8
00-0029293,M.Jones,2022,9
00-0029293,M.Jones,2022,10
00-0029293,M.Jones,2022,12
00-0029293,M.Jones,2022,13
00-0029293,M.Jones,2022,14
00-0029293,M.Jones,2022,15
00-0029293,M.Jones,2022,16
00-0029293,M.Jones,2022,17
00-0029293,M.Jones,2022,18
00-0029293,M.Jones,2022,19
00-0029293,M.Jones,2022,20
00-0029319,J.Bellamy,2015,16
00-0029319,J.Bellamy,2015,17
00-0029319,J.Bellamy,2016,5
00-0029319,J.Bellamy,2016,7
00-0029319,J.Bellamy,2016,8
00-0029319,J.Bellamy,2016,10
00-0029319,J.Bellamy,2016,11
00-0029319,J.Bellamy,2016,12
00-0029319,J.Bellamy,2016,13
00-0029319,J.Bellamy,2016,14
00-0029319,J.Bellamy,2016,15
00-0029319,J.Bellamy,2016,16
00-0029319,J.Bellamy,2016,17
00-0029319,J.Bellamy,2017,1
00-0029319,J.Bellamy,2017,2
00-0029319,J.Bellamy,2017,4
00-0029319,J.Bellamy,2017,10
00-0029319,J.Bellamy,2017,13
00-0029319,J.Bellamy,2017,14
00-0029319,J.Bellamy,2017,15
00-0029319,J.Bellamy,2017,16
00-0029319,J.Bellamy,2017,17
00-0029319,J.Bellamy,2018,2
00-0029319,J.Bellamy,2018,3
00-0029319,J.Bellamy,2018,4
00-0029319,J.Bellamy,2018,7
00-0029319,J.Bellamy,2018,8
00-0029319,J.Bellamy,2018,9
00-0029319,J.Bellamy,2018,11
00-0029319,J.Bellamy,2018,12
00-0029319,J.Bellamy,2018,13
00-0029319,J.Bellamy,2018,14
00-0029319,J.Bellamy,2018,15
00-0029319,J.Bellamy,2018,16
00-0029319,J.Bellamy,2018,17
00-0029319,J.Bellamy,2018,18
00-0029319,J.Bellamy,2019,1
00-0029319,J.Bellamy,2019,2
00-0029388,D.Thompson,2016,15
00-0029388,D.Thompson,2016,16
00-0029388,D.Thompson,2016,17
00-0029388,D.Thompson,2017,1
00-0029388,D.Thompson,2017,2
00-0029388,D.Thompson,2017,3
00-0029388,D.Thompson,2017,4
00-0029388,D.Thompson,2017,7
00-0029388,D.Thompson,2017,8
00-0029388,D.Thompson,2017,9
00-0029388,D.Thompson,2017,10
00-0029388,D.Thompson,2017,11
00-0029388,D.Thompson,2017,12
00-0029388,D.Thompson,2017,13
00-0029388,D.Thompson,2017,14
00-0029388,D.Thompson,2017,15
00-0029388,D.Thompson,2017,16
00-0029388,D.Thompson,2017,17
00-0029388,D.Thompson,2017,18
00-0029388,D.Thompson,2018,1
00-0029388,D.Thompson,2018,2
00-0029388,D.Thompson,2018,3
00-0029388,D.Thompson,2018,5
00-0029388,D.Thompson,2018,6
00-0029388,D.Thompson,2018,7
00-0029388,D.Thompson,2018,9
00-0029388,D.Thompson,2018,12
00-0029388,D.Thompson,2018,13
00-0029388,D.Thompson,2018,14
00-0029388,D.Thompson,2018,15
00-0029388,D.Thompson,2018,16
00-0029492,J.Olawale,2016,5
00-0029492,J.Olawale,2016,8
00-0029492,J.Olawale,2016,9
00-0029492,J.Olawale,2016,11
00-0029492,J.Olawale,2016,12
00-0029492,J.Olawale,2016,14
00-0029492,J.Olawale,2016,15
00-0029492,J.Olawale,2016,17
00-0029492,J.Olawale,2017,4
00-0029492,J.Olawale,2017,7
00-0029492,J.Olawale,2017,11
00-0029492,J.Olawale,2017,13
00-0029492,J.Olawale,2018,6
00-0029492,J.Olawale,2018,12
00-0029492,J.Olawale,2018,15
00-0029492,J.Olawale,2018,17
00-0029492,J.Olawale,2019,1
00-0029492,J.Olawale,2019,14
00-0029510,J.Grimes,2015,13
00-0029510,J.Grimes,2015,14
00-0029510,J.Grimes,2015,17
00-0029510,J.Grimes,2015,18
00-0029510,J.Grimes,2016,2
00-0029510,J.Grimes,2016,3
00-0029510,J.Grimes,2016,13
00-0029510,J.Grimes,2016,14
00-0029510,J.Grimes,2016,15
00-0029510,J.Grimes,2016,17
00-0029510,J.Grimes,2016,19
00-0029572,J.Wright,2015,11
00-0029572,J.Wright,2015,12
00-0029572,J.Wright,2015,13
00-0029572,J.Wright,2015,14
00-0029572,J.Wright,2015,15
00-0029572,J.Wright,2015,16
00-0029572,J.Wright,2015,17
00-0029572,J.Wright,2015,18
00-0029572,J.Wright,2016,5
00-0029572,J.Wright,2016,10
00-0029572,J.Wright,2016,15
00-0029572,J.Wright,2016,17
00-0029572,J.Wright,2017,1
00-0029572,J.Wright,2017,2
00-0029572,J.Wright,2017,3
00-0029572,J.Wright,2017,7
00-0029572,J.Wright,2017,8
00-0029572,J.Wright,2017,10
00-0029572,J.Wright,2017,11
00-0029572,J.Wright,2017,12
00-0029572,J.Wright,2017,13
00-0029572,J.Wright,2017,14
00-0029572,J.Wright,2017,15
00-0029572,J.Wright,2017,16
00-0029572,J.Wright,2017,19
00-0029572,J.Wright,2017,20
00-0029572,J.Wright,2018,1
00-0029572,J.Wright,2018,2
00-0029572,J.Wright,2018,3
00-0029572,J.Wright,2018,5
00-0029572,J.Wright,2018,6
00-0029572,J.Wright,2018,7
00-0029572,J.Wright,2018,8
00-0029572,J.Wright,2018,9
00-0029572,J.Wright,2018,10
00-0029572,J.Wright,2018,11
00-0029572,J.Wright,2018,12
00-0029572,J.Wright,2018,13
00-0029572,J.Wright,2018,14
00-0029572,J.Wright,2018,15
00-0029572,J.Wright,2018,16
00-0029572,J.Wright,2018,17
00-0029572,J.Wright,2019,1
00-0029572,J.Wright,2019,2
00-0029572,J.Wright,2019,3
00-0029572,J.Wright,2019,4
00-0029572,J.Wright,2019,5
00-0029572,J.Wright,2019,6
00-0029572,J.Wright,2019,8
00-0029572,J.Wright,2019,9
00-0029572,J.Wright,2019,10
00-0029572,J.Wright,2019,11
00-0029572,J.Wright,2019,12
00-0029572,J.Wright,2019,13
00-0029572,J.Wright,2019,14
00-0029572,J.Wright,2019,15
00-0029572,J.Wright,2019,16
00-0029572,J.Wright,2019,17
00-0029580,R.Matthews,2015,10
00-0029580,R.Matthews,2015,11
00-0029580,R.Matthews,2015,12
00-0029580,R.Matthews,2016,1
00-0029580,R.Matthews,2016,2
00-0029580,R.Matthews,2016,3
00-0029580,R.Matthews,2016,4
00-0029580,R.Matthews,2016,5
00-0029580,R.Matthews,2016,6
00-0029580,R.Matthews,2016,7
00-0029580,R.Matthews,2016,8
00-0029580,R.Matthews,2016,9
00-0029580,R.Matthews,2016,10
00-0029580,R.Matthews,2016,11
00-0029580,R.Matthews,2016,12
00-0029580,R.Matthews,2016,14
00-0029580,R.Matthews,2016,15
00-0029580,R.Matthews,2016,16
00-0029580,R.Matthews,2016,17
00-0029580,R.Matthews,2017,1
00-0029580,R.Matthews,2017,2
00-0029580,R.Matthews,2017,3
00-0029580,R.Matthews,2017,4
00-0029580,R.Matthews,2017,5
00-0029580,R.Matthews,2017,6
00-0029580,R.Matthews,2017,7
00-0029580,R.Matthews,2017,9
00-0029580,R.Matthews,2017,10
00-0029580,R.Matthews,2017,11
00-0029580,R.Matthews,2017,14
00-0029580,R.Matthews,2017,15
00-0029580,R.Matthews,2017,16
00-0029580,R.Matthews,2017,17
00-0029580,R.Matthews,2017,18
00-0029580,R.Matthews,2017,19
00-0029580,R.Matthews,2018,2
00-0029580,R.Matthews,2018,3
00-0029580,R.Matthews,2018,10
00-0029580,R.Matthews,2018,14
00-0029580,R.Matthews,2018,15
00-0029587,R.Ellison,2015,14
00-0029587,R.Ellison,2015,16
00-0029587,R.Ellison,2015,17
00-0029587,R.Ellison,2016,3
00-0029587,R.Ellison,2016,4
00-0029587,R.Ellison,2016,9
00-0029587,R.Ellison,2016,10
00-0029587,R.Ellison,2016,11
00-0029587,R.Ellison,2016,12
00-0029587,R.Ellison,2016,13
00-0029587,R.Ellison,2016,14
00-0029587,R.Ellison,2016,16
00-0029587,R.Ellison,2017,1
00-0029587,R.Ellison,2017,2
00-0029587,R.Ellison,2017,4
00-0029587,R.Ellison,2017,5
00-0029587,R.Ellison,2017,7
00-0029587,R.Ellison,2017,9
00-0029587,R.Ellison,2017,11
00-0029587,R.Ellison,2017,12
00-0029587,R.Ellison,2017,13
00-0029587,R.Ellison,2017,14
00-0029587,R.Ellison,2017,16
00-0029587,R.Ellison,2017,17
00-0029587,R.Ellison,2018,1
00-0029587,R.Ellison,2018,2
00-0029587,R.Ellison,2018,3
00-0029587,R.Ellison,2018,4
00-0029587,R.Ellison,2018,5
00-0029587,R.Ellison,2018,7
00-0029587,R.Ellison,2018,8
00-0029587,R.Ellison,2018,10
00-0029587,R.Ellison,2018,11
00-0029587,R.Ellison,2018,12
00-0029587,R.Ellison,2018,13
00-0029587,R.Ellison,2018,15
00-0029587,R.Ellison,2018,16
00-0029587,R.Ellison,2019,1
00-0029587,R.Ellison,2019,2
00-0029587,R.Ellison,2019,3
00-0029587,R.Ellison,2019,4
00-0029587,R.Ellison,2019,5
00-0029587,R.Ellison,2019,6
00-0029587,R.Ellison,2019,7
00-0029587,R.Ellison,2019,8
00-0029587,R.Ellison,2019,9
00-0029587,R.Ellison,2019,10
00-0029608,T.Hilton,2015,9
00-0029608,T.Hilton,2015,11
00-0029608,T.Hilton,2015,12
00-0029608,T.Hilton,2015,13
00-0029608,T.Hilton,2015,14
00-0029608,T.Hilton,2015,15
00-0029608,T.Hilton,2015,16
00-0029608,T.Hilton,2015,17
00-0029608,T.Hilton,2016,1
00-0029608,T.Hilton,2016,2
00-0029608,T.Hilton,2016,3
00-0029608,T.Hilton,2016,4
00-0029608,T.Hilton,2016,5
00-0029608,T.Hilton,2016,6
00-0029608,T.Hilton,2016,7
00-0029608,T.Hilton,2016,8
00-0029608,T.Hilton,2016,9
00-0029608,T.Hilton,2016,11
00-0029608,T.Hilton,2016,12
00-0029608,T.Hilton,2016,13
00-0029608,T.Hilton,2016,14
00-0029608,T.Hilton,2016,15
00-0029608,T.Hilton,2016,16
00-0029608,T.Hilton,2016,17
00-0029608,T.Hilton,2017,1
00-0029608,T.Hilton,2017,2
00-0029608,T.Hilton,2017,3
00-0029608,T.Hilton,2017,4
00-0029608,T.Hilton,2017,5
00-0029608,T.Hilton,2017,6
00-0029608,T.Hilton,2017,7
00-0029608,T.Hilton,2017,8
00-0029608,T.Hilton,2017,9
00-0029608,T.Hilton,2017,10
00-0029608,T.Hilton,2017,12
00-0029608,T.Hilton,2017,13
00-0029608,T.Hilton,2017,14
00-0029608,T.Hilton,2017,15
00-0029608,T.Hilton,2017,16
00-0029608,T.Hilton,2017,17
00-0029608,T.Hilton,2018,1
00-0029608,T.Hilton,2018,2
00-0029608,T.Hilton,2018,3
00-0029608,T.Hilton,2018,4
00-0029608,T.Hilton,2018,7
00-0029608,T.Hilton,2018,8
00-0029608,T.Hilton,2018,10
00-0029608,T.Hilton,2018,11
00-0029608,T.Hilton,2018,12
00-0029608,T.Hilton,2018,13
00-0029608,T.Hilton,2018,14
00-0029608,T.Hilton,2018,15
00-0029608,T.Hilton,2018,16
00-0029608,T.Hilton,2018,17
00-0029608,T.Hilton,2018,18
00-0029608,T.Hilton,2018,19
00-0029608,T.Hilton,2019,1
00-0029608,T.Hilton,2019,2
00-0029608,T.Hilton,2019,3
00-0029608,T.Hilton,2019,5
00-0029608,T.Hilton,2019,7
00-0029608,T.Hilton,2019,8
00-0029608,T.Hilton,2019,12
00-0029608,T.Hilton,2019,15
00-0029608,T.Hilton,2019,16
00-0029608,T.Hilton,2019,17
00-0029608,T.Hilton,2020,1
00-0029608,T.Hilton,2020,2
00-0029608,T.Hilton,2020,3
00-0029608,T.Hilton,2020,4
00-0029608,T.Hilton,2020,5
00-0029608,T.Hilton,2020,6
00-0029608,T.Hilton,2020,8
00-0029608,T.Hilton,2020,10
00-0029608,T.Hilton,2020,11
00-0029608,T.Hilton,2020,12
00-0029608,T.Hilton,2020,13
00-0029608,T.Hilton,2020,14
00-0029608,T.Hilton,2020,15
00-0029608,T.Hilton,2020,16
00-0029608,T.Hilton,2020,17
00-0029608,T.Hilton,2020,18
00-0029608,T.Hilton,2021,6
00-0029608,T.Hilton,2021,8
00-0029608,T.Hilton,2021,10
00-0029608,T.Hilton,2021,11
00-0029608,T.Hilton,2021,12
00-0029608,T.Hilton,2021,13
00-0029608,T.Hilton,2021,15
00-0029608,T.Hilton,2021,16
00-0029608,T.Hilton,2021,17
00-0029608,T.Hilton,2021,18
00-0029608,T.Hilton,2022,16
00-0029608,T.Hilton,2022,17
00-0029608,T.Hilton,2022,18
00-0029608,T.Hilton,2022,19
00-0029608,T.Hilton,2022,20
00-0029613,D.Martin,2015,11
00-0029613,D.Martin,2015,12
00-0029613,D.Martin,2015,13
00-0029613,D.Martin,2015,14
00-0029613,D.Martin,2015,15
00-0029613,D.Martin,2015,16
00-0029613,D.Martin,2015,17
00-0029613,D.Martin,2016,1
00-0029613,D.Martin,2016,10
00-0029613,D.Martin,2016,11
00-0029613,D.Martin,2016,12
00-0029613,D.Martin,2016,13
00-0029613,D.Martin,2016,14
00-0029613,D.Martin,2017,5
00-0029613,D.Martin,2017,6
00-0029613,D.Martin,2017,7
00-0029613,D.Martin,2017,8
00-0029613,D.Martin,2017,10
00-0029613,D.Martin,2017,11
00-0029613,D.Martin,2017,14
00-0029613,D.Martin,2018,1
00-0029613,D.Martin,2018,2
00-0029613,D.Martin,2018,5
00-0029613,D.Martin,2018,6
00-0029613,D.Martin,2018,8
00-0029613,D.Martin,2018,9
00-0029613,D.Martin,2018,10
00-0029613,D.Martin,2018,11
00-0029613,D.Martin,2018,12
00-0029613,D.Martin,2018,13
00-0029613,D.Martin,2018,15
00-0029613,D.Martin,2018,16
00-0029613,D.Martin,2018,17
00-0029615,L.Miller,2015,10
00-0029615,L.Miller,2015,11
00-0029615,L.Miller,2015,12
00-0029615,L.Miller,2015,13
00-0029615,L.Miller,2015,15
00-0029615,L.Miller,2015,16
00-0029615,L.Miller,2015,17
00-0029615,L.Miller,2016,1
00-0029615,L.Miller,2016,2
00-0029615,L.Miller,2016,3
00-0029615,L.Miller,2016,4
00-0029615,L.Miller,2016,5
00-0029615,L.Miller,2016,6
00-0029615,L.Miller,2016,7
00-0029615,L.Miller,2016,8
00-0029615,L.Miller,2016,11
00-0029615,L.Miller,2016,12
00-0029615,L.Miller,2016,13
00-0029615,L.Miller,2016,14
00-0029615,L.Miller,2016,15
00-0029615,L.Miller,2016,18
00-0029615,L.Miller,2016,19
00-0029615,L.Miller,2017,1
00-0029615,L.Miller,2017,2
00-0029615,L.Miller,2017,3
00-0029615,L.Miller,2017,4
00-0029615,L.Miller,2017,5
00-0029615,L.Miller,2017,6
00-0029615,L.Miller,2017,8
00-0029615,L.Miller,2017,9
00-0029615,L.Miller,2017,10
00-0029615,L.Miller,2017,11
00-0029615,L.Miller,2017,12
00-0029615,L.Miller,2017,13
00-0029615,L.Miller,2017,14
00-0029615,L.Miller,2017,15
00-0029615,L.Miller,2017,16
00-0029615,L.Miller,2018,1
00-0029615,L.Miller,2018,2
00-0029615,L.Miller,2018,3
00-0029615,L.Miller,2018,6
00-0029615,L.Miller,2018,7
00-0029615,L.Miller,2018,8
00-0029615,L.Miller,2018,9
00-0029615,L.Miller,2018,11
00-0029615,L.Miller,2018,12
00-0029615,L.Miller,2018,13
00-0029615,L.Miller,2018,14
00-0029615,L.Miller,2018,17
00-0029615,L.Miller,2018,18
00-0029615,L.Miller,2020,10
00-0029632,M.Sanu,2015,10
00-0029632,M.Sanu,2015,11
00-0029632,M.Sanu,2015,12
00-0029632,M.Sanu,2015,13
00-0029632,M.Sanu,2015,14
00-0029632,M.Sanu,2015,15
00-0029632,M.Sanu,2015,16
00-0029632,M.Sanu,2015,17
00-0029632,M.Sanu,2015,18
00-0029632,M.Sanu,2016,1
00-0029632,M.Sanu,2016,2
00-0029632,M.Sanu,2016,3
00-0029632,M.Sanu,2016,4
00-0029632,M.Sanu,2016,5
00-0029632,M.Sanu,2016,6
00-0029632,M.Sanu,2016,7
00-0029632,M.Sanu,2016,8
00-0029632,M.Sanu,2016,9
00-0029632,M.Sanu,2016,10
00-0029632,M.Sanu,2016,12
00-0029632,M.Sanu,2016,13
00-0029632,M.Sanu,2016,15
00-0029632,M.Sanu,2016,16
00-0029632,M.Sanu,2016,17
00-0029632,M.Sanu,2016,19
00-0029632,M.Sanu,2016,20
00-0029632,M.Sanu,2016,21
00-0029632,M.Sanu,2017,1
00-0029632,M.Sanu,2017,2
00-0029632,M.Sanu,2017,3
00-0029632,M.Sanu,2017,4
00-0029632,M.Sanu,2017,7
00-0029632,M.Sanu,2017,8
00-0029632,M.Sanu,2017,9
00-0029632,M.Sanu,2017,10
00-0029632,M.Sanu,2017,11
00-0029632,M.Sanu,2017,12
00-0029632,M.Sanu,2017,13
00-0029632,M.Sanu,2017,14
00-0029632,M.Sanu,2017,15
00-0029632,M.Sanu,2017,16
00-0029632,M.Sanu,2017,17
00-0029632,M.Sanu,2017,18
00-0029632,M.Sanu,2017,19
00-0029632,M.Sanu,2018,1
00-0029632,M.Sanu,2018,2
00-0029632,M.Sanu,2018,3
00-0029632,M.Sanu,2018,4
00-0029632,M.Sanu,2018,5
00-0029632,M.Sanu,2018,6
00-0029632,M.Sanu,2018,7
00-0029632,M.Sanu,2018,9
00-0029632,M.Sanu,2018,10
00-0029632,M.Sanu,2018,11
00-0029632,M.Sanu,2018,12
00-0029632,M.Sanu,2018,13
00-0029632,M.Sanu,2018,14
00-0029632,M.Sanu,2018,15
00-0029632,M.Sanu,2018,16
00-0029632,M.Sanu,2018,17
00-0029632,M.Sanu,2019,1
00-0029632,M.Sanu,2019,2
00-0029632,M.Sanu,2019,3
00-0029632,M.Sanu,2019,4
00-0029632,M.Sanu,2019,5
00-0029632,M.Sanu,2019,6
00-0029632,M.Sanu,2019,7
00-0029632,M.Sanu,2019,8
00-0029632,M.Sanu,2019,9
00-0029632,M.Sanu,2019,11
00-0029632,M.Sanu,2019,13
00-0029632,M.Sanu,2019,14
00-0029632,M.Sanu Sr.,2019,15
00-0029632,M.Sanu Sr.,2019,16
00-0029632,M.Sanu Sr.,2019,17
00-0029632,M.Sanu Sr.,2019,18
00-0029632,M.Sanu,2020,3
00-0029632,M.Sanu,2020,12
00-0029632,M.Sanu,2020,13
00-0029632,M.Sanu,2020,14
00-0029632,M.Sanu,2020,15
00-0029632,M.Sanu,2020,16
00-0029632,M.Sanu,2020,17
00-0029632,M.Sanu,2021,1
00-0029632,M.Sanu,2021,2
00-0029632,M.Sanu,2021,3
00-0029632,M.Sanu,2021,4
00-0029632,M.Sanu,2021,5
00-0029632,M.Sanu,2021,7
00-0029632,M.Sanu,2021,8
00-0029632,M.Sanu,2021,9
00-0029638,M.Floyd,2015,10
00-0029638,M.Floyd,2015,12
00-0029638,M.Floyd,2015,13
00-0029638,M.Floyd,2015,14
00-0029638,M.Floyd,2015,15
00-0029638,M.Floyd,2015,16
00-0029638,M.Floyd,2015,17
00-0029638,M.Floyd,2015,19
00-0029638,M.Floyd,2015,20
00-0029638,M.Floyd,2016,1
00-0029638,M.Floyd,2016,2
00-0029638,M.Floyd,2016,3
00-0029638,M.Floyd,2016,4
00-0029638,M.Floyd,2016,5
00-0029638,M.Floyd,2016,6
00-0029638,M.Floyd,2016,7
00-0029638,M.Floyd,2016,10
00-0029638,M.Floyd,2016,11
00-0029638,M.Floyd,2016,12
00-0029638,M.Floyd,2016,13
00-0029638,M.Floyd,2016,14
00-0029638,M.Floyd,2016,16
00-0029638,M.Floyd,2016,17
00-0029638,M.Floyd,2016,19
00-0029638,M.Floyd,2017,5
00-0029638,M.Floyd,2017,6
00-0029638,M.Floyd,2017,8
00-0029638,M.Floyd,2017,11
00-0029638,M.Floyd,2017,12
00-0029638,M.Floyd,2017,13
00-0029638,M.Floyd,2017,14
00-0029638,M.Floyd,2017,15
00-0029638,M.Floyd,2017,16
00-0029638,M.Floyd,2017,17
00-0029638,M.Floyd,2017,19
00-0029638,M.Floyd,2018,6
00-0029638,M.Floyd,2018,7
00-0029638,M.Floyd,2018,9
00-0029638,M.Floyd,2018,10
00-0029638,M.Floyd,2018,11
00-0029638,M.Floyd,2018,13
00-0029638,M.Floyd,2018,14
00-0029638,M.Floyd,2018,15
00-0029638,M.Floyd,2018,16
00-0029638,M.Floyd,2018,17
00-0029640,B.Quick,2015,17
00-0029640,B.Quick,2016,1
00-0029640,B.Quick,2016,2
00-0029640,B.Quick,2016,3
00-0029640,B.Quick,2016,4
00-0029640,B.Quick,2016,5
00-0029640,B.Quick,2016,6
00-0029640,B.Quick,2016,7
00-0029640,B.Quick,2016,9
00-0029640,B.Quick,2016,10
00-0029640,B.Quick,2016,11
00-0029640,B.Quick,2016,12
00-0029640,B.Quick,2016,13
00-0029640,B.Quick,2016,14
00-0029640,B.Quick,2016,15
00-0029640,B.Quick,2016,16
00-0029640,B.Quick,2016,17
00-0029640,B.Quick,2017,1
00-0029640,B.Quick,2017,9
00-0029640,B.Quick,2017,14
00-0029640,B.Quick,2017,16
00-0029640,B.Quick,2017,17
00-0029640,B.Quick,2018,5
00-0029640,B.Quick,2018,6
00-0029664,J.Gordon,2018,6
00-0029664,J.Gordon,2018,7
00-0029664,J.Gordon,2018,8
00-0029664,J.Gordon,2018,9
00-0029664,J.Gordon,2018,10
00-0029664,J.Gordon,2018,12
00-0029664,J.Gordon,2018,13
00-0029664,J.Gordon,2018,14
00-0029664,J.Gordon,2018,15
00-0029664,J.Gordon,2019,1
00-0029664,J.Gordon,2019,2
00-0029664,J.Gordon,2019,3
00-0029664,J.Gordon,2019,4
00-0029664,J.Gordon,2019,5
00-0029664,J.Gordon,2019,6
00-0029664,J.Gordon,2019,10
00-0029664,J.Gordon,2019,12
00-0029664,J.Gordon,2019,13
00-0029664,J.Gordon,2019,14
00-0029664,J.Gordon,2019,15
00-0029664,J.Gordon,2021,5
00-0029664,J.Gordon,2021,7
00-0029664,J.Gordon,2021,8
00-0029664,J.Gordon,2021,9
00-0029664,J.Gordon,2021,11
00-0029664,J.Gordon,2021,14
00-0029664,J.Gordon,2021,16
00-0029664,J.Gordon,2021,17
00-0029664,J.Gordon,2021,18
00-0029664,J.Gordon,2022,2
00-0029683,R.Hillman,2015,12
00-0029683,R.Hillman,2015,13
00-0029683,R.Hillman,2015,14
00-0029683,R.Hillman,2015,16
00-0029683,R.Hillman,2015,17
00-0029683,R.Hillman,2015,19
00-0029683,R.Hillman,2015,20
00-0029683,R.Hillman,2015,21
00-0029683,R.Hillman,2016,7
00-0029683,R.Hillman,2016,8
00-0029683,R.Hillman,2016,9
00-0029683,R.Hillman,2016,16
00-0029683,R.Hillman,2016,17
00-0029689,D.Allen,2015,13
00-0029689,D.Allen,2015,14
00-0029689,D.Allen,2015,15
00-0029689,D.Allen,2015,16
00-0029689,D.Allen,2016,1
00-0029689,D.Allen,2016,2
00-0029689,D.Allen,2016,3
00-0029689,D.Allen,2016,4
00-0029689,D.Allen,2016,5
00-0029689,D.Allen,2016,6
00-0029689,D.Allen,2016,9
00-0029689,D.Allen,2016,11
00-0029689,D.Allen,2016,12
00-0029689,D.Allen,2016,13
00-0029689,D.Allen,2016,14
00-0029689,D.Allen,2016,15
00-0029689,D.Allen,2016,16
00-0029689,D.Allen,2016,17
00-0029689,D.Allen,2017,1
00-0029689,D.Allen,2017,2
00-0029689,D.Allen,2017,3
00-0029689,D.Allen,2017,4
00-0029689,D.Allen,2017,10
00-0029689,D.Allen,2017,11
00-0029689,D.Allen,2017,12
00-0029689,D.Allen,2017,13
00-0029689,D.Allen,2017,14
00-0029689,D.Allen,2017,15
00-0029689,D.Allen,2017,16
00-0029689,D.Allen,2017,17
00-0029689,D.Allen,2018,4
00-0029689,D.Allen,2018,9
00-0029689,D.Allen,2018,10
00-0029697,C.Fleener,2015,11
00-0029697,C.Fleener,2015,12
00-0029697,C.Fleener,2015,13
00-0029697,C.Fleener,2015,14
00-0029697,C.Fleener,2015,15
00-0029697,C.Fleener,2015,16
00-0029697,C.Fleener,2015,17
00-0029697,C.Fleener,2016,1
00-0029697,C.Fleener,2016,2
00-0029697,C.Fleener,2016,3
00-0029697,C.Fleener,2016,4
00-0029697,C.Fleener,2016,6
00-0029697,C.Fleener,2016,7
00-0029697,C.Fleener,2016,8
00-0029697,C.Fleener,2016,9
00-0029697,C.Fleener,2016,10
00-0029697,C.Fleener,2016,11
00-0029697,C.Fleener,2016,12
00-0029697,C.Fleener,2016,13
00-0029697,C.Fleener,2016,14
00-0029697,C.Fleener,2016,15
00-0029697,C.Fleener,2016,16
00-0029697,C.Fleener,2016,17
00-0029697,C.Fleener,2017,1
00-0029697,C.Fleener,2017,2
00-0029697,C.Fleener,2017,3
00-0029697,C.Fleener,2017,4
00-0029697,C.Fleener,2017,6
00-0029697,C.Fleener,2017,7
00-0029697,C.Fleener,2017,8
00-0029697,C.Fleener,2017,9
00-0029697,C.Fleener,2017,10
00-0029697,C.Fleener,2017,11
00-0029697,C.Fleener,2017,12
00-0029708,K.Wright,2015,13
00-0029708,K.Wright,2015,16
00-0029708,K.Wright,2016,4
00-0029708,K.Wright,2016,5
00-0029708,K.Wright,2016,6
00-0029708,K.Wright,2016,7
00-0029708,K.Wright,2016,8
00-0029708,K.Wright,2016,9
00-0029708,K.Wright,2016,10
00-0029708,K.Wright,2016,11
00-0029708,K.Wright,2016,12
00-0029708,K.Wright,2016,15
00-0029708,K.Wright,2016,16
00-0029708,K.Wright,2017,1
00-0029708,K.Wright,2017,2
00-0029708,K.Wright,2017,4
00-0029708,K.Wright,2017,5
00-0029708,K.Wright,2017,6
00-0029708,K.Wright,2017,8
00-0029708,K.Wright,2017,10
00-0029708,K.Wright,2017,11
00-0029708,K.Wright,2017,12
00-0029708,K.Wright,2017,13
00-0029708,K.Wright,2017,14
00-0029708,K.Wright,2017,15
00-0029708,K.Wright,2017,16
00-0029708,K.Wright,2017,17
00-0029731,F.Whittaker,2015,15
00-0029731,F.Whittaker,2015,16
00-0029731,F.Whittaker,2015,20
00-0029731,F.Whittaker,2015,21
00-0029731,F.Whittaker,2016,1
00-0029731,F.Whittaker,2016,2
00-0029731,F.Whittaker,2016,3
00-0029731,F.Whittaker,2016,4
00-0029731,F.Whittaker,2016,5
00-0029731,F.Whittaker,2016,6
00-0029731,F.Whittaker,2016,8
00-0029731,F.Whittaker,2016,9
00-0029731,F.Whittaker,2016,10
00-0029731,F.Whittaker,2016,12
00-0029731,F.Whittaker,2016,14
00-0029731,F.Whittaker,2016,15
00-0029731,F.Whittaker,2016,16
00-0029731,F.Whittaker,2017,4
00-0029731,F.Whittaker,2017,14
00-0029731,F.Whittaker,2017,16
00-0029731,F.Whittaker,2017,17
00-0029738,D.Fells,2015,14
00-0029738,D.Fells,2015,15
00-0029738,D.Fells,2015,17
00-0029738,D.Fells,2015,19
00-0029738,D.Fells,2015,20
00-0029738,D.Fells,2016,2
00-0029738,D.Fells,2016,3
00-0029738,D.Fells,2016,4
00-0029738,D.Fells,2016,6
00-0029738,D.Fells,2016,11
00-0029738,D.Fells,2016,13
00-0029738,D.Fells,2016,14
00-0029738,D.Fells,2016,15
00-0029738,D.Fells,2016,17
00-0029738,D.Fells,2017,2
00-0029738,D.Fells,2017,3
00-0029738,D.Fells,2017,4
00-0029738,D.Fells,2017,5
00-0029738,D.Fells,2017,6
00-0029738,D.Fells,2017,8
00-0029738,D.Fells,2017,9
00-0029738,D.Fells,2017,10
00-0029738,D.Fells,2017,11
00-0029738,D.Fells,2017,12
00-0029738,D.Fells,2017,13
00-0029738,D.Fells,2017,14
00-0029738,D.Fells,2017,17
00-0029738,D.Fells,2018,1
00-0029738,D.Fells,2018,2
00-0029738,D.Fells,2018,4
00-0029738,D.Fells,2018,5
00-0029738,D.Fells,2018,8
00-0029738,D.Fells,2018,12
00-0029738,D.Fells,2018,16
00-0029738,D.Fells,2018,17
00-0029738,D.Fells,2019,1
00-0029738,D.Fells,2019,2
00-0029738,D.Fells,2019,3
00-0029738,D.Fells,2019,4
00-0029738,D.Fells,2019,5
00-0029738,D.Fells,2019,6
00-0029738,D.Fells,2019,7
00-0029738,D.Fells,2019,8
00-0029738,D.Fells,2019,9
00-0029738,D.Fells,2019,11
00-0029738,D.Fells,2019,12
00-0029738,D.Fells,2019,13
00-0029738,D.Fells,2019,14
00-0029738,D.Fells,2019,15
00-0029738,D.Fells,2019,16
00-0029738,D.Fells,2019,18
00-0029738,D.Fells,2019,19
00-0029738,D.Fells,2020,1
00-0029738,D.Fells,2020,2
00-0029738,D.Fells,2020,3
00-0029738,D.Fells,2020,4
00-0029738,D.Fells,2020,5
00-0029738,D.Fells,2020,6
00-0029738,D.Fells,2020,9
00-0029738,D.Fells,2020,10
00-0029738,D.Fells,2020,11
00-0029738,D.Fells,2020,13
00-0029738,D.Fells,2020,14
00-0029738,D.Fells,2020,16
00-0029738,D.Fells,2021,1
00-0029738,D.Fells,2021,3
00-0029738,D.Fells,2021,7
00-0029795,B.Cunningham,2015,12
00-0029795,B.Cunningham,2015,13
00-0029795,B.Cunningham,2015,14
00-0029795,B.Cunningham,2015,16
00-0029795,B.Cunningham,2015,17
00-0029795,B.Cunningham,2016,1
00-0029795,B.Cunningham,2016,2
00-0029795,B.Cunningham,2016,3
00-0029795,B.Cunningham,2016,6
00-0029795,B.Cunningham,2016,7
00-0029795,B.Cunningham,2016,9
00-0029795,B.Cunningham,2016,10
00-0029795,B.Cunningham,2016,11
00-0029795,B.Cunningham,2016,12
00-0029795,B.Cunningham,2017,3
00-0029795,B.Cunningham,2017,5
00-0029795,B.Cunningham,2017,8
00-0029795,B.Cunningham,2017,10
00-0029795,B.Cunningham,2017,11
00-0029795,B.Cunningham,2017,12
00-0029795,B.Cunningham,2017,14
00-0029795,B.Cunningham,2017,15
00-0029795,B.Cunningham,2017,16
00-0029795,B.Cunningham,2017,17
00-0029795,B.Cunningham,2018,3
00-0029848,N.Williams,2015,12
00-0029848,N.Williams,2015,13
00-0029848,N.Williams,2015,14
00-0029848,N.Williams,2016,14
00-0029848,N.Williams,2016,17
00-0029848,N.Williams,2017,4
00-0029848,N.Williams,2017,19
00-0029848,N.Williams,2018,5
00-0029848,N.Williamss,2018,7
00-0029848,N.Williams,2018,7
00-0029848,N.Williams,2018,8
00-0029854,C.Anderson,2015,10
00-0029854,C.Anderson,2015,11
00-0029854,C.Anderson,2015,12
00-0029854,C.Anderson,2015,13
00-0029854,C.Anderson,2015,15
00-0029854,C.Anderson,2015,16
00-0029854,C.Anderson,2015,17
00-0029854,C.Anderson,2015,19
00-0029854,C.Anderson,2015,20
00-0029854,C.Anderson,2015,21
00-0029854,C.Anderson,2016,1
00-0029854,C.Anderson,2016,2
00-0029854,C.Anderson,2016,3
00-0029854,C.Anderson,2016,4
00-0029854,C.Anderson,2016,5
00-0029854,C.Anderson,2016,6
00-0029854,C.Anderson,2017,1
00-0029854,C.Anderson,2017,2
00-0029854,C.Anderson,2017,3
00-0029854,C.Anderson,2017,4
00-0029854,C.Anderson,2017,7
00-0029854,C.Anderson,2017,8
00-0029854,C.Anderson,2017,9
00-0029854,C.Anderson,2017,10
00-0029854,C.Anderson,2017,11
00-0029854,C.Anderson,2017,13
00-0029854,C.Anderson,2017,14
00-0029854,C.Anderson,2017,15
00-0029854,C.Anderson,2017,16
00-0029854,C.Anderson,2017,17
00-0029854,C.Anderson,2018,2
00-0029854,C.Anderson,2018,3
00-0029854,C.Anderson,2018,16
00-0029854,C.Anderson,2018,17
00-0029854,C.Anderson,2018,19
00-0029854,C.Anderson,2018,20
00-0029854,C.Anderson,2018,21
00-0029892,K.Juszczyk,2015,10
00-0029892,K.Juszczyk,2015,11
00-0029892,K.Juszczyk,2015,12
00-0029892,K.Juszczyk,2015,13
00-0029892,K.Juszczyk,2015,14
00-0029892,K.Juszczyk,2015,15
00-0029892,K.Juszczyk,2015,16
00-0029892,K.Juszczyk,2015,17
00-0029892,K.Juszczyk,2016,1
00-0029892,K.Juszczyk,2016,2
00-0029892,K.Juszczyk,2016,3
00-0029892,K.Juszczyk,2016,4
00-0029892,K.Juszczyk,2016,5
00-0029892,K.Juszczyk,2016,6
00-0029892,K.Juszczyk,2016,7
00-0029892,K.Juszczyk,2016,10
00-0029892,K.Juszczyk,2016,11
00-0029892,K.Juszczyk,2016,12
00-0029892,K.Juszczyk,2016,13
00-0029892,K.Juszczyk,2016,14
00-0029892,K.Juszczyk,2016,15
00-0029892,K.Juszczyk,2016,16
00-0029892,K.Juszczyk,2016,17
00-0029892,K.Juszczyk,2017,1
00-0029892,K.Juszczyk,2017,3
00-0029892,K.Juszczyk,2017,4
00-0029892,K.Juszczyk,2017,5
00-0029892,K.Juszczyk,2017,9
00-0029892,K.Juszczyk,2017,10
00-0029892,K.Juszczyk,2017,12
00-0029892,K.Juszczyk,2017,13
00-0029892,K.Juszczyk,2017,14
00-0029892,K.Juszczyk,2017,15
00-0029892,K.Juszczyk,2017,16
00-0029892,K.Juszczyk,2017,17
00-0029892,K.Juszczyk,2018,1
00-0029892,K.Juszczyk,2018,2
00-0029892,K.Juszczyk,2018,3
00-0029892,K.Juszczyk,2018,4
00-0029892,K.Juszczyk,2018,5
00-0029892,K.Juszczyk,2018,6
00-0029892,K.Juszczyk,2018,7
00-0029892,K.Juszczyk,2018,8
00-0029892,K.Juszczyk,2018,9
00-0029892,K.Juszczyk,2018,10
00-0029892,K.Juszczyk,2018,12
00-0029892,K.Juszczyk,2018,13
00-0029892,K.Juszczyk,2018,14
00-0029892,K.Juszczyk,2018,15
00-0029892,K.Juszczyk,2018,17
00-0029892,K.Juszczyk,2019,2
00-0029892,K.Juszczyk,2019,3
00-0029892,K.Juszczyk,2019,5
00-0029892,K.Juszczyk,2019,10
00-0029892,K.Juszczyk,2019,11
00-0029892,K.Juszczyk,2019,14
00-0029892,K.Juszczyk,2019,15
00-0029892,K.Juszczyk,2019,16
00-0029892,K.Juszczyk,2019,17
00-0029892,K.Juszczyk,2019,21
00-0029892,K.Juszczyk,2020,1
00-0029892,K.Juszczyk,2020,2
00-0029892,K.Juszczyk,2020,3
00-0029892,K.Juszczyk,2020,4
00-0029892,K.Juszczyk,2020,5
00-0029892,K.Juszczyk,2020,6
00-0029892,K.Juszczyk,2020,7
00-0029892,K.Juszczyk,2020,8
00-0029892,K.Juszczyk,2020,9
00-0029892,K.Juszczyk,2020,10
00-0029892,K.Juszczyk,2020,12
00-0029892,K.Juszczyk,2020,13
00-0029892,K.Juszczyk,2020,14
00-0029892,K.Juszczyk,2020,15
00-0029892,K.Juszczyk,2020,16
00-0029892,K.Juszczyk,2020,17
00-0029892,K.Juszczyk,2021,1
00-0029892,K.Juszczyk,2021,2
00-0029892,K.Juszczyk,2021,3
00-0029892,K.Juszczyk,2021,4
00-0029892,K.Juszczyk,2021,5
00-0029892,K.Juszczyk,2021,8
00-0029892,K.Juszczyk,2021,9
00-0029892,K.Juszczyk,2021,10
00-0029892,K.Juszczyk,2021,11
00-0029892,K.Juszczyk,2021,12
00-0029892,K.Juszczyk,2021,13
00-0029892,K.Juszczyk,2021,14
00-0029892,K.Juszczyk,2021,15
00-0029892,K.Juszczyk,2021,16
00-0029892,K.Juszczyk,2021,17
00-0029892,K.Juszczyk,2021,19
00-0029892,K.Juszczyk,2022,1
00-0029892,K.Juszczyk,2022,2
00-0029892,K.Juszczyk,2022,3
00-0029892,K.Juszczyk,2022,4
00-0029892,K.Juszczyk,2022,5
00-0029892,K.Juszczyk,2022,6
00-0029892,K.Juszczyk,2022,7
00-0029892,K.Juszczyk,2022,12
00-0029892,K.Juszczyk,2022,13
00-0029892,K.Juszczyk,2022,14
00-0029892,K.Juszczyk,2022,18
00-0029892,K.Juszczyk,2022,19
00-0029931,Z.Line,2016,5
00-0029931,Z.Line,2016,10
00-0029931,Z.Line,2016,14
00-0029931,Z.Line,2017,6
00-0029931,Z.Line,2017,7
00-0029931,Z.Line,2017,15
00-0029931,Z.Line,2017,17
00-0029931,Z.Line,2017,18
00-0029931,Z.Line,2018,1
00-0029931,Z.Line,2018,2
00-0029931,Z.Line,2018,3
00-0029931,Z.Line,2018,4
00-0029931,Z.Line,2018,9
00-0029931,Z.Line,2018,10
00-0029931,Z.Line,2018,14
00-0029931,Z.Line,2018,17
00-0029931,Z.Line,2019,2
00-0029931,Z.Line,2019,4
00-0029931,Z.Line,2019,7
00-0029931,Z.Line,2019,8
00-0029931,Z.Line,2019,10
00-0029931,Z.Line,2019,11
00-0030035,A.Thielen,2016,1
00-0030035,A.Thielen,2016,2
00-0030035,A.Thielen,2016,3
00-0030035,A.Thielen,2016,4
00-0030035,A.Thielen,2016,5
00-0030035,A.Thielen,2016,7
00-0030035,A.Thielen,2016,8
00-0030035,A.Thielen,2016,9
00-0030035,A.Thielen,2016,10
00-0030035,A.Thielen,2016,11
00-0030035,A.Thielen,2016,12
00-0030035,A.Thielen,2016,13
00-0030035,A.Thielen,2016,14
00-0030035,A.Thielen,2016,15
00-0030035,A.Thielen,2016,16
00-0030035,A.Thielen,2016,17
00-0030035,A.Thielen,2017,1
00-0030035,A.Thielen,2017,2
00-0030035,A.Thielen,2017,3
00-0030035,A.Thielen,2017,4
00-0030035,A.Thielen,2017,5
00-0030035,A.Thielen,2017,6
00-0030035,A.Thielen,2017,7
00-0030035,A.Thielen,2017,8
00-0030035,A.Thielen,2017,10
00-0030035,A.Thielen,2017,11
00-0030035,A.Thielen,2017,12
00-0030035,A.Thielen,2017,13
00-0030035,A.Thielen,2017,14
00-0030035,A.Thielen,2017,15
00-0030035,A.Thielen,2017,16
00-0030035,A.Thielen,2017,17
00-0030035,A.Thielen,2017,19
00-0030035,A.Thielen,2017,20
00-0030035,A.Thielen,2018,1
00-0030035,A.Thielen,2018,2
00-0030035,A.Thielen,2018,3
00-0030035,A.Thielen,2018,4
00-0030035,A.Thielen,2018,5
00-0030035,A.Thielen,2018,6
00-0030035,A.Thielen,2018,7
00-0030035,A.Thielen,2018,8
00-0030035,A.Thielen,2018,9
00-0030035,A.Thielen,2018,11
00-0030035,A.Thielen,2018,12
00-0030035,A.Thielen,2018,13
00-0030035,A.Thielen,2018,14
00-0030035,A.Thielen,2018,15
00-0030035,A.Thielen,2018,16
00-0030035,A.Thielen,2018,17
00-0030035,A.Thielen,2019,1
00-0030035,A.Thielen,2019,2
00-0030035,A.Thielen,2019,3
00-0030035,A.Thielen,2019,4
00-0030035,A.Thielen,2019,5
00-0030035,A.Thielen,2019,6
00-0030035,A.Thielen,2019,7
00-0030035,A.Thielen,2019,9
00-0030035,A.Thielen,2019,15
00-0030035,A.Thielen,2019,16
00-0030035,A.Thielen,2019,18
00-0030035,A.Thielen,2019,19
00-0030035,A.Thielen,2020,1
00-0030035,A.Thielen,2020,2
00-0030035,A.Thielen,2020,3
00-0030035,A.Thielen,2020,4
00-0030035,A.Thielen,2020,5
00-0030035,A.Thielen,2020,6
00-0030035,A.Thielen,2020,8
00-0030035,A.Thielen,2020,9
00-0030035,A.Thielen,2020,10
00-0030035,A.Thielen,2020,11
00-0030035,A.Thielen,2020,13
00-0030035,A.Thielen,2020,14
00-0030035,A.Thielen,2020,15
00-0030035,A.Thielen,2020,16
00-0030035,A.Thielen,2020,17
00-0030035,A.Thielen,2021,1
00-0030035,A.Thielen,2021,2
00-0030035,A.Thielen,2021,3
00-0030035,A.Thielen,2021,4
00-0030035,A.Thielen,2021,5
00-0030035,A.Thielen,2021,6
00-0030035,A.Thielen,2021,8
00-0030035,A.Thielen,2021,9
00-0030035,A.Thielen,2021,10
00-0030035,A.Thielen,2021,11
00-0030035,A.Thielen,2021,12
00-0030035,A.Thielen,2021,13
00-0030035,A.Thielen,2021,16
00-0030035,A.Thielen,2022,1
00-0030035,A.Thielen,2022,2
00-0030035,A.Thielen,2022,3
00-0030035,A.Thielen,2022,4
00-0030035,A.Thielen,2022,5
00-0030035,A.Thielen,2022,6
00-0030035,A.Thielen,2022,8
00-0030035,A.Thielen,2022,9
00-0030035,A.Thielen,2022,10
00-0030035,A.Thielen,2022,11
00-0030035,A.Thielen,2022,12
00-0030035,A.Thielen,2022,13
00-0030035,A.Thielen,2022,14
00-0030035,A.Thielen,2022,15
00-0030035,A.Thielen,2022,16
00-0030035,A.Thielen,2022,17
00-0030035,A.Thielen,2022,18
00-0030035,A.Thielen,2022,19
00-0030061,Z.Ertz,2015,10
00-0030061,Z.Ertz,2015,11
00-0030061,Z.Ertz,2015,13
00-0030061,Z.Ertz,2015,14
00-0030061,Z.Ertz,2015,15
00-0030061,Z.Ertz,2015,16
00-0030061,Z.Ertz,2015,17
00-0030061,Z.Ertz,2016,1
00-0030061,Z.Ertz,2016,5
00-0030061,Z.Ertz,2016,6
00-0030061,Z.Ertz,2016,7
00-0030061,Z.Ertz,2016,8
00-0030061,Z.Ertz,2016,9
00-0030061,Z.Ertz,2016,10
00-0030061,Z.Ertz,2016,11
00-0030061,Z.Ertz,2016,12
00-0030061,Z.Ertz,2016,13
00-0030061,Z.Ertz,2016,14
00-0030061,Z.Ertz,2016,15
00-0030061,Z.Ertz,2016,16
00-0030061,Z.Ertz,2016,17
00-0030061,Z.Ertz,2017,1
00-0030061,Z.Ertz,2017,2
00-0030061,Z.Ertz,2017,3
00-0030061,Z.Ertz,2017,4
00-0030061,Z.Ertz,2017,5
00-0030061,Z.Ertz,2017,6
00-0030061,Z.Ertz,2017,7
00-0030061,Z.Ertz,2017,8
00-0030061,Z.Ertz,2017,11
00-0030061,Z.Ertz,2017,12
00-0030061,Z.Ertz,2017,13
00-0030061,Z.Ertz,2017,15
00-0030061,Z.Ertz,2017,16
00-0030061,Z.Ertz,2017,17
00-0030061,Z.Ertz,2017,19
00-0030061,Z.Ertz,2017,20
00-0030061,Z.Ertz,2017,21
00-0030061,Z.Ertz,2018,1
00-0030061,Z.Ertz,2018,2
00-0030061,Z.Ertz,2018,3
00-0030061,Z.Ertz,2018,4
00-0030061,Z.Ertz,2018,5
00-0030061,Z.Ertz,2018,6
00-0030061,Z.Ertz,2018,7
00-0030061,Z.Ertz,2018,8
00-0030061,Z.Ertz,2018,10
00-0030061,Z.Ertz,2018,11
00-0030061,Z.Ertz,2018,12
00-0030061,Z.Ertz,2018,13
00-0030061,Z.Ertz,2018,14
00-0030061,Z.Ertz,2018,15
00-0030061,Z.Ertz,2018,16
00-0030061,Z.Ertz,2018,17
00-0030061,Z.Ertz,2018,18
00-0030061,Z.Ertz,2018,19
00-0030061,Z.Ertz,2019,1
00-0030061,Z.Ertz,2019,2
00-0030061,Z.Ertz,2019,3
00-0030061,Z.Ertz,2019,4
00-0030061,Z.Ertz,2019,5
00-0030061,Z.Ertz,2019,6
00-0030061,Z.Ertz,2019,7
00-0030061,Z.Ertz,2019,8
00-0030061,Z.Ertz,2019,9
00-0030061,Z.Ertz,2019,11
00-0030061,Z.Ertz,2019,12
00-0030061,Z.Ertz,2019,13
00-0030061,Z.Ertz,2019,14
00-0030061,Z.Ertz,2019,15
00-0030061,Z.Ertz,2019,16
00-0030061,Z.Ertz,2019,18
00-0030061,Z.Ertz,2020,1
00-0030061,Z.Ertz,2020,2
00-0030061,Z.Ertz,2020,3
00-0030061,Z.Ertz,2020,4
00-0030061,Z.Ertz,2020,5
00-0030061,Z.Ertz,2020,6
00-0030061,Z.Ertz,2020,13
00-0030061,Z.Ertz,2020,14
00-0030061,Z.Ertz,2020,15
00-0030061,Z.Ertz,2020,16
00-0030061,Z.Ertz,2020,17
00-0030061,Z.Ertz,2021,1
00-0030061,Z.Ertz,2021,2
00-0030061,Z.Ertz,2021,3
00-0030061,Z.Ertz,2021,4
00-0030061,Z.Ertz,2021,5
00-0030061,Z.Ertz,2021,6
00-0030061,Z.Ertz,2021,7
00-0030061,Z.Ertz,2021,8
00-0030061,Z.Ertz,2021,9
00-0030061,Z.Ertz,2021,10
00-0030061,Z.Ertz,2021,11
00-0030061,Z.Ertz,2021,13
00-0030061,Z.Ertz,2021,14
00-0030061,Z.Ertz,2021,15
00-0030061,Z.Ertz,2021,16
00-0030061,Z.Ertz,2021,17
00-0030061,Z.Ertz,2021,18
00-0030061,Z.Ertz,2021,19
00-0030061,Z.Ertz,2022,1
00-0030061,Z.Ertz,2022,2
00-0030061,Z.Ertz,2022,3
00-0030061,Z.Ertz,2022,4
00-0030061,Z.Ertz,2022,5
00-0030061,Z.Ertz,2022,6
00-0030061,Z.Ertz,2022,7
00-0030061,Z.Ertz,2022,8
00-0030061,Z.Ertz,2022,9
00-0030061,Z.Ertz,2022,10
00-0030068,M.Goodwin,2016,11
00-0030068,M.Goodwin,2016,12
00-0030068,M.Goodwin,2016,13
00-0030068,M.Goodwin,2016,14
00-0030068,M.Goodwin,2016,15
00-0030068,M.Goodwin,2016,16
00-0030068,M.Goodwin,2016,17
00-0030068,M.Goodwin,2017,1
00-0030068,M.Goodwin,2017,2
00-0030068,M.Goodwin,2017,3
00-0030068,M.Goodwin,2017,4
00-0030068,M.Goodwin,2017,5
00-0030068,M.Goodwin,2017,6
00-0030068,M.Goodwin,2017,7
00-0030068,M.Goodwin,2017,8
00-0030068,M.Goodwin,2017,9
00-0030068,M.Goodwin,2017,10
00-0030068,M.Goodwin,2017,12
00-0030068,M.Goodwin,2017,13
00-0030068,M.Goodwin,2017,14
00-0030068,M.Goodwin,2017,15
00-0030068,M.Goodwin,2017,16
00-0030068,M.Goodwin,2017,17
00-0030068,M.Goodwin,2018,1
00-0030068,M.Goodwin,2018,3
00-0030068,M.Goodwin,2018,4
00-0030068,M.Goodwin,2018,6
00-0030068,M.Goodwin,2018,7
00-0030068,M.Goodwin,2018,8
00-0030068,M.Goodwin,2018,9
00-0030068,M.Goodwin,2018,10
00-0030068,M.Goodwin,2018,14
00-0030068,M.Goodwin,2018,15
00-0030068,M.Goodwin,2018,16
00-0030068,M.Goodwin,2019,1
00-0030068,M.Goodwin,2019,2
00-0030068,M.Goodwin,2019,3
00-0030068,M.Goodwin,2019,5
00-0030068,M.Goodwin,2019,6
00-0030068,M.Goodwin,2019,7
00-0030068,M.Goodwin,2019,10
00-0030068,M.Goodwin,2019,11
00-0030068,M.Goodwin,2021,1
00-0030068,M.Goodwin,2021,2
00-0030068,M.Goodwin,2021,3
00-0030068,M.Goodwin,2021,4
00-0030068,M.Goodwin,2021,5
00-0030068,M.Goodwin,2021,6
00-0030068,M.Goodwin,2021,7
00-0030068,M.Goodwin,2021,8
00-0030068,M.Goodwin,2021,9
00-0030068,M.Goodwin,2021,11
00-0030068,M.Goodwin,2021,12
00-0030068,M.Goodwin,2021,16
00-0030068,M.Goodwin,2021,17
00-0030068,M.Goodwin,2021,18
00-0030068,M.Goodwin,2022,1
00-0030068,M.Goodwin,2022,2
00-0030068,M.Goodwin,2022,3
00-0030068,M.Goodwin,2022,6
00-0030068,M.Goodwin,2022,7
00-0030068,M.Goodwin,2022,8
00-0030068,M.Goodwin,2022,10
00-0030068,M.Goodwin,2022,12
00-0030068,M.Goodwin,2022,13
00-0030068,M.Goodwin,2022,14
00-0030068,M.Goodwin,2022,15
00-0030068,M.Goodwin,2022,16
00-0030085,K.Stills,2015,11
00-0030085,K.Stills,2015,12
00-0030085,K.Stills,2015,13
00-0030085,K.Stills,2015,14
00-0030085,K.Stills,2015,15
00-0030085,K.Stills,2015,16
00-0030085,K.Stills,2015,17
00-0030085,K.Stills,2016,1
00-0030085,K.Stills,2016,2
00-0030085,K.Stills,2016,3
00-0030085,K.Stills,2016,4
00-0030085,K.Stills,2016,5
00-0030085,K.Stills,2016,6
00-0030085,K.Stills,2016,7
00-0030085,K.Stills,2016,9
00-0030085,K.Stills,2016,10
00-0030085,K.Stills,2016,11
00-0030085,K.Stills,2016,12
00-0030085,K.Stills,2016,13
00-0030085,K.Stills,2016,14
00-0030085,K.Stills,2016,15
00-0030085,K.Stills,2016,16
00-0030085,K.Stills,2016,17
00-0030085,K.Stills,2016,18
00-0030085,K.Stills,2017,2
00-0030085,K.Stills,2017,3
00-0030085,K.Stills,2017,4
00-0030085,K.Stills,2017,5
00-0030085,K.Stills,2017,6
00-0030085,K.Stills,2017,7
00-0030085,K.Stills,2017,8
00-0030085,K.Stills,2017,9
00-0030085,K.Stills,2017,10
00-0030085,K.Stills,2017,11
00-0030085,K.Stills,2017,12
00-0030085,K.Stills,2017,13
00-0030085,K.Stills,2017,14
00-0030085,K.Stills,2017,15
00-0030085,K.Stills,2017,16
00-0030085,K.Stills,2017,17
00-0030085,K.Stills,2018,1
00-0030085,K.Stills,2018,2
00-0030085,K.Stills,2018,3
00-0030085,K.Stills,2018,4
00-0030085,K.Stills,2018,5
00-0030085,K.Stills,2018,6
00-0030085,K.Stills,2018,7
00-0030085,K.Stills,2018,9
00-0030085,K.Stills,2018,10
00-0030085,K.Stills,2018,12
00-0030085,K.Stills,2018,13
00-0030085,K.Stills,2018,14
00-0030085,K.Stills,2018,15
00-0030085,K.Stills,2018,16
00-0030085,K.Stills,2018,17
00-0030085,K.Stills,2019,1
00-0030085,K.Stills,2019,2
00-0030085,K.Stills,2019,3
00-0030085,K.Stills,2019,4
00-0030085,K.Stills,2019,7
00-0030085,K.Stills,2019,8
00-0030085,K.Stills,2019,9
00-0030085,K.Stills,2019,11
00-0030085,K.Stills,2019,12
00-0030085,K.Stills,2019,13
00-0030085,K.Stills,2019,14
00-0030085,K.Stills,2019,15
00-0030085,K.Stills,2019,16
00-0030085,K.Stills,2019,18
00-0030085,K.Stills,2019,19
00-0030085,K.Stills,2020,1
00-0030085,K.Stills,2020,2
00-0030085,K.Stills,2020,3
00-0030085,K.Stills,2020,4
00-0030085,K.Stills,2020,5
00-0030085,K.Stills,2020,7
00-0030085,K.Stills,2020,10
00-0030085,K.Stills,2021,3
00-0030085,K.Stills,2021,4
00-0030085,K.Stills,2021,5
00-0030085,K.Stills,2021,7
00-0030085,K.Stills,2021,9
00-0030085,K.Stills,2021,13
00-0030085,K.Stills,2021,16
00-0030089,L.Willson,2015,12
00-0030089,L.Willson,2015,13
00-0030089,L.Willson,2015,14
00-0030089,L.Willson,2015,15
00-0030089,L.Willson,2015,16
00-0030089,L.Willson,2015,19
00-0030089,L.Willson,2016,1
00-0030089,L.Willson,2016,2
00-0030089,L.Willson,2016,3
00-0030089,L.Willson,2016,4
00-0030089,L.Willson,2016,6
00-0030089,L.Willson,2016,11
00-0030089,L.Willson,2016,12
00-0030089,L.Willson,2016,14
00-0030089,L.Willson,2016,15
00-0030089,L.Willson,2016,17
00-0030089,L.Willson,2016,18
00-0030089,L.Willson,2016,19
00-0030089,L.Willson,2017,1
00-0030089,L.Willson,2017,2
00-0030089,L.Willson,2017,3
00-0030089,L.Willson,2017,4
00-0030089,L.Willson,2017,5
00-0030089,L.Willson,2017,7
00-0030089,L.Willson,2017,8
00-0030089,L.Willson,2017,9
00-0030089,L.Willson,2017,11
00-0030089,L.Willson,2017,14
00-0030089,L.Willson,2017,15
00-0030089,L.Willson,2017,16
00-0030089,L.Willson,2017,17
00-0030089,L.Willson,2018,1
00-0030089,L.Willson,2018,2
00-0030089,L.Willson,2018,3
00-0030089,L.Willson,2018,4
00-0030089,L.Willson,2018,7
00-0030089,L.Willson,2018,8
00-0030089,L.Willson,2018,9
00-0030089,L.Willson,2018,11
00-0030089,L.Willson,2018,12
00-0030089,L.Willson,2018,13
00-0030089,L.Willson,2019,4
00-0030089,L.Willson,2019,5
00-0030089,L.Willson,2019,6
00-0030089,L.Willson,2019,7
00-0030089,L.Willson,2019,8
00-0030089,L.Willson,2019,9
00-0030089,L.Willson,2019,19
00-0030089,L.Willson,2020,12
00-0030089,L.Willson,2020,13
00-0030107,T.Riddick,2015,10
00-0030107,T.Riddick,2015,11
00-0030107,T.Riddick,2015,12
00-0030107,T.Riddick,2015,13
00-0030107,T.Riddick,2015,14
00-0030107,T.Riddick,2015,15
00-0030107,T.Riddick,2015,16
00-0030107,T.Riddick,2015,17
00-0030107,T.Riddick,2016,1
00-0030107,T.Riddick,2016,2
00-0030107,T.Riddick,2016,3
00-0030107,T.Riddick,2016,4
00-0030107,T.Riddick,2016,5
00-0030107,T.Riddick,2016,8
00-0030107,T.Riddick,2016,9
00-0030107,T.Riddick,2016,11
00-0030107,T.Riddick,2016,12
00-0030107,T.Riddick,2016,13
00-0030107,T.Riddick,2017,1
00-0030107,T.Riddick,2017,2
00-0030107,T.Riddick,2017,3
00-0030107,T.Riddick,2017,4
00-0030107,T.Riddick,2017,5
00-0030107,T.Riddick,2017,6
00-0030107,T.Riddick,2017,8
00-0030107,T.Riddick,2017,9
00-0030107,T.Riddick,2017,10
00-0030107,T.Riddick,2017,11
00-0030107,T.Riddick,2017,12
00-0030107,T.Riddick,2017,13
00-0030107,T.Riddick,2017,14
00-0030107,T.Riddick,2017,15
00-0030107,T.Riddick,2017,16
00-0030107,T.Riddick,2017,17
00-0030107,T.Riddick,2018,1
00-0030107,T.Riddick,2018,2
00-0030107,T.Riddick,2018,3
00-0030107,T.Riddick,2018,4
00-0030107,T.Riddick,2018,5
00-0030107,T.Riddick,2018,9
00-0030107,T.Riddick,2018,10
00-0030107,T.Riddick,2018,11
00-0030107,T.Riddick,2018,12
00-0030107,T.Riddick,2018,13
00-0030107,T.Riddick,2018,14
00-0030107,T.Riddick,2018,15
00-0030107,T.Riddick,2018,16
00-0030107,T.Riddick,2020,13
00-0030107,T.Riddick,2020,17
00-0030108,R.Griffin,2015,17
00-0030108,R.Griffin,2015,18
00-0030108,R.Griffin,2016,1
00-0030108,R.Griffin,2016,2
00-0030108,R.Griffin,2016,3
00-0030108,R.Griffin,2016,4
00-0030108,R.Griffin,2016,5
00-0030108,R.Griffin,2016,6
00-0030108,R.Griffin,2016,7
00-0030108,R.Griffin,2016,8
00-0030108,R.Griffin,2016,10
00-0030108,R.Griffin,2016,11
00-0030108,R.Griffin,2016,12
00-0030108,R.Griffin,2016,13
00-0030108,R.Griffin,2016,14
00-0030108,R.Griffin,2016,15
00-0030108,R.Griffin,2016,16
00-0030108,R.Griffin,2016,17
00-0030108,R.Griffin,2016,18
00-0030108,R.Griffin,2016,19
00-0030108,R.Griffin,2017,1
00-0030108,R.Griffin,2017,3
00-0030108,R.Griffin,2017,4
00-0030108,R.Griffin,2017,5
00-0030108,R.Griffin,2017,6
00-0030108,R.Griffin,2017,8
00-0030108,R.Griffin,2018,1
00-0030108,R.Griffin,2018,2
00-0030108,R.Griffin,2018,3
00-0030108,R.Griffin,2018,4
00-0030108,R.Griffin,2018,5
00-0030108,R.Griffin,2018,6
00-0030108,R.Griffin,2018,9
00-0030108,R.Griffin,2018,12
00-0030108,R.Griffin,2018,13
00-0030108,R.Griffin,2018,14
00-0030108,R.Griffin,2018,15
00-0030108,R.Griffin,2018,16
00-0030108,R.Griffin,2018,17
00-0030108,R.Griffin,2018,18
00-0030108,R.Griffin,2019,1
00-0030108,R.Griffin,2019,2
00-0030108,R.Griffin,2019,3
00-0030108,R.Griffin,2019,5
00-0030108,R.Griffin,2019,6
00-0030108,R.Griffin,2019,7
00-0030108,R.Griffin,2019,8
00-0030108,R.Griffin,2019,9
00-0030108,R.Griffin,2019,10
00-0030108,R.Griffin,2019,11
00-0030108,R.Griffin,2019,12
00-0030108,R.Griffin,2019,13
00-0030108,R.Griffin,2019,14
00-0030108,R.Griffin,2020,3
00-0030108,R.Griffin,2020,4
00-0030108,R.Griffin,2020,6
00-0030108,R.Griffin,2020,9
00-0030108,R.Griffin,2020,13
00-0030108,R.Griffin,2021,1
00-0030108,R.Griffin,2021,2
00-0030108,R.Griffin,2021,3
00-0030108,R.Griffin,2021,4
00-0030108,R.Griffin,2021,5
00-0030108,R.Griffin,2021,7
00-0030108,R.Griffin,2021,8
00-0030108,R.Griffin,2021,9
00-0030108,R.Griffin,2021,10
00-0030108,R.Griffin,2021,11
00-0030108,R.Griffin,2021,12
00-0030108,R.Griffin,2021,13
00-0030108,R.Griffin,2021,14
00-0030108,R.Griffin,2021,15
00-0030108,R.Griffin,2022,1
00-0030108,R.Griffin,2022,2
00-0030108,R.Griffin,2022,5
00-0030108,R.Griffin,2022,6
00-0030108,R.Griffin,2022,7
00-0030108,R.Griffin,2022,16
00-0030108,R.Griffin,2022,17
00-0030112,T.Bohanon,2017,7
00-0030112,T.Bohanon,2017,9
00-0030112,T.Bohanon,2017,10
00-0030112,T.Bohanon,2017,18
00-0030112,T.Bohanon,2017,19
00-0030112,T.Bohanon,2017,20
00-0030112,T.Bohanon,2018,3
00-0030112,T.Bohanon,2018,5
00-0030112,T.Bohanon,2018,7
00-0030112,T.Bohanon,2018,10
00-0030112,T.Bohanon,2018,12
00-0030112,T.Bohanon,2018,14
00-0030112,T.Bohanon,2018,16
00-0030113,C.Johnson,2016,3
00-0030113,C.Johnson,2016,4
00-0030113,C.Johnson,2016,5
00-0030113,C.Johnson,2016,7
00-0030113,C.Johnson,2016,9
00-0030113,C.Johnson,2016,12
00-0030113,C.Johnson,2016,13
00-0030113,C.Johnson,2016,14
00-0030113,C.Johnson,2016,15
00-0030113,C.Johnson,2016,16
00-0030113,C.Johnson,2016,17
00-0030147,R.Shepard,2016,2
00-0030147,R.Shepard,2016,3
00-0030147,R.Shepard,2016,7
00-0030147,R.Shepard,2016,8
00-0030147,R.Shepard,2016,11
00-0030147,R.Shepard,2016,12
00-0030147,R.Shepard,2016,13
00-0030147,R.Shepard,2016,14
00-0030147,R.Shepard,2016,15
00-0030147,R.Shepard,2016,16
00-0030147,R.Shepard,2016,17
00-0030147,R.Shepard,2017,1
00-0030147,R.Shepard,2017,2
00-0030147,R.Shepard,2017,3
00-0030147,R.Shepard,2017,4
00-0030147,R.Shepard,2017,5
00-0030147,R.Shepard,2017,6
00-0030147,R.Shepard,2017,7
00-0030147,R.Shepard,2017,8
00-0030147,R.Shepard,2017,9
00-0030147,R.Shepard,2017,10
00-0030147,R.Shepard,2017,13
00-0030147,R.Shepard,2017,18
00-0030147,R.Shepard,2018,2
00-0030147,R.Shepard,2018,4
00-0030147,R.Shepard,2018,5
00-0030147,R.Shepard,2018,12
00-0030147,R.Shepard,2018,13
00-0030147,R.Shepard,2018,14
00-0030147,R.Shepard,2018,15
00-0030147,R.Shepard,2019,2
00-0030147,R.Shepard,2019,3
00-0030155,D.Harris,2016,2
00-0030155,D.Harris,2016,3
00-0030155,D.Harris,2016,4
00-0030155,D.Harris,2016,6
00-0030155,D.Harris,2016,7
00-0030155,D.Harris,2016,8
00-0030155,D.Harris,2016,9
00-0030155,D.Harris,2016,10
00-0030155,D.Harris,2016,12
00-0030155,D.Harris,2016,13
00-0030155,D.Harris,2016,16
00-0030155,D.Harris,2016,17
00-0030155,D.Harris,2016,19
00-0030155,D.Harris,2017,1
00-0030155,D.Harris,2017,4
00-0030155,D.Harris,2017,5
00-0030155,D.Harris,2017,6
00-0030155,D.Harris,2017,7
00-0030155,D.Harris,2017,8
00-0030155,D.Harris,2017,9
00-0030155,D.Harris,2017,11
00-0030155,D.Harris,2017,12
00-0030155,D.Harris,2017,14
00-0030155,D.Harris,2017,15
00-0030155,D.Harris,2017,16
00-0030155,D.Harris,2017,17
00-0030155,D.Harris,2017,18
00-0030155,D.Harris,2018,3
00-0030155,D.Harris,2018,4
00-0030155,D.Harris,2018,5
00-0030155,D.Harris,2018,7
00-0030155,D.Harris,2018,9
00-0030155,D.Harris,2018,11
00-0030155,D.Harris,2018,13
00-0030155,D.Harris,2018,14
00-0030155,D.Harris,2018,15
00-0030155,D.Harris,2018,16
00-0030155,D.Harris,2018,19
00-0030155,D.Harris,2018,20
00-0030155,D.Harris,2019,1
00-0030155,D.Harris,2019,2
00-0030155,D.Harris,2019,3
00-0030155,D.Harris,2019,5
00-0030155,D.Harris,2019,6
00-0030155,D.Harris,2019,8
00-0030155,D.Harris,2019,9
00-0030155,D.Harris,2019,10
00-0030155,D.Harris,2019,12
00-0030155,D.Harris,2019,13
00-0030155,D.Harris,2019,15
00-0030155,D.Harris,2019,16
00-0030155,D.Harris,2019,17
00-0030155,D.Harris,2020,1
00-0030155,D.Harris,2020,2
00-0030155,D.Harris,2020,3
00-0030155,D.Harris,2020,4
00-0030155,D.Harris,2020,5
00-0030155,D.Harris,2020,6
00-0030155,D.Harris,2020,7
00-0030155,D.Harris,2021,1
00-0030155,D.Harris,2021,13
00-0030155,D.Harris,2021,16
00-0030181,J.Doyle,2016,2
00-0030181,J.Doyle,2016,3
00-0030181,J.Doyle,2016,4
00-0030181,J.Doyle,2016,5
00-0030181,J.Doyle,2016,6
00-0030181,J.Doyle,2016,7
00-0030181,J.Doyle,2016,8
00-0030181,J.Doyle,2016,9
00-0030181,J.Doyle,2016,11
00-0030181,J.Doyle,2016,12
00-0030181,J.Doyle,2016,13
00-0030181,J.Doyle,2016,14
00-0030181,J.Doyle,2016,15
00-0030181,J.Doyle,2016,16
00-0030181,J.Doyle,2016,17
00-0030181,J.Doyle,2017,1
00-0030181,J.Doyle,2017,2
00-0030181,J.Doyle,2017,3
00-0030181,J.Doyle,2017,4
00-0030181,J.Doyle,2017,6
00-0030181,J.Doyle,2017,7
00-0030181,J.Doyle,2017,8
00-0030181,J.Doyle,2017,9
00-0030181,J.Doyle,2017,10
00-0030181,J.Doyle,2017,12
00-0030181,J.Doyle,2017,13
00-0030181,J.Doyle,2017,14
00-0030181,J.Doyle,2017,15
00-0030181,J.Doyle,2017,16
00-0030181,J.Doyle,2017,17
00-0030181,J.Doyle,2018,1
00-0030181,J.Doyle,2018,2
00-0030181,J.Doyle,2018,8
00-0030181,J.Doyle,2018,10
00-0030181,J.Doyle,2018,11
00-0030181,J.Doyle,2018,12
00-0030181,J.Doyle,2019,1
00-0030181,J.Doyle,2019,2
00-0030181,J.Doyle,2019,3
00-0030181,J.Doyle,2019,4
00-0030181,J.Doyle,2019,5
00-0030181,J.Doyle,2019,7
00-0030181,J.Doyle,2019,8
00-0030181,J.Doyle,2019,9
00-0030181,J.Doyle,2019,10
00-0030181,J.Doyle,2019,12
00-0030181,J.Doyle,2019,13
00-0030181,J.Doyle,2019,14
00-0030181,J.Doyle,2019,15
00-0030181,J.Doyle,2019,16
00-0030181,J.Doyle,2019,17
00-0030181,J.Doyle,2020,1
00-0030181,J.Doyle,2020,4
00-0030181,J.Doyle,2020,5
00-0030181,J.Doyle,2020,6
00-0030181,J.Doyle,2020,8
00-0030181,J.Doyle,2020,9
00-0030181,J.Doyle,2020,11
00-0030181,J.Doyle,2020,12
00-0030181,J.Doyle,2020,13
00-0030181,J.Doyle,2020,14
00-0030181,J.Doyle,2020,15
00-0030181,J.Doyle,2020,16
00-0030181,J.Doyle,2020,17
00-0030181,J.Doyle,2020,18
00-0030181,J.Doyle,2021,1
00-0030181,J.Doyle,2021,2
00-0030181,J.Doyle,2021,3
00-0030181,J.Doyle,2021,4
00-0030181,J.Doyle,2021,5
00-0030181,J.Doyle,2021,6
00-0030181,J.Doyle,2021,7
00-0030181,J.Doyle,2021,8
00-0030181,J.Doyle,2021,9
00-0030181,J.Doyle,2021,10
00-0030181,J.Doyle,2021,11
00-0030181,J.Doyle,2021,12
00-0030181,J.Doyle,2021,13
00-0030181,J.Doyle,2021,15
00-0030181,J.Doyle,2021,18
00-0030216,J.Hill,2015,12
00-0030216,J.Hill,2015,13
00-0030216,J.Hill,2015,14
00-0030216,J.Hill,2015,16
00-0030216,J.Hill,2015,17
00-0030216,J.Hill,2016,6
00-0030216,J.Hill,2016,7
00-0030216,J.Hill,2016,8
00-0030216,J.Hill,2016,9
00-0030216,J.Hill,2016,10
00-0030216,J.Hill,2016,11
00-0030216,J.Hill,2016,12
00-0030216,J.Hill,2016,13
00-0030216,J.Hill,2017,2
00-0030216,J.Hill,2017,3
00-0030216,J.Hill,2017,8
00-0030216,J.Hill,2017,10
00-0030216,J.Hill,2017,11
00-0030216,J.Hill,2017,13
00-0030216,J.Hill,2017,14
00-0030216,J.Hill,2017,15
00-0030216,J.Hill,2017,16
00-0030216,J.Hill,2017,17
00-0030216,J.Hill,2017,18
00-0030216,J.Hill,2017,19
00-0030216,J.Hill,2018,1
00-0030216,J.Hill,2018,2
00-0030216,J.Hill,2018,3
00-0030216,J.Hill,2018,4
00-0030216,J.Hill,2018,5
00-0030216,J.Hill,2018,9
00-0030216,J.Hill,2018,11
00-0030216,J.Hill,2018,14
00-0030216,J.Hill,2018,15
00-0030216,J.Hill,2018,16
00-0030216,J.Hill,2018,17
00-0030216,J.Hill,2018,19
00-0030216,J.Hill,2018,20
00-0030216,J.Hill,2019,1
00-0030216,J.Hill,2019,3
00-0030216,J.Hill,2019,4
00-0030216,J.Hill,2019,5
00-0030216,J.Hill,2019,6
00-0030216,J.Hill,2019,7
00-0030216,J.Hill,2019,8
00-0030216,J.Hill,2019,11
00-0030216,J.Hill,2019,12
00-0030216,J.Hill,2019,13
00-0030216,J.Hill,2019,14
00-0030216,J.Hill,2019,15
00-0030216,J.Hill,2019,17
00-0030216,J.Hill,2019,18
00-0030216,J.Hill,2020,1
00-0030216,J.Hill,2020,2
00-0030216,J.Hill,2020,4
00-0030216,J.Hill,2020,5
00-0030216,J.Hill,2020,7
00-0030216,J.Hill,2020,8
00-0030216,J.Hill,2020,9
00-0030216,J.Hill,2020,14
00-0030216,J.Hill,2020,19
00-0030279,K.Allen,2016,1
00-0030279,K.Allen,2017,1
00-0030279,K.Allen,2017,2
00-0030279,K.Allen,2017,3
00-0030279,K.Allen,2017,4
00-0030279,K.Allen,2017,5
00-0030279,K.Allen,2017,6
00-0030279,K.Allen,2017,7
00-0030279,K.Allen,2017,8
00-0030279,K.Allen,2017,10
00-0030279,K.Allen,2017,11
00-0030279,K.Allen,2017,12
00-0030279,K.Allen,2017,13
00-0030279,K.Allen,2017,14
00-0030279,K.Allen,2017,15
00-0030279,K.Allen,2017,16
00-0030279,K.Allen,2017,17
00-0030279,K.Allen,2018,1
00-0030279,K.Allen,2018,2
00-0030279,K.Allen,2018,3
00-0030279,K.Allen,2018,4
00-0030279,K.Allen,2018,5
00-0030279,K.Allen,2018,6
00-0030279,K.Allen,2018,7
00-0030279,K.Allen,2018,9
00-0030279,K.Allen,2018,10
00-0030279,K.Allen,2018,11
00-0030279,K.Allen,2018,12
00-0030279,K.Allen,2018,13
00-0030279,K.Allen,2018,14
00-0030279,K.Allen,2018,16
00-0030279,K.Allen,2018,17
00-0030279,K.Allen,2018,18
00-0030279,K.Allen,2018,19
00-0030279,K.Allen,2019,1
00-0030279,K.Allen,2019,2
00-0030279,K.Allen,2019,3
00-0030279,K.Allen,2019,4
00-0030279,K.Allen,2019,5
00-0030279,K.Allen,2019,6
00-0030279,K.Allen,2019,7
00-0030279,K.Allen,2019,8
00-0030279,K.Allen,2019,9
00-0030279,K.Allen,2019,10
00-0030279,K.Allen,2019,11
00-0030279,K.Allen,2019,13
00-0030279,K.Allen,2019,14
00-0030279,K.Allen,2019,15
00-0030279,K.Allen,2019,16
00-0030279,K.Allen,2019,17
00-0030279,K.Allen,2020,1
00-0030279,K.Allen,2020,2
00-0030279,K.Allen,2020,3
00-0030279,K.Allen,2020,4
00-0030279,K.Allen,2020,5
00-0030279,K.Allen,2020,7
00-0030279,K.Allen,2020,8
00-0030279,K.Allen,2020,9
00-0030279,K.Allen,2020,10
00-0030279,K.Allen,2020,11
00-0030279,K.Allen,2020,12
00-0030279,K.Allen,2020,13
00-0030279,K.Allen,2020,14
00-0030279,K.Allen,2020,15
00-0030279,K.Allen,2021,1
00-0030279,K.Allen,2021,2
00-0030279,K.Allen,2021,3
00-0030279,K.Allen,2021,4
00-0030279,K.Allen,2021,5
00-0030279,K.Allen,2021,6
00-0030279,K.Allen,2021,8
00-0030279,K.Allen,2021,9
00-0030279,K.Allen,2021,10
00-0030279,K.Allen,2021,11
00-0030279,K.Allen,2021,12
00-0030279,K.Allen,2021,13
00-0030279,K.Allen,2021,15
00-0030279,K.Allen,2021,16
00-0030279,K.Allen,2021,17
00-0030279,K.Allen,2021,18
00-0030279,K.Allen,2022,1
00-0030279,K.Allen,2022,7
00-0030279,K.Allen,2022,11
00-0030279,K.Allen,2022,12
00-0030279,K.Allen,2022,13
00-0030279,K.Allen,2022,14
00-0030279,K.Allen,2022,15
00-0030279,K.Allen,2022,16
00-0030279,K.Allen,2022,17
00-0030279,K.Allen,2022,18
00-0030279,K.Allen,2022,19
00-0030287,A.Ellington,2015,17
00-0030287,A.Ellington,2015,19
00-0030287,A.Ellington,2015,20
00-0030287,A.Ellington,2016,1
00-0030287,A.Ellington,2016,2
00-0030287,A.Ellington,2016,4
00-0030287,A.Ellington,2016,7
00-0030287,A.Ellington,2016,8
00-0030287,A.Ellington,2016,11
00-0030287,A.Ellington,2016,12
00-0030287,A.Ellington,2016,13
00-0030287,A.Ellington,2016,15
00-0030287,A.Ellington,2016,17
00-0030287,A.Ellington,2017,1
00-0030287,A.Ellington,2017,2
00-0030287,A.Ellington,2017,3
00-0030287,A.Ellington,2017,4
00-0030287,A.Ellington,2017,5
00-0030287,A.Ellington,2017,6
00-0030287,A.Ellington,2017,9
00-0030287,A.Ellington,2017,10
00-0030287,A.Ellington,2017,13
00-0030287,A.Ellington,2017,14
00-0030287,A.Ellington,2017,17
00-0030288,R.Burkhead,2015,14
00-0030288,R.Burkhead,2015,16
00-0030288,R.Burkhead,2015,17
00-0030288,R.Burkhead,2015,18
00-0030288,R.Burkhead,2016,7
00-0030288,R.Burkhead,2016,11
00-0030288,R.Burkhead,2016,12
00-0030288,R.Burkhead,2016,13
00-0030288,R.Burkhead,2016,14
00-0030288,R.Burkhead,2016,15
00-0030288,R.Burkhead,2016,16
00-0030288,R.Burkhead,2016,17
00-0030288,R.Burkhead,2017,1
00-0030288,R.Burkhead,2017,2
00-0030288,R.Burkhead,2017,7
00-0030288,R.Burkhead,2017,8
00-0030288,R.Burkhead,2017,10
00-0030288,R.Burkhead,2017,11
00-0030288,R.Burkhead,2017,12
00-0030288,R.Burkhead,2017,13
00-0030288,R.Burkhead,2017,14
00-0030288,R.Burkhead,2017,15
00-0030288,R.Burkhead,2017,20
00-0030288,R.Burkhead,2017,21
00-0030288,R.Burkhead,2018,1
00-0030288,R.Burkhead,2018,3
00-0030288,R.Burkhead,2018,13
00-0030288,R.Burkhead,2018,14
00-0030288,R.Burkhead,2018,15
00-0030288,R.Burkhead,2018,16
00-0030288,R.Burkhead,2018,17
00-0030288,R.Burkhead,2018,19
00-0030288,R.Burkhead,2018,20
00-0030288,R.Burkhead,2018,21
00-0030288,R.Burkhead,2019,1
00-0030288,R.Burkhead,2019,2
00-0030288,R.Burkhead,2019,3
00-0030288,R.Burkhead,2019,4
00-0030288,R.Burkhead,2019,8
00-0030288,R.Burkhead,2019,9
00-0030288,R.Burkhead,2019,11
00-0030288,R.Burkhead,2019,12
00-0030288,R.Burkhead,2019,13
00-0030288,R.Burkhead,2019,14
00-0030288,R.Burkhead,2019,15
00-0030288,R.Burkhead,2019,16
00-0030288,R.Burkhead,2019,17
00-0030288,R.Burkhead,2019,18
00-0030288,R.Burkhead,2020,2
00-0030288,R.Burkhead,2020,3
00-0030288,R.Burkhead,2020,4
00-0030288,R.Burkhead,2020,7
00-0030288,R.Burkhead,2020,8
00-0030288,R.Burkhead,2020,9
00-0030288,R.Burkhead,2020,10
00-0030288,R.Burkhead,2020,11
00-0030288,R.Burkhead,2021,1
00-0030288,R.Burkhead,2021,3
00-0030288,R.Burkhead,2021,6
00-0030288,R.Burkhead,2021,8
00-0030288,R.Burkhead,2021,12
00-0030288,R.Burkhead,2021,13
00-0030288,R.Burkhead,2021,14
00-0030288,R.Burkhead,2021,15
00-0030288,R.Burkhead,2021,16
00-0030288,R.Burkhead,2021,17
00-0030288,R.Burkhead,2021,18
00-0030288,R.Burkhead,2022,1
00-0030288,R.Burkhead,2022,2
00-0030288,R.Burkhead,2022,3
00-0030288,R.Burkhead,2022,4
00-0030288,R.Burkhead,2022,5
00-0030288,R.Burkhead,2022,7
00-0030288,R.Burkhead,2022,8
00-0030288,R.Burkhead,2022,9
00-0030288,R.Burkhead,2022,10
00-0030288,R.Burkhead,2022,12
00-0030288,R.Burkhead,2022,14
00-0030288,R.Burkhead,2022,15
00-0030288,R.Burkhead,2022,16
00-0030288,R.Burkhead,2022,17
00-0030288,R.Burkhead,2022,18
00-0030290,C.Hamilton,2016,15
00-0030290,C.Hamilton,2016,16
00-0030290,C.Hamilton,2016,17
00-0030290,C.Hamilton,2016,18
00-0030290,C.Hamilton,2016,19
00-0030290,C.Hamilton,2016,20
00-0030290,C.Hamilton,2017,15
00-0030290,C.Hamilton,2017,17
00-0030300,Ja.Brown,2015,15
00-0030300,Ja.Brown,2015,17
00-0030300,Ja.Brown,2015,20
00-0030300,Ja.Brown,2016,1
00-0030300,Ja.Brown,2016,2
00-0030300,Ja.Brown,2016,3
00-0030300,Ja.Brown,2016,4
00-0030300,Ja.Brown,2016,5
00-0030300,Ja.Brown,2016,6
00-0030300,Ja.Brown,2017,2
00-0030300,Ja.Brown,2017,3
00-0030300,Ja.Brown,2017,4
00-0030300,Ja.Brown,2017,5
00-0030300,Ja.Brown,2017,6
00-0030300,Ja.Brown,2017,7
00-0030300,Ja.Brown,2017,9
00-0030300,Ja.Brown,2017,10
00-0030300,Ja.Brown,2017,11
00-0030300,Ja.Brown,2017,12
00-0030300,Ja.Brown,2017,14
00-0030300,Ja.Brown,2017,15
00-0030300,Ja.Brown,2017,16
00-0030300,Ja.Brown,2017,17
00-0030300,J.Brown,2018,1
00-0030300,J.Brown,2018,2
00-0030300,J.Brown,2018,3
00-0030300,J.Brown,2018,6
00-0030300,J.Brown,2018,9
00-0030300,J.Brown,2018,12
00-0030300,J.Brown,2018,13
00-0030300,J.Brown,2018,14
00-0030300,J.Brown,2018,16
00-0030300,J.Brown,2018,17
00-0030300,J.Brown,2019,3
00-0030300,J.Brown,2019,4
00-0030300,J.Brown,2019,5
00-0030300,J.Brown,2019,6
00-0030300,J.Brown,2019,7
00-0030300,J.Brown,2019,13
00-0030300,J.Brown,2019,15
00-0030300,J.Brown,2019,17
00-0030404,C.Thompson,2015,11
00-0030404,C.Thompson,2015,12
00-0030404,C.Thompson,2015,13
00-0030404,C.Thompson,2015,16
00-0030404,C.Thompson,2015,18
00-0030404,C.Thompson,2016,1
00-0030404,C.Thompson,2016,2
00-0030404,C.Thompson,2016,3
00-0030404,C.Thompson,2016,4
00-0030404,C.Thompson,2016,5
00-0030404,C.Thompson,2016,6
00-0030404,C.Thompson,2016,7
00-0030404,C.Thompson,2016,8
00-0030404,C.Thompson,2016,10
00-0030404,C.Thompson,2016,11
00-0030404,C.Thompson,2016,12
00-0030404,C.Thompson,2016,13
00-0030404,C.Thompson,2016,14
00-0030404,C.Thompson,2016,15
00-0030404,C.Thompson,2016,16
00-0030404,C.Thompson,2016,17
00-0030404,C.Thompson,2017,1
00-0030404,C.Thompson,2017,2
00-0030404,C.Thompson,2017,3
00-0030404,C.Thompson,2017,4
00-0030404,C.Thompson,2017,6
00-0030404,C.Thompson,2017,7
00-0030404,C.Thompson,2017,8
00-0030404,C.Thompson,2017,9
00-0030404,C.Thompson,2017,10
00-0030404,C.Thompson,2017,11
00-0030404,C.Thompson,2018,1
00-0030404,C.Thompson,2018,2
00-0030404,C.Thompson,2018,3
00-0030404,C.Thompson,2018,5
00-0030404,C.Thompson,2018,8
00-0030404,C.Thompson,2018,13
00-0030404,C.Thompson,2018,14
00-0030404,C.Thompson,2018,15
00-0030404,C.Thompson,2018,16
00-0030404,C.Thompson,2018,17
00-0030404,C.Thompson,2019,1
00-0030404,C.Thompson,2019,2
00-0030404,C.Thompson,2019,3
00-0030404,C.Thompson,2019,4
00-0030404,C.Thompson,2019,5
00-0030404,C.Thompson,2019,6
00-0030404,C.Thompson,2019,13
00-0030404,C.Thompson,2019,14
00-0030404,C.Thompson,2019,15
00-0030404,C.Thompson,2019,16
00-0030404,C.Thompson,2019,17
00-0030404,C.Thompson,2020,1
00-0030404,C.Thompson,2020,2
00-0030404,C.Thompson,2020,3
00-0030404,C.Thompson,2020,5
00-0030404,C.Thompson,2020,6
00-0030404,C.Thompson,2020,9
00-0030414,S.Ware,2016,7
00-0030414,S.Ware,2016,8
00-0030414,S.Ware,2016,10
00-0030414,S.Ware,2016,11
00-0030414,S.Ware,2016,12
00-0030414,S.Ware,2016,13
00-0030414,S.Ware,2016,14
00-0030414,S.Ware,2016,15
00-0030414,S.Ware,2016,16
00-0030414,S.Ware,2016,19
00-0030414,S.Ware,2018,1
00-0030414,S.Ware,2018,3
00-0030414,S.Ware,2018,5
00-0030414,S.Ware,2018,6
00-0030414,S.Ware,2018,7
00-0030414,S.Ware,2018,9
00-0030414,S.Ware,2018,10
00-0030414,S.Ware,2018,13
00-0030414,S.Ware,2018,14
00-0030414,S.Ware,2018,20
00-0030414,S.Ware,2019,14
00-0030414,S.Ware,2019,15
00-0030414,S.Ware,2019,16
00-0030422,D.Sims,2015,14
00-0030422,D.Sims,2015,15
00-0030422,D.Sims,2015,16
00-0030422,D.Sims,2015,17
00-0030422,D.Sims,2016,2
00-0030422,D.Sims,2016,3
00-0030422,D.Sims,2016,4
00-0030422,D.Sims,2016,5
00-0030422,D.Sims,2016,6
00-0030422,D.Sims,2016,10
00-0030422,D.Sims,2016,11
00-0030422,D.Sims,2016,12
00-0030422,D.Sims,2016,13
00-0030422,D.Sims,2016,14
00-0030422,D.Sims,2016,15
00-0030422,D.Sims,2016,16
00-0030422,D.Sims,2016,17
00-0030422,D.Sims,2016,18
00-0030422,D.Sims,2017,1
00-0030422,D.Sims,2017,2
00-0030422,D.Sims,2017,4
00-0030422,D.Sims,2017,5
00-0030422,D.Sims,2017,6
00-0030422,D.Sims,2017,8
00-0030422,D.Sims,2017,12
00-0030422,D.Sims,2017,13
00-0030422,D.Sims,2017,14
00-0030422,D.Sims,2017,15
00-0030422,D.Sims,2017,16
00-0030422,D.Sims,2017,17
00-0030422,D.Sims,2018,1
00-0030422,D.Sims,2018,7
00-0030431,R.Woods,2015,10
00-0030431,R.Woods,2015,11
00-0030431,R.Woods,2015,12
00-0030431,R.Woods,2015,13
00-0030431,R.Woods,2015,14
00-0030431,R.Woods,2015,15
00-0030431,R.Woods,2016,1
00-0030431,R.Woods,2016,2
00-0030431,R.Woods,2016,3
00-0030431,R.Woods,2016,4
00-0030431,R.Woods,2016,5
00-0030431,R.Woods,2016,6
00-0030431,R.Woods,2016,8
00-0030431,R.Woods,2016,9
00-0030431,R.Woods,2016,11
00-0030431,R.Woods,2016,14
00-0030431,R.Woods,2016,15
00-0030431,R.Woods,2016,16
00-0030431,R.Woods,2016,17
00-0030431,R.Woods,2017,1
00-0030431,R.Woods,2017,2
00-0030431,R.Woods,2017,3
00-0030431,R.Woods,2017,4
00-0030431,R.Woods,2017,5
00-0030431,R.Woods,2017,6
00-0030431,R.Woods,2017,7
00-0030431,R.Woods,2017,9
00-0030431,R.Woods,2017,10
00-0030431,R.Woods,2017,11
00-0030431,R.Woods,2017,15
00-0030431,R.Woods,2017,16
00-0030431,R.Woods,2017,18
00-0030431,R.Woods,2018,1
00-0030431,R.Woods,2018,2
00-0030431,R.Woods,2018,3
00-0030431,R.Woods,2018,4
00-0030431,R.Woods,2018,5
00-0030431,R.Woods,2018,6
00-0030431,R.Woods,2018,7
00-0030431,R.Woods,2018,8
00-0030431,R.Woods,2018,9
00-0030431,R.Woods,2018,10
00-0030431,R.Woods,2018,11
00-0030431,R.Woods,2018,13
00-0030431,R.Woods,2018,14
00-0030431,R.Woods,2018,15
00-0030431,R.Woods,2018,16
00-0030431,R.Woods,2018,17
00-0030431,R.Woods,2018,19
00-0030431,R.Woods,2018,20
00-0030431,R.Woods,2018,21
00-0030431,R.Woods,2019,1
00-0030431,R.Woods,2019,2
00-0030431,R.Woods,2019,3
00-0030431,R.Woods,2019,4
00-0030431,R.Woods,2019,5
00-0030431,R.Woods,2019,6
00-0030431,R.Woods,2019,7
00-0030431,R.Woods,2019,8
00-0030431,R.Woods,2019,10
00-0030431,R.Woods,2019,12
00-0030431,R.Woods,2019,13
00-0030431,R.Woods,2019,14
00-0030431,R.Woods,2019,15
00-0030431,R.Woods,2019,16
00-0030431,R.Woods,2019,17
00-0030431,R.Woods,2020,1
00-0030431,R.Woods,2020,2
00-0030431,R.Woods,2020,3
00-0030431,R.Woods,2020,4
00-0030431,R.Woods,2020,5
00-0030431,R.Woods,2020,6
00-0030431,R.Woods,2020,7
00-0030431,R.Woods,2020,8
00-0030431,R.Woods,2020,10
00-0030431,R.Woods,2020,11
00-0030431,R.Woods,2020,12
00-0030431,R.Woods,2020,13
00-0030431,R.Woods,2020,14
00-0030431,R.Woods,2020,15
00-0030431,R.Woods,2020,16
00-0030431,R.Woods,2020,17
00-0030431,R.Woods,2020,18
00-0030431,R.Woods,2020,19
00-0030431,R.Woods,2021,1
00-0030431,R.Woods,2021,2
00-0030431,R.Woods,2021,3
00-0030431,R.Woods,2021,4
00-0030431,R.Woods,2021,5
00-0030431,R.Woods,2021,6
00-0030431,R.Woods,2021,7
00-0030431,R.Woods,2021,8
00-0030431,R.Woods,2021,9
00-0030431,R.Woods,2022,1
00-0030431,R.Woods,2022,2
00-0030431,R.Woods,2022,3
00-0030431,R.Woods,2022,4
00-0030431,R.Woods,2022,5
00-0030431,R.Woods,2022,7
00-0030431,R.Woods,2022,8
00-0030431,R.Woods,2022,9
00-0030431,R.Woods,2022,10
00-0030431,R.Woods,2022,11
00-0030431,R.Woods,2022,12
00-0030431,R.Woods,2022,13
00-0030431,R.Woods,2022,14
00-0030431,R.Woods,2022,15
00-0030431,R.Woods,2022,16
00-0030431,R.Woods,2022,17
00-0030431,R.Woods,2022,18
00-0030432,C.Michael,2016,3
00-0030432,C.Michael,2016,4
00-0030432,C.Michael,2016,6
00-0030432,C.Michael,2016,7
00-0030432,C.Michael,2016,8
00-0030432,C.Michael,2016,10
00-0030432,C.Michael,2016,16
00-0030432,C.Michael,2016,17
00-0030432,C.Michael,2016,20
00-0030443,L.Toilolo,2015,17
00-0030443,L.Toilolo,2016,2
00-0030443,L.Toilolo,2016,4
00-0030443,L.Toilolo,2016,5
00-0030443,L.Toilolo,2016,6
00-0030443,L.Toilolo,2016,7
00-0030443,L.Toilolo,2016,8
00-0030443,L.Toilolo,2016,9
00-0030443,L.Toilolo,2016,12
00-0030443,L.Toilolo,2016,13
00-0030443,L.Toilolo,2016,14
00-0030443,L.Toilolo,2016,15
00-0030443,L.Toilolo,2016,16
00-0030443,L.Toilolo,2016,17
00-0030443,L.Toilolo,2016,19
00-0030443,L.Toilolo,2016,20
00-0030443,L.Toilolo,2017,1
00-0030443,L.Toilolo,2017,4
00-0030443,L.Toilolo,2017,8
00-0030443,L.Toilolo,2017,9
00-0030443,L.Toilolo,2017,10
00-0030443,L.Toilolo,2017,11
00-0030443,L.Toilolo,2017,13
00-0030443,L.Toilolo,2017,14
00-0030443,L.Toilolo,2017,19
00-0030443,L.Toilolo,2018,1
00-0030443,L.Toilolo,2018,4
00-0030443,L.Toilolo,2018,5
00-0030443,L.Toilolo,2018,8
00-0030443,L.Toilolo,2018,10
00-0030443,L.Toilolo,2018,11
00-0030443,L.Toilolo,2018,13
00-0030443,L.Toilolo,2018,14
00-0030443,L.Toilolo,2018,15
00-0030443,L.Toilolo,2018,16
00-0030443,L.Toilolo,2018,17
00-0030443,L.Toilolo,2019,6
00-0030443,L.Toilolo,2019,7
00-0030443,L.Toilolo,2020,1
00-0030443,L.Toilolo,2020,8
00-0030443,L.Toilolo,2020,9
00-0030443,L.Toilolo,2020,15
00-0030443,L.Toilolo,2020,17
00-0030450,Q.Patton,2015,9
00-0030450,Q.Patton,2015,11
00-0030450,Q.Patton,2015,12
00-0030450,Q.Patton,2015,14
00-0030450,Q.Patton,2015,15
00-0030450,Q.Patton,2015,16
00-0030450,Q.Patton,2015,17
00-0030450,Q.Patton,2016,1
00-0030450,Q.Patton,2016,2
00-0030450,Q.Patton,2016,3
00-0030450,Q.Patton,2016,4
00-0030450,Q.Patton,2016,5
00-0030450,Q.Patton,2016,6
00-0030450,Q.Patton,2016,7
00-0030450,Q.Patton,2016,9
00-0030450,Q.Patton,2016,10
00-0030450,Q.Patton,2016,11
00-0030450,Q.Patton,2016,12
00-0030450,Q.Patton,2016,14
00-0030450,Q.Patton,2016,15
00-0030456,G.Bernard,2015,11
00-0030456,G.Bernard,2015,12
00-0030456,G.Bernard,2015,13
00-0030456,G.Bernard,2015,14
00-0030456,G.Bernard,2015,15
00-0030456,G.Bernard,2015,16
00-0030456,G.Bernard,2015,17
00-0030456,G.Bernard,2015,18
00-0030456,G.Bernard,2016,1
00-0030456,G.Bernard,2016,2
00-0030456,G.Bernard,2016,3
00-0030456,G.Bernard,2016,4
00-0030456,G.Bernard,2016,5
00-0030456,G.Bernard,2016,6
00-0030456,G.Bernard,2016,7
00-0030456,G.Bernard,2016,8
00-0030456,G.Bernard,2016,10
00-0030456,G.Bernard,2016,11
00-0030456,G.Bernard,2017,1
00-0030456,G.Bernard,2017,2
00-0030456,G.Bernard,2017,3
00-0030456,G.Bernard,2017,4
00-0030456,G.Bernard,2017,5
00-0030456,G.Bernard,2017,7
00-0030456,G.Bernard,2017,8
00-0030456,G.Bernard,2017,9
00-0030456,G.Bernard,2017,10
00-0030456,G.Bernard,2017,11
00-0030456,G.Bernard,2017,12
00-0030456,G.Bernard,2017,13
00-0030456,G.Bernard,2017,14
00-0030456,G.Bernard,2017,15
00-0030456,G.Bernard,2017,16
00-0030456,G.Bernard,2017,17
00-0030456,G.Bernard,2018,1
00-0030456,G.Bernard,2018,2
00-0030456,G.Bernard,2018,3
00-0030456,G.Bernard,2018,4
00-0030456,G.Bernard,2018,10
00-0030456,G.Bernard,2018,11
00-0030456,G.Bernard,2018,12
00-0030456,G.Bernard,2018,13
00-0030456,G.Bernard,2018,14
00-0030456,G.Bernard,2018,15
00-0030456,G.Bernard,2018,16
00-0030456,G.Bernard,2018,17
00-0030456,G.Bernard,2019,1
00-0030456,G.Bernard,2019,2
00-0030456,G.Bernard,2019,3
00-0030456,G.Bernard,2019,4
00-0030456,G.Bernard,2019,5
00-0030456,G.Bernard,2019,6
00-0030456,G.Bernard,2019,7
00-0030456,G.Bernard,2019,8
00-0030456,G.Bernard,2019,10
00-0030456,G.Bernard,2019,11
00-0030456,G.Bernard,2019,12
00-0030456,G.Bernard,2019,13
00-0030456,G.Bernard,2019,14
00-0030456,G.Bernard,2019,15
00-0030456,G.Bernard,2019,16
00-0030456,G.Bernard,2019,17
00-0030456,G.Bernard,2020,1
00-0030456,G.Bernard,2020,2
00-0030456,G.Bernard,2020,3
00-0030456,G.Bernard,2020,5
00-0030456,G.Bernard,2020,6
00-0030456,G.Bernard,2020,7
00-0030456,G.Bernard,2020,8
00-0030456,G.Bernard,2020,10
00-0030456,G.Bernard,2020,11
00-0030456,G.Bernard,2020,12
00-0030456,G.Bernard,2020,13
00-0030456,G.Bernard,2020,14
00-0030456,G.Bernard,2020,15
00-0030456,G.Bernard,2020,16
00-0030456,G.Bernard,2020,17
00-0030456,G.Bernard,2021,1
00-0030456,G.Bernard,2021,2
00-0030456,G.Bernard,2021,3
00-0030456,G.Bernard,2021,5
00-0030456,G.Bernard,2021,6
00-0030456,G.Bernard,2021,7
00-0030456,G.Bernard,2021,8
00-0030456,G.Bernard,2021,10
00-0030456,G.Bernard,2021,11
00-0030456,G.Bernard,2021,13
00-0030456,G.Bernard,2021,19
00-0030456,G.Bernard,2021,20
00-0030456,G.Bernard,2022,18
00-0030460,M.Wheaton,2015,9
00-0030460,M.Wheaton,2015,10
00-0030460,M.Wheaton,2015,12
00-0030460,M.Wheaton,2015,13
00-0030460,M.Wheaton,2015,14
00-0030460,M.Wheaton,2015,15
00-0030460,M.Wheaton,2015,16
00-0030460,M.Wheaton,2015,17
00-0030460,M.Wheaton,2015,18
00-0030460,M.Wheaton,2015,19
00-0030460,M.Wheaton,2016,3
00-0030460,M.Wheaton,2016,4
00-0030460,M.Wheaton,2016,5
00-0030460,M.Wheaton,2017,3
00-0030460,M.Wheaton,2017,4
00-0030460,M.Wheaton,2017,5
00-0030460,M.Wheaton,2017,11
00-0030460,M.Wheaton,2017,12
00-0030460,M.Wheaton,2017,15
00-0030460,M.Wheaton,2017,17
00-0030465,K.Barner,2016,13
00-0030465,K.Barner,2016,15
00-0030465,K.Barner,2017,6
00-0030465,K.Barner,2017,8
00-0030465,K.Barner,2017,11
00-0030465,K.Barner,2017,12
00-0030465,K.Barner,2017,13
00-0030465,K.Barner,2017,17
00-0030465,K.Barner,2018,16
00-0030465,K.Barner,2019,3
00-0030465,K.Barner,2019,7
00-0030465,K.Barner,2019,12
00-0030465,K.Barner,2019,13
00-0030465,K.Barner,2019,15
00-0030465,K.Barner,2020,4
00-0030470,V.McDonald,2015,11
00-0030470,V.McDonald,2015,12
00-0030470,V.McDonald,2015,13
00-0030470,V.McDonald,2015,15
00-0030470,V.McDonald,2015,16
00-0030470,V.McDonald,2015,17
00-0030470,V.McDonald,2016,1
00-0030470,V.McDonald,2016,2
00-0030470,V.McDonald,2016,3
00-0030470,V.McDonald,2016,6
00-0030470,V.McDonald,2016,7
00-0030470,V.McDonald,2016,9
00-0030470,V.McDonald,2016,10
00-0030470,V.McDonald,2016,11
00-0030470,V.McDonald,2016,12
00-0030470,V.McDonald,2016,13
00-0030470,V.McDonald,2017,1
00-0030470,V.McDonald,2017,4
00-0030470,V.McDonald,2017,5
00-0030470,V.McDonald,2017,6
00-0030470,V.McDonald,2017,7
00-0030470,V.McDonald,2017,10
00-0030470,V.McDonald,2017,14
00-0030470,V.McDonald,2017,16
00-0030470,V.McDonald,2017,17
00-0030470,V.McDonald,2017,19
00-0030470,V.McDonald,2018,2
00-0030470,V.McDonald,2018,3
00-0030470,V.McDonald,2018,4
00-0030470,V.McDonald,2018,5
00-0030470,V.McDonald,2018,6
00-0030470,V.McDonald,2018,8
00-0030470,V.McDonald,2018,9
00-0030470,V.McDonald,2018,10
00-0030470,V.McDonald,2018,11
00-0030470,V.McDonald,2018,12
00-0030470,V.McDonald,2018,13
00-0030470,V.McDonald,2018,14
00-0030470,V.McDonald,2018,15
00-0030470,V.McDonald,2018,16
00-0030470,V.McDonald,2018,17
00-0030470,V.McDonald,2019,1
00-0030470,V.McDonald,2019,2
00-0030470,V.McDonald,2019,3
00-0030470,V.McDonald,2019,5
00-0030470,V.McDonald,2019,6
00-0030470,V.McDonald,2019,8
00-0030470,V.McDonald,2019,9
00-0030470,V.McDonald,2019,10
00-0030470,V.McDonald,2019,11
00-0030470,V.McDonald,2019,12
00-0030470,V.McDonald,2019,13
00-0030470,V.McDonald,2019,14
00-0030470,V.McDonald,2019,16
00-0030470,V.McDonald,2019,17
00-0030470,V.McDonald,2020,1
00-0030470,V.McDonald,2020,2
00-0030470,V.McDonald,2020,3
00-0030470,V.McDonald,2020,5
00-0030470,V.McDonald,2020,7
00-0030470,V.McDonald,2020,9
00-0030470,V.McDonald,2020,14
00-0030470,V.McDonald,2020,16
00-0030470,V.McDonald,2020,17
00-0030470,V.McDonald,2020,18
00-0030472,J.Reed,2015,12
00-0030472,J.Reed,2015,13
00-0030472,J.Reed,2015,14
00-0030472,J.Reed,2015,15
00-0030472,J.Reed,2015,16
00-0030472,J.Reed,2015,17
00-0030472,J.Reed,2015,18
00-0030472,J.Reed,2016,1
00-0030472,J.Reed,2016,2
00-0030472,J.Reed,2016,3
00-0030472,J.Reed,2016,4
00-0030472,J.Reed,2016,5
00-0030472,J.Reed,2016,8
00-0030472,J.Reed,2016,10
00-0030472,J.Reed,2016,11
00-0030472,J.Reed,2016,12
00-0030472,J.Reed,2016,14
00-0030472,J.Reed,2016,15
00-0030472,J.Reed,2016,17
00-0030472,J.Reed,2017,1
00-0030472,J.Reed,2017,2
00-0030472,J.Reed,2017,4
00-0030472,J.Reed,2017,6
00-0030472,J.Reed,2017,7
00-0030472,J.Reed,2017,8
00-0030472,J.Reed,2018,1
00-0030472,J.Reed,2018,2
00-0030472,J.Reed,2018,3
00-0030472,J.Reed,2018,5
00-0030472,J.Reed,2018,6
00-0030472,J.Reed,2018,7
00-0030472,J.Reed,2018,8
00-0030472,J.Reed,2018,9
00-0030472,J.Reed,2018,10
00-0030472,J.Reed,2018,11
00-0030472,J.Reed,2018,12
00-0030472,J.Reed,2018,13
00-0030472,J.Reed,2018,14
00-0030472,J.Reed,2020,1
00-0030472,J.Reed,2020,2
00-0030472,J.Reed,2020,3
00-0030472,J.Reed,2020,9
00-0030472,J.Reed,2020,10
00-0030472,J.Reed,2020,12
00-0030472,J.Reed,2020,13
00-0030472,J.Reed,2020,14
00-0030472,J.Reed,2020,15
00-0030472,J.Reed,2020,16
00-0030485,E.Lacy,2015,12
00-0030485,E.Lacy,2015,13
00-0030485,E.Lacy,2015,14
00-0030485,E.Lacy,2015,16
00-0030485,E.Lacy,2015,17
00-0030485,E.Lacy,2015,19
00-0030485,E.Lacy,2016,1
00-0030485,E.Lacy,2016,2
00-0030485,E.Lacy,2016,3
00-0030485,E.Lacy,2016,5
00-0030485,E.Lacy,2016,6
00-0030485,E.Lacy,2017,5
00-0030485,E.Lacy,2017,7
00-0030485,E.Lacy,2017,9
00-0030485,E.Lacy,2017,12
00-0030496,L.Bell,2016,7
00-0030496,L.Bell,2016,9
00-0030496,L.Bell,2016,10
00-0030496,L.Bell,2016,11
00-0030496,L.Bell,2016,12
00-0030496,L.Bell,2016,13
00-0030496,L.Bell,2016,14
00-0030496,L.Bell,2016,15
00-0030496,L.Bell,2016,16
00-0030496,L.Bell,2016,18
00-0030496,L.Bell,2016,19
00-0030496,L.Bell,2017,1
00-0030496,L.Bell,2017,2
00-0030496,L.Bell,2017,3
00-0030496,L.Bell,2017,4
00-0030496,L.Bell,2017,5
00-0030496,L.Bell,2017,6
00-0030496,L.Bell,2017,7
00-0030496,L.Bell,2017,8
00-0030496,L.Bell,2017,10
00-0030496,L.Bell,2017,11
00-0030496,L.Bell,2017,12
00-0030496,L.Bell,2017,13
00-0030496,L.Bell,2017,14
00-0030496,L.Bell,2017,15
00-0030496,L.Bell,2017,16
00-0030496,L.Bell,2017,19
00-0030496,L.Bell,2019,1
00-0030496,L.Bell,2019,2
00-0030496,L.Bell,2019,3
00-0030496,L.Bell,2019,5
00-0030496,L.Bell,2019,6
00-0030496,L.Bell,2019,7
00-0030496,L.Bell,2019,8
00-0030496,L.Bell,2019,9
00-0030496,L.Bell,2019,10
00-0030496,L.Bell,2019,11
00-0030496,L.Bell,2019,12
00-0030496,L.Bell,2019,13
00-0030496,L.Bell,2019,15
00-0030496,L.Bell,2019,16
00-0030496,L.Bell,2019,17
00-0030496,L.Bell,2020,1
00-0030496,L.Bell,2020,5
00-0030496,L.Bell,2020,8
00-0030496,L.Bell,2020,9
00-0030496,L.Bell,2020,11
00-0030496,L.Bell,2020,12
00-0030496,L.Bell,2020,13
00-0030496,L.Bell,2020,14
00-0030496,L.Bell,2020,15
00-0030496,L.Bell,2020,16
00-0030496,L.Bell,2020,19
00-0030496,L.Bell,2021,4
00-0030496,L.Bell,2021,7
00-0030496,L.Bell,2021,17
00-0030496,L.Bell,2021,18
00-0030506,T.Kelce,2015,10
00-0030506,T.Kelce,2015,11
00-0030506,T.Kelce,2015,12
00-0030506,T.Kelce,2015,13
00-0030506,T.Kelce,2015,14
00-0030506,T.Kelce,2015,15
00-0030506,T.Kelce,2015,16
00-0030506,T.Kelce,2015,17
00-0030506,T.Kelce,2015,18
00-0030506,T.Kelce,2015,19
00-0030506,T.Kelce,2016,1
00-0030506,T.Kelce,2016,2
00-0030506,T.Kelce,2016,3
00-0030506,T.Kelce,2016,4
00-0030506,T.Kelce,2016,6
00-0030506,T.Kelce,2016,7
00-0030506,T.Kelce,2016,8
00-0030506,T.Kelce,2016,9
00-0030506,T.Kelce,2016,10
00-0030506,T.Kelce,2016,11
00-0030506,T.Kelce,2016,12
00-0030506,T.Kelce,2016,13
00-0030506,T.Kelce,2016,14
00-0030506,T.Kelce,2016,15
00-0030506,T.Kelce,2016,16
00-0030506,T.Kelce,2016,17
00-0030506,T.Kelce,2016,19
00-0030506,T.Kelce,2017,1
00-0030506,T.Kelce,2017,2
00-0030506,T.Kelce,2017,3
00-0030506,T.Kelce,2017,4
00-0030506,T.Kelce,2017,5
00-0030506,T.Kelce,2017,6
00-0030506,T.Kelce,2017,7
00-0030506,T.Kelce,2017,8
00-0030506,T.Kelce,2017,9
00-0030506,T.Kelce,2017,11
00-0030506,T.Kelce,2017,12
00-0030506,T.Kelce,2017,13
00-0030506,T.Kelce,2017,14
00-0030506,T.Kelce,2017,15
00-0030506,T.Kelce,2017,16
00-0030506,T.Kelce,2017,18
00-0030506,T.Kelce,2018,1
00-0030506,T.Kelce,2018,2
00-0030506,T.Kelce,2018,3
00-0030506,T.Kelce,2018,4
00-0030506,T.Kelce,2018,5
00-0030506,T.Kelce,2018,6
00-0030506,T.Kelce,2018,7
00-0030506,T.Kelce,2018,8
00-0030506,T.Kelce,2018,9
00-0030506,T.Kelce,2018,10
00-0030506,T.Kelce,2018,11
00-0030506,T.Kelce,2018,13
00-0030506,T.Kelce,2018,14
00-0030506,T.Kelce,2018,15
00-0030506,T.Kelce,2018,16
00-0030506,T.Kelce,2018,17
00-0030506,T.Kelce,2018,19
00-0030506,T.Kelce,2018,20
00-0030506,T.Kelce,2019,1
00-0030506,T.Kelce,2019,2
00-0030506,T.Kelce,2019,3
00-0030506,T.Kelce,2019,4
00-0030506,T.Kelce,2019,5
00-0030506,T.Kelce,2019,6
00-0030506,T.Kelce,2019,7
00-0030506,T.Kelce,2019,8
00-0030506,T.Kelce,2019,9
00-0030506,T.Kelce,2019,10
00-0030506,T.Kelce,2019,11
00-0030506,T.Kelce,2019,13
00-0030506,T.Kelce,2019,14
00-0030506,T.Kelce,2019,15
00-0030506,T.Kelce,2019,16
00-0030506,T.Kelce,2019,17
00-0030506,T.Kelce,2019,19
00-0030506,T.Kelce,2019,20
00-0030506,T.Kelce,2019,21
00-0030506,T.Kelce,2020,1
00-0030506,T.Kelce,2020,2
00-0030506,T.Kelce,2020,3
00-0030506,T.Kelce,2020,4
00-0030506,T.Kelce,2020,5
00-0030506,T.Kelce,2020,6
00-0030506,T.Kelce,2020,7
00-0030506,T.Kelce,2020,8
00-0030506,T.Kelce,2020,9
00-0030506,T.Kelce,2020,11
00-0030506,T.Kelce,2020,12
00-0030506,T.Kelce,2020,13
00-0030506,T.Kelce,2020,14
00-0030506,T.Kelce,2020,15
00-0030506,T.Kelce,2020,16
00-0030506,T.Kelce,2020,19
00-0030506,T.Kelce,2020,20
00-0030506,T.Kelce,2020,21
00-0030506,T.Kelce,2021,1
00-0030506,T.Kelce,2021,2
00-0030506,T.Kelce,2021,3
00-0030506,T.Kelce,2021,4
00-0030506,T.Kelce,2021,5
00-0030506,T.Kelce,2021,6
00-0030506,T.Kelce,2021,7
00-0030506,T.Kelce,2021,8
00-0030506,T.Kelce,2021,9
00-0030506,T.Kelce,2021,10
00-0030506,T.Kelce,2021,11
00-0030506,T.Kelce,2021,13
00-0030506,T.Kelce,2021,14
00-0030506,T.Kelce,2021,15
00-0030506,T.Kelce,2021,17
00-0030506,T.Kelce,2021,18
00-0030506,T.Kelce,2021,19
00-0030506,T.Kelce,2021,20
00-0030506,T.Kelce,2021,21
00-0030506,T.Kelce,2022,1
00-0030506,T.Kelce,2022,2
00-0030506,T.Kelce,2022,3
00-0030506,T.Kelce,2022,4
00-0030506,T.Kelce,2022,5
00-0030506,T.Kelce,2022,6
00-0030506,T.Kelce,2022,7
00-0030506,T.Kelce,2022,9
00-0030506,T.Kelce,2022,10
00-0030506,T.Kelce,2022,11
00-0030506,T.Kelce,2022,12
00-0030506,T.Kelce,2022,13
00-0030506,T.Kelce,2022,14
00-0030506,T.Kelce,2022,15
00-0030506,T.Kelce,2022,16
00-0030506,T.Kelce,2022,17
00-0030506,T.Kelce,2022,18
00-0030506,T.Kelce,2022,20
00-0030506,T.Kelce,2022,21
00-0030506,T.Kelce,2022,22
00-0030513,L.Murray,2015,10
00-0030513,L.Murray,2015,12
00-0030513,L.Murray,2015,13
00-0030513,L.Murray,2015,14
00-0030513,L.Murray,2015,15
00-0030513,L.Murray,2015,16
00-0030513,L.Murray,2015,17
00-0030513,L.Murray,2016,1
00-0030513,L.Murray,2016,2
00-0030513,L.Murray,2016,3
00-0030513,L.Murray,2016,4
00-0030513,L.Murray,2016,7
00-0030513,L.Murray,2016,8
00-0030513,L.Murray,2016,9
00-0030513,L.Murray,2016,11
00-0030513,L.Murray,2016,12
00-0030513,L.Murray,2016,13
00-0030513,L.Murray,2016,14
00-0030513,L.Murray,2016,15
00-0030513,L.Murray,2016,16
00-0030513,L.Murray,2016,17
00-0030513,L.Murray,2016,18
00-0030513,L.Murray,2017,4
00-0030513,L.Murray,2017,5
00-0030513,L.Murray,2017,6
00-0030513,L.Murray,2017,8
00-0030513,L.Murray,2017,11
00-0030513,L.Murray,2017,12
00-0030513,L.Murray,2017,13
00-0030513,L.Murray,2017,14
00-0030513,L.Murray,2017,15
00-0030513,L.Murray,2017,16
00-0030513,L.Murray,2017,17
00-0030513,L.Murray,2017,19
00-0030513,L.Murray,2017,20
00-0030513,L.Murray,2018,3
00-0030513,L.Murray,2018,4
00-0030513,L.Murray,2018,5
00-0030513,L.Murray,2018,6
00-0030513,L.Murray,2018,7
00-0030513,L.Murray,2018,8
00-0030513,L.Murray,2018,9
00-0030513,L.Murray,2018,13
00-0030513,L.Murray,2018,16
00-0030513,L.Murray,2019,1
00-0030513,L.Murray,2019,2
00-0030513,L.Murray,2019,4
00-0030513,L.Murray,2019,5
00-0030513,L.Murray,2019,6
00-0030513,L.Murray,2019,7
00-0030513,L.Murray,2019,8
00-0030513,L.Murray,2019,10
00-0030513,L.Murray,2019,11
00-0030513,L.Murray,2019,14
00-0030513,L.Murray,2019,15
00-0030513,L.Murray,2019,16
00-0030513,L.Murray,2019,17
00-0030513,L.Murray,2019,18
00-0030513,L.Murray,2020,1
00-0030513,L.Murray,2020,2
00-0030513,L.Murray,2020,3
00-0030513,L.Murray,2020,4
00-0030513,L.Murray,2020,5
00-0030513,L.Murray,2020,7
00-0030513,L.Murray,2020,8
00-0030513,L.Murray,2020,9
00-0030513,L.Murray,2020,11
00-0030513,L.Murray,2020,12
00-0030513,L.Murray,2020,13
00-0030513,L.Murray,2020,14
00-0030513,L.Murray,2020,15
00-0030513,L.Murray,2020,16
00-0030513,L.Murray,2020,18
00-0030513,L.Murray,2021,5
00-0030513,L.Murray,2021,6
00-0030513,L.Murray,2021,11
00-0030513,L.Murray,2021,13
00-0030513,L.Murray,2021,15
00-0030513,L.Murray,2021,16
00-0030513,L.Murray,2022,4
00-0030513,L.Murray,2022,6
00-0030513,L.Murray,2022,7
00-0030513,L.Murray,2022,8
00-0030513,L.Murray,2022,10
00-0030513,L.Murray,2022,11
00-0030513,L.Murray,2022,12
00-0030513,L.Murray,2022,13
00-0030513,L.Murray,2022,14
00-0030513,L.Murray,2022,15
00-0030513,L.Murray,2022,16
00-0030513,L.Murray,2022,17
00-0030513,L.Murray,2022,18
00-0030514,M.Rivera,2015,11
00-0030514,M.Rivera,2015,12
00-0030514,M.Rivera,2015,13
00-0030514,M.Rivera,2015,14
00-0030514,M.Rivera,2015,15
00-0030514,M.Rivera,2015,17
00-0030514,M.Rivera,2016,4
00-0030514,M.Rivera,2016,6
00-0030514,M.Rivera,2016,7
00-0030514,M.Rivera,2016,8
00-0030514,M.Rivera,2016,9
00-0030514,M.Rivera,2016,12
00-0030514,M.Rivera,2016,13
00-0030514,M.Rivera,2016,14
00-0030514,M.Rivera,2016,15
00-0030514,M.Rivera,2016,17
00-0030514,M.Rivera,2016,18
00-0030516,B.Butler,2016,4
00-0030516,B.Butler,2016,5
00-0030516,B.Butler,2016,6
00-0030516,B.Butler,2016,8
00-0030516,B.Butler,2016,9
00-0030516,B.Butler,2016,11
00-0030516,B.Butler,2016,12
00-0030516,B.Butler,2016,14
00-0030516,B.Butler,2016,15
00-0030516,B.Butler,2016,16
00-0030516,B.Butler,2016,17
00-0030516,B.Butler,2016,19
00-0030516,B.Butler,2017,1
00-0030516,B.Butler,2017,2
00-0030516,B.Butler,2017,3
00-0030516,B.Butler,2017,4
00-0030516,B.Butler,2017,5
00-0030516,B.Butler,2017,7
00-0030516,B.Butler,2017,8
00-0030516,B.Butler,2017,9
00-0030516,B.Butler,2017,10
00-0030516,B.Butler,2017,11
00-0030516,B.Butler,2017,12
00-0030516,B.Butler,2017,13
00-0030516,B.Butler,2017,17
00-0030516,B.Butler,2018,7
00-0030516,B.Butler,2018,12
00-0030516,B.Butler,2018,13
00-0030516,B.Butler,2018,14
00-0030516,B.Butler,2018,15
00-0030521,J.Hunter,2015,10
00-0030521,J.Hunter,2016,5
00-0030521,J.Hunter,2016,6
00-0030521,J.Hunter,2016,7
00-0030521,J.Hunter,2016,8
00-0030521,J.Hunter,2016,9
00-0030521,J.Hunter,2016,12
00-0030521,J.Hunter,2016,13
00-0030521,J.Hunter,2016,15
00-0030521,J.Hunter,2016,17
00-0030521,J.Hunter,2017,4
00-0030521,J.Hunter,2017,5
00-0030521,J.Hunter,2017,8
00-0030521,J.Hunter,2017,12
00-0030521,J.Hunter,2017,16
00-0030521,J.Hunter,2018,1
00-0030521,J.Hunter,2018,6
00-0030521,J.Hunter,2018,8
00-0030521,J.Hunter,2018,13
00-0030525,T.Austin,2015,10
00-0030525,T.Austin,2015,11
00-0030525,T.Austin,2015,12
00-0030525,T.Austin,2015,13
00-0030525,T.Austin,2015,14
00-0030525,T.Austin,2015,15
00-0030525,T.Austin,2015,16
00-0030525,T.Austin,2015,17
00-0030525,T.Austin,2016,1
00-0030525,T.Austin,2016,2
00-0030525,T.Austin,2016,3
00-0030525,T.Austin,2016,4
00-0030525,T.Austin,2016,5
00-0030525,T.Austin,2016,6
00-0030525,T.Austin,2016,7
00-0030525,T.Austin,2016,9
00-0030525,T.Austin,2016,10
00-0030525,T.Austin,2016,11
00-0030525,T.Austin,2016,12
00-0030525,T.Austin,2016,14
00-0030525,T.Austin,2016,15
00-0030525,T.Austin,2016,16
00-0030525,T.Austin,2016,17
00-0030525,T.Austin,2017,1
00-0030525,T.Austin,2017,2
00-0030525,T.Austin,2017,4
00-0030525,T.Austin,2017,5
00-0030525,T.Austin,2017,7
00-0030525,T.Austin,2017,12
00-0030525,T.Austin,2017,13
00-0030525,T.Austin,2017,17
00-0030525,T.Austin,2018,2
00-0030525,T.Austin,2018,3
00-0030525,T.Austin,2018,4
00-0030525,T.Austin,2018,5
00-0030525,T.Austin,2018,6
00-0030525,T.Austin,2018,17
00-0030525,T.Austin,2018,18
00-0030525,T.Austin,2018,19
00-0030525,T.Austin,2019,1
00-0030525,T.Austin,2019,4
00-0030525,T.Austin,2019,5
00-0030525,T.Austin,2019,6
00-0030525,T.Austin,2019,7
00-0030525,T.Austin,2019,11
00-0030525,T.Austin,2019,12
00-0030525,T.Austin,2019,13
00-0030525,T.Austin,2019,14
00-0030525,T.Austin,2019,15
00-0030525,T.Austin,2019,16
00-0030525,T.Austin,2019,17
00-0030525,T.Austin,2020,14
00-0030525,T.Austin,2020,16
00-0030525,T.Austin,2020,17
00-0030525,T.Austin,2021,4
00-0030525,T.Austin,2021,5
00-0030525,T.Austin,2021,6
00-0030525,T.Austin,2021,8
00-0030525,T.Austin,2021,11
00-0030525,T.Austin,2021,12
00-0030525,T.Austin,2021,13
00-0030525,T.Austin,2021,14
00-0030525,T.Austin,2021,15
00-0030525,T.Austin,2021,16
00-0030525,T.Austin,2021,17
00-0030542,T.Williams,2015,10
00-0030542,T.Williams,2015,11
00-0030542,T.Williams,2015,12
00-0030542,T.Williams,2015,13
00-0030542,T.Williams,2015,14
00-0030542,T.Williams,2015,15
00-0030542,T.Williams,2015,16
00-0030542,T.Williams,2015,17
00-0030542,T.Williams,2016,1
00-0030542,T.Williams,2016,3
00-0030542,T.Williams,2016,4
00-0030542,T.Williams,2016,5
00-0030542,T.Williams,2016,6
00-0030542,T.Williams,2016,8
00-0030542,T.Williams,2016,9
00-0030542,T.Williams,2016,10
00-0030542,T.Williams,2016,11
00-0030542,T.Williams,2016,12
00-0030542,T.Williams,2016,13
00-0030542,T.Williams,2016,14
00-0030542,T.Williams,2016,15
00-0030542,T.Williams,2016,16
00-0030542,T.Williams,2016,17
00-0030542,T.Williams,2016,19
00-0030542,T.Williams,2017,1
00-0030542,T.Williams,2017,2
00-0030542,T.Williams,2017,3
00-0030542,T.Williams,2017,4
00-0030542,T.Williams,2017,5
00-0030542,T.Williams,2017,7
00-0030542,T.Williams,2017,8
00-0030542,T.Williams,2017,9
00-0030542,T.Williams,2017,10
00-0030542,T.Williams,2017,11
00-0030542,T.Williams,2017,12
00-0030542,T.Williams,2017,13
00-0030542,T.Williams,2017,14
00-0030542,T.Williams,2017,15
00-0030542,T.Williams,2017,16
00-0030542,T.Williams,2017,17
00-0030542,T.Williams,2018,1
00-0030542,T.Williams,2018,2
00-0030549,T.Eifert,2015,10
00-0030549,T.Eifert,2015,11
00-0030549,T.Eifert,2015,12
00-0030549,T.Eifert,2015,14
00-0030549,T.Eifert,2015,17
00-0030549,T.Eifert,2015,18
00-0030549,T.Eifert,2016,7
00-0030549,T.Eifert,2016,8
00-0030549,T.Eifert,2016,10
00-0030549,T.Eifert,2016,11
00-0030549,T.Eifert,2016,12
00-0030549,T.Eifert,2016,13
00-0030549,T.Eifert,2016,14
00-0030549,T.Eifert,2016,15
00-0030549,T.Eifert,2017,1
00-0030549,T.Eifert,2017,2
00-0030549,T.Eifert,2018,1
00-0030549,T.Eifert,2018,2
00-0030549,T.Eifert,2018,3
00-0030549,T.Eifert,2018,4
00-0030549,T.Eifert,2019,1
00-0030549,T.Eifert,2019,2
00-0030549,T.Eifert,2019,3
00-0030549,T.Eifert,2019,4
00-0030549,T.Eifert,2019,5
00-0030549,T.Eifert,2019,6
00-0030549,T.Eifert,2019,7
00-0030549,T.Eifert,2019,8
00-0030549,T.Eifert,2019,10
00-0030549,T.Eifert,2019,11
00-0030549,T.Eifert,2019,12
00-0030549,T.Eifert,2019,13
00-0030549,T.Eifert,2019,14
00-0030549,T.Eifert,2019,15
00-0030549,T.Eifert,2019,16
00-0030549,T.Eifert,2019,17
00-0030549,T.Eifert,2020,1
00-0030549,T.Eifert,2020,2
00-0030549,T.Eifert,2020,3
00-0030549,T.Eifert,2020,4
00-0030549,T.Eifert,2020,5
00-0030549,T.Eifert,2020,9
00-0030549,T.Eifert,2020,10
00-0030549,T.Eifert,2020,11
00-0030549,T.Eifert,2020,12
00-0030549,T.Eifert,2020,13
00-0030549,T.Eifert,2020,14
00-0030549,T.Eifert,2020,15
00-0030549,T.Eifert,2020,16
00-0030549,T.Eifert,2020,17
00-0030564,D.Hopkins,2015,10
00-0030564,D.Hopkins,2015,11
00-0030564,D.Hopkins,2015,12
00-0030564,D.Hopkins,2015,13
00-0030564,D.Hopkins,2015,14
00-0030564,D.Hopkins,2015,15
00-0030564,D.Hopkins,2015,16
00-0030564,D.Hopkins,2015,17
00-0030564,D.Hopkins,2015,18
00-0030564,D.Hopkins,2016,1
00-0030564,D.Hopkins,2016,2
00-0030564,D.Hopkins,2016,3
00-0030564,D.Hopkins,2016,4
00-0030564,D.Hopkins,2016,5
00-0030564,D.Hopkins,2016,6
00-0030564,D.Hopkins,2016,7
00-0030564,D.Hopkins,2016,8
00-0030564,D.Hopkins,2016,10
00-0030564,D.Hopkins,2016,11
00-0030564,D.Hopkins,2016,12
00-0030564,D.Hopkins,2016,13
00-0030564,D.Hopkins,2016,14
00-0030564,D.Hopkins,2016,15
00-0030564,D.Hopkins,2016,16
00-0030564,D.Hopkins,2016,17
00-0030564,D.Hopkins,2016,18
00-0030564,D.Hopkins,2016,19
00-0030564,D.Hopkins,2017,1
00-0030564,D.Hopkins,2017,2
00-0030564,D.Hopkins,2017,3
00-0030564,D.Hopkins,2017,4
00-0030564,D.Hopkins,2017,5
00-0030564,D.Hopkins,2017,6
00-0030564,D.Hopkins,2017,8
00-0030564,D.Hopkins,2017,9
00-0030564,D.Hopkins,2017,10
00-0030564,D.Hopkins,2017,11
00-0030564,D.Hopkins,2017,12
00-0030564,D.Hopkins,2017,13
00-0030564,D.Hopkins,2017,14
00-0030564,D.Hopkins,2017,15
00-0030564,D.Hopkins,2017,16
00-0030564,D.Hopkins,2018,1
00-0030564,D.Hopkins,2018,2
00-0030564,D.Hopkins,2018,3
00-0030564,D.Hopkins,2018,4
00-0030564,D.Hopkins,2018,5
00-0030564,D.Hopkins,2018,6
00-0030564,D.Hopkins,2018,7
00-0030564,D.Hopkins,2018,8
00-0030564,D.Hopkins,2018,9
00-0030564,D.Hopkins,2018,11
00-0030564,D.Hopkins,2018,12
00-0030564,D.Hopkins,2018,13
00-0030564,D.Hopkins,2018,14
00-0030564,D.Hopkins,2018,15
00-0030564,D.Hopkins,2018,16
00-0030564,D.Hopkins,2018,17
00-0030564,D.Hopkins,2018,18
00-0030564,D.Hopkins,2019,1
00-0030564,D.Hopkins,2019,2
00-0030564,D.Hopkins,2019,3
00-0030564,D.Hopkins,2019,4
00-0030564,D.Hopkins,2019,5
00-0030564,D.Hopkins,2019,6
00-0030564,D.Hopkins,2019,7
00-0030564,D.Hopkins,2019,8
00-0030564,D.Hopkins,2019,9
00-0030564,D.Hopkins,2019,11
00-0030564,D.Hopkins,2019,12
00-0030564,D.Hopkins,2019,13
00-0030564,D.Hopkins,2019,14
00-0030564,D.Hopkins,2019,15
00-0030564,D.Hopkins,2019,16
00-0030564,D.Hopkins,2019,18
00-0030564,D.Hopkins,2019,19
00-0030564,D.Hopkins,2020,1
00-0030564,D.Hopkins,2020,2
00-0030564,D.Hopkins,2020,3
00-0030564,D.Hopkins,2020,4
00-0030564,D.Hopkins,2020,5
00-0030564,D.Hopkins,2020,6
00-0030564,D.Hopkins,2020,7
00-0030564,D.Hopkins,2020,9
00-0030564,D.Hopkins,2020,10
00-0030564,D.Hopkins,2020,11
00-0030564,D.Hopkins,2020,12
00-0030564,D.Hopkins,2020,13
00-0030564,D.Hopkins,2020,14
00-0030564,D.Hopkins,2020,15
00-0030564,D.Hopkins,2020,16
00-0030564,D.Hopkins,2020,17
00-0030564,D.Hopkins,2021,1
00-0030564,D.Hopkins,2021,2
00-0030564,D.Hopkins,2021,3
00-0030564,D.Hopkins,2021,4
00-0030564,D.Hopkins,2021,5
00-0030564,D.Hopkins,2021,6
00-0030564,D.Hopkins,2021,7
00-0030564,D.Hopkins,2021,8
00-0030564,D.Hopkins,2021,13
00-0030564,D.Hopkins,2021,14
00-0030564,D.Hopkins,2022,7
00-0030564,D.Hopkins,2022,8
00-0030564,D.Hopkins,2022,9
00-0030564,D.Hopkins,2022,10
00-0030564,D.Hopkins,2022,11
00-0030564,D.Hopkins,2022,12
00-0030564,D.Hopkins,2022,14
00-0030564,D.Hopkins,2022,15
00-0030564,D.Hopkins,2022,16
00-0030578,C.Patterson,2016,9
00-0030578,C.Patterson,2016,10
00-0030578,C.Patterson,2016,11
00-0030578,C.Patterson,2016,12
00-0030578,C.Patterson,2016,13
00-0030578,C.Patterson,2016,14
00-0030578,C.Patterson,2016,15
00-0030578,C.Patterson,2016,16
00-0030578,C.Patterson,2016,17
00-0030578,C.Patterson,2017,1
00-0030578,C.Patterson,2017,2
00-0030578,C.Patterson,2017,3
00-0030578,C.Patterson,2017,4
00-0030578,C.Patterson,2017,5
00-0030578,C.Patterson,2017,6
00-0030578,C.Patterson,2017,7
00-0030578,C.Patterson,2017,8
00-0030578,C.Patterson,2017,11
00-0030578,C.Patterson,2017,12
00-0030578,C.Patterson,2017,13
00-0030578,C.Patterson,2017,14
00-0030578,C.Patterson,2017,15
00-0030578,C.Patterson,2017,16
00-0030578,C.Patterson,2017,17
00-0030578,C.Patterson,2018,1
00-0030578,C.Patterson,2018,2
00-0030578,C.Patterson,2018,3
00-0030578,C.Patterson,2018,4
00-0030578,C.Patterson,2018,5
00-0030578,C.Patterson,2018,6
00-0030578,C.Patterson,2018,8
00-0030578,C.Patterson,2018,9
00-0030578,C.Patterson,2018,12
00-0030578,C.Patterson,2018,13
00-0030578,C.Patterson,2018,14
00-0030578,C.Patterson,2018,15
00-0030578,C.Patterson,2018,16
00-0030578,C.Patterson,2018,19
00-0030578,C.Patterson,2018,20
00-0030578,C.Patterson,2018,21
00-0030578,C.Patterson,2019,1
00-0030578,C.Patterson,2019,3
00-0030578,C.Patterson,2019,4
00-0030578,C.Patterson,2019,7
00-0030578,C.Patterson,2019,8
00-0030578,C.Patterson,2019,9
00-0030578,C.Patterson,2019,14
00-0030578,C.Patterson,2019,15
00-0030578,C.Patterson,2019,16
00-0030578,C.Patterson,2020,1
00-0030578,C.Patterson,2020,2
00-0030578,C.Patterson,2020,4
00-0030578,C.Patterson,2020,5
00-0030578,C.Patterson,2020,6
00-0030578,C.Patterson,2020,7
00-0030578,C.Patterson,2020,8
00-0030578,C.Patterson,2020,9
00-0030578,C.Patterson,2020,10
00-0030578,C.Patterson,2020,13
00-0030578,C.Patterson,2020,14
00-0030578,C.Patterson,2020,15
00-0030578,C.Patterson,2021,1
00-0030578,C.Patterson,2021,2
00-0030578,C.Patterson,2021,3
00-0030578,C.Patterson,2021,4
00-0030578,C.Patterson,2021,5
00-0030578,C.Patterson,2021,7
00-0030578,C.Patterson,2021,8
00-0030578,C.Patterson,2021,9
00-0030578,C.Patterson,2021,10
00-0030578,C.Patterson,2021,12
00-0030578,C.Patterson,2021,13
00-0030578,C.Patterson,2021,14
00-0030578,C.Patterson,2021,15
00-0030578,C.Patterson,2021,16
00-0030578,C.Patterson,2021,17
00-0030578,C.Patterson,2021,18
00-0030578,C.Patterson,2022,1
00-0030578,C.Patterson,2022,2
00-0030578,C.Patterson,2022,3
00-0030578,C.Patterson,2022,9
00-0030578,C.Patterson,2022,10
00-0030578,C.Patterson,2022,11
00-0030578,C.Patterson,2022,12
00-0030578,C.Patterson,2022,15
00-0030578,C.Patterson,2022,16
00-0030578,C.Patterson,2022,17
00-0030578,C.Patterson,2022,18
00-0030656,I.Crowell,2015,14
00-0030656,I.Crowell,2015,15
00-0030656,I.Crowell,2016,1
00-0030656,I.Crowell,2016,2
00-0030656,I.Crowell,2016,3
00-0030656,I.Crowell,2016,4
00-0030656,I.Crowell,2016,5
00-0030656,I.Crowell,2016,6
00-0030656,I.Crowell,2016,7
00-0030656,I.Crowell,2016,8
00-0030656,I.Crowell,2016,9
00-0030656,I.Crowell,2016,10
00-0030656,I.Crowell,2016,11
00-0030656,I.Crowell,2016,12
00-0030656,I.Crowell,2016,14
00-0030656,I.Crowell,2016,15
00-0030656,I.Crowell,2016,16
00-0030656,I.Crowell,2016,17
00-0030656,I.Crowell,2017,1
00-0030656,I.Crowell,2017,2
00-0030656,I.Crowell,2017,3
00-0030656,I.Crowell,2017,4
00-0030656,I.Crowell,2017,5
00-0030656,I.Crowell,2017,6
00-0030656,I.Crowell,2017,7
00-0030656,I.Crowell,2017,8
00-0030656,I.Crowell,2017,10
00-0030656,I.Crowell,2017,12
00-0030656,I.Crowell,2017,13
00-0030656,I.Crowell,2017,14
00-0030656,I.Crowell,2017,15
00-0030656,I.Crowell,2017,16
00-0030656,I.Crowell,2018,2
00-0030656,I.Crowell,2018,3
00-0030656,I.Crowell,2018,4
00-0030656,I.Crowell,2018,5
00-0030656,I.Crowell,2018,6
00-0030656,I.Crowell,2018,7
00-0030656,I.Crowell,2018,8
00-0030656,I.Crowell,2018,9
00-0030656,I.Crowell,2018,10
00-0030656,I.Crowell,2018,12
00-0030656,I.Crowell,2018,13
00-0030656,I.Crowell,2018,14
00-0030663,W.Snead,2015,9
00-0030663,W.Snead,2015,10
00-0030663,W.Snead,2015,12
00-0030663,W.Snead,2015,14
00-0030663,W.Snead,2015,15
00-0030663,W.Snead,2015,16
00-0030663,W.Snead,2015,17
00-0030663,W.Snead,2016,1
00-0030663,W.Snead,2016,2
00-0030663,W.Snead,2016,4
00-0030663,W.Snead,2016,6
00-0030663,W.Snead,2016,7
00-0030663,W.Snead,2016,8
00-0030663,W.Snead,2016,9
00-0030663,W.Snead,2016,10
00-0030663,W.Snead,2016,11
00-0030663,W.Snead,2016,12
00-0030663,W.Snead,2016,13
00-0030663,W.Snead,2016,14
00-0030663,W.Snead,2016,15
00-0030663,W.Snead,2016,16
00-0030663,W.Snead,2016,17
00-0030663,W.Snead,2017,6
00-0030663,W.Snead,2017,11
00-0030663,W.Snead,2017,12
00-0030663,W.Snead,2017,13
00-0030663,W.Snead,2017,14
00-0030663,W.Snead,2017,15
00-0030663,W.Snead,2017,16
00-0030663,W.Snead,2017,18
00-0030663,W.Snead,2017,19
00-0030663,W.Snead,2018,1
00-0030663,W.Snead IV,2018,2
00-0030663,W.Snead IV,2018,3
00-0030663,W.Snead IV,2018,4
00-0030663,W.Snead IV,2018,5
00-0030663,W.Snead IV,2018,6
00-0030663,W.Snead IV,2018,7
00-0030663,W.Snead IV,2018,8
00-0030663,W.Snead IV,2018,9
00-0030663,W.Snead IV,2018,11
00-0030663,W.Snead IV,2018,13
00-0030663,W.Snead IV,2018,14
00-0030663,W.Snead IV,2018,15
00-0030663,W.Snead IV,2018,17
00-0030663,W.Snead IV,2018,18
00-0030663,W.Snead,2019,1
00-0030663,W.Snead,2019,2
00-0030663,W.Snead,2019,3
00-0030663,W.Snead,2019,4
00-0030663,W.Snead,2019,5
00-0030663,W.Snead,2019,6
00-0030663,W.Snead,2019,7
00-0030663,W.Snead,2019,9
00-0030663,W.Snead IV,2019,10
00-0030663,W.Snead IV,2019,11
00-0030663,W.Snead IV,2019,12
00-0030663,W.Snead IV,2019,13
00-0030663,W.Snead IV,2019,14
00-0030663,W.Snead IV,2019,15
00-0030663,W.Snead IV,2019,16
00-0030663,W.Snead IV,2019,17
00-0030663,W.Snead IV,2019,19
00-0030663,W.Snead,2020,1
00-0030663,W.Snead,2020,2
00-0030663,W.Snead,2020,3
00-0030663,W.Snead,2020,4
00-0030663,W.Snead,2020,5
00-0030663,W.Snead,2020,6
00-0030663,W.Snead,2020,8
00-0030663,W.Snead,2020,9
00-0030663,W.Snead,2020,10
00-0030663,W.Snead,2020,11
00-0030663,W.Snead,2020,14
00-0030663,W.Snead,2020,15
00-0030663,W.Snead,2020,16
00-0030663,W.Snead,2020,18
00-0030663,W.Snead,2020,19
00-0030663,W.Snead,2021,1
00-0030663,W.Snead,2021,2
00-0030663,W.Snead,2021,4
00-0030663,W.Snead,2021,5
00-0030663,W.Snead,2021,6
00-0030663,W.Snead,2021,9
00-0030663,W.Snead,2021,15
00-0030668,C.West,2015,13
00-0030668,C.West,2015,14
00-0030668,C.West,2015,15
00-0030668,C.West,2015,16
00-0030668,C.West,2015,17
00-0030668,C.West,2015,18
00-0030668,C.West,2015,19
00-0030668,C.West,2016,1
00-0030668,C.West,2016,2
00-0030668,C.West,2016,3
00-0030668,C.West,2016,7
00-0030668,C.West,2016,8
00-0030668,C.West,2016,9
00-0030668,C.West,2016,10
00-0030668,C.West,2016,11
00-0030668,C.West,2016,12
00-0030668,C.West,2016,16
00-0030668,C.West,2016,17
00-0030668,C.West,2016,19
00-0030668,C.West,2017,1
00-0030668,C.West,2017,3
00-0030668,C.West,2017,4
00-0030668,C.West,2017,5
00-0030668,C.West,2017,6
00-0030668,C.West,2017,8
00-0030668,C.West,2017,9
00-0030668,C.West,2017,11
00-0030668,C.West,2017,12
00-0030668,C.West,2017,14
00-0030668,C.West,2017,15
00-0030668,C.West,2017,16
00-0030668,C.West,2017,18
00-0030668,C.West,2018,16
00-0030669,A.Wilson,2015,12
00-0030669,A.Wilson,2015,13
00-0030669,A.Wilson,2015,14
00-0030669,A.Wilson,2015,15
00-0030669,A.Wilson,2015,16
00-0030669,A.Wilson,2015,17
00-0030669,A.Wilson,2015,18
00-0030669,A.Wilson,2015,19
00-0030669,A.Wilson,2016,1
00-0030669,A.Wilson,2016,2
00-0030669,A.Wilson,2016,4
00-0030669,A.Wilson,2016,6
00-0030669,A.Wilson,2016,7
00-0030669,A.Wilson,2016,9
00-0030669,A.Wilson,2016,10
00-0030669,A.Wilson,2016,11
00-0030669,A.Wilson,2016,12
00-0030669,A.Wilson,2016,13
00-0030669,A.Wilson,2016,14
00-0030669,A.Wilson,2016,15
00-0030669,A.Wilson,2016,16
00-0030669,A.Wilson,2016,17
00-0030669,A.Wilson,2016,19
00-0030669,A.Wilson,2017,1
00-0030669,A.Wilson,2017,2
00-0030669,A.Wilson,2017,3
00-0030669,A.Wilson,2017,4
00-0030669,A.Wilson,2017,5
00-0030669,A.Wilson,2017,7
00-0030669,A.Wilson,2017,8
00-0030669,A.Wilson,2017,12
00-0030669,A.Wilson,2017,13
00-0030669,A.Wilson,2017,14
00-0030669,A.Wilson,2017,15
00-0030669,A.Wilson,2017,16
00-0030669,A.Wilson,2017,17
00-0030669,A.Wilson,2017,18
00-0030669,A.Wilson,2018,1
00-0030669,A.Wilson,2018,2
00-0030669,A.Wilson,2018,3
00-0030669,A.Wilson,2018,4
00-0030669,A.Wilson,2018,5
00-0030669,A.Wilson,2018,6
00-0030669,A.Wilson,2018,7
00-0030669,A.Wilson,2019,1
00-0030669,A.Wilson,2019,6
00-0030669,A.Wilson,2019,7
00-0030669,A.Wilson,2019,8
00-0030669,A.Wilson,2019,9
00-0030669,A.Wilson,2019,10
00-0030669,A.Wilson,2019,11
00-0030669,A.Wilson,2019,12
00-0030669,A.Wilson,2019,13
00-0030669,A.Wilson,2019,14
00-0030669,A.Wilson,2019,15
00-0030669,A.Wilson,2019,16
00-0030669,A.Wilson,2019,17
00-0030669,A.Wilson,2021,1
00-0030669,A.Wilson,2021,2
00-0030669,A.Wilson,2021,4
00-0030669,A.Wilson,2021,6
00-0030669,A.Wilson,2021,9
00-0030669,A.Wilson,2021,10
00-0030669,A.Wilson,2021,11
00-0030669,A.Wilson,2021,12
00-0030669,A.Wilson,2021,13
00-0030669,A.Wilson,2021,15
00-0030670,B.Fowler,2015,13
00-0030670,B.Fowler,2015,14
00-0030670,B.Fowler,2015,15
00-0030670,B.Fowler,2015,16
00-0030670,B.Fowler,2015,17
00-0030670,B.Fowler,2015,19
00-0030670,B.Fowler,2015,20
00-0030670,B.Fowler,2015,21
00-0030670,B.Fowler,2016,3
00-0030670,B.Fowler,2016,4
00-0030670,B.Fowler,2016,5
00-0030670,B.Fowler,2016,6
00-0030670,B.Fowler,2016,7
00-0030670,B.Fowler,2016,8
00-0030670,B.Fowler,2016,9
00-0030670,B.Fowler,2016,12
00-0030670,B.Fowler,2016,14
00-0030670,B.Fowler,2016,16
00-0030670,B.Fowler,2017,1
00-0030670,B.Fowler,2017,2
00-0030670,B.Fowler,2017,3
00-0030670,B.Fowler,2017,4
00-0030670,B.Fowler,2017,6
00-0030670,B.Fowler,2017,7
00-0030670,B.Fowler,2017,8
00-0030670,B.Fowler,2017,9
00-0030670,B.Fowler,2017,10
00-0030670,B.Fowler,2017,11
00-0030670,B.Fowler,2017,12
00-0030670,B.Fowler,2017,13
00-0030670,B.Fowler,2017,16
00-0030670,B.Fowler,2017,17
00-0030670,B.Fowler,2018,7
00-0030670,B.Fowler,2018,8
00-0030670,B.Fowler,2018,10
00-0030670,B.Fowler,2018,11
00-0030670,B.Fowler,2018,12
00-0030670,B.Fowler,2018,13
00-0030670,B.Fowler,2018,14
00-0030670,B.Fowler,2018,15
00-0030670,B.Fowler,2018,16
00-0030670,B.Fowler,2018,17
00-0030670,B.Fowler,2019,1
00-0030670,B.Fowler,2019,2
00-0030670,B.Fowler,2019,3
00-0030670,B.Fowler,2019,4
00-0030670,B.Fowler,2019,7
00-0030670,B.Fowler,2019,8
00-0030670,B.Fowler,2019,9
00-0030670,B.Fowler,2019,10
00-0030670,B.Fowler,2020,5
00-0030710,T.Burton,2016,8
00-0030710,T.Burton,2016,9
00-0030710,T.Burton,2016,11
00-0030710,T.Burton,2016,12
00-0030710,T.Burton,2016,13
00-0030710,T.Burton,2016,14
00-0030710,T.Burton,2016,15
00-0030710,T.Burton,2016,16
00-0030710,T.Burton,2016,17
00-0030710,T.Burton,2017,2
00-0030710,T.Burton,2017,3
00-0030710,T.Burton,2017,5
00-0030710,T.Burton,2017,6
00-0030710,T.Burton,2017,7
00-0030710,T.Burton,2017,8
00-0030710,T.Burton,2017,9
00-0030710,T.Burton,2017,11
00-0030710,T.Burton,2017,13
00-0030710,T.Burton,2017,14
00-0030710,T.Burton,2017,15
00-0030710,T.Burton,2017,17
00-0030710,T.Burton,2017,19
00-0030710,T.Burton,2017,20
00-0030710,T.Burton,2017,21
00-0030710,T.Burton,2018,1
00-0030710,T.Burton,2018,2
00-0030710,T.Burton,2018,3
00-0030710,T.Burton,2018,4
00-0030710,T.Burton,2018,6
00-0030710,T.Burton,2018,7
00-0030710,T.Burton,2018,8
00-0030710,T.Burton,2018,9
00-0030710,T.Burton,2018,10
00-0030710,T.Burton,2018,11
00-0030710,T.Burton,2018,12
00-0030710,T.Burton,2018,13
00-0030710,T.Burton,2018,14
00-0030710,T.Burton,2018,15
00-0030710,T.Burton,2018,16
00-0030710,T.Burton,2018,17
00-0030710,T.Burton,2019,2
00-0030710,T.Burton,2019,3
00-0030710,T.Burton,2019,4
00-0030710,T.Burton,2019,5
00-0030710,T.Burton,2019,7
00-0030710,T.Burton,2019,8
00-0030710,T.Burton,2019,9
00-0030710,T.Burton,2019,10
00-0030710,T.Burton,2020,4
00-0030710,T.Burton,2020,5
00-0030710,T.Burton,2020,6
00-0030710,T.Burton,2020,8
00-0030710,T.Burton,2020,9
00-0030710,T.Burton,2020,10
00-0030710,T.Burton,2020,11
00-0030710,T.Burton,2020,12
00-0030710,T.Burton,2020,13
00-0030710,T.Burton,2020,15
00-0030710,T.Burton,2020,16
00-0030710,T.Burton,2020,18
00-0030780,R.Hewitt,2015,15
00-0030780,R.Hewitt,2016,12
00-0030780,R.Hewitt,2016,16
00-0030780,R.Hewitt,2017,4
00-0030780,R.Hewitt,2017,14
00-0030780,R.Hewitt,2018,2
00-0030780,R.Hewitt,2018,17
00-0030780,R.Hewitt,2018,19
00-0030801,B.Coleman,2015,9
00-0030801,B.Coleman,2015,10
00-0030801,B.Coleman,2015,12
00-0030801,B.Coleman,2015,13
00-0030801,B.Coleman,2015,14
00-0030801,B.Coleman,2015,15
00-0030801,B.Coleman,2015,16
00-0030801,B.Coleman,2015,17
00-0030801,B.Coleman,2016,2
00-0030801,B.Coleman,2016,3
00-0030801,B.Coleman,2016,4
00-0030801,B.Coleman,2016,6
00-0030801,B.Coleman,2016,7
00-0030801,B.Coleman,2016,8
00-0030801,B.Coleman,2016,9
00-0030801,B.Coleman,2016,10
00-0030801,B.Coleman,2016,11
00-0030801,B.Coleman,2016,12
00-0030801,B.Coleman,2016,14
00-0030801,B.Coleman,2016,15
00-0030801,B.Coleman,2016,17
00-0030801,B.Coleman,2017,1
00-0030801,B.Coleman,2017,2
00-0030801,B.Coleman,2017,3
00-0030801,B.Coleman,2017,4
00-0030801,B.Coleman,2017,6
00-0030801,B.Coleman,2017,7
00-0030801,B.Coleman,2017,8
00-0030801,B.Coleman,2017,9
00-0030801,B.Coleman,2017,10
00-0030801,B.Coleman,2017,11
00-0030801,B.Coleman,2017,13
00-0030801,B.Coleman,2017,14
00-0030801,B.Coleman,2017,15
00-0030801,B.Coleman,2017,17
00-0030801,B.Coleman,2017,18
00-0030821,A.Hurns,2015,10
00-0030821,A.Hurns,2015,11
00-0030821,A.Hurns,2015,12
00-0030821,A.Hurns,2015,14
00-0030821,A.Hurns,2015,15
00-0030821,A.Hurns,2015,16
00-0030821,A.Hurns,2015,17
00-0030821,A.Hurns,2016,1
00-0030821,A.Hurns,2016,2
00-0030821,A.Hurns,2016,3
00-0030821,A.Hurns,2016,4
00-0030821,A.Hurns,2016,6
00-0030821,A.Hurns,2016,7
00-0030821,A.Hurns,2016,8
00-0030821,A.Hurns,2016,9
00-0030821,A.Hurns,2016,10
00-0030821,A.Hurns,2016,11
00-0030821,A.Hurns,2016,12
00-0030821,A.Hurns,2017,1
00-0030821,A.Hurns,2017,2
00-0030821,A.Hurns,2017,3
00-0030821,A.Hurns,2017,4
00-0030821,A.Hurns,2017,5
00-0030821,A.Hurns,2017,6
00-0030821,A.Hurns,2017,7
00-0030821,A.Hurns,2017,9
00-0030821,A.Hurns,2017,10
00-0030821,A.Hurns,2017,17
00-0030821,A.Hurns,2017,18
00-0030821,A.Hurns,2017,19
00-0030821,A.Hurns,2017,20
00-0030821,A.Hurns,2018,1
00-0030821,A.Hurns,2018,2
00-0030821,A.Hurns,2018,3
00-0030821,A.Hurns,2018,4
00-0030821,A.Hurns,2018,5
00-0030821,A.Hurns,2018,6
00-0030821,A.Hurns,2018,7
00-0030821,A.Hurns,2018,9
00-0030821,A.Hurns,2018,10
00-0030821,A.Hurns,2018,12
00-0030821,A.Hurns,2018,14
00-0030821,A.Hurns,2018,15
00-0030821,A.Hurns,2018,17
00-0030821,A.Hurns,2018,18
00-0030821,A.Hurns,2019,1
00-0030821,A.Hurns,2019,2
00-0030821,A.Hurns,2019,3
00-0030821,A.Hurns,2019,6
00-0030821,A.Hurns,2019,7
00-0030821,A.Hurns,2019,8
00-0030821,A.Hurns,2019,9
00-0030821,A.Hurns,2019,10
00-0030821,A.Hurns,2019,11
00-0030821,A.Hurns,2019,12
00-0030821,A.Hurns,2019,13
00-0030821,A.Hurns,2019,14
00-0030821,A.Hurns,2019,15
00-0030821,A.Hurns,2019,16
00-0030854,E.Swoope,2016,17
00-0030854,E.Swoope,2018,1
00-0030854,E.Swoope,2018,3
00-0030854,E.Swoope,2018,5
00-0030854,E.Swoope,2018,6
00-0030854,E.Swoope,2018,7
00-0030854,E.Swoope,2018,13
00-0030854,E.Swoope,2018,14
00-0030860,O.Darkwa,2017,2
00-0030860,O.Darkwa,2017,3
00-0030860,O.Darkwa,2017,5
00-0030860,O.Darkwa,2017,6
00-0030860,O.Darkwa,2017,7
00-0030860,O.Darkwa,2017,9
00-0030860,O.Darkwa,2017,10
00-0030860,O.Darkwa,2017,11
00-0030860,O.Darkwa,2017,12
00-0030860,O.Darkwa,2017,13
00-0030860,O.Darkwa,2017,14
00-0030860,O.Darkwa,2017,15
00-0030860,O.Darkwa,2017,17
00-0030874,Da.Williams,2015,14
00-0030874,Da.Williams,2015,15
00-0030874,Da.Williams,2015,16
00-0030874,Da.Williams,2015,17
00-0030874,D.Williams,2016,1
00-0030874,D.Williams,2016,3
00-0030874,D.Williams,2016,4
00-0030874,D.Williams,2016,5
00-0030874,D.Williams,2016,6
00-0030874,D.Williams,2016,7
00-0030874,D.Williams,2016,9
00-0030874,D.Williams,2016,10
00-0030874,D.Williams,2016,11
00-0030874,D.Williams,2016,12
00-0030874,D.Williams,2016,13
00-0030874,D.Williams,2016,14
00-0030874,D.Williams,2016,16
00-0030874,D.Williams,2016,17
00-0030874,D.Williams,2016,18
00-0030874,D.Williams,2017,3
00-0030874,D.Williams,2017,4
00-0030874,D.Williams,2017,5
00-0030874,D.Williams,2017,6
00-0030874,D.Williams,2017,7
00-0030874,D.Williams,2017,8
00-0030874,D.Williams,2017,9
00-0030874,D.Williams,2017,10
00-0030874,D.Williams,2017,11
00-0030874,D.Williams,2017,12
00-0030874,Dam. Williams,2018,2
00-0030874,Dam. Williams,2018,3
00-0030874,Dam. Williams,2018,13
00-0030874,Dam. Williams,2018,14
00-0030874,Dam. Williams,2018,15
00-0030874,Dam. Williams,2018,16
00-0030874,Dam. Williams,2018,17
00-0030874,Dam. Williams,2018,19
00-0030874,Dam. Williams,2018,20
00-0030874,Dam.Williams,2019,1
00-0030874,Dam.Williams,2019,2
00-0030874,Dam.Williams,2019,5
00-0030874,Dam.Williams,2019,6
00-0030874,Dam.Williams,2019,7
00-0030874,Dam.Williams,2019,9
00-0030874,Dam.Williams,2019,10
00-0030874,Dam.Williams,2019,11
00-0030874,Dam.Williams,2019,16
00-0030874,Dam.Williams,2019,17
00-0030874,Dam.Williams,2019,19
00-0030874,Dam.Williams,2019,20
00-0030874,Dam.Williams,2019,21
00-0030874,D.Williams,2021,1
00-0030874,D.Williams,2021,2
00-0030874,D.Williams,2021,4
00-0030874,D.Williams,2021,5
00-0030874,D.Williams,2021,7
00-0030874,D.Williams,2021,14
00-0030874,D.Williams,2021,16
00-0030874,D.Williams,2021,17
00-0030874,D.Williams,2021,18
00-0030968,K.Smith,2018,3
00-0030968,K.Smith,2018,8
00-0030968,K.Smith,2018,15
00-0030968,K.Smith,2018,16
00-0030968,K.Smith,2019,7
00-0030968,K.Smith,2019,13
00-0030968,K.Smith,2019,16
00-0030968,K.Smith,2020,2
00-0030968,K.Smith,2020,3
00-0030968,K.Smith,2020,4
00-0030968,K.Smith,2020,6
00-0030968,K.Smith,2020,8
00-0030968,K.Smith,2020,11
00-0030968,K.Smith,2020,12
00-0030968,K.Smith,2020,14
00-0030968,K.Smith,2020,15
00-0030968,K.Smith,2020,16
00-0030968,K.Smith,2021,1
00-0030968,K.Smith,2021,2
00-0030968,K.Smith,2021,7
00-0030968,K.Smith,2021,11
00-0030968,K.Smith,2021,12
00-0030968,K.Smith,2021,13
00-0030968,K.Smith,2021,18
00-0030968,K.Smith,2022,4
00-0030968,K.Smith,2022,6
00-0030990,J.Huff,2015,12
00-0030990,J.Huff,2015,14
00-0030990,J.Huff,2015,15
00-0030990,J.Huff,2015,16
00-0030990,J.Huff,2015,17
00-0030990,J.Huff,2016,1
00-0030990,J.Huff,2016,2
00-0030990,J.Huff,2016,3
00-0030990,J.Huff,2016,5
00-0030990,J.Huff,2016,7
00-0030990,J.Huff,2016,8
00-0030990,J.Huff,2016,14
00-0030990,J.Huff,2016,15
00-0030990,J.Huff,2016,16
00-0031001,J.Janis,2016,8
00-0031001,J.Janis,2016,9
00-0031001,J.Janis,2016,10
00-0031001,J.Janis,2016,11
00-0031001,J.Janis,2016,12
00-0031001,J.Janis,2016,16
00-0031001,J.Janis,2016,20
00-0031001,J.Janis,2017,16
00-0031001,J.Janis,2017,17
00-0031023,Q.Enunwa,2015,15
00-0031023,Q.Enunwa,2015,16
00-0031023,Q.Enunwa,2015,17
00-0031023,Q.Enunwa,2016,1
00-0031023,Q.Enunwa,2016,2
00-0031023,Q.Enunwa,2016,3
00-0031023,Q.Enunwa,2016,4
00-0031023,Q.Enunwa,2016,5
00-0031023,Q.Enunwa,2016,6
00-0031023,Q.Enunwa,2016,7
00-0031023,Q.Enunwa,2016,8
00-0031023,Q.Enunwa,2016,9
00-0031023,Q.Enunwa,2016,10
00-0031023,Q.Enunwa,2016,12
00-0031023,Q.Enunwa,2016,13
00-0031023,Q.Enunwa,2016,14
00-0031023,Q.Enunwa,2016,15
00-0031023,Q.Enunwa,2016,16
00-0031023,Q.Enunwa,2016,17
00-0031023,Q.Enunwa,2018,1
00-0031023,Q.Enunwa,2018,2
00-0031023,Q.Enunwa,2018,3
00-0031023,Q.Enunwa,2018,4
00-0031023,Q.Enunwa,2018,5
00-0031023,Q.Enunwa,2018,6
00-0031023,Q.Enunwa,2018,9
00-0031023,Q.Enunwa,2018,10
00-0031023,Q.Enunwa,2018,12
00-0031023,Q.Enunwa,2018,13
00-0031023,Q.Enunwa,2018,14
00-0031023,Q.Enunwa,2019,1
00-0031035,X.Grimble,2017,7
00-0031035,X.Grimble,2017,12
00-0031035,X.Grimble,2017,13
00-0031035,X.Grimble,2017,14
00-0031035,X.Grimble,2017,15
00-0031035,X.Grimble,2017,17
00-0031035,X.Grimble,2017,19
00-0031035,X.Grimble,2018,3
00-0031035,X.Grimble,2018,5
00-0031035,X.Grimble,2018,6
00-0031035,X.Grimble,2018,11
00-0031035,X.Grimble,2018,12
00-0031035,X.Grimble,2018,16
00-0031035,X.Grimble,2018,17
00-0031035,X.Grimble,2019,2
00-0031035,X.Grimble,2019,3
00-0031044,T.Niklas,2017,6
00-0031044,T.Niklas,2017,7
00-0031044,T.Niklas,2017,9
00-0031044,T.Niklas,2017,10
00-0031044,T.Niklas,2017,12
00-0031044,T.Niklas,2017,14
00-0031044,T.Niklas,2017,15
00-0031044,T.Niklas,2017,17
00-0031045,C.Hyde,2016,3
00-0031045,C.Hyde,2016,4
00-0031045,C.Hyde,2016,5
00-0031045,C.Hyde,2016,10
00-0031045,C.Hyde,2016,11
00-0031045,C.Hyde,2016,12
00-0031045,C.Hyde,2016,13
00-0031045,C.Hyde,2016,14
00-0031045,C.Hyde,2016,15
00-0031045,C.Hyde,2016,16
00-0031045,C.Hyde,2017,1
00-0031045,C.Hyde,2017,2
00-0031045,C.Hyde,2017,3
00-0031045,C.Hyde,2017,4
00-0031045,C.Hyde,2017,5
00-0031045,C.Hyde,2017,6
00-0031045,C.Hyde,2017,7
00-0031045,C.Hyde,2017,8
00-0031045,C.Hyde,2017,9
00-0031045,C.Hyde,2017,10
00-0031045,C.Hyde,2017,12
00-0031045,C.Hyde,2017,13
00-0031045,C.Hyde,2017,14
00-0031045,C.Hyde,2017,15
00-0031045,C.Hyde,2017,16
00-0031045,C.Hyde,2017,17
00-0031045,C.Hyde,2018,1
00-0031045,C.Hyde,2018,2
00-0031045,C.Hyde,2018,3
00-0031045,C.Hyde,2018,4
00-0031045,C.Hyde,2018,5
00-0031045,C.Hyde,2018,8
00-0031045,C.Hyde,2018,13
00-0031045,C.Hyde,2018,14
00-0031045,C.Hyde,2018,17
00-0031045,C.Hyde,2019,1
00-0031045,C.Hyde,2019,4
00-0031045,C.Hyde,2019,5
00-0031045,C.Hyde,2019,6
00-0031045,C.Hyde,2019,7
00-0031045,C.Hyde,2019,8
00-0031045,C.Hyde,2019,11
00-0031045,C.Hyde,2019,13
00-0031045,C.Hyde,2019,14
00-0031045,C.Hyde,2019,16
00-0031045,C.Hyde,2019,18
00-0031045,C.Hyde,2019,19
00-0031045,C.Hyde,2020,2
00-0031045,C.Hyde,2020,3
00-0031045,C.Hyde,2020,7
00-0031045,C.Hyde,2020,11
00-0031045,C.Hyde,2020,12
00-0031045,C.Hyde,2020,13
00-0031045,C.Hyde,2020,15
00-0031045,C.Hyde,2020,16
00-0031045,C.Hyde,2021,1
00-0031045,C.Hyde,2021,2
00-0031045,C.Hyde,2021,8
00-0031045,C.Hyde,2021,9
00-0031045,C.Hyde,2021,10
00-0031045,C.Hyde,2021,11
00-0031045,C.Hyde,2021,12
00-0031045,C.Hyde,2021,13
00-0031045,C.Hyde,2021,14
00-0031051,Jo.Brown,2015,11
00-0031051,Jo.Brown,2015,12
00-0031051,Jo.Brown,2015,13
00-0031051,Jo.Brown,2015,14
00-0031051,Jo.Brown,2015,15
00-0031051,Jo.Brown,2015,16
00-0031051,Jo.Brown,2015,17
00-0031051,Jo.Brown,2015,19
00-0031051,Jo.Brown,2015,20
00-0031051,J.Brown,2016,1
00-0031051,J.Brown,2016,2
00-0031051,Jo.Brown,2016,3
00-0031051,Jo.Brown,2016,4
00-0031051,Jo.Brown,2016,5
00-0031051,Jo.Brown,2016,6
00-0031051,Jo.Brown,2016,8
00-0031051,Jo.Brown,2016,10
00-0031051,Jo.Brown,2016,11
00-0031051,Jo.Brown,2016,12
00-0031051,Jo.Brown,2016,13
00-0031051,Jo.Brown,2016,15
00-0031051,Jo.Brown,2016,16
00-0031051,Jo.Brown,2016,17
00-0031051,J.Brown,2017,1
00-0031051,J.Brown,2017,4
00-0031051,J.Brown,2017,5
00-0031051,J.Brown,2017,6
00-0031051,J.Brown,2017,7
00-0031051,J.Brown,2017,9
00-0031051,J.Brown,2017,10
00-0031051,J.Brown,2017,11
00-0031051,J.Brown,2017,16
00-0031051,J.Brown,2017,17
00-0031051,J.Brown,2018,1
00-0031051,J.Brown,2018,2
00-0031051,J.Brown,2018,3
00-0031051,J.Brown,2018,4
00-0031051,J.Brown,2018,5
00-0031051,J.Brown,2018,6
00-0031051,J.Brown,2018,7
00-0031051,J.Brown,2018,8
00-0031051,J.Brown,2018,9
00-0031051,J.Brown,2018,11
00-0031051,J.Brown,2018,12
00-0031051,J.Brown,2018,13
00-0031051,J.Brown,2018,14
00-0031051,J.Brown,2018,15
00-0031051,J.Brown,2018,16
00-0031051,J.Brown,2018,17
00-0031051,J.Brown,2018,18
00-0031051,J.Brown,2019,1
00-0031051,J.Brown,2019,2
00-0031051,J.Brown,2019,3
00-0031051,J.Brown,2019,4
00-0031051,J.Brown,2019,5
00-0031051,J.Brown,2019,7
00-0031051,J.Brown,2019,8
00-0031051,J.Brown,2019,9
00-0031051,J.Brown,2019,10
00-0031051,J.Brown,2019,11
00-0031051,J.Brown,2019,12
00-0031051,J.Brown,2019,13
00-0031051,J.Brown,2019,14
00-0031051,J.Brown,2019,15
00-0031051,J.Brown,2019,16
00-0031051,J.Brown,2019,18
00-0031051,J.Brown,2020,1
00-0031051,J.Brown,2020,2
00-0031051,J.Brown,2020,3
00-0031051,J.Brown,2020,4
00-0031051,J.Brown,2020,6
00-0031051,J.Brown,2020,8
00-0031051,J.Brown,2020,9
00-0031051,J.Brown,2020,10
00-0031051,J.Brown,2020,17
00-0031051,J.Brown,2020,18
00-0031051,J.Brown,2020,19
00-0031051,J.Brown,2020,20
00-0031051,J.Brown,2021,7
00-0031051,J.Brown,2021,11
00-0031051,J.Brown,2021,12
00-0031051,J.Brown,2022,14
00-0031051,J.Brown,2022,18
00-0031051,J.Brown,2022,19
00-0031060,D.Thomas,2015,10
00-0031060,D.Thomas,2016,6
00-0031060,D.Thomas,2016,7
00-0031060,D.Thomas,2016,8
00-0031060,D.Thomas,2016,12
00-0031060,D.Thomas,2016,14
00-0031060,D.Thomas,2016,15
00-0031060,D.Thomas,2017,1
00-0031060,D.Thomas,2017,3
00-0031060,D.Thomas,2017,5
00-0031060,D.Thomas,2017,6
00-0031060,D.Thomas,2017,7
00-0031060,D.Thomas,2017,9
00-0031060,D.Thomas,2017,11
00-0031060,D.Thomas,2017,15
00-0031060,D.Thomas,2017,17
00-0031060,D.Thomas,2018,1
00-0031060,D.Thomas,2018,4
00-0031060,D.Thomas,2018,5
00-0031060,D.Thomas,2019,2
00-0031060,D.Thomas,2019,6
00-0031062,J.White,2015,15
00-0031062,J.White,2015,16
00-0031062,J.White,2015,17
00-0031062,J.White,2015,19
00-0031062,J.White,2015,20
00-0031062,J.White,2016,1
00-0031062,J.White,2016,2
00-0031062,J.White,2016,3
00-0031062,J.White,2016,4
00-0031062,J.White,2016,5
00-0031062,J.White,2016,6
00-0031062,J.White,2016,7
00-0031062,J.White,2016,8
00-0031062,J.White,2016,10
00-0031062,J.White,2016,11
00-0031062,J.White,2016,12
00-0031062,J.White,2016,13
00-0031062,J.White,2016,14
00-0031062,J.White,2016,15
00-0031062,J.White,2016,16
00-0031062,J.White,2016,17
00-0031062,J.White,2016,19
00-0031062,J.White,2016,20
00-0031062,J.White,2016,21
00-0031062,J.White,2017,1
00-0031062,J.White,2017,2
00-0031062,J.White,2017,3
00-0031062,J.White,2017,4
00-0031062,J.White,2017,5
00-0031062,J.White,2017,6
00-0031062,J.White,2017,7
00-0031062,J.White,2017,8
00-0031062,J.White,2017,10
00-0031062,J.White,2017,11
00-0031062,J.White,2017,12
00-0031062,J.White,2017,13
00-0031062,J.White,2017,14
00-0031062,J.White,2017,15
00-0031062,J.White,2017,19
00-0031062,J.White,2017,20
00-0031062,J.White,2017,21
00-0031062,J.White,2018,1
00-0031062,J.White,2018,2
00-0031062,J.White,2018,3
00-0031062,J.White,2018,4
00-0031062,J.White,2018,5
00-0031062,J.White,2018,6
00-0031062,J.White,2018,7
00-0031062,J.White,2018,8
00-0031062,J.White,2018,9
00-0031062,J.White,2018,10
00-0031062,J.White,2018,12
00-0031062,J.White,2018,13
00-0031062,J.White,2018,14
00-0031062,J.White,2018,15
00-0031062,J.White,2018,16
00-0031062,J.White,2018,17
00-0031062,J.White,2018,19
00-0031062,J.White,2018,20
00-0031062,J.White,2018,21
00-0031062,J.White,2019,1
00-0031062,J.White,2019,2
00-0031062,J.White,2019,4
00-0031062,J.White,2019,5
00-0031062,J.White,2019,6
00-0031062,J.White,2019,7
00-0031062,J.White,2019,8
00-0031062,J.White,2019,9
00-0031062,J.White,2019,11
00-0031062,J.White,2019,12
00-0031062,J.White,2019,13
00-0031062,J.White,2019,14
00-0031062,J.White,2019,15
00-0031062,J.White,2019,16
00-0031062,J.White,2019,17
00-0031062,J.White,2019,18
00-0031062,J.White,2020,1
00-0031062,J.White,2020,4
00-0031062,J.White,2020,6
00-0031062,J.White,2020,7
00-0031062,J.White,2020,8
00-0031062,J.White,2020,9
00-0031062,J.White,2020,10
00-0031062,J.White,2020,11
00-0031062,J.White,2020,12
00-0031062,J.White,2020,13
00-0031062,J.White,2020,14
00-0031062,J.White,2020,15
00-0031062,J.White,2020,16
00-0031062,J.White,2020,17
00-0031062,J.White,2021,1
00-0031062,J.White,2021,2
00-0031062,J.White,2021,3
00-0031068,R.Grant,2015,14
00-0031068,R.Grant,2015,15
00-0031068,R.Grant,2015,16
00-0031068,R.Grant,2015,17
00-0031068,R.Grant,2015,18
00-0031068,R.Grant,2016,1
00-0031068,R.Grant,2016,2
00-0031068,R.Grant,2016,3
00-0031068,R.Grant,2016,6
00-0031068,R.Grant,2016,7
00-0031068,R.Grant,2016,8
00-0031068,R.Grant,2016,10
00-0031068,R.Grant,2016,11
00-0031068,R.Grant,2016,12
00-0031068,R.Grant,2016,13
00-0031068,R.Grant,2016,16
00-0031068,R.Grant,2017,1
00-0031068,R.Grant,2017,2
00-0031068,R.Grant,2017,3
00-0031068,R.Grant,2017,4
00-0031068,R.Grant,2017,6
00-0031068,R.Grant,2017,7
00-0031068,R.Grant,2017,8
00-0031068,R.Grant,2017,9
00-0031068,R.Grant,2017,10
00-0031068,R.Grant,2017,11
00-0031068,R.Grant,2017,12
00-0031068,R.Grant,2017,13
00-0031068,R.Grant,2017,14
00-0031068,R.Grant,2017,15
00-0031068,R.Grant,2017,16
00-0031068,R.Grant,2017,17
00-0031068,R.Grant,2018,1
00-0031068,R.Grant,2018,2
00-0031068,R.Grant,2018,3
00-0031068,R.Grant,2018,4
00-0031068,R.Grant,2018,5
00-0031068,R.Grant,2018,6
00-0031068,R.Grant,2018,10
00-0031068,R.Grant,2018,11
00-0031068,R.Grant,2018,12
00-0031068,R.Grant,2018,13
00-0031068,R.Grant,2018,14
00-0031068,R.Grant,2018,15
00-0031068,R.Grant,2018,16
00-0031068,R.Grant,2018,17
00-0031068,R.Grant,2019,1
00-0031068,R.Grant,2019,2
00-0031075,A.Blue,2015,17
00-0031075,A.Blue,2015,18
00-0031075,A.Blue,2016,4
00-0031075,A.Blue,2016,7
00-0031075,A.Blue,2016,13
00-0031075,A.Blue,2016,14
00-0031075,A.Blue,2016,15
00-0031075,A.Blue,2016,16
00-0031075,A.Blue,2016,17
00-0031075,A.Blue,2017,12
00-0031075,A.Blue,2017,13
00-0031075,A.Blue,2017,15
00-0031075,A.Blue,2017,17
00-0031075,A.Blue,2018,3
00-0031075,A.Blue,2018,4
00-0031075,A.Blue,2018,5
00-0031075,A.Blue,2018,6
00-0031075,A.Blue,2018,12
00-0031075,A.Blue,2018,14
00-0031075,A.Blue,2018,15
00-0031075,A.Blue,2018,16
00-0031075,A.Blue,2018,17
00-0031075,A.Blue,2018,18
00-0031118,C.Brown,2015,13
00-0031118,C.Brown,2015,14
00-0031118,C.Brown,2015,15
00-0031118,C.Brown,2015,16
00-0031118,C.Brown,2015,17
00-0031118,C.Brown,2015,19
00-0031118,C.Brown,2015,20
00-0031118,C.Brown,2015,21
00-0031118,C.Brown,2016,1
00-0031118,C.Brown,2016,2
00-0031118,C.Brown,2016,3
00-0031118,C.Brown,2016,4
00-0031118,C.Brown,2016,5
00-0031118,C.Brown,2016,6
00-0031118,C.Brown,2016,8
00-0031118,C.Brown,2016,9
00-0031118,C.Brown,2016,10
00-0031118,C.Brown,2016,11
00-0031118,C.Brown,2016,12
00-0031118,C.Brown,2016,13
00-0031118,C.Brown,2016,14
00-0031118,C.Brown,2016,15
00-0031118,C.Brown,2016,16
00-0031118,C.Brown,2016,17
00-0031166,S.Roberts,2015,10
00-0031166,S.Roberts,2015,11
00-0031166,S.Roberts,2015,12
00-0031166,S.Roberts,2015,13
00-0031166,S.Roberts,2015,14
00-0031166,S.Roberts,2015,15
00-0031166,S.Roberts,2015,16
00-0031166,S.Roberts,2015,17
00-0031166,S.Roberts,2016,1
00-0031166,S.Roberts,2016,2
00-0031166,S.Roberts,2016,3
00-0031166,S.Roberts,2016,4
00-0031166,S.Roberts,2016,5
00-0031166,S.Roberts,2016,6
00-0031166,S.Roberts,2016,7
00-0031166,S.Roberts,2016,8
00-0031166,S.Roberts,2016,9
00-0031166,S.Roberts,2016,11
00-0031166,S.Roberts,2016,12
00-0031166,S.Roberts,2016,13
00-0031166,S.Roberts,2016,14
00-0031166,S.Roberts,2016,15
00-0031166,S.Roberts,2016,16
00-0031166,S.Roberts,2016,17
00-0031166,S.Roberts,2016,18
00-0031166,S.Roberts,2017,1
00-0031166,S.Roberts,2017,2
00-0031166,S.Roberts,2017,3
00-0031166,S.Roberts,2017,4
00-0031166,S.Roberts,2017,5
00-0031166,S.Roberts,2017,6
00-0031166,S.Roberts,2017,7
00-0031166,S.Roberts,2017,9
00-0031166,S.Roberts,2017,11
00-0031166,S.Roberts,2017,12
00-0031166,S.Roberts,2017,13
00-0031166,S.Roberts,2017,14
00-0031166,S.Roberts,2017,15
00-0031166,S.Roberts,2017,16
00-0031166,S.Roberts,2017,17
00-0031166,S.Roberts,2018,1
00-0031166,S.Roberts,2018,2
00-0031166,S.Roberts,2018,4
00-0031166,S.Roberts,2018,5
00-0031166,S.Roberts,2018,6
00-0031166,S.Roberts,2018,8
00-0031166,S.Roberts,2018,9
00-0031166,S.Roberts,2018,10
00-0031166,S.Roberts,2018,11
00-0031166,S.Roberts,2018,12
00-0031166,S.Roberts,2018,13
00-0031166,S.Roberts,2018,14
00-0031166,S.Roberts,2018,15
00-0031166,S.Roberts,2018,16
00-0031166,S.Roberts,2018,17
00-0031166,S.Roberts,2019,1
00-0031166,S.Roberts,2019,3
00-0031166,S.Roberts,2019,4
00-0031166,S.Roberts,2019,5
00-0031166,S.Roberts,2019,6
00-0031166,S.Roberts,2019,7
00-0031166,S.Roberts,2019,9
00-0031166,S.Roberts,2019,11
00-0031166,S.Roberts,2019,12
00-0031166,S.Roberts,2019,13
00-0031166,S.Roberts,2019,14
00-0031166,S.Roberts,2019,15
00-0031166,S.Roberts,2019,16
00-0031166,S.Roberts,2019,17
00-0031166,S.Roberts,2019,19
00-0031166,S.Roberts,2020,1
00-0031166,S.Roberts,2020,3
00-0031166,S.Roberts,2020,4
00-0031189,T.Jones,2016,17
00-0031189,T.Jones,2016,18
00-0031189,T.Jones,2017,1
00-0031189,T.Jones,2017,3
00-0031189,T.Jones,2017,4
00-0031189,T.Jones,2017,5
00-0031189,T.Jones,2017,6
00-0031189,T.Jones,2017,8
00-0031189,T.Jones,2017,9
00-0031189,T.Jones,2017,10
00-0031189,T.Jones,2017,11
00-0031189,T.Jones,2017,14
00-0031189,T.Jones,2017,15
00-0031189,T.Jones,2018,1
00-0031189,T.Jones,2018,3
00-0031189,T.Jones,2018,7
00-0031189,T.Jones,2018,9
00-0031189,T.Jones,2018,10
00-0031189,T.Jones,2018,11
00-0031189,T.Jones,2018,12
00-0031189,T.Jones,2018,13
00-0031189,T.Jones,2018,14
00-0031189,T.Jones,2018,15
00-0031189,T.Jones,2018,16
00-0031189,T.Jones,2018,17
00-0031189,T.Jones,2019,2
00-0031228,T.Gabriel,2015,9
00-0031228,T.Gabriel,2015,10
00-0031228,T.Gabriel,2015,15
00-0031228,T.Gabriel,2015,16
00-0031228,T.Gabriel,2016,2
00-0031228,T.Gabriel,2016,3
00-0031228,T.Gabriel,2016,4
00-0031228,T.Gabriel,2016,6
00-0031228,T.Gabriel,2016,8
00-0031228,T.Gabriel,2016,9
00-0031228,T.Gabriel,2016,10
00-0031228,T.Gabriel,2016,12
00-0031228,T.Gabriel,2016,13
00-0031228,T.Gabriel,2016,14
00-0031228,T.Gabriel,2016,15
00-0031228,T.Gabriel,2016,16
00-0031228,T.Gabriel,2016,19
00-0031228,T.Gabriel,2016,20
00-0031228,T.Gabriel,2016,21
00-0031228,T.Gabriel,2017,1
00-0031228,T.Gabriel,2017,2
00-0031228,T.Gabriel,2017,3
00-0031228,T.Gabriel,2017,4
00-0031228,T.Gabriel,2017,6
00-0031228,T.Gabriel,2017,7
00-0031228,T.Gabriel,2017,8
00-0031228,T.Gabriel,2017,9
00-0031228,T.Gabriel,2017,10
00-0031228,T.Gabriel,2017,11
00-0031228,T.Gabriel,2017,12
00-0031228,T.Gabriel,2017,13
00-0031228,T.Gabriel,2017,14
00-0031228,T.Gabriel,2017,15
00-0031228,T.Gabriel,2017,16
00-0031228,T.Gabriel,2017,17
00-0031228,T.Gabriel,2017,19
00-0031228,T.Gabriel,2018,1
00-0031228,T.Gabriel,2018,2
00-0031228,T.Gabriel,2018,3
00-0031228,T.Gabriel,2018,4
00-0031228,T.Gabriel,2018,6
00-0031228,T.Gabriel,2018,7
00-0031228,T.Gabriel,2018,8
00-0031228,T.Gabriel,2018,9
00-0031228,T.Gabriel,2018,10
00-0031228,T.Gabriel,2018,11
00-0031228,T.Gabriel,2018,12
00-0031228,T.Gabriel,2018,13
00-0031228,T.Gabriel,2018,14
00-0031228,T.Gabriel,2018,15
00-0031228,T.Gabriel,2018,16
00-0031228,T.Gabriel,2018,17
00-0031228,T.Gabriel,2018,18
00-0031228,T.Gabriel,2019,1
00-0031228,T.Gabriel,2019,2
00-0031228,T.Gabriel,2019,3
00-0031228,T.Gabriel,2019,7
00-0031228,T.Gabriel,2019,8
00-0031228,T.Gabriel,2019,9
00-0031228,T.Gabriel,2019,10
00-0031228,T.Gabriel,2019,11
00-0031228,T.Gabriel,2019,12
00-0031235,O.Beckham Jr.,2015,9
00-0031235,O.Beckham Jr.,2015,10
00-0031235,O.Beckham Jr.,2015,12
00-0031235,O.Beckham Jr.,2015,13
00-0031235,O.Beckham Jr.,2015,14
00-0031235,O.Beckham Jr.,2015,15
00-0031235,O.Beckham,2015,17
00-0031235,O.Beckham,2016,1
00-0031235,O.Beckham,2016,2
00-0031235,O.Beckham,2016,3
00-0031235,O.Beckham,2016,4
00-0031235,O.Beckham,2016,5
00-0031235,O.Beckham,2016,6
00-0031235,O.Beckham,2016,7
00-0031235,O.Beckham,2016,9
00-0031235,O.Beckham,2016,10
00-0031235,O.Beckham,2016,11
00-0031235,O.Beckham,2016,12
00-0031235,O.Beckham,2016,13
00-0031235,O.Beckham,2016,14
00-0031235,O.Beckham,2016,15
00-0031235,O.Beckham,2016,16
00-0031235,O.Beckham,2016,17
00-0031235,O.Beckham,2016,18
00-0031235,O.Beckham,2017,2
00-0031235,O.Beckham,2017,3
00-0031235,O.Beckham,2017,4
00-0031235,O.Beckham,2017,5
00-0031235,O.Beckham,2018,1
00-0031235,O.Beckham,2018,2
00-0031235,O.Beckham,2018,3
00-0031235,O.Beckham,2018,4
00-0031235,O.Beckham,2018,5
00-0031235,O.Beckham,2018,6
00-0031235,O.Beckham,2018,7
00-0031235,O.Beckham,2018,8
00-0031235,O.Beckham,2018,10
00-0031235,O.Beckham,2018,11
00-0031235,O.Beckham,2018,12
00-0031235,O.Beckham,2018,13
00-0031235,O.Beckham,2019,1
00-0031235,O.Beckham,2019,2
00-0031235,O.Beckham,2019,3
00-0031235,O.Beckham,2019,4
00-0031235,O.Beckham,2019,5
00-0031235,O.Beckham,2019,6
00-0031235,O.Beckham,2019,8
00-0031235,O.Beckham,2019,9
00-0031235,O.Beckham,2019,10
00-0031235,O.Beckham,2019,11
00-0031235,O.Beckham,2019,12
00-0031235,O.Beckham,2019,13
00-0031235,O.Beckham,2019,14
00-0031235,O.Beckham,2019,15
00-0031235,O.Beckham,2019,16
00-0031235,O.Beckham Jr.,2019,17
00-0031235,O.Beckham,2020,1
00-0031235,O.Beckham,2020,2
00-0031235,O.Beckham,2020,3
00-0031235,O.Beckham,2020,4
00-0031235,O.Beckham,2020,5
00-0031235,O.Beckham,2020,6
00-0031235,O.Beckham Jr.,2020,7
00-0031235,O.Beckham,2021,3
00-0031235,O.Beckham,2021,4
00-0031235,O.Beckham,2021,5
00-0031235,O.Beckham,2021,6
00-0031235,O.Beckham,2021,7
00-0031235,O.Beckham,2021,8
00-0031235,O.Beckham,2021,10
00-0031235,O.Beckham,2021,12
00-0031235,O.Beckham,2021,13
00-0031235,O.Beckham,2021,14
00-0031235,O.Beckham,2021,15
00-0031235,O.Beckham,2021,16
00-0031235,O.Beckham,2021,17
00-0031235,O.Beckham,2021,18
00-0031235,O.Beckham,2021,19
00-0031235,O.Beckham,2021,20
00-0031235,O.Beckham,2021,21
00-0031235,O.Beckham,2021,22
00-0031236,B.Cooks,2015,9
00-0031236,B.Cooks,2015,10
00-0031236,B.Cooks,2015,12
00-0031236,B.Cooks,2015,13
00-0031236,B.Cooks,2015,14
00-0031236,B.Cooks,2015,15
00-0031236,B.Cooks,2015,16
00-0031236,B.Cooks,2015,17
00-0031236,B.Cooks,2016,1
00-0031236,B.Cooks,2016,2
00-0031236,B.Cooks,2016,3
00-0031236,B.Cooks,2016,4
00-0031236,B.Cooks,2016,6
00-0031236,B.Cooks,2016,7
00-0031236,B.Cooks,2016,8
00-0031236,B.Cooks,2016,9
00-0031236,B.Cooks,2016,10
00-0031236,B.Cooks,2016,11
00-0031236,B.Cooks,2016,13
00-0031236,B.Cooks,2016,14
00-0031236,B.Cooks,2016,15
00-0031236,B.Cooks,2016,16
00-0031236,B.Cooks,2016,17
00-0031236,B.Cooks,2017,1
00-0031236,B.Cooks,2017,2
00-0031236,B.Cooks,2017,3
00-0031236,B.Cooks,2017,4
00-0031236,B.Cooks,2017,5
00-0031236,B.Cooks,2017,6
00-0031236,B.Cooks,2017,7
00-0031236,B.Cooks,2017,8
00-0031236,B.Cooks,2017,10
00-0031236,B.Cooks,2017,11
00-0031236,B.Cooks,2017,12
00-0031236,B.Cooks,2017,13
00-0031236,B.Cooks,2017,14
00-0031236,B.Cooks,2017,15
00-0031236,B.Cooks,2017,16
00-0031236,B.Cooks,2017,17
00-0031236,B.Cooks,2017,19
00-0031236,B.Cooks,2017,20
00-0031236,B.Cooks,2017,21
00-0031236,B.Cooks,2018,1
00-0031236,B.Cooks,2018,2
00-0031236,B.Cooks,2018,3
00-0031236,B.Cooks,2018,4
00-0031236,B.Cooks,2018,6
00-0031236,B.Cooks,2018,7
00-0031236,B.Cooks,2018,8
00-0031236,B.Cooks,2018,9
00-0031236,B.Cooks,2018,10
00-0031236,B.Cooks,2018,11
00-0031236,B.Cooks,2018,13
00-0031236,B.Cooks,2018,14
00-0031236,B.Cooks,2018,15
00-0031236,B.Cooks,2018,16
00-0031236,B.Cooks,2018,17
00-0031236,B.Cooks,2018,19
00-0031236,B.Cooks,2018,20
00-0031236,B.Cooks,2018,21
00-0031236,B.Cooks,2019,1
00-0031236,B.Cooks,2019,2
00-0031236,B.Cooks,2019,3
00-0031236,B.Cooks,2019,4
00-0031236,B.Cooks,2019,5
00-0031236,B.Cooks,2019,6
00-0031236,B.Cooks,2019,7
00-0031236,B.Cooks,2019,8
00-0031236,B.Cooks,2019,12
00-0031236,B.Cooks,2019,13
00-0031236,B.Cooks,2019,14
00-0031236,B.Cooks,2019,15
00-0031236,B.Cooks,2019,16
00-0031236,B.Cooks,2019,17
00-0031236,B.Cooks,2020,1
00-0031236,B.Cooks,2020,2
00-0031236,B.Cooks,2020,3
00-0031236,B.Cooks,2020,4
00-0031236,B.Cooks,2020,5
00-0031236,B.Cooks,2020,6
00-0031236,B.Cooks,2020,7
00-0031236,B.Cooks,2020,9
00-0031236,B.Cooks,2020,10
00-0031236,B.Cooks,2020,11
00-0031236,B.Cooks,2020,12
00-0031236,B.Cooks,2020,13
00-0031236,B.Cooks,2020,15
00-0031236,B.Cooks,2020,16
00-0031236,B.Cooks,2020,17
00-0031236,B.Cooks,2021,1
00-0031236,B.Cooks,2021,2
00-0031236,B.Cooks,2021,3
00-0031236,B.Cooks,2021,4
00-0031236,B.Cooks,2021,5
00-0031236,B.Cooks,2021,6
00-0031236,B.Cooks,2021,7
00-0031236,B.Cooks,2021,8
00-0031236,B.Cooks,2021,9
00-0031236,B.Cooks,2021,11
00-0031236,B.Cooks,2021,12
00-0031236,B.Cooks,2021,13
00-0031236,B.Cooks,2021,14
00-0031236,B.Cooks,2021,15
00-0031236,B.Cooks,2021,17
00-0031236,B.Cooks,2021,18
00-0031236,B.Cooks,2022,1
00-0031236,B.Cooks,2022,2
00-0031236,B.Cooks,2022,3
00-0031236,B.Cooks,2022,4
00-0031236,B.Cooks,2022,5
00-0031236,B.Cooks,2022,7
00-0031236,B.Cooks,2022,8
00-0031236,B.Cooks,2022,10
00-0031236,B.Cooks,2022,11
00-0031236,B.Cooks,2022,12
00-0031236,B.Cooks,2022,16
00-0031236,B.Cooks,2022,17
00-0031236,B.Cooks,2022,18
00-0031257,P.Richardson,2016,11
00-0031257,P.Richardson,2016,12
00-0031257,P.Richardson,2016,16
00-0031257,P.Richardson,2016,17
00-0031257,P.Richardson,2016,18
00-0031257,P.Richardson,2016,19
00-0031257,P.Richardson,2017,1
00-0031257,P.Richardson,2017,2
00-0031257,P.Richardson,2017,3
00-0031257,P.Richardson,2017,4
00-0031257,P.Richardson,2017,5
00-0031257,P.Richardson,2017,7
00-0031257,P.Richardson,2017,8
00-0031257,P.Richardson,2017,9
00-0031257,P.Richardson,2017,10
00-0031257,P.Richardson,2017,11
00-0031257,P.Richardson,2017,12
00-0031257,P.Richardson,2017,13
00-0031257,P.Richardson,2017,14
00-0031257,P.Richardson,2017,15
00-0031257,P.Richardson,2017,16
00-0031257,P.Richardson,2017,17
00-0031257,P.Richardson,2018,1
00-0031257,P.Richardson,2018,2
00-0031257,P.Richardson,2018,3
00-0031257,P.Richardson,2018,5
00-0031257,P.Richardson,2018,6
00-0031257,P.Richardson,2018,8
00-0031257,P.Richardson,2018,9
00-0031257,P.Richardson,2019,1
00-0031257,P.Richardson,2019,2
00-0031257,P.Richardson,2019,3
00-0031257,P.Richardson,2019,4
00-0031257,P.Richardson,2019,5
00-0031257,P.Richardson,2019,6
00-0031257,P.Richardson,2019,7
00-0031257,P.Richardson,2019,8
00-0031257,P.Richardson,2019,9
00-0031257,P.Richardson,2019,12
00-0031260,L.Thomas,2018,6
00-0031260,L.Thomas,2018,9
00-0031260,L.Thomas,2018,10
00-0031260,L.Thomas,2018,12
00-0031260,L.Thomas,2018,14
00-0031260,L.Thomas,2018,16
00-0031260,L.Thomas,2019,2
00-0031260,L.Thomas,2019,3
00-0031260,L.Thomas,2019,4
00-0031260,L.Thomas,2019,6
00-0031260,L.Thomas,2019,8
00-0031260,L.Thomas,2019,9
00-0031260,L.Thomas,2019,10
00-0031260,L.Thomas,2019,11
00-0031260,L.Thomas,2019,12
00-0031260,L.Thomas,2019,14
00-0031260,L.Thomas,2019,15
00-0031260,L.Thomas,2019,16
00-0031260,L.Thomas,2019,17
00-0031260,L.Thomas,2020,1
00-0031260,L.Thomas,2020,2
00-0031260,L.Thomas,2020,3
00-0031260,L.Thomas,2020,4
00-0031260,L.Thomas,2020,5
00-0031260,L.Thomas,2020,6
00-0031260,L.Thomas,2020,7
00-0031260,L.Thomas,2020,9
00-0031260,L.Thomas,2020,10
00-0031260,L.Thomas,2020,11
00-0031260,L.Thomas,2020,12
00-0031260,L.Thomas,2020,13
00-0031260,L.Thomas,2020,14
00-0031260,L.Thomas,2020,15
00-0031260,L.Thomas,2020,16
00-0031260,L.Thomas,2020,17
00-0031260,L.Thomas,2020,18
00-0031260,L.Thomas,2021,1
00-0031260,L.Thomas,2021,2
00-0031260,L.Thomas,2021,3
00-0031260,L.Thomas,2021,12
00-0031260,L.Thomas,2021,13
00-0031260,L.Thomas,2022,1
00-0031260,L.Thomas,2022,2
00-0031260,L.Thomas,2022,3
00-0031260,L.Thomas,2022,4
00-0031260,L.Thomas,2022,9
00-0031260,L.Thomas,2022,10
00-0031260,L.Thomas,2022,11
00-0031260,L.Thomas,2022,12
00-0031260,L.Thomas,2022,13
00-0031260,L.Thomas,2022,15
00-0031260,L.Thomas,2022,16
00-0031260,L.Thomas,2022,17
00-0031260,L.Thomas,2022,18
00-0031273,C.Brate,2015,14
00-0031273,C.Brate,2015,15
00-0031273,C.Brate,2015,16
00-0031273,C.Brate,2015,17
00-0031273,C.Brate,2016,1
00-0031273,C.Brate,2016,2
00-0031273,C.Brate,2016,3
00-0031273,C.Brate,2016,4
00-0031273,C.Brate,2016,5
00-0031273,C.Brate,2016,7
00-0031273,C.Brate,2016,8
00-0031273,C.Brate,2016,9
00-0031273,C.Brate,2016,10
00-0031273,C.Brate,2016,11
00-0031273,C.Brate,2016,12
00-0031273,C.Brate,2016,13
00-0031273,C.Brate,2016,14
00-0031273,C.Brate,2016,15
00-0031273,C.Brate,2016,16
00-0031273,C.Brate,2017,2
00-0031273,C.Brate,2017,3
00-0031273,C.Brate,2017,4
00-0031273,C.Brate,2017,5
00-0031273,C.Brate,2017,6
00-0031273,C.Brate,2017,7
00-0031273,C.Brate,2017,8
00-0031273,C.Brate,2017,9
00-0031273,C.Brate,2017,10
00-0031273,C.Brate,2017,11
00-0031273,C.Brate,2017,12
00-0031273,C.Brate,2017,13
00-0031273,C.Brate,2017,14
00-0031273,C.Brate,2017,15
00-0031273,C.Brate,2017,16
00-0031273,C.Brate,2017,17
00-0031273,C.Brate,2018,1
00-0031273,C.Brate,2018,3
00-0031273,C.Brate,2018,4
00-0031273,C.Brate,2018,6
00-0031273,C.Brate,2018,7
00-0031273,C.Brate,2018,8
00-0031273,C.Brate,2018,9
00-0031273,C.Brate,2018,10
00-0031273,C.Brate,2018,11
00-0031273,C.Brate,2018,12
00-0031273,C.Brate,2018,13
00-0031273,C.Brate,2018,14
00-0031273,C.Brate,2018,15
00-0031273,C.Brate,2018,16
00-0031273,C.Brate,2018,17
00-0031273,C.Brate,2019,1
00-0031273,C.Brate,2019,2
00-0031273,C.Brate,2019,3
00-0031273,C.Brate,2019,4
00-0031273,C.Brate,2019,5
00-0031273,C.Brate,2019,6
00-0031273,C.Brate,2019,8
00-0031273,C.Brate,2019,11
00-0031273,C.Brate,2019,12
00-0031273,C.Brate,2019,13
00-0031273,C.Brate,2019,14
00-0031273,C.Brate,2019,15
00-0031273,C.Brate,2019,16
00-0031273,C.Brate,2019,17
00-0031273,C.Brate,2020,1
00-0031273,C.Brate,2020,4
00-0031273,C.Brate,2020,5
00-0031273,C.Brate,2020,6
00-0031273,C.Brate,2020,7
00-0031273,C.Brate,2020,8
00-0031273,C.Brate,2020,10
00-0031273,C.Brate,2020,11
00-0031273,C.Brate,2020,12
00-0031273,C.Brate,2020,14
00-0031273,C.Brate,2020,15
00-0031273,C.Brate,2020,16
00-0031273,C.Brate,2020,17
00-0031273,C.Brate,2020,18
00-0031273,C.Brate,2020,19
00-0031273,C.Brate,2020,20
00-0031273,C.Brate,2020,21
00-0031273,C.Brate,2021,2
00-0031273,C.Brate,2021,3
00-0031273,C.Brate,2021,4
00-0031273,C.Brate,2021,5
00-0031273,C.Brate,2021,6
00-0031273,C.Brate,2021,7
00-0031273,C.Brate,2021,8
00-0031273,C.Brate,2021,10
00-0031273,C.Brate,2021,11
00-0031273,C.Brate,2021,12
00-0031273,C.Brate,2021,13
00-0031273,C.Brate,2021,14
00-0031273,C.Brate,2021,15
00-0031273,C.Brate,2021,16
00-0031273,C.Brate,2021,17
00-0031273,C.Brate,2021,18
00-0031273,C.Brate,2021,19
00-0031273,C.Brate,2021,20
00-0031273,C.Brate,2022,1
00-0031273,C.Brate,2022,2
00-0031273,C.Brate,2022,3
00-0031273,C.Brate,2022,4
00-0031273,C.Brate,2022,6
00-0031273,C.Brate,2022,10
00-0031273,C.Brate,2022,12
00-0031273,C.Brate,2022,14
00-0031273,C.Brate,2022,15
00-0031273,C.Brate,2022,19
00-0031285,D.Freeman,2015,9
00-0031285,D.Freeman,2015,13
00-0031285,D.Freeman,2015,14
00-0031285,D.Freeman,2015,15
00-0031285,D.Freeman,2015,16
00-0031285,D.Freeman,2015,17
00-0031285,D.Freeman,2016,1
00-0031285,D.Freeman,2016,3
00-0031285,D.Freeman,2016,4
00-0031285,D.Freeman,2016,5
00-0031285,D.Freeman,2016,6
00-0031285,D.Freeman,2016,7
00-0031285,D.Freeman,2016,8
00-0031285,D.Freeman,2016,9
00-0031285,D.Freeman,2016,10
00-0031285,D.Freeman,2016,12
00-0031285,D.Freeman,2016,13
00-0031285,D.Freeman,2016,14
00-0031285,D.Freeman,2016,15
00-0031285,D.Freeman,2016,16
00-0031285,D.Freeman,2016,17
00-0031285,D.Freeman,2016,19
00-0031285,D.Freeman,2016,20
00-0031285,D.Freeman,2016,21
00-0031285,D.Freeman,2017,1
00-0031285,D.Freeman,2017,2
00-0031285,D.Freeman,2017,3
00-0031285,D.Freeman,2017,4
00-0031285,D.Freeman,2017,6
00-0031285,D.Freeman,2017,7
00-0031285,D.Freeman,2017,8
00-0031285,D.Freeman,2017,9
00-0031285,D.Freeman,2017,13
00-0031285,D.Freeman,2017,15
00-0031285,D.Freeman,2017,16
00-0031285,D.Freeman,2017,17
00-0031285,D.Freeman,2017,18
00-0031285,D.Freeman,2017,19
00-0031285,D.Freeman,2018,1
00-0031285,D.Freeman,2018,5
00-0031285,D.Freeman,2019,1
00-0031285,D.Freeman,2019,2
00-0031285,D.Freeman,2019,3
00-0031285,D.Freeman,2019,4
00-0031285,D.Freeman,2019,5
00-0031285,D.Freeman,2019,6
00-0031285,D.Freeman,2019,7
00-0031285,D.Freeman,2019,8
00-0031285,D.Freeman,2019,10
00-0031285,D.Freeman,2019,13
00-0031285,D.Freeman,2019,14
00-0031285,D.Freeman,2019,15
00-0031285,D.Freeman,2019,16
00-0031285,D.Freeman,2019,17
00-0031285,D.Freeman,2020,4
00-0031285,D.Freeman,2020,5
00-0031285,D.Freeman,2020,6
00-0031285,D.Freeman,2020,7
00-0031285,D.Freeman,2021,5
00-0031285,D.Freeman,2021,6
00-0031285,D.Freeman,2021,7
00-0031285,D.Freeman,2021,9
00-0031285,D.Freeman,2021,10
00-0031285,D.Freeman,2021,11
00-0031285,D.Freeman,2021,12
00-0031285,D.Freeman,2021,13
00-0031285,D.Freeman,2021,14
00-0031285,D.Freeman,2021,15
00-0031285,D.Freeman,2021,16
00-0031285,D.Freeman,2021,17
00-0031285,D.Freeman,2021,18
00-0031299,J.Matthews,2015,10
00-0031299,J.Matthews,2015,11
00-0031299,J.Matthews,2015,12
00-0031299,J.Matthews,2015,13
00-0031299,J.Matthews,2015,14
00-0031299,J.Matthews,2015,15
00-0031299,J.Matthews,2015,16
00-0031299,J.Matthews,2015,17
00-0031299,J.Matthews,2016,1
00-0031299,J.Matthews,2016,2
00-0031299,J.Matthews,2016,3
00-0031299,J.Matthews,2016,5
00-0031299,J.Matthews,2016,6
00-0031299,J.Matthews,2016,7
00-0031299,J.Matthews,2016,8
00-0031299,J.Matthews,2016,9
00-0031299,J.Matthews,2016,10
00-0031299,J.Matthews,2016,11
00-0031299,J.Matthews,2016,12
00-0031299,J.Matthews,2016,14
00-0031299,J.Matthews,2016,15
00-0031299,J.Matthews,2016,16
00-0031299,J.Matthews,2017,1
00-0031299,J.Matthews,2017,2
00-0031299,J.Matthews,2017,3
00-0031299,J.Matthews,2017,4
00-0031299,J.Matthews,2017,7
00-0031299,J.Matthews,2017,8
00-0031299,J.Matthews,2017,9
00-0031299,J.Matthews,2017,10
00-0031299,J.Matthews,2017,12
00-0031299,J.Matthews,2017,13
00-0031299,J.Matthews,2018,3
00-0031299,J.Matthews,2018,4
00-0031299,J.Matthews,2018,5
00-0031299,J.Matthews,2018,6
00-0031299,J.Matthews,2018,8
00-0031299,J.Matthews,2018,10
00-0031299,J.Matthews,2018,11
00-0031299,J.Matthews,2018,12
00-0031299,J.Matthews,2018,13
00-0031299,J.Matthews,2018,14
00-0031299,J.Matthews,2018,16
00-0031299,J.Matthews,2018,19
00-0031299,J.Matthews,2019,11
00-0031299,J.Matthews,2019,12
00-0031301,J.Hill,2015,14
00-0031301,J.Hill,2015,15
00-0031301,J.Hill,2015,16
00-0031301,J.Hill,2015,17
00-0031301,J.Hill,2015,18
00-0031301,J.Hill,2016,2
00-0031301,J.Hill,2016,4
00-0031301,J.Hill,2016,5
00-0031301,J.Hill,2016,6
00-0031301,J.Hill,2016,7
00-0031301,J.Hill,2016,8
00-0031301,J.Hill,2016,11
00-0031301,J.Hill,2016,12
00-0031301,J.Hill,2016,13
00-0031301,J.Hill,2016,14
00-0031301,J.Hill,2016,15
00-0031301,J.Hill,2017,1
00-0031301,J.Hill,2017,2
00-0031301,J.Hill,2017,3
00-0031301,J.Hill,2017,4
00-0031301,J.Hill,2018,1
00-0031302,C.Fiedorowicz,2015,12
00-0031302,C.Fiedorowicz,2015,13
00-0031302,C.Fiedorowicz,2015,15
00-0031302,C.Fiedorowicz,2015,16
00-0031302,C.Fiedorowicz,2015,17
00-0031302,C.Fiedorowicz,2015,18
00-0031302,C.Fiedorowicz,2016,1
00-0031302,C.Fiedorowicz,2016,2
00-0031302,C.Fiedorowicz,2016,3
00-0031302,C.Fiedorowicz,2016,4
00-0031302,C.Fiedorowicz,2016,5
00-0031302,C.Fiedorowicz,2016,6
00-0031302,C.Fiedorowicz,2016,7
00-0031302,C.Fiedorowicz,2016,8
00-0031302,C.Fiedorowicz,2016,10
00-0031302,C.Fiedorowicz,2016,11
00-0031302,C.Fiedorowicz,2016,12
00-0031302,C.Fiedorowicz,2016,13
00-0031302,C.Fiedorowicz,2016,14
00-0031302,C.Fiedorowicz,2016,16
00-0031302,C.Fiedorowicz,2016,17
00-0031302,C.Fiedorowicz,2016,18
00-0031302,C.Fiedorowicz,2016,19
00-0031302,C.Fiedorowicz,2017,1
00-0031302,C.Fiedorowicz,2017,10
00-0031302,C.Fiedorowicz,2017,11
00-0031302,C.Fiedorowicz,2017,12
00-0031302,C.Fiedorowicz,2017,13
00-0031325,S.Watkins,2015,13
00-0031325,S.Watkins,2015,14
00-0031325,S.Watkins,2015,15
00-0031325,S.Watkins,2015,16
00-0031325,S.Watkins,2015,17
00-0031325,S.Watkins,2016,1
00-0031325,S.Watkins,2016,2
00-0031325,S.Watkins,2016,12
00-0031325,S.Watkins,2016,13
00-0031325,S.Watkins,2016,14
00-0031325,S.Watkins,2016,15
00-0031325,S.Watkins,2016,16
00-0031325,S.Watkins,2016,17
00-0031325,S.Watkins,2017,1
00-0031325,S.Watkins,2017,2
00-0031325,S.Watkins,2017,3
00-0031325,S.Watkins,2017,4
00-0031325,S.Watkins,2017,5
00-0031325,S.Watkins,2017,6
00-0031325,S.Watkins,2017,7
00-0031325,S.Watkins,2017,9
00-0031325,S.Watkins,2017,10
00-0031325,S.Watkins,2017,11
00-0031325,S.Watkins,2017,12
00-0031325,S.Watkins,2017,13
00-0031325,S.Watkins,2017,14
00-0031325,S.Watkins,2017,15
00-0031325,S.Watkins,2017,16
00-0031325,S.Watkins,2017,18
00-0031325,S.Watkins,2018,1
00-0031325,S.Watkins,2018,2
00-0031325,S.Watkins,2018,3
00-0031325,S.Watkins,2018,4
00-0031325,S.Watkins,2018,5
00-0031325,S.Watkins,2018,6
00-0031325,S.Watkins,2018,7
00-0031325,S.Watkins,2018,8
00-0031325,S.Watkins,2018,9
00-0031325,S.Watkins,2018,11
00-0031325,S.Watkins,2018,19
00-0031325,S.Watkins,2018,20
00-0031325,S.Watkins,2019,1
00-0031325,S.Watkins,2019,2
00-0031325,S.Watkins,2019,3
00-0031325,S.Watkins,2019,4
00-0031325,S.Watkins,2019,8
00-0031325,S.Watkins,2019,9
00-0031325,S.Watkins,2019,10
00-0031325,S.Watkins,2019,11
00-0031325,S.Watkins,2019,13
00-0031325,S.Watkins,2019,14
00-0031325,S.Watkins,2019,15
00-0031325,S.Watkins,2019,16
00-0031325,S.Watkins,2019,17
00-0031325,S.Watkins,2019,19
00-0031325,S.Watkins,2019,20
00-0031325,S.Watkins,2019,21
00-0031325,S.Watkins,2020,1
00-0031325,S.Watkins,2020,2
00-0031325,S.Watkins,2020,3
00-0031325,S.Watkins,2020,4
00-0031325,S.Watkins,2020,5
00-0031325,S.Watkins,2020,12
00-0031325,S.Watkins,2020,13
00-0031325,S.Watkins,2020,14
00-0031325,S.Watkins,2020,15
00-0031325,S.Watkins,2020,16
00-0031325,S.Watkins,2020,21
00-0031325,S.Watkins,2021,1
00-0031325,S.Watkins,2021,2
00-0031325,S.Watkins,2021,3
00-0031325,S.Watkins,2021,4
00-0031325,S.Watkins,2021,5
00-0031325,S.Watkins,2021,10
00-0031325,S.Watkins,2021,11
00-0031325,S.Watkins,2021,12
00-0031325,S.Watkins,2021,13
00-0031325,S.Watkins,2021,14
00-0031325,S.Watkins,2021,18
00-0031325,S.Watkins,2022,1
00-0031325,S.Watkins,2022,2
00-0031325,S.Watkins,2022,7
00-0031325,S.Watkins,2022,8
00-0031325,S.Watkins,2022,9
00-0031325,S.Watkins,2022,10
00-0031325,S.Watkins,2022,11
00-0031325,S.Watkins,2022,16
00-0031325,S.Watkins,2022,18
00-0031325,S.Watkins,2022,19
00-0031326,B.Ellington,2015,16
00-0031326,B.Ellington,2015,17
00-0031326,B.Ellington,2017,1
00-0031326,B.Ellington,2017,3
00-0031326,B.Ellington,2017,4
00-0031326,B.Ellington,2017,5
00-0031326,B.Ellington,2017,6
00-0031326,B.Ellington,2017,8
00-0031326,B.Ellington,2017,9
00-0031326,B.Ellington,2017,10
00-0031326,B.Ellington,2017,11
00-0031326,B.Ellington,2017,12
00-0031326,B.Ellington,2017,13
00-0031326,B.Ellington,2018,1
00-0031326,B.Ellington,2018,2
00-0031326,B.Ellington,2018,3
00-0031326,B.Ellington,2018,11
00-0031326,B.Ellington,2018,12
00-0031326,B.Ellington,2018,13
00-0031326,B.Ellington,2018,14
00-0031339,D.Moncrief,2015,9
00-0031339,D.Moncrief,2015,11
00-0031339,D.Moncrief,2015,12
00-0031339,D.Moncrief,2015,13
00-0031339,D.Moncrief,2015,14
00-0031339,D.Moncrief,2015,15
00-0031339,D.Moncrief,2015,16
00-0031339,D.Moncrief,2015,17
00-0031339,D.Moncrief,2016,1
00-0031339,D.Moncrief,2016,2
00-0031339,D.Moncrief,2016,8
00-0031339,D.Moncrief,2016,9
00-0031339,D.Moncrief,2016,11
00-0031339,D.Moncrief,2016,12
00-0031339,D.Moncrief,2016,13
00-0031339,D.Moncrief,2016,14
00-0031339,D.Moncrief,2016,16
00-0031339,D.Moncrief,2017,1
00-0031339,D.Moncrief,2017,2
00-0031339,D.Moncrief,2017,3
00-0031339,D.Moncrief,2017,4
00-0031339,D.Moncrief,2017,5
00-0031339,D.Moncrief,2017,6
00-0031339,D.Moncrief,2017,7
00-0031339,D.Moncrief,2017,8
00-0031339,D.Moncrief,2017,9
00-0031339,D.Moncrief,2017,10
00-0031339,D.Moncrief,2017,12
00-0031339,D.Moncrief,2017,13
00-0031339,D.Moncrief,2018,1
00-0031339,D.Moncrief,2018,2
00-0031339,D.Moncrief,2018,3
00-0031339,D.Moncrief,2018,4
00-0031339,D.Moncrief,2018,5
00-0031339,D.Moncrief,2018,6
00-0031339,D.Moncrief,2018,7
00-0031339,D.Moncrief,2018,8
00-0031339,D.Moncrief,2018,10
00-0031339,D.Moncrief,2018,11
00-0031339,D.Moncrief,2018,12
00-0031339,D.Moncrief,2018,13
00-0031339,D.Moncrief,2018,14
00-0031339,D.Moncrief,2018,15
00-0031339,D.Moncrief,2018,16
00-0031339,D.Moncrief,2018,17
00-0031339,D.Moncrief,2019,1
00-0031339,D.Moncrief,2019,2
00-0031339,D.Moncrief,2019,6
00-0031339,D.Moncrief,2019,8
00-0031339,D.Moncrief,2020,11
00-0031344,C.Latimer,2016,3
00-0031344,C.Latimer,2016,4
00-0031344,C.Latimer,2016,13
00-0031344,C.Latimer,2016,14
00-0031344,C.Latimer,2016,16
00-0031344,C.Latimer,2016,17
00-0031344,C.Latimer,2017,2
00-0031344,C.Latimer,2017,3
00-0031344,C.Latimer,2017,8
00-0031344,C.Latimer,2017,9
00-0031344,C.Latimer,2017,10
00-0031344,C.Latimer,2017,11
00-0031344,C.Latimer,2017,12
00-0031344,C.Latimer,2017,13
00-0031344,C.Latimer,2017,14
00-0031344,C.Latimer,2017,15
00-0031344,C.Latimer,2018,2
00-0031344,C.Latimer,2018,3
00-0031344,C.Latimer,2018,6
00-0031344,C.Latimer,2018,16
00-0031344,C.Latimer,2018,17
00-0031344,C.Latimer,2019,1
00-0031344,C.Latimer,2019,2
00-0031344,C.Latimer,2019,5
00-0031344,C.Latimer,2019,6
00-0031344,C.Latimer,2019,7
00-0031344,C.Latimer,2019,8
00-0031344,C.Latimer,2019,9
00-0031344,C.Latimer,2019,10
00-0031344,C.Latimer,2019,12
00-0031344,C.Latimer,2019,13
00-0031344,C.Latimer,2019,15
00-0031344,C.Latimer,2019,16
00-0031344,C.Latimer,2019,17
00-0031359,K.Benjamin,2016,10
00-0031359,K.Benjamin,2016,11
00-0031359,K.Benjamin,2016,12
00-0031359,K.Benjamin,2016,13
00-0031359,K.Benjamin,2016,14
00-0031359,K.Benjamin,2016,15
00-0031359,K.Benjamin,2016,16
00-0031359,K.Benjamin,2016,17
00-0031359,K.Benjamin,2017,1
00-0031359,K.Benjamin,2017,2
00-0031359,K.Benjamin,2017,3
00-0031359,K.Benjamin,2017,4
00-0031359,K.Benjamin,2017,5
00-0031359,K.Benjamin,2017,6
00-0031359,K.Benjamin,2017,7
00-0031359,K.Benjamin,2017,8
00-0031359,K.Benjamin,2017,10
00-0031359,K.Benjamin,2017,11
00-0031359,K.Benjamin,2017,14
00-0031359,K.Benjamin,2017,15
00-0031359,K.Benjamin,2017,16
00-0031359,K.Benjamin,2017,17
00-0031359,K.Benjamin,2017,18
00-0031359,K.Benjamin,2018,1
00-0031359,K.Benjamin,2018,2
00-0031359,K.Benjamin,2018,3
00-0031359,K.Benjamin,2018,4
00-0031359,K.Benjamin,2018,5
00-0031359,K.Benjamin,2018,6
00-0031359,K.Benjamin,2018,7
00-0031359,K.Benjamin,2018,8
00-0031359,K.Benjamin,2018,9
00-0031359,K.Benjamin,2018,10
00-0031359,K.Benjamin,2018,12
00-0031359,K.Benjamin,2018,13
00-0031359,K.Benjamin,2018,15
00-0031359,K.Benjamin,2018,16
00-0031359,K.Benjamin,2018,17
00-0031373,M.Bryant,2015,15
00-0031373,M.Bryant,2015,16
00-0031373,M.Bryant,2015,17
00-0031373,M.Bryant,2015,18
00-0031373,M.Bryant,2015,19
00-0031373,M.Bryant,2017,1
00-0031373,M.Bryant,2017,2
00-0031373,M.Bryant,2017,3
00-0031373,M.Bryant,2017,4
00-0031373,M.Bryant,2017,5
00-0031373,M.Bryant,2017,6
00-0031373,M.Bryant,2017,7
00-0031373,M.Bryant,2017,10
00-0031373,M.Bryant,2017,11
00-0031373,M.Bryant,2017,12
00-0031373,M.Bryant,2017,13
00-0031373,M.Bryant,2017,14
00-0031373,M.Bryant,2017,15
00-0031373,M.Bryant,2017,16
00-0031373,M.Bryant,2017,17
00-0031373,M.Bryant,2017,19
00-0031373,M.Bryant,2018,2
00-0031373,M.Bryant,2018,3
00-0031373,M.Bryant,2018,4
00-0031373,M.Bryant,2018,5
00-0031373,M.Bryant,2018,6
00-0031373,M.Bryant,2018,9
00-0031373,M.Bryant,2018,10
00-0031375,T.West,2016,9
00-0031375,T.West,2016,10
00-0031375,T.West,2016,11
00-0031375,T.West,2016,12
00-0031375,T.West,2016,13
00-0031375,T.West,2016,14
00-0031375,T.West,2016,15
00-0031375,T.West,2016,16
00-0031375,T.West,2016,17
00-0031375,T.West,2017,1
00-0031375,T.West,2017,2
00-0031375,T.West,2017,3
00-0031376,J.McKinnon,2015,15
00-0031376,J.McKinnon,2015,16
00-0031376,J.McKinnon,2015,17
00-0031376,J.McKinnon,2015,18
00-0031376,J.McKinnon,2016,1
00-0031376,J.McKinnon,2016,2
00-0031376,J.McKinnon,2016,3
00-0031376,J.McKinnon,2016,4
00-0031376,J.McKinnon,2016,5
00-0031376,J.McKinnon,2016,7
00-0031376,J.McKinnon,2016,10
00-0031376,J.McKinnon,2016,11
00-0031376,J.McKinnon,2016,12
00-0031376,J.McKinnon,2016,13
00-0031376,J.McKinnon,2016,14
00-0031376,J.McKinnon,2016,15
00-0031376,J.McKinnon,2016,16
00-0031376,J.McKinnon,2016,17
00-0031376,J.McKinnon,2017,1
00-0031376,J.McKinnon,2017,2
00-0031376,J.McKinnon,2017,3
00-0031376,J.McKinnon,2017,4
00-0031376,J.McKinnon,2017,5
00-0031376,J.McKinnon,2017,6
00-0031376,J.McKinnon,2017,7
00-0031376,J.McKinnon,2017,8
00-0031376,J.McKinnon,2017,10
00-0031376,J.McKinnon,2017,11
00-0031376,J.McKinnon,2017,12
00-0031376,J.McKinnon,2017,13
00-0031376,J.McKinnon,2017,14
00-0031376,J.McKinnon,2017,15
00-0031376,J.McKinnon,2017,16
00-0031376,J.McKinnon,2017,17
00-0031376,J.McKinnon,2017,19
00-0031376,J.McKinnon,2017,20
00-0031376,J.McKinnon,2020,1
00-0031376,J.McKinnon,2020,2
00-0031376,J.McKinnon,2020,3
00-0031376,J.McKinnon,2020,4
00-0031376,J.McKinnon,2020,5
00-0031376,J.McKinnon,2020,6
00-0031376,J.McKinnon,2020,8
00-0031376,J.McKinnon,2020,9
00-0031376,J.McKinnon,2020,10
00-0031376,J.McKinnon,2020,12
00-0031376,J.McKinnon,2020,15
00-0031376,J.McKinnon,2020,16
00-0031376,J.McKinnon,2020,17
00-0031376,J.McKinnon,2021,2
00-0031376,J.McKinnon,2021,5
00-0031376,J.McKinnon,2021,6
00-0031376,J.McKinnon,2021,7
00-0031376,J.McKinnon,2021,9
00-0031376,J.McKinnon,2021,10
00-0031376,J.McKinnon,2021,18
00-0031376,J.McKinnon,2021,19
00-0031376,J.McKinnon,2021,20
00-0031376,J.McKinnon,2021,21
00-0031376,J.McKinnon,2022,1
00-0031376,J.McKinnon,2022,2
00-0031376,J.McKinnon,2022,3
00-0031376,J.McKinnon,2022,4
00-0031376,J.McKinnon,2022,5
00-0031376,J.McKinnon,2022,6
00-0031376,J.McKinnon,2022,7
00-0031376,J.McKinnon,2022,9
00-0031376,J.McKinnon,2022,10
00-0031376,J.McKinnon,2022,11
00-0031376,J.McKinnon,2022,12
00-0031376,J.McKinnon,2022,13
00-0031376,J.McKinnon,2022,14
00-0031376,J.McKinnon,2022,15
00-0031376,J.McKinnon,2022,16
00-0031376,J.McKinnon,2022,17
00-0031376,J.McKinnon,2022,18
00-0031376,J.McKinnon,2022,21
00-0031376,J.McKinnon,2022,22
00-0031381,D.Adams,2015,13
00-0031381,D.Adams,2015,14
00-0031381,D.Adams,2015,15
00-0031381,D.Adams,2015,16
00-0031381,D.Adams,2015,17
00-0031381,D.Adams,2015,18
00-0031381,D.Adams,2016,1
00-0031381,D.Adams,2016,2
00-0031381,D.Adams,2016,3
00-0031381,D.Adams,2016,5
00-0031381,D.Adams,2016,6
00-0031381,D.Adams,2016,7
00-0031381,D.Adams,2016,8
00-0031381,D.Adams,2016,9
00-0031381,D.Adams,2016,10
00-0031381,D.Adams,2016,11
00-0031381,D.Adams,2016,12
00-0031381,D.Adams,2016,13
00-0031381,D.Adams,2016,14
00-0031381,D.Adams,2016,15
00-0031381,D.Adams,2016,16
00-0031381,D.Adams,2016,17
00-0031381,D.Adams,2016,18
00-0031381,D.Adams,2016,19
00-0031381,D.Adams,2016,20
00-0031381,D.Adams,2017,1
00-0031381,D.Adams,2017,2
00-0031381,D.Adams,2017,3
00-0031381,D.Adams,2017,4
00-0031381,D.Adams,2017,5
00-0031381,D.Adams,2017,6
00-0031381,D.Adams,2017,7
00-0031381,D.Adams,2017,9
00-0031381,D.Adams,2017,10
00-0031381,D.Adams,2017,11
00-0031381,D.Adams,2017,12
00-0031381,D.Adams,2017,13
00-0031381,D.Adams,2017,14
00-0031381,D.Adams,2017,15
00-0031381,D.Adams,2018,1
00-0031381,D.Adams,2018,2
00-0031381,D.Adams,2018,3
00-0031381,D.Adams,2018,4
00-0031381,D.Adams,2018,5
00-0031381,D.Adams,2018,6
00-0031381,D.Adams,2018,8
00-0031381,D.Adams,2018,9
00-0031381,D.Adams,2018,10
00-0031381,D.Adams,2018,11
00-0031381,D.Adams,2018,12
00-0031381,D.Adams,2018,13
00-0031381,D.Adams,2018,14
00-0031381,D.Adams,2018,15
00-0031381,D.Adams,2018,16
00-0031381,D.Adams,2019,1
00-0031381,D.Adams,2019,2
00-0031381,D.Adams,2019,3
00-0031381,D.Adams,2019,4
00-0031381,D.Adams,2019,9
00-0031381,D.Adams,2019,10
00-0031381,D.Adams,2019,12
00-0031381,D.Adams,2019,13
00-0031381,D.Adams,2019,14
00-0031381,D.Adams,2019,15
00-0031381,D.Adams,2019,16
00-0031381,D.Adams,2019,17
00-0031381,D.Adams,2019,19
00-0031381,D.Adams,2019,20
00-0031381,D.Adams,2020,1
00-0031381,D.Adams,2020,2
00-0031381,D.Adams,2020,6
00-0031381,D.Adams,2020,7
00-0031381,D.Adams,2020,8
00-0031381,D.Adams,2020,9
00-0031381,D.Adams,2020,10
00-0031381,D.Adams,2020,11
00-0031381,D.Adams,2020,12
00-0031381,D.Adams,2020,13
00-0031381,D.Adams,2020,14
00-0031381,D.Adams,2020,15
00-0031381,D.Adams,2020,16
00-0031381,D.Adams,2020,17
00-0031381,D.Adams,2020,19
00-0031381,D.Adams,2020,20
00-0031381,D.Adams,2021,1
00-0031381,D.Adams,2021,2
00-0031381,D.Adams,2021,3
00-0031381,D.Adams,2021,4
00-0031381,D.Adams,2021,5
00-0031381,D.Adams,2021,6
00-0031381,D.Adams,2021,7
00-0031381,D.Adams,2021,9
00-0031381,D.Adams,2021,10
00-0031381,D.Adams,2021,11
00-0031381,D.Adams,2021,12
00-0031381,D.Adams,2021,14
00-0031381,D.Adams,2021,15
00-0031381,D.Adams,2021,16
00-0031381,D.Adams,2021,17
00-0031381,D.Adams,2021,18
00-0031381,D.Adams,2021,20
00-0031381,D.Adams,2022,1
00-0031381,D.Adams,2022,2
00-0031381,D.Adams,2022,3
00-0031381,D.Adams,2022,4
00-0031381,D.Adams,2022,5
00-0031381,D.Adams,2022,7
00-0031381,D.Adams,2022,8
00-0031381,D.Adams,2022,9
00-0031381,D.Adams,2022,10
00-0031381,D.Adams,2022,11
00-0031381,D.Adams,2022,12
00-0031381,D.Adams,2022,13
00-0031381,D.Adams,2022,14
00-0031381,D.Adams,2022,15
00-0031381,D.Adams,2022,16
00-0031381,D.Adams,2022,17
00-0031381,D.Adams,2022,18
00-0031382,J.Landry,2015,10
00-0031382,J.Landry,2015,11
00-0031382,J.Landry,2015,12
00-0031382,J.Landry,2015,13
00-0031382,J.Landry,2015,14
00-0031382,J.Landry,2015,15
00-0031382,J.Landry,2015,16
00-0031382,J.Landry,2015,17
00-0031382,J.Landry,2016,1
00-0031382,J.Landry,2016,2
00-0031382,J.Landry,2016,3
00-0031382,J.Landry,2016,4
00-0031382,J.Landry,2016,5
00-0031382,J.Landry,2016,6
00-0031382,J.Landry,2016,7
00-0031382,J.Landry,2016,9
00-0031382,J.Landry,2016,10
00-0031382,J.Landry,2016,11
00-0031382,J.Landry,2016,12
00-0031382,J.Landry,2016,13
00-0031382,J.Landry,2016,14
00-0031382,J.Landry,2016,15
00-0031382,J.Landry,2016,16
00-0031382,J.Landry,2016,17
00-0031382,J.Landry,2016,18
00-0031382,J.Landry,2017,2
00-0031382,J.Landry,2017,3
00-0031382,J.Landry,2017,4
00-0031382,J.Landry,2017,5
00-0031382,J.Landry,2017,6
00-0031382,J.Landry,2017,7
00-0031382,J.Landry,2017,8
00-0031382,J.Landry,2017,9
00-0031382,J.Landry,2017,10
00-0031382,J.Landry,2017,11
00-0031382,J.Landry,2017,12
00-0031382,J.Landry,2017,13
00-0031382,J.Landry,2017,14
00-0031382,J.Landry,2017,15
00-0031382,J.Landry,2017,16
00-0031382,J.Landry,2017,17
00-0031382,J.Landry,2018,1
00-0031382,J.Landry,2018,2
00-0031382,J.Landry,2018,3
00-0031382,J.Landry,2018,4
00-0031382,J.Landry,2018,5
00-0031382,J.Landry,2018,6
00-0031382,J.Landry,2018,7
00-0031382,J.Landry,2018,8
00-0031382,J.Landry,2018,9
00-0031382,J.Landry,2018,10
00-0031382,J.Landry,2018,12
00-0031382,J.Landry,2018,13
00-0031382,J.Landry,2018,14
00-0031382,J.Landry,2018,15
00-0031382,J.Landry,2018,16
00-0031382,J.Landry,2018,17
00-0031382,J.Landry,2019,1
00-0031382,J.Landry,2019,2
00-0031382,J.Landry,2019,3
00-0031382,J.Landry,2019,4
00-0031382,J.Landry,2019,5
00-0031382,J.Landry,2019,6
00-0031382,J.Landry,2019,8
00-0031382,J.Landry,2019,9
00-0031382,J.Landry,2019,10
00-0031382,J.Landry,2019,11
00-0031382,J.Landry,2019,12
00-0031382,J.Landry,2019,13
00-0031382,J.Landry,2019,14
00-0031382,J.Landry,2019,15
00-0031382,J.Landry,2019,16
00-0031382,J.Landry,2019,17
00-0031382,J.Landry,2020,1
00-0031382,J.Landry,2020,2
00-0031382,J.Landry,2020,3
00-0031382,J.Landry,2020,4
00-0031382,J.Landry,2020,5
00-0031382,J.Landry,2020,6
00-0031382,J.Landry,2020,7
00-0031382,J.Landry,2020,8
00-0031382,J.Landry,2020,10
00-0031382,J.Landry,2020,11
00-0031382,J.Landry,2020,12
00-0031382,J.Landry,2020,13
00-0031382,J.Landry,2020,14
00-0031382,J.Landry,2020,15
00-0031382,J.Landry,2020,17
00-0031382,J.Landry,2020,18
00-0031382,J.Landry,2020,19
00-0031382,J.Landry,2021,1
00-0031382,J.Landry,2021,2
00-0031382,J.Landry,2021,7
00-0031382,J.Landry,2021,8
00-0031382,J.Landry,2021,9
00-0031382,J.Landry,2021,10
00-0031382,J.Landry,2021,11
00-0031382,J.Landry,2021,12
00-0031382,J.Landry,2021,14
00-0031382,J.Landry,2021,16
00-0031382,J.Landry,2021,17
00-0031382,J.Landry,2021,18
00-0031382,J.Landry,2022,1
00-0031382,J.Landry,2022,2
00-0031382,J.Landry,2022,3
00-0031382,J.Landry,2022,4
00-0031382,J.Landry,2022,10
00-0031382,J.Landry,2022,11
00-0031382,J.Landry,2022,12
00-0031382,J.Landry,2022,13
00-0031382,J.Landry,2022,15
00-0031384,R.Rodgers,2015,10
00-0031384,R.Rodgers,2015,11
00-0031384,R.Rodgers,2015,12
00-0031384,R.Rodgers,2015,13
00-0031384,R.Rodgers,2015,14
00-0031384,R.Rodgers,2015,15
00-0031384,R.Rodgers,2015,16
00-0031384,R.Rodgers,2015,17
00-0031384,R.Rodgers,2015,18
00-0031384,R.Rodgers,2015,19
00-0031384,R.Rodgers,2016,1
00-0031384,R.Rodgers,2016,2
00-0031384,R.Rodgers,2016,3
00-0031384,R.Rodgers,2016,5
00-0031384,R.Rodgers,2016,6
00-0031384,R.Rodgers,2016,7
00-0031384,R.Rodgers,2016,9
00-0031384,R.Rodgers,2016,10
00-0031384,R.Rodgers,2016,11
00-0031384,R.Rodgers,2016,12
00-0031384,R.Rodgers,2016,13
00-0031384,R.Rodgers,2016,14
00-0031384,R.Rodgers,2016,15
00-0031384,R.Rodgers,2016,16
00-0031384,R.Rodgers,2016,17
00-0031384,R.Rodgers,2016,19
00-0031384,R.Rodgers,2017,2
00-0031384,R.Rodgers,2017,5
00-0031384,R.Rodgers,2017,9
00-0031384,R.Rodgers,2017,10
00-0031384,R.Rodgers,2017,11
00-0031384,R.Rodgers,2017,12
00-0031384,R.Rodgers,2017,13
00-0031384,R.Rodgers,2017,14
00-0031384,R.Rodgers,2017,15
00-0031384,R.Rodgers,2018,16
00-0031384,R.Rodgers,2020,3
00-0031384,R.Rodgers,2020,4
00-0031384,R.Rodgers,2020,5
00-0031384,R.Rodgers,2020,6
00-0031384,R.Rodgers,2020,7
00-0031384,R.Rodgers,2020,10
00-0031384,R.Rodgers,2020,11
00-0031384,R.Rodgers,2020,12
00-0031384,R.Rodgers,2021,18
00-0031384,R.Rodgers,2022,1
00-0031384,R.Rodgers,2022,9
00-0031384,R.Rodgers,2022,10
00-0031387,E.Ebron,2015,12
00-0031387,E.Ebron,2015,13
00-0031387,E.Ebron,2015,14
00-0031387,E.Ebron,2015,15
00-0031387,E.Ebron,2015,16
00-0031387,E.Ebron,2015,17
00-0031387,E.Ebron,2016,1
00-0031387,E.Ebron,2016,2
00-0031387,E.Ebron,2016,3
00-0031387,E.Ebron,2016,4
00-0031387,E.Ebron,2016,8
00-0031387,E.Ebron,2016,9
00-0031387,E.Ebron,2016,11
00-0031387,E.Ebron,2016,12
00-0031387,E.Ebron,2016,13
00-0031387,E.Ebron,2016,14
00-0031387,E.Ebron,2016,15
00-0031387,E.Ebron,2016,16
00-0031387,E.Ebron,2016,17
00-0031387,E.Ebron,2016,18
00-0031387,E.Ebron,2017,1
00-0031387,E.Ebron,2017,2
00-0031387,E.Ebron,2017,3
00-0031387,E.Ebron,2017,4
00-0031387,E.Ebron,2017,5
00-0031387,E.Ebron,2017,6
00-0031387,E.Ebron,2017,8
00-0031387,E.Ebron,2017,9
00-0031387,E.Ebron,2017,10
00-0031387,E.Ebron,2017,11
00-0031387,E.Ebron,2017,12
00-0031387,E.Ebron,2017,13
00-0031387,E.Ebron,2017,14
00-0031387,E.Ebron,2017,15
00-0031387,E.Ebron,2017,16
00-0031387,E.Ebron,2017,17
00-0031387,E.Ebron,2018,1
00-0031387,E.Ebron,2018,2
00-0031387,E.Ebron,2018,3
00-0031387,E.Ebron,2018,4
00-0031387,E.Ebron,2018,5
00-0031387,E.Ebron,2018,6
00-0031387,E.Ebron,2018,7
00-0031387,E.Ebron,2018,8
00-0031387,E.Ebron,2018,10
00-0031387,E.Ebron,2018,12
00-0031387,E.Ebron,2018,13
00-0031387,E.Ebron,2018,14
00-0031387,E.Ebron,2018,15
00-0031387,E.Ebron,2018,16
00-0031387,E.Ebron,2018,17
00-0031387,E.Ebron,2018,18
00-0031387,E.Ebron,2018,19
00-0031387,E.Ebron,2019,1
00-0031387,E.Ebron,2019,2
00-0031387,E.Ebron,2019,3
00-0031387,E.Ebron,2019,4
00-0031387,E.Ebron,2019,5
00-0031387,E.Ebron,2019,7
00-0031387,E.Ebron,2019,8
00-0031387,E.Ebron,2019,9
00-0031387,E.Ebron,2019,10
00-0031387,E.Ebron,2019,11
00-0031387,E.Ebron,2019,12
00-0031387,E.Ebron,2020,1
00-0031387,E.Ebron,2020,2
00-0031387,E.Ebron,2020,3
00-0031387,E.Ebron,2020,5
00-0031387,E.Ebron,2020,6
00-0031387,E.Ebron,2020,7
00-0031387,E.Ebron,2020,8
00-0031387,E.Ebron,2020,9
00-0031387,E.Ebron,2020,10
00-0031387,E.Ebron,2020,11
00-0031387,E.Ebron,2020,12
00-0031387,E.Ebron,2020,13
00-0031387,E.Ebron,2020,14
00-0031387,E.Ebron,2020,15
00-0031387,E.Ebron,2020,16
00-0031387,E.Ebron,2020,18
00-0031387,E.Ebron,2021,1
00-0031387,E.Ebron,2021,2
00-0031387,E.Ebron,2021,3
00-0031387,E.Ebron,2021,4
00-0031387,E.Ebron,2021,5
00-0031387,E.Ebron,2021,6
00-0031387,E.Ebron,2021,10
00-0031387,E.Ebron,2021,11
00-0031390,C.Sims,2015,10
00-0031390,C.Sims,2015,11
00-0031390,C.Sims,2015,12
00-0031390,C.Sims,2015,13
00-0031390,C.Sims,2015,14
00-0031390,C.Sims,2015,15
00-0031390,C.Sims,2015,16
00-0031390,C.Sims,2015,17
00-0031390,C.Sims,2016,1
00-0031390,C.Sims,2016,2
00-0031390,C.Sims,2016,3
00-0031390,C.Sims,2016,4
00-0031390,C.Sims,2016,14
00-0031390,C.Sims,2016,15
00-0031390,C.Sims,2016,16
00-0031390,C.Sims III,2017,2
00-0031390,C.Sims III,2017,3
00-0031390,C.Sims III,2017,4
00-0031390,C.Sims III,2017,5
00-0031390,C.Sims III,2017,6
00-0031390,C.Sims III,2017,7
00-0031390,C.Sims III,2017,9
00-0031390,C.Sims III,2017,10
00-0031390,C.Sims III,2017,11
00-0031390,C.Sims III,2017,12
00-0031390,C.Sims III,2017,13
00-0031390,C.Sims III,2017,14
00-0031390,C.Sims III,2017,15
00-0031390,C.Sims III,2017,16
00-0031390,C.Sims III,2017,17
00-0031408,M.Evans,2015,11
00-0031408,M.Evans,2015,12
00-0031408,M.Evans,2015,13
00-0031408,M.Evans,2015,14
00-0031408,M.Evans,2015,15
00-0031408,M.Evans,2015,16
00-0031408,M.Evans,2015,17
00-0031408,M.Evans,2016,1
00-0031408,M.Evans,2016,2
00-0031408,M.Evans,2016,3
00-0031408,M.Evans,2016,4
00-0031408,M.Evans,2016,5
00-0031408,M.Evans,2016,7
00-0031408,M.Evans,2016,8
00-0031408,M.Evans,2016,9
00-0031408,M.Evans,2016,10
00-0031408,M.Evans,2016,11
00-0031408,M.Evans,2016,12
00-0031408,M.Evans,2016,13
00-0031408,M.Evans,2016,14
00-0031408,M.Evans,2016,15
00-0031408,M.Evans,2016,16
00-0031408,M.Evans,2016,17
00-0031408,M.Evans,2017,2
00-0031408,M.Evans,2017,3
00-0031408,M.Evans,2017,4
00-0031408,M.Evans,2017,5
00-0031408,M.Evans,2017,6
00-0031408,M.Evans,2017,7
00-0031408,M.Evans,2017,8
00-0031408,M.Evans,2017,9
00-0031408,M.Evans,2017,11
00-0031408,M.Evans,2017,12
00-0031408,M.Evans,2017,13
00-0031408,M.Evans,2017,14
00-0031408,M.Evans,2017,15
00-0031408,M.Evans,2017,16
00-0031408,M.Evans,2017,17
00-0031408,M.Evans,2018,1
00-0031408,M.Evans,2018,2
00-0031408,M.Evans,2018,3
00-0031408,M.Evans,2018,4
00-0031408,M.Evans,2018,6
00-0031408,M.Evans,2018,7
00-0031408,M.Evans,2018,8
00-0031408,M.Evans,2018,9
00-0031408,M.Evans,2018,10
00-0031408,M.Evans,2018,11
00-0031408,M.Evans,2018,12
00-0031408,M.Evans,2018,13
00-0031408,M.Evans,2018,14
00-0031408,M.Evans,2018,15
00-0031408,M.Evans,2018,16
00-0031408,M.Evans,2018,17
00-0031408,M.Evans,2019,1
00-0031408,M.Evans,2019,2
00-0031408,M.Evans,2019,3
00-0031408,M.Evans,2019,4
00-0031408,M.Evans,2019,5
00-0031408,M.Evans,2019,6
00-0031408,M.Evans,2019,8
00-0031408,M.Evans,2019,9
00-0031408,M.Evans,2019,10
00-0031408,M.Evans,2019,11
00-0031408,M.Evans,2019,12
00-0031408,M.Evans,2019,13
00-0031408,M.Evans,2019,14
00-0031408,M.Evans,2020,1
00-0031408,M.Evans,2020,2
00-0031408,M.Evans,2020,3
00-0031408,M.Evans,2020,4
00-0031408,M.Evans,2020,5
00-0031408,M.Evans,2020,6
00-0031408,M.Evans,2020,7
00-0031408,M.Evans,2020,8
00-0031408,M.Evans,2020,9
00-0031408,M.Evans,2020,10
00-0031408,M.Evans,2020,11
00-0031408,M.Evans,2020,12
00-0031408,M.Evans,2020,14
00-0031408,M.Evans,2020,15
00-0031408,M.Evans,2020,16
00-0031408,M.Evans,2020,17
00-0031408,M.Evans,2020,18
00-0031408,M.Evans,2020,19
00-0031408,M.Evans,2020,20
00-0031408,M.Evans,2020,21
00-0031408,M.Evans,2021,1
00-0031408,M.Evans,2021,2
00-0031408,M.Evans,2021,3
00-0031408,M.Evans,2021,4
00-0031408,M.Evans,2021,5
00-0031408,M.Evans,2021,6
00-0031408,M.Evans,2021,7
00-0031408,M.Evans,2021,8
00-0031408,M.Evans,2021,10
00-0031408,M.Evans,2021,11
00-0031408,M.Evans,2021,12
00-0031408,M.Evans,2021,13
00-0031408,M.Evans,2021,14
00-0031408,M.Evans,2021,15
00-0031408,M.Evans,2021,17
00-0031408,M.Evans,2021,18
00-0031408,M.Evans,2021,19
00-0031408,M.Evans,2021,20
00-0031408,M.Evans,2022,1
00-0031408,M.Evans,2022,2
00-0031408,M.Evans,2022,4
00-0031408,M.Evans,2022,5
00-0031408,M.Evans,2022,6
00-0031408,M.Evans,2022,7
00-0031408,M.Evans,2022,8
00-0031408,M.Evans,2022,9
00-0031408,M.Evans,2022,10
00-0031408,M.Evans,2022,12
00-0031408,M.Evans,2022,13
00-0031408,M.Evans,2022,14
00-0031408,M.Evans,2022,15
00-0031408,M.Evans,2022,16
00-0031408,M.Evans,2022,17
00-0031408,M.Evans,2022,19
00-0031418,A.Seferian-Jenkins,2016,2
00-0031418,A.Seferian-Jenkins,2016,5
00-0031418,A.Seferian-Jenkins,2016,9
00-0031418,A.Seferian-Jenkins,2016,12
00-0031418,A.Seferian-Jenkins,2016,13
00-0031418,A.Seferian-Jenkins,2016,14
00-0031418,A.Seferian-Jenkins,2016,15
00-0031418,A.Seferian-Jenkins,2016,16
00-0031418,A.Seferian-Jenkins,2017,3
00-0031418,A.Seferian-Jenkins,2017,4
00-0031418,A.Seferian-Jenkins,2017,5
00-0031418,A.Seferian-Jenkins,2017,6
00-0031418,A.Seferian-Jenkins,2017,7
00-0031418,A.Seferian-Jenkins,2017,8
00-0031418,A.Seferian-Jenkins,2017,9
00-0031418,A.Seferian-Jenkins,2017,10
00-0031418,A.Seferian-Jenkins,2017,12
00-0031418,A.Seferian-Jenkins,2017,13
00-0031418,A.Seferian-Jenkins,2017,14
00-0031418,A.Seferian-Jenkins,2017,15
00-0031418,A.Seferian-Jenkins,2017,16
00-0031418,A.Seferian-Jenkins,2018,1
00-0031418,A.Seferian-Jenkins,2018,2
00-0031418,A.Seferian-Jenkins,2018,3
00-0031418,A.Seferian-Jenkins,2018,4
00-0031418,A.Seferian-Jenkins,2018,5
00-0031428,A.Robinson,2015,10
00-0031428,A.Robinson,2015,11
00-0031428,A.Robinson,2015,12
00-0031428,A.Robinson,2015,13
00-0031428,A.Robinson,2015,14
00-0031428,A.Robinson,2015,15
00-0031428,A.Robinson,2015,16
00-0031428,A.Robinson,2015,17
00-0031428,A.Robinson,2016,1
00-0031428,A.Robinson,2016,2
00-0031428,A.Robinson,2016,3
00-0031428,A.Robinson,2016,4
00-0031428,A.Robinson,2016,6
00-0031428,A.Robinson,2016,7
00-0031428,A.Robinson,2016,8
00-0031428,A.Robinson,2016,9
00-0031428,A.Robinson,2016,10
00-0031428,A.Robinson,2016,11
00-0031428,A.Robinson,2016,12
00-0031428,A.Robinson,2016,13
00-0031428,A.Robinson,2016,14
00-0031428,A.Robinson,2016,15
00-0031428,A.Robinson,2016,16
00-0031428,A.Robinson,2016,17
00-0031428,A.Robinson,2017,1
00-0031428,A.Robinson II,2018,1
00-0031428,A.Robinson II,2018,2
00-0031428,A.Robinson II,2018,3
00-0031428,A.Robinson II,2018,4
00-0031428,A.Robinson II,2018,6
00-0031428,A.Robinson II,2018,7
00-0031428,A.Robinson II,2018,10
00-0031428,A.Robinson II,2018,11
00-0031428,A.Robinson II,2018,12
00-0031428,A.Robinson II,2018,13
00-0031428,A.Robinson II,2018,14
00-0031428,A.Robinson II,2018,15
00-0031428,A.Robinson II,2018,16
00-0031428,A.Robinson II,2018,18
00-0031428,A.Robinson,2019,1
00-0031428,A.Robinson,2019,2
00-0031428,A.Robinson,2019,3
00-0031428,A.Robinson,2019,4
00-0031428,A.Robinson,2019,5
00-0031428,A.Robinson,2019,7
00-0031428,A.Robinson,2019,8
00-0031428,A.Robinson,2019,9
00-0031428,A.Robinson,2019,10
00-0031428,A.Robinson,2019,11
00-0031428,A.Robinson,2019,12
00-0031428,A.Robinson,2019,13
00-0031428,A.Robinson,2019,14
00-0031428,A.Robinson,2019,15
00-0031428,A.Robinson,2019,16
00-0031428,A.Robinson,2019,17
00-0031428,A.Robinson,2020,1
00-0031428,A.Robinson,2020,2
00-0031428,A.Robinson,2020,3
00-0031428,A.Robinson,2020,4
00-0031428,A.Robinson,2020,5
00-0031428,A.Robinson,2020,6
00-0031428,A.Robinson,2020,7
00-0031428,A.Robinson,2020,8
00-0031428,A.Robinson,2020,9
00-0031428,A.Robinson,2020,10
00-0031428,A.Robinson,2020,12
00-0031428,A.Robinson,2020,13
00-0031428,A.Robinson,2020,14
00-0031428,A.Robinson,2020,15
00-0031428,A.Robinson,2020,16
00-0031428,A.Robinson,2020,17
00-0031428,A.Robinson,2020,18
00-0031428,A.Robinson,2021,1
00-0031428,A.Robinson,2021,2
00-0031428,A.Robinson,2021,3
00-0031428,A.Robinson,2021,4
00-0031428,A.Robinson,2021,5
00-0031428,A.Robinson,2021,6
00-0031428,A.Robinson,2021,7
00-0031428,A.Robinson,2021,8
00-0031428,A.Robinson,2021,9
00-0031428,A.Robinson,2021,14
00-0031428,A.Robinson,2021,17
00-0031428,A.Robinson,2021,18
00-0031428,Al.Robinson,2022,1
00-0031428,Al.Robinson,2022,2
00-0031428,Al.Robinson,2022,3
00-0031428,Al.Robinson,2022,4
00-0031428,Al.Robinson,2022,5
00-0031428,Al.Robinson,2022,6
00-0031428,Al.Robinson,2022,8
00-0031428,Al.Robinson,2022,9
00-0031428,Al.Robinson,2022,10
00-0031428,Al.Robinson,2022,11
00-0031431,M.Lee,2015,17
00-0031431,M.Lee,2016,1
00-0031431,M.Lee,2016,2
00-0031431,M.Lee,2016,3
00-0031431,M.Lee,2016,4
00-0031431,M.Lee,2016,6
00-0031431,M.Lee,2016,7
00-0031431,M.Lee,2016,8
00-0031431,M.Lee,2016,9
00-0031431,M.Lee,2016,10
00-0031431,M.Lee,2016,11
00-0031431,M.Lee,2016,12
00-0031431,M.Lee,2016,13
00-0031431,M.Lee,2016,14
00-0031431,M.Lee,2016,15
00-0031431,M.Lee,2016,16
00-0031431,M.Lee,2016,17
00-0031431,M.Lee,2017,1
00-0031431,M.Lee,2017,2
00-0031431,M.Lee,2017,3
00-0031431,M.Lee,2017,4
00-0031431,M.Lee,2017,5
00-0031431,M.Lee,2017,6
00-0031431,M.Lee,2017,7
00-0031431,M.Lee,2017,9
00-0031431,M.Lee,2017,10
00-0031431,M.Lee,2017,11
00-0031431,M.Lee,2017,12
00-0031431,M.Lee,2017,13
00-0031431,M.Lee,2017,14
00-0031431,M.Lee,2017,18
00-0031431,M.Lee,2017,19
00-0031431,M.Lee,2017,20
00-0031431,M.Lee,2019,4
00-0031431,M.Lee,2019,5
00-0031431,M.Lee,2019,8
00-0031484,C.Manhertz,2020,1
00-0031484,C.Manhertz,2020,2
00-0031484,C.Manhertz,2020,4
00-0031484,C.Manhertz,2020,6
00-0031484,C.Manhertz,2020,8
00-0031484,C.Manhertz,2020,11
00-0031484,C.Manhertz,2020,12
00-0031484,C.Manhertz,2021,1
00-0031484,C.Manhertz,2021,2
00-0031484,C.Manhertz,2021,4
00-0031484,C.Manhertz,2021,6
00-0031484,C.Manhertz,2021,9
00-0031484,C.Manhertz,2021,12
00-0031484,C.Manhertz,2021,15
00-0031484,C.Manhertz,2021,17
00-0031484,C.Manhertz,2022,4
00-0031484,C.Manhertz,2022,5
00-0031484,C.Manhertz,2022,8
00-0031484,C.Manhertz,2022,9
00-0031484,C.Manhertz,2022,13
00-0031484,C.Manhertz,2022,14
00-0031544,A.Cooper,2015,10
00-0031544,A.Cooper,2015,11
00-0031544,A.Cooper,2015,12
00-0031544,A.Cooper,2015,13
00-0031544,A.Cooper,2015,14
00-0031544,A.Cooper,2015,15
00-0031544,A.Cooper,2015,16
00-0031544,A.Cooper,2015,17
00-0031544,A.Cooper,2016,1
00-0031544,A.Cooper,2016,2
00-0031544,A.Cooper,2016,3
00-0031544,A.Cooper,2016,4
00-0031544,A.Cooper,2016,5
00-0031544,A.Cooper,2016,6
00-0031544,A.Cooper,2016,7
00-0031544,A.Cooper,2016,8
00-0031544,A.Cooper,2016,9
00-0031544,A.Cooper,2016,11
00-0031544,A.Cooper,2016,12
00-0031544,A.Cooper,2016,13
00-0031544,A.Cooper,2016,14
00-0031544,A.Cooper,2016,15
00-0031544,A.Cooper,2016,16
00-0031544,A.Cooper,2016,17
00-0031544,A.Cooper,2016,18
00-0031544,A.Cooper,2017,1
00-0031544,A.Cooper,2017,2
00-0031544,A.Cooper,2017,3
00-0031544,A.Cooper,2017,4
00-0031544,A.Cooper,2017,5
00-0031544,A.Cooper,2017,6
00-0031544,A.Cooper,2017,7
00-0031544,A.Cooper,2017,8
00-0031544,A.Cooper,2017,9
00-0031544,A.Cooper,2017,11
00-0031544,A.Cooper,2017,12
00-0031544,A.Cooper,2017,14
00-0031544,A.Cooper,2017,16
00-0031544,A.Cooper,2017,17
00-0031544,A.Cooper,2018,1
00-0031544,A.Cooper,2018,2
00-0031544,A.Cooper,2018,3
00-0031544,A.Cooper,2018,4
00-0031544,A.Cooper,2018,5
00-0031544,A.Cooper,2018,6
00-0031544,A.Cooper,2018,9
00-0031544,A.Cooper,2018,10
00-0031544,A.Cooper,2018,11
00-0031544,A.Cooper,2018,12
00-0031544,A.Cooper,2018,13
00-0031544,A.Cooper,2018,14
00-0031544,A.Cooper,2018,15
00-0031544,A.Cooper,2018,16
00-0031544,A.Cooper,2018,17
00-0031544,A.Cooper,2018,18
00-0031544,A.Cooper,2018,19
00-0031544,A.Cooper,2019,1
00-0031544,A.Cooper,2019,2
00-0031544,A.Cooper,2019,3
00-0031544,A.Cooper,2019,4
00-0031544,A.Cooper,2019,5
00-0031544,A.Cooper,2019,6
00-0031544,A.Cooper,2019,7
00-0031544,A.Cooper,2019,9
00-0031544,A.Cooper,2019,10
00-0031544,A.Cooper,2019,11
00-0031544,A.Cooper,2019,12
00-0031544,A.Cooper,2019,13
00-0031544,A.Cooper,2019,14
00-0031544,A.Cooper,2019,15
00-0031544,A.Cooper,2019,16
00-0031544,A.Cooper,2019,17
00-0031544,A.Cooper,2020,1
00-0031544,A.Cooper,2020,2
00-0031544,A.Cooper,2020,3
00-0031544,A.Cooper,2020,4
00-0031544,A.Cooper,2020,5
00-0031544,A.Cooper,2020,6
00-0031544,A.Cooper,2020,7
00-0031544,A.Cooper,2020,8
00-0031544,A.Cooper,2020,9
00-0031544,A.Cooper,2020,11
00-0031544,A.Cooper,2020,12
00-0031544,A.Cooper,2020,13
00-0031544,A.Cooper,2020,14
00-0031544,A.Cooper,2020,15
00-0031544,A.Cooper,2020,16
00-0031544,A.Cooper,2020,17
00-0031544,A.Cooper,2021,1
00-0031544,A.Cooper,2021,2
00-0031544,A.Cooper,2021,3
00-0031544,A.Cooper,2021,4
00-0031544,A.Cooper,2021,5
00-0031544,A.Cooper,2021,6
00-0031544,A.Cooper,2021,8
00-0031544,A.Cooper,2021,9
00-0031544,A.Cooper,2021,10
00-0031544,A.Cooper,2021,13
00-0031544,A.Cooper,2021,14
00-0031544,A.Cooper,2021,15
00-0031544,A.Cooper,2021,16
00-0031544,A.Cooper,2021,17
00-0031544,A.Cooper,2021,18
00-0031544,A.Cooper,2021,19
00-0031544,A.Cooper,2022,1
00-0031544,A.Cooper,2022,2
00-0031544,A.Cooper,2022,3
00-0031544,A.Cooper,2022,4
00-0031544,A.Cooper,2022,5
00-0031544,A.Cooper,2022,6
00-0031544,A.Cooper,2022,7
00-0031544,A.Cooper,2022,8
00-0031544,A.Cooper,2022,10
00-0031544,A.Cooper,2022,11
00-0031544,A.Cooper,2022,12
00-0031544,A.Cooper,2022,13
00-0031544,A.Cooper,2022,14
00-0031544,A.Cooper,2022,15
00-0031544,A.Cooper,2022,16
00-0031544,A.Cooper,2022,17
00-0031544,A.Cooper,2022,18
00-0031547,D.Parker,2016,2
00-0031547,D.Parker,2016,3
00-0031547,D.Parker,2016,4
00-0031547,D.Parker,2016,5
00-0031547,D.Parker,2016,6
00-0031547,D.Parker,2016,7
00-0031547,D.Parker,2016,9
00-0031547,D.Parker,2016,10
00-0031547,D.Parker,2016,11
00-0031547,D.Parker,2016,12
00-0031547,D.Parker,2016,13
00-0031547,D.Parker,2016,14
00-0031547,D.Parker,2016,15
00-0031547,D.Parker,2016,16
00-0031547,D.Parker,2016,17
00-0031547,D.Parker,2016,18
00-0031547,D.Parker,2017,2
00-0031547,D.Parker,2017,3
00-0031547,D.Parker,2017,4
00-0031547,D.Parker,2017,5
00-0031547,D.Parker,2017,9
00-0031547,D.Parker,2017,10
00-0031547,D.Parker,2017,11
00-0031547,D.Parker,2017,12
00-0031547,D.Parker,2017,13
00-0031547,D.Parker,2017,14
00-0031547,D.Parker,2017,15
00-0031547,D.Parker,2017,16
00-0031547,D.Parker,2017,17
00-0031547,D.Parker,2018,3
00-0031547,D.Parker,2018,6
00-0031547,D.Parker,2018,8
00-0031547,D.Parker,2018,9
00-0031547,D.Parker,2018,10
00-0031547,D.Parker,2018,12
00-0031547,D.Parker,2018,13
00-0031547,D.Parker,2018,14
00-0031547,D.Parker,2018,15
00-0031547,D.Parker,2018,16
00-0031547,D.Parker,2018,17
00-0031547,D.Parker,2019,1
00-0031547,D.Parker,2019,2
00-0031547,D.Parker,2019,3
00-0031547,D.Parker,2019,4
00-0031547,D.Parker,2019,6
00-0031547,D.Parker,2019,7
00-0031547,D.Parker,2019,8
00-0031547,D.Parker,2019,9
00-0031547,D.Parker,2019,10
00-0031547,D.Parker,2019,11
00-0031547,D.Parker,2019,12
00-0031547,D.Parker,2019,13
00-0031547,D.Parker,2019,14
00-0031547,D.Parker,2019,15
00-0031547,D.Parker,2019,16
00-0031547,D.Parker,2019,17
00-0031547,D.Parker,2020,1
00-0031547,D.Parker,2020,2
00-0031547,D.Parker,2020,3
00-0031547,D.Parker,2020,4
00-0031547,D.Parker,2020,5
00-0031547,D.Parker,2020,6
00-0031547,D.Parker,2020,8
00-0031547,D.Parker,2020,9
00-0031547,D.Parker,2020,10
00-0031547,D.Parker,2020,11
00-0031547,D.Parker,2020,12
00-0031547,D.Parker,2020,13
00-0031547,D.Parker,2020,14
00-0031547,D.Parker,2020,17
00-0031547,D.Parker,2021,1
00-0031547,D.Parker,2021,2
00-0031547,D.Parker,2021,3
00-0031547,D.Parker,2021,4
00-0031547,D.Parker,2021,8
00-0031547,D.Parker,2021,13
00-0031547,D.Parker,2021,15
00-0031547,D.Parker,2021,17
00-0031547,D.Parker,2021,18
00-0031547,D.Parker,2022,1
00-0031547,D.Parker,2022,2
00-0031547,D.Parker,2022,3
00-0031547,D.Parker,2022,4
00-0031547,D.Parker,2022,6
00-0031547,D.Parker,2022,7
00-0031547,D.Parker,2022,8
00-0031547,D.Parker,2022,11
00-0031547,D.Parker,2022,12
00-0031547,D.Parker,2022,13
00-0031547,D.Parker,2022,14
00-0031547,D.Parker,2022,18
00-0031549,N.Agholor,2015,13
00-0031549,N.Agholor,2015,14
00-0031549,N.Agholor,2015,15
00-0031549,N.Agholor,2015,16
00-0031549,N.Agholor,2015,17
00-0031549,N.Agholor,2016,1
00-0031549,N.Agholor,2016,2
00-0031549,N.Agholor,2016,3
00-0031549,N.Agholor,2016,5
00-0031549,N.Agholor,2016,6
00-0031549,N.Agholor,2016,7
00-0031549,N.Agholor,2016,8
00-0031549,N.Agholor,2016,9
00-0031549,N.Agholor,2016,10
00-0031549,N.Agholor,2016,11
00-0031549,N.Agholor,2016,13
00-0031549,N.Agholor,2016,14
00-0031549,N.Agholor,2016,15
00-0031549,N.Agholor,2016,16
00-0031549,N.Agholor,2017,1
00-0031549,N.Agholor,2017,2
00-0031549,N.Agholor,2017,3
00-0031549,N.Agholor,2017,4
00-0031549,N.Agholor,2017,5
00-0031549,N.Agholor,2017,6
00-0031549,N.Agholor,2017,7
00-0031549,N.Agholor,2017,8
00-0031549,N.Agholor,2017,9
00-0031549,N.Agholor,2017,11
00-0031549,N.Agholor,2017,12
00-0031549,N.Agholor,2017,13
00-0031549,N.Agholor,2017,14
00-0031549,N.Agholor,2017,15
00-0031549,N.Agholor,2017,16
00-0031549,N.Agholor,2017,17
00-0031549,N.Agholor,2017,19
00-0031549,N.Agholor,2017,20
00-0031549,N.Agholor,2017,21
00-0031549,N.Agholor,2018,1
00-0031549,N.Agholor,2018,2
00-0031549,N.Agholor,2018,3
00-0031549,N.Agholor,2018,4
00-0031549,N.Agholor,2018,5
00-0031549,N.Agholor,2018,6
00-0031549,N.Agholor,2018,7
00-0031549,N.Agholor,2018,8
00-0031549,N.Agholor,2018,10
00-0031549,N.Agholor,2018,11
00-0031549,N.Agholor,2018,12
00-0031549,N.Agholor,2018,13
00-0031549,N.Agholor,2018,14
00-0031549,N.Agholor,2018,15
00-0031549,N.Agholor,2018,16
00-0031549,N.Agholor,2018,17
00-0031549,N.Agholor,2018,18
00-0031549,N.Agholor,2018,19
00-0031549,N.Agholor,2019,1
00-0031549,N.Agholor,2019,2
00-0031549,N.Agholor,2019,3
00-0031549,N.Agholor,2019,4
00-0031549,N.Agholor,2019,5
00-0031549,N.Agholor,2019,6
00-0031549,N.Agholor,2019,7
00-0031549,N.Agholor,2019,8
00-0031549,N.Agholor,2019,9
00-0031549,N.Agholor,2019,11
00-0031549,N.Agholor,2019,13
00-0031549,N.Agholor,2020,1
00-0031549,N.Agholor,2020,2
00-0031549,N.Agholor,2020,3
00-0031549,N.Agholor,2020,4
00-0031549,N.Agholor,2020,5
00-0031549,N.Agholor,2020,7
00-0031549,N.Agholor,2020,8
00-0031549,N.Agholor,2020,9
00-0031549,N.Agholor,2020,10
00-0031549,N.Agholor,2020,11
00-0031549,N.Agholor,2020,12
00-0031549,N.Agholor,2020,13
00-0031549,N.Agholor,2020,14
00-0031549,N.Agholor,2020,15
00-0031549,N.Agholor,2020,16
00-0031549,N.Agholor,2020,17
00-0031549,N.Agholor,2021,1
00-0031549,N.Agholor,2021,2
00-0031549,N.Agholor,2021,3
00-0031549,N.Agholor,2021,4
00-0031549,N.Agholor,2021,5
00-0031549,N.Agholor,2021,6
00-0031549,N.Agholor,2021,7
00-0031549,N.Agholor,2021,8
00-0031549,N.Agholor,2021,10
00-0031549,N.Agholor,2021,11
00-0031549,N.Agholor,2021,12
00-0031549,N.Agholor,2021,13
00-0031549,N.Agholor,2021,15
00-0031549,N.Agholor,2021,18
00-0031549,N.Agholor,2021,19
00-0031549,N.Agholor,2022,1
00-0031549,N.Agholor,2022,2
00-0031549,N.Agholor,2022,3
00-0031549,N.Agholor,2022,4
00-0031549,N.Agholor,2022,5
00-0031549,N.Agholor,2022,7
00-0031549,N.Agholor,2022,8
00-0031549,N.Agholor,2022,11
00-0031549,N.Agholor,2022,12
00-0031549,N.Agholor,2022,13
00-0031549,N.Agholor,2022,14
00-0031549,N.Agholor,2022,15
00-0031549,N.Agholor,2022,17
00-0031549,N.Agholor,2022,18
00-0031558,M.Williams,2015,15
00-0031558,M.Williams,2015,16
00-0031558,M.Williams,2015,17
00-0031558,M.Williams,2017,1
00-0031558,M.Williams,2017,2
00-0031558,M.Williams,2017,6
00-0031558,M.Williams,2017,9
00-0031558,M.Williams,2017,11
00-0031558,M.Williams,2017,12
00-0031558,M.Williams,2017,13
00-0031558,M.Williams,2017,15
00-0031558,M.Williams,2017,16
00-0031558,M.Williams,2018,1
00-0031558,M.Williams,2018,2
00-0031558,M.Williams,2018,3
00-0031558,M.Williams,2018,4
00-0031558,M.Williams,2018,5
00-0031558,M.Williams,2018,14
00-0031558,M.Williams,2018,15
00-0031558,M.Williams,2018,18
00-0031558,M.Williams,2019,1
00-0031558,M.Williams,2019,2
00-0031558,M.Williams,2019,4
00-0031558,M.Williams,2019,5
00-0031558,M.Williams,2019,6
00-0031558,M.Williams,2019,7
00-0031558,M.Williams,2019,8
00-0031558,M.Williams,2019,9
00-0031558,M.Williams,2019,10
00-0031558,M.Williams,2019,14
00-0031558,M.Williams,2019,15
00-0031558,M.Williams,2019,16
00-0031558,M.Williams,2019,17
00-0031558,M.Williams,2020,1
00-0031558,M.Williams,2020,9
00-0031558,M.Williams,2020,11
00-0031558,M.Williams,2020,12
00-0031558,M.Williams,2020,14
00-0031558,M.Williams,2020,15
00-0031558,M.Williams,2021,1
00-0031558,M.Williams,2021,2
00-0031558,M.Williams,2021,3
00-0031558,M.Williams,2021,4
00-0031558,M.Williams,2021,5
00-0031558,M.Williams,2022,11
00-0031558,M.Williams,2022,15
00-0031560,J.Strong,2015,16
00-0031560,J.Strong,2015,17
00-0031560,J.Strong,2015,18
00-0031560,J.Strong,2016,2
00-0031560,J.Strong,2016,3
00-0031560,J.Strong,2016,4
00-0031560,J.Strong,2016,5
00-0031560,J.Strong,2016,6
00-0031560,J.Strong,2016,7
00-0031560,J.Strong,2017,16
00-0031569,J.Langford,2015,14
00-0031569,J.Langford,2015,15
00-0031569,J.Langford,2015,16
00-0031569,J.Langford,2016,1
00-0031569,J.Langford,2016,2
00-0031569,J.Langford,2016,3
00-0031569,J.Langford,2016,8
00-0031569,J.Langford,2016,10
00-0031569,J.Langford,2016,11
00-0031569,J.Langford,2016,12
00-0031569,J.Langford,2016,14
00-0031569,J.Langford,2016,15
00-0031569,J.Langford,2016,16
00-0031569,J.Langford,2016,17
00-0031570,J.Hardy,2015,17
00-0031570,J.Hardy,2016,1
00-0031570,J.Hardy,2016,2
00-0031570,J.Hardy,2016,3
00-0031570,J.Hardy,2016,6
00-0031570,J.Hardy,2016,7
00-0031570,J.Hardy,2016,8
00-0031570,J.Hardy,2016,12
00-0031570,J.Hardy,2016,13
00-0031570,J.Hardy,2016,14
00-0031570,J.Hardy,2016,15
00-0031570,J.Hardy,2016,17
00-0031570,J.Hardy,2016,19
00-0031570,J.Hardy,2017,2
00-0031570,J.Hardy,2017,4
00-0031570,J.Hardy,2017,6
00-0031570,J.Hardy,2017,7
00-0031570,J.Hardy,2017,9
00-0031570,J.Hardy,2017,10
00-0031570,J.Hardy,2017,11
00-0031570,J.Hardy,2017,15
00-0031570,J.Hardy,2017,16
00-0031570,J.Hardy,2017,17
00-0031570,J.Hardy,2017,18
00-0031570,J.Hardy,2017,19
00-0031570,J.Hardy,2018,4
00-0031570,J.Hardy,2018,6
00-0031570,J.Hardy,2018,7
00-0031570,J.Hardy,2018,10
00-0031570,J.Hardy,2018,12
00-0031570,J.Hardy,2018,14
00-0031570,J.Hardy,2018,15
00-0031570,J.Hardy,2018,17
00-0031570,J.Hardy,2019,1
00-0031570,J.Hardy,2019,2
00-0031570,J.Hardy,2019,3
00-0031570,J.Hardy,2019,5
00-0031570,J.Hardy,2019,7
00-0031570,J.Hardy,2019,8
00-0031570,J.Hardy,2019,11
00-0031570,J.Hardy,2019,13
00-0031570,J.Hardy,2019,14
00-0031570,J.Hardy,2019,16
00-0031570,J.Hardy,2019,17
00-0031577,J.Allen,2015,12
00-0031577,J.Allen,2015,13
00-0031577,J.Allen,2015,14
00-0031577,J.Allen,2015,15
00-0031577,J.Allen,2015,16
00-0031577,J.Allen,2015,17
00-0031577,J.Allen,2016,4
00-0031577,J.Allen,2016,5
00-0031577,J.Allen,2017,1
00-0031577,J.Allen,2017,2
00-0031577,J.Allen,2017,3
00-0031577,J.Allen,2017,4
00-0031577,J.Allen,2017,5
00-0031577,J.Allen,2017,6
00-0031577,J.Allen,2017,7
00-0031577,J.Allen,2017,8
00-0031577,J.Allen,2017,9
00-0031577,J.Allen,2017,11
00-0031577,J.Allen,2017,12
00-0031577,J.Allen,2017,13
00-0031577,J.Allen,2017,14
00-0031577,J.Allen,2017,15
00-0031577,J.Allen,2017,16
00-0031577,J.Allen,2017,17
00-0031577,J.Allen,2018,1
00-0031577,J.Allen,2018,2
00-0031577,J.Allen,2018,3
00-0031577,J.Allen,2018,4
00-0031577,J.Allen,2018,5
00-0031577,J.Allen,2018,6
00-0031577,J.Allen,2018,7
00-0031577,J.Allen,2018,8
00-0031577,J.Allen,2018,9
00-0031577,J.Allen,2019,17
00-0031585,M.Pruitt,2015,14
00-0031585,M.Pruitt,2015,17
00-0031585,M.Pruitt,2015,18
00-0031585,M.Pruitt,2016,4
00-0031585,M.Pruitt,2016,17
00-0031585,M.Pruitt,2018,11
00-0031585,M.Pruitt,2018,12
00-0031585,M.Pruitt,2018,13
00-0031585,M.Pruitt,2018,14
00-0031585,M.Pruitt,2018,15
00-0031585,M.Pruitt,2018,16
00-0031585,M.Pruitt,2018,17
00-0031585,M.Pruitt,2019,1
00-0031585,M.Pruitt,2019,8
00-0031585,M.Pruitt,2019,12
00-0031585,M.Pruitt,2019,14
00-0031585,M.Pruitt,2019,16
00-0031585,M.Pruitt,2019,17
00-0031585,M.Pruitt,2019,18
00-0031585,M.Pruitt,2019,19
00-0031585,M.Pruitt,2019,20
00-0031585,M.Pruitt,2020,1
00-0031585,M.Pruitt,2020,3
00-0031585,M.Pruitt,2020,8
00-0031585,M.Pruitt,2020,13
00-0031585,M.Pruitt,2020,15
00-0031585,M.Pruitt,2021,2
00-0031585,M.Pruitt,2021,3
00-0031585,M.Pruitt,2021,4
00-0031585,M.Pruitt,2021,5
00-0031585,M.Pruitt,2021,7
00-0031585,M.Pruitt,2021,8
00-0031585,M.Pruitt,2021,10
00-0031585,M.Pruitt,2021,12
00-0031585,M.Pruitt,2021,14
00-0031585,M.Pruitt,2021,15
00-0031585,M.Pruitt,2022,6
00-0031585,M.Pruitt,2022,9
00-0031585,M.Pruitt,2022,10
00-0031585,M.Pruitt,2022,11
00-0031585,M.Pruitt,2022,12
00-0031585,M.Pruitt,2022,13
00-0031585,M.Pruitt,2022,15
00-0031585,M.Pruitt,2022,16
00-0031585,M.Pruitt,2022,17
00-0031585,M.Pruitt,2022,18
00-0031588,S.Diggs,2015,13
00-0031588,S.Diggs,2015,14
00-0031588,S.Diggs,2015,15
00-0031588,S.Diggs,2015,16
00-0031588,S.Diggs,2015,17
00-0031588,S.Diggs,2015,18
00-0031588,S.Diggs,2016,1
00-0031588,S.Diggs,2016,2
00-0031588,S.Diggs,2016,3
00-0031588,S.Diggs,2016,4
00-0031588,S.Diggs,2016,7
00-0031588,S.Diggs,2016,8
00-0031588,S.Diggs,2016,9
00-0031588,S.Diggs,2016,10
00-0031588,S.Diggs,2016,11
00-0031588,S.Diggs,2016,13
00-0031588,S.Diggs,2016,14
00-0031588,S.Diggs,2016,15
00-0031588,S.Diggs,2016,16
00-0031588,S.Diggs,2017,1
00-0031588,S.Diggs,2017,2
00-0031588,S.Diggs,2017,3
00-0031588,S.Diggs,2017,4
00-0031588,S.Diggs,2017,5
00-0031588,S.Diggs,2017,8
00-0031588,S.Diggs,2017,10
00-0031588,S.Diggs,2017,11
00-0031588,S.Diggs,2017,12
00-0031588,S.Diggs,2017,13
00-0031588,S.Diggs,2017,14
00-0031588,S.Diggs,2017,15
00-0031588,S.Diggs,2017,16
00-0031588,S.Diggs,2017,17
00-0031588,S.Diggs,2017,19
00-0031588,S.Diggs,2017,20
00-0031588,S.Diggs,2018,1
00-0031588,S.Diggs,2018,2
00-0031588,S.Diggs,2018,3
00-0031588,S.Diggs,2018,4
00-0031588,S.Diggs,2018,5
00-0031588,S.Diggs,2018,6
00-0031588,S.Diggs,2018,7
00-0031588,S.Diggs,2018,8
00-0031588,S.Diggs,2018,11
00-0031588,S.Diggs,2018,12
00-0031588,S.Diggs,2018,13
00-0031588,S.Diggs,2018,14
00-0031588,S.Diggs,2018,15
00-0031588,S.Diggs,2018,16
00-0031588,S.Diggs,2018,17
00-0031588,S.Diggs,2019,1
00-0031588,S.Diggs,2019,2
00-0031588,S.Diggs,2019,3
00-0031588,S.Diggs,2019,4
00-0031588,S.Diggs,2019,5
00-0031588,S.Diggs,2019,6
00-0031588,S.Diggs,2019,7
00-0031588,S.Diggs,2019,8
00-0031588,S.Diggs,2019,9
00-0031588,S.Diggs,2019,10
00-0031588,S.Diggs,2019,11
00-0031588,S.Diggs,2019,13
00-0031588,S.Diggs,2019,14
00-0031588,S.Diggs,2019,15
00-0031588,S.Diggs,2019,16
00-0031588,S.Diggs,2019,18
00-0031588,S.Diggs,2019,19
00-0031588,S.Diggs,2020,1
00-0031588,S.Diggs,2020,2
00-0031588,S.Diggs,2020,3
00-0031588,S.Diggs,2020,4
00-0031588,S.Diggs,2020,5
00-0031588,S.Diggs,2020,6
00-0031588,S.Diggs,2020,7
00-0031588,S.Diggs,2020,8
00-0031588,S.Diggs,2020,9
00-0031588,S.Diggs,2020,10
00-0031588,S.Diggs,2020,12
00-0031588,S.Diggs,2020,13
00-0031588,S.Diggs,2020,14
00-0031588,S.Diggs,2020,15
00-0031588,S.Diggs,2020,16
00-0031588,S.Diggs,2020,17
00-0031588,S.Diggs,2020,18
00-0031588,S.Diggs,2020,19
00-0031588,S.Diggs,2020,20
00-0031588,S.Diggs,2021,1
00-0031588,S.Diggs,2021,2
00-0031588,S.Diggs,2021,3
00-0031588,S.Diggs,2021,4
00-0031588,S.Diggs,2021,5
00-0031588,S.Diggs,2021,6
00-0031588,S.Diggs,2021,8
00-0031588,S.Diggs,2021,9
00-0031588,S.Diggs,2021,10
00-0031588,S.Diggs,2021,11
00-0031588,S.Diggs,2021,12
00-0031588,S.Diggs,2021,13
00-0031588,S.Diggs,2021,14
00-0031588,S.Diggs,2021,15
00-0031588,S.Diggs,2021,16
00-0031588,S.Diggs,2021,17
00-0031588,S.Diggs,2021,18
00-0031588,S.Diggs,2021,19
00-0031588,S.Diggs,2021,20
00-0031588,S.Diggs,2022,1
00-0031588,S.Diggs,2022,2
00-0031588,S.Diggs,2022,3
00-0031588,S.Diggs,2022,4
00-0031588,S.Diggs,2022,5
00-0031588,S.Diggs,2022,6
00-0031588,S.Diggs,2022,8
00-0031588,S.Diggs,2022,9
00-0031588,S.Diggs,2022,10
00-0031588,S.Diggs,2022,11
00-0031588,S.Diggs,2022,12
00-0031588,S.Diggs,2022,13
00-0031588,S.Diggs,2022,14
00-0031588,S.Diggs,2022,15
00-0031588,S.Diggs,2022,16
00-0031588,S.Diggs,2022,18
00-0031588,S.Diggs,2022,19
00-0031588,S.Diggs,2022,20
00-0031590,J.Ajayi,2016,9
00-0031590,J.Ajayi,2016,10
00-0031590,J.Ajayi,2016,11
00-0031590,J.Ajayi,2016,12
00-0031590,J.Ajayi,2016,13
00-0031590,J.Ajayi,2016,14
00-0031590,J.Ajayi,2016,16
00-0031590,J.Ajayi,2016,17
00-0031590,J.Ajayi,2016,18
00-0031590,J.Ajayi,2017,2
00-0031590,J.Ajayi,2017,3
00-0031590,J.Ajayi,2017,4
00-0031590,J.Ajayi,2017,5
00-0031590,J.Ajayi,2017,6
00-0031590,J.Ajayi,2017,7
00-0031590,J.Ajayi,2017,8
00-0031590,J.Ajayi,2017,11
00-0031590,J.Ajayi,2017,12
00-0031590,J.Ajayi,2017,13
00-0031590,J.Ajayi,2017,14
00-0031590,J.Ajayi,2017,15
00-0031590,J.Ajayi,2017,16
00-0031590,J.Ajayi,2017,19
00-0031590,J.Ajayi,2017,20
00-0031590,J.Ajayi,2018,2
00-0031590,J.Ajayi,2018,4
00-0031590,J.Ajayi,2018,5
00-0031590,J.Ajayi,2019,14
00-0031595,M.Burton,2017,16
00-0031595,M.Burton,2017,17
00-0031595,M.Burton,2018,1
00-0031595,M.Burton,2019,11
00-0031595,M.Burton,2020,4
00-0031595,M.Burton,2020,9
00-0031595,M.Burton,2020,15
00-0031595,M.Burton,2020,16
00-0031595,M.Burton,2020,18
00-0031595,M.Burton,2020,19
00-0031595,M.Burton,2021,2
00-0031595,M.Burton,2021,15
00-0031595,M.Burton,2022,2
00-0031595,M.Burton,2022,6
00-0031595,M.Burton,2022,9
00-0031598,N.Boyle,2016,13
00-0031598,N.Boyle,2016,14
00-0031598,N.Boyle,2016,16
00-0031598,N.Boyle,2017,1
00-0031598,N.Boyle,2017,2
00-0031598,N.Boyle,2017,3
00-0031598,N.Boyle,2017,4
00-0031598,N.Boyle,2017,5
00-0031598,N.Boyle,2017,6
00-0031598,N.Boyle,2017,7
00-0031598,N.Boyle,2017,8
00-0031598,N.Boyle,2017,11
00-0031598,N.Boyle,2017,12
00-0031598,N.Boyle,2017,13
00-0031598,N.Boyle,2017,14
00-0031598,N.Boyle,2017,15
00-0031598,N.Boyle,2017,16
00-0031598,N.Boyle,2017,17
00-0031598,N.Boyle,2018,1
00-0031598,N.Boyle,2018,2
00-0031598,N.Boyle,2018,3
00-0031598,N.Boyle,2018,4
00-0031598,N.Boyle,2018,5
00-0031598,N.Boyle,2018,6
00-0031598,N.Boyle,2018,7
00-0031598,N.Boyle,2018,8
00-0031598,N.Boyle,2018,11
00-0031598,N.Boyle,2018,12
00-0031598,N.Boyle,2018,13
00-0031598,N.Boyle,2018,16
00-0031598,N.Boyle,2019,1
00-0031598,N.Boyle,2019,2
00-0031598,N.Boyle,2019,3
00-0031598,N.Boyle,2019,4
00-0031598,N.Boyle,2019,5
00-0031598,N.Boyle,2019,6
00-0031598,N.Boyle,2019,7
00-0031598,N.Boyle,2019,9
00-0031598,N.Boyle,2019,10
00-0031598,N.Boyle,2019,11
00-0031598,N.Boyle,2019,12
00-0031598,N.Boyle,2019,13
00-0031598,N.Boyle,2019,14
00-0031598,N.Boyle,2019,16
00-0031598,N.Boyle,2019,17
00-0031598,N.Boyle,2019,19
00-0031598,N.Boyle,2020,1
00-0031598,N.Boyle,2020,2
00-0031598,N.Boyle,2020,3
00-0031598,N.Boyle,2020,4
00-0031598,N.Boyle,2020,5
00-0031598,N.Boyle,2020,6
00-0031598,N.Boyle,2020,8
00-0031598,N.Boyle,2020,9
00-0031598,N.Boyle,2020,10
00-0031598,N.Boyle,2021,11
00-0031598,N.Boyle,2021,17
00-0031609,A.Derby,2017,3
00-0031609,A.Derby,2017,4
00-0031609,A.Derby,2017,6
00-0031609,A.Derby,2017,7
00-0031609,A.Derby,2017,8
00-0031609,A.Derby,2017,9
00-0031609,A.Derby,2017,10
00-0031609,A.Derby,2017,16
00-0031609,A.Derby,2017,17
00-0031609,A.Derby,2018,2
00-0031609,A.Derby,2018,3
00-0031609,A.Derby,2018,10
00-0031610,D.Waller,2016,15
00-0031610,D.Waller,2016,16
00-0031610,D.Waller,2016,17
00-0031610,D.Waller,2018,15
00-0031610,D.Waller,2018,16
00-0031610,D.Waller,2018,17
00-0031610,D.Waller,2019,1
00-0031610,D.Waller,2019,2
00-0031610,D.Waller,2019,3
00-0031610,D.Waller,2019,4
00-0031610,D.Waller,2019,5
00-0031610,D.Waller,2019,7
00-0031610,D.Waller,2019,8
00-0031610,D.Waller,2019,9
00-0031610,D.Waller,2019,10
00-0031610,D.Waller,2019,11
00-0031610,D.Waller,2019,12
00-0031610,D.Waller,2019,13
00-0031610,D.Waller,2019,14
00-0031610,D.Waller,2019,15
00-0031610,D.Waller,2019,16
00-0031610,D.Waller,2019,17
00-0031610,D.Waller,2020,1
00-0031610,D.Waller,2020,2
00-0031610,D.Waller,2020,3
00-0031610,D.Waller,2020,4
00-0031610,D.Waller,2020,5
00-0031610,D.Waller,2020,7
00-0031610,D.Waller,2020,8
00-0031610,D.Waller,2020,9
00-0031610,D.Waller,2020,10
00-0031610,D.Waller,2020,11
00-0031610,D.Waller,2020,12
00-0031610,D.Waller,2020,13
00-0031610,D.Waller,2020,14
00-0031610,D.Waller,2020,15
00-0031610,D.Waller,2020,16
00-0031610,D.Waller,2020,17
00-0031610,D.Waller,2021,1
00-0031610,D.Waller,2021,2
00-0031610,D.Waller,2021,3
00-0031610,D.Waller,2021,4
00-0031610,D.Waller,2021,5
00-0031610,D.Waller,2021,6
00-0031610,D.Waller,2021,9
00-0031610,D.Waller,2021,10
00-0031610,D.Waller,2021,11
00-0031610,D.Waller,2021,12
00-0031610,D.Waller,2021,18
00-0031610,D.Waller,2021,19
00-0031610,D.Waller,2022,1
00-0031610,D.Waller,2022,2
00-0031610,D.Waller,2022,3
00-0031610,D.Waller,2022,4
00-0031610,D.Waller,2022,15
00-0031610,D.Waller,2022,16
00-0031610,D.Waller,2022,17
00-0031610,D.Waller,2022,18
00-0031612,A.Ripkowski,2016,17
00-0031612,A.Ripkowski,2016,18
00-0031612,A.Ripkowski,2016,20
00-0031612,A.Ripkowski,2017,2
00-0031612,A.Ripkowski,2017,4
00-0031612,A.Ripkowski,2017,6
00-0031612,A.Ripkowski,2017,9
00-0031612,A.Ripkowski,2017,10
00-0031612,A.Ripkowski,2017,11
00-0031612,A.Ripkowski,2017,13
00-0031612,A.Ripkowski,2017,14
00-0031612,A.Ripkowski,2017,16
00-0031665,Z.Zenner,2016,15
00-0031665,Z.Zenner,2016,16
00-0031665,Z.Zenner,2016,17
00-0031665,Z.Zenner,2016,18
00-0031665,Z.Zenner,2017,6
00-0031665,Z.Zenner,2018,12
00-0031665,Z.Zenner,2018,15
00-0031665,Z.Zenner,2018,16
00-0031665,Z.Zenner,2018,17
00-0031665,Z.Zenner,2019,7
00-0031665,Z.Zenner,2019,8
00-0031687,R.Mostert,2019,11
00-0031687,R.Mostert,2019,12
00-0031687,R.Mostert,2019,13
00-0031687,R.Mostert,2019,14
00-0031687,R.Mostert,2019,15
00-0031687,R.Mostert,2019,16
00-0031687,R.Mostert,2019,17
00-0031687,R.Mostert,2019,20
00-0031687,R.Mostert,2019,21
00-0031687,R.Mostert,2020,1
00-0031687,R.Mostert,2020,2
00-0031687,R.Mostert,2020,5
00-0031687,R.Mostert,2020,6
00-0031687,R.Mostert,2020,12
00-0031687,R.Mostert,2020,13
00-0031687,R.Mostert,2020,14
00-0031687,R.Mostert,2022,1
00-0031687,R.Mostert,2022,2
00-0031687,R.Mostert,2022,3
00-0031687,R.Mostert,2022,4
00-0031687,R.Mostert,2022,5
00-0031687,R.Mostert,2022,6
00-0031687,R.Mostert,2022,7
00-0031687,R.Mostert,2022,8
00-0031687,R.Mostert,2022,9
00-0031687,R.Mostert,2022,10
00-0031687,R.Mostert,2022,14
00-0031687,R.Mostert,2022,15
00-0031687,R.Mostert,2022,16
00-0031687,R.Mostert,2022,17
00-0031687,R.Mostert,2022,18
00-0031690,E.Tomlinson,2018,1
00-0031690,E.Tomlinson,2018,2
00-0031690,E.Tomlinson,2018,3
00-0031690,E.Tomlinson,2018,5
00-0031690,E.Tomlinson,2018,7
00-0031690,E.Tomlinson,2018,9
00-0031690,E.Tomlinson,2018,10
00-0031690,E.Tomlinson,2018,15
00-0031690,E.Tomlinson,2019,7
00-0031690,E.Tomlinson,2020,15
00-0031690,E.Tomlinson,2021,9
00-0031690,E.Tomlinson,2022,1
00-0031690,E.Tomlinson,2022,5
00-0031690,E.Tomlinson,2022,6
00-0031690,E.Tomlinson,2022,7
00-0031690,E.Tomlinson,2022,10
00-0031690,E.Tomlinson,2022,14
00-0031690,E.Tomlinson,2022,15
00-0031690,E.Tomlinson,2022,18
00-0031697,J.Taylor,2016,15
00-0031697,J.Taylor,2016,16
00-0031697,J.Taylor,2016,17
00-0031697,J.Taylor,2017,6
00-0031697,J.Taylor,2017,7
00-0031697,J.Taylor,2017,8
00-0031697,J.Taylor,2017,11
00-0031697,J.Taylor,2017,16
00-0031697,J.Taylor,2017,17
00-0031744,M.LaCosse,2018,9
00-0031744,M.LaCosse,2018,11
00-0031744,M.LaCosse,2018,12
00-0031744,M.LaCosse,2018,13
00-0031744,M.LaCosse,2018,14
00-0031744,M.LaCosse,2018,15
00-0031744,M.LaCosse,2018,17
00-0031744,M.LaCosse,2019,2
00-0031744,M.LaCosse,2019,5
00-0031744,M.LaCosse,2019,11
00-0031744,M.LaCosse,2019,12
00-0031744,M.LaCosse,2019,13
00-0031744,M.LaCosse,2019,14
00-0031744,M.LaCosse,2019,15
00-0031744,M.LaCosse,2019,16
00-0031763,D.Carter,2019,1
00-0031763,D.Carter,2019,8
00-0031763,D.Carter,2019,9
00-0031763,D.Carter,2019,16
00-0031763,D.Carter,2019,17
00-0031763,D.Carter,2019,18
00-0031763,D.Carter,2019,19
00-0031763,D.Carter,2020,1
00-0031763,D.Carter,2020,18
00-0031763,D.Carter,2021,4
00-0031763,D.Carter,2021,5
00-0031763,D.Carter,2021,6
00-0031763,D.Carter,2021,7
00-0031763,D.Carter,2021,8
00-0031763,D.Carter,2021,10
00-0031763,D.Carter,2021,11
00-0031763,D.Carter,2021,12
00-0031763,D.Carter,2021,13
00-0031763,D.Carter,2021,14
00-0031763,D.Carter,2021,15
00-0031763,D.Carter,2021,16
00-0031763,D.Carter,2021,18
00-0031763,D.Carter,2022,1
00-0031763,D.Carter,2022,2
00-0031763,D.Carter,2022,3
00-0031763,D.Carter,2022,4
00-0031763,D.Carter,2022,5
00-0031763,D.Carter,2022,6
00-0031763,D.Carter,2022,7
00-0031763,D.Carter,2022,9
00-0031763,D.Carter,2022,10
00-0031763,D.Carter,2022,11
00-0031763,D.Carter,2022,12
00-0031763,D.Carter,2022,13
00-0031763,D.Carter,2022,14
00-0031763,D.Carter,2022,15
00-0031763,D.Carter,2022,17
00-0031763,D.Carter,2022,18
00-0031763,D.Carter,2022,19
00-0031782,E.Rogers,2016,13
00-0031782,E.Rogers,2016,14
00-0031782,E.Rogers,2016,15
00-0031782,E.Rogers,2016,16
00-0031782,E.Rogers,2016,17
00-0031782,E.Rogers,2016,18
00-0031782,E.Rogers,2016,19
00-0031782,E.Rogers,2016,20
00-0031782,E.Rogers,2017,1
00-0031782,E.Rogers,2017,2
00-0031782,E.Rogers,2017,7
00-0031782,E.Rogers,2017,8
00-0031782,E.Rogers,2017,10
00-0031782,E.Rogers,2017,12
00-0031782,E.Rogers,2017,13
00-0031782,E.Rogers,2017,14
00-0031782,E.Rogers,2017,15
00-0031782,E.Rogers,2017,16
00-0031782,E.Rogers,2017,17
00-0031782,E.Rogers,2017,19
00-0031782,E.Rogers,2018,15
00-0031782,E.Rogers,2018,16
00-0031782,E.Rogers,2018,17
00-0031787,J.Kumerow,2019,8
00-0031787,J.Kumerow,2019,9
00-0031787,J.Kumerow,2019,10
00-0031787,J.Kumerow,2019,12
00-0031787,J.Kumerow,2019,15
00-0031787,J.Kumerow,2019,16
00-0031787,J.Kumerow,2019,17
00-0031787,J.Kumerow,2019,19
00-0031787,J.Kumerow,2019,20
00-0031787,J.Kumerow,2020,15
00-0031787,J.Kumerow,2021,2
00-0031787,J.Kumerow,2021,6
00-0031787,J.Kumerow,2021,16
00-0031787,J.Kumerow,2021,18
00-0031787,J.Kumerow,2022,2
00-0031787,J.Kumerow,2022,3
00-0031787,J.Kumerow,2022,8
00-0031787,J.Kumerow,2022,9
00-0031806,M.Brown,2017,15
00-0031806,M.Brown,2017,17
00-0031806,M.Brown,2018,1
00-0031806,M.Brown,2018,2
00-0031806,M.Brown,2018,3
00-0031806,M.Brown,2018,7
00-0031806,M.Brown,2018,9
00-0031806,M.Brown,2018,10
00-0031806,M.Brown,2019,2
00-0031806,M.Brown,2019,3
00-0031806,M.Brown,2019,4
00-0031806,M.Brown,2019,13
00-0031806,M.Brown,2019,16
00-0031806,M.Brown,2019,17
00-0031806,M.Brown,2020,1
00-0031806,M.Brown,2020,3
00-0031806,M.Brown,2020,4
00-0031806,M.Brown,2020,5
00-0031806,M.Brown,2020,6
00-0031806,M.Brown,2020,7
00-0031806,M.Brown,2020,8
00-0031806,M.Brown,2020,10
00-0031806,M.Brown,2020,11
00-0031806,M.Brown,2020,12
00-0031806,M.Brown,2020,13
00-0031806,M.Brown,2020,14
00-0031806,M.Brown,2020,15
00-0031806,M.Brown,2020,16
00-0031806,M.Brown,2020,17
00-0031806,M.Brown,2020,18
00-0031806,M.Brown,2020,19
00-0031806,M.Brown,2021,3
00-0031806,M.Brown,2021,4
00-0031806,M.Brown,2021,6
00-0031806,M.Brown,2021,7
00-0031806,M.Brown,2022,6
00-0031806,M.Brown,2022,9
00-0031806,M.Brown,2022,14
00-0031806,M.Brown,2022,15
00-0031806,M.Brown,2022,16
00-0031868,D.Byrd,2017,16
00-0031868,D.Byrd,2018,7
00-0031868,D.Byrd,2018,8
00-0031868,D.Byrd,2019,1
00-0031868,D.Byrd,2019,2
00-0031868,D.Byrd,2019,3
00-0031868,D.Byrd,2019,6
00-0031868,D.Byrd,2019,7
00-0031868,D.Byrd,2019,8
00-0031868,D.Byrd,2019,13
00-0031868,D.Byrd,2019,14
00-0031868,D.Byrd,2019,15
00-0031868,D.Byrd,2019,16
00-0031868,D.Byrd,2019,17
00-0031868,D.Byrd,2020,2
00-0031868,D.Byrd,2020,3
00-0031868,D.Byrd,2020,4
00-0031868,D.Byrd,2020,6
00-0031868,D.Byrd,2020,7
00-0031868,D.Byrd,2020,8
00-0031868,D.Byrd,2020,9
00-0031868,D.Byrd,2020,11
00-0031868,D.Byrd,2020,12
00-0031868,D.Byrd,2020,13
00-0031868,D.Byrd,2020,14
00-0031868,D.Byrd,2020,15
00-0031868,D.Byrd,2020,16
00-0031868,D.Byrd,2020,17
00-0031868,D.Byrd,2021,1
00-0031868,D.Byrd,2021,6
00-0031868,D.Byrd,2021,7
00-0031868,D.Byrd,2021,11
00-0031868,D.Byrd,2021,12
00-0031868,D.Byrd,2021,13
00-0031868,D.Byrd,2021,14
00-0031868,D.Byrd,2021,15
00-0031868,D.Byrd,2021,16
00-0031868,D.Byrd,2021,17
00-0031868,D.Byrd,2021,18
00-0031868,D.Byrd,2022,4
00-0031868,D.Byrd,2022,5
00-0031868,D.Byrd,2022,7
00-0031868,D.Byrd,2022,8
00-0031868,D.Byrd,2022,9
00-0031868,D.Byrd,2022,10
00-0031868,D.Byrd,2022,11
00-0031868,D.Byrd,2022,13
00-0031868,D.Byrd,2022,15
00-0031868,D.Byrd,2022,16
00-0031868,D.Byrd,2022,17
00-0031868,D.Byrd,2022,18
00-0031897,T.Rawls,2016,11
00-0031897,T.Rawls,2016,12
00-0031897,T.Rawls,2016,13
00-0031897,T.Rawls,2016,14
00-0031897,T.Rawls,2016,15
00-0031897,T.Rawls,2016,16
00-0031897,T.Rawls,2016,18
00-0031897,T.Rawls,2017,5
00-0031897,T.Rawls,2017,7
00-0031897,T.Rawls,2017,8
00-0031897,T.Rawls,2017,9
00-0031897,T.Rawls,2017,10
00-0031897,T.Rawls,2017,17
00-0031900,R.Smith,2017,14
00-0031900,R.Smith,2017,15
00-0031900,R.Smith,2017,16
00-0031900,R.Smith,2018,1
00-0031900,R.Smith,2018,4
00-0031900,R.Smith,2018,9
00-0031900,R.Smith,2018,10
00-0031900,R.Smith,2018,11
00-0031900,R.Smith,2018,14
00-0031900,R.Smith,2018,17
00-0031912,C.Meredith,2016,5
00-0031912,C.Meredith,2016,6
00-0031912,C.Meredith,2016,7
00-0031912,C.Meredith,2016,8
00-0031912,C.Meredith,2016,10
00-0031912,C.Meredith,2016,11
00-0031912,C.Meredith,2016,12
00-0031912,C.Meredith,2016,13
00-0031912,C.Meredith,2016,14
00-0031912,C.Meredith,2016,15
00-0031912,C.Meredith,2016,16
00-0031912,C.Meredith,2016,17
00-0031912,C.Meredith,2018,3
00-0031912,C.Meredith,2018,4
00-0031912,C.Meredith,2018,5
00-0031941,J.Crowder,2015,10
00-0031941,J.Crowder,2015,11
00-0031941,J.Crowder,2015,12
00-0031941,J.Crowder,2015,13
00-0031941,J.Crowder,2015,14
00-0031941,J.Crowder,2015,15
00-0031941,J.Crowder,2015,16
00-0031941,J.Crowder,2015,17
00-0031941,J.Crowder,2015,18
00-0031941,J.Crowder,2016,1
00-0031941,J.Crowder,2016,2
00-0031941,J.Crowder,2016,3
00-0031941,J.Crowder,2016,4
00-0031941,J.Crowder,2016,5
00-0031941,J.Crowder,2016,6
00-0031941,J.Crowder,2016,7
00-0031941,J.Crowder,2016,8
00-0031941,J.Crowder,2016,10
00-0031941,J.Crowder,2016,11
00-0031941,J.Crowder,2016,12
00-0031941,J.Crowder,2016,13
00-0031941,J.Crowder,2016,14
00-0031941,J.Crowder,2016,15
00-0031941,J.Crowder,2016,16
00-0031941,J.Crowder,2016,17
00-0031941,J.Crowder,2017,1
00-0031941,J.Crowder,2017,2
00-0031941,J.Crowder,2017,3
00-0031941,J.Crowder,2017,4
00-0031941,J.Crowder,2017,6
00-0031941,J.Crowder,2017,7
00-0031941,J.Crowder,2017,8
00-0031941,J.Crowder,2017,10
00-0031941,J.Crowder,2017,11
00-0031941,J.Crowder,2017,12
00-0031941,J.Crowder,2017,13
00-0031941,J.Crowder,2017,14
00-0031941,J.Crowder,2017,15
00-0031941,J.Crowder,2017,16
00-0031941,J.Crowder,2017,17
00-0031941,J.Crowder,2018,1
00-0031941,J.Crowder,2018,2
00-0031941,J.Crowder,2018,3
00-0031941,J.Crowder,2018,5
00-0031941,J.Crowder,2018,13
00-0031941,J.Crowder,2018,14
00-0031941,J.Crowder,2018,15
00-0031941,J.Crowder,2018,16
00-0031941,J.Crowder,2018,17
00-0031941,J.Crowder,2019,1
00-0031941,J.Crowder,2019,2
00-0031941,J.Crowder,2019,3
00-0031941,J.Crowder,2019,5
00-0031941,J.Crowder,2019,6
00-0031941,J.Crowder,2019,7
00-0031941,J.Crowder,2019,8
00-0031941,J.Crowder,2019,9
00-0031941,J.Crowder,2019,10
00-0031941,J.Crowder,2019,11
00-0031941,J.Crowder,2019,12
00-0031941,J.Crowder,2019,13
00-0031941,J.Crowder,2019,14
00-0031941,J.Crowder,2019,15
00-0031941,J.Crowder,2019,16
00-0031941,J.Crowder,2019,17
00-0031941,J.Crowder,2020,1
00-0031941,J.Crowder,2020,4
00-0031941,J.Crowder,2020,5
00-0031941,J.Crowder,2020,6
00-0031941,J.Crowder,2020,9
00-0031941,J.Crowder,2020,11
00-0031941,J.Crowder,2020,12
00-0031941,J.Crowder,2020,13
00-0031941,J.Crowder,2020,14
00-0031941,J.Crowder,2020,15
00-0031941,J.Crowder,2020,16
00-0031941,J.Crowder,2020,17
00-0031941,J.Crowder,2021,4
00-0031941,J.Crowder,2021,5
00-0031941,J.Crowder,2021,7
00-0031941,J.Crowder,2021,8
00-0031941,J.Crowder,2021,9
00-0031941,J.Crowder,2021,10
00-0031941,J.Crowder,2021,11
00-0031941,J.Crowder,2021,12
00-0031941,J.Crowder,2021,13
00-0031941,J.Crowder,2021,14
00-0031941,J.Crowder,2021,15
00-0031941,J.Crowder,2021,18
00-0031941,J.Crowder,2022,1
00-0031941,J.Crowder,2022,2
00-0031941,J.Crowder,2022,3
00-0031941,J.Crowder,2022,4
00-0031951,J.O'Shaughnessy,2017,1
00-0031951,J.O'Shaughnessy,2017,3
00-0031951,J.O'Shaughnessy,2017,4
00-0031951,J.O'Shaughnessy,2017,5
00-0031951,J.O'Shaughnessy,2017,6
00-0031951,J.O'Shaughnessy,2017,7
00-0031951,J.O'Shaughnessy,2017,9
00-0031951,J.O'Shaughnessy,2017,11
00-0031951,J.O'Shaughnessy,2017,12
00-0031951,J.O'Shaughnessy,2017,13
00-0031951,J.O'Shaughnessy,2017,14
00-0031951,J.O'Shaughnessy,2017,15
00-0031951,J.O'Shaughnessy,2017,16
00-0031951,J.O'Shaughnessy,2017,17
00-0031951,J.O'Shaughnessy,2017,19
00-0031951,J.O'Shaughnessy,2017,20
00-0031951,J.O'Shaughnessy,2018,1
00-0031951,J.O'Shaughnessy,2018,2
00-0031951,J.O'Shaughnessy,2018,3
00-0031951,J.O'Shaughnessy,2018,4
00-0031951,J.O'Shaughnessy,2018,5
00-0031951,J.O'Shaughnessy,2018,6
00-0031951,J.O'Shaughnessy,2018,10
00-0031951,J.O'Shaughnessy,2018,11
00-0031951,J.O'Shaughnessy,2018,12
00-0031951,J.O'Shaughnessy,2018,13
00-0031951,J.O'Shaughnessy,2018,14
00-0031951,J.O'Shaughnessy,2018,15
00-0031951,J.O'Shaughnessy,2018,17
00-0031951,J.O'Shaughnessy,2019,1
00-0031951,J.O'Shaughnessy,2019,2
00-0031951,J.O'Shaughnessy,2019,3
00-0031951,J.O'Shaughnessy,2019,4
00-0031951,J.O'Shaughnessy,2019,5
00-0031951,J.O'Shaughnessy,2020,1
00-0031951,J.O'Shaughnessy,2020,2
00-0031951,J.O'Shaughnessy,2020,3
00-0031951,J.O'Shaughnessy,2020,4
00-0031951,J.O'Shaughnessy,2020,5
00-0031951,J.O'Shaughnessy,2020,6
00-0031951,J.O'Shaughnessy,2020,7
00-0031951,J.O'Shaughnessy,2020,9
00-0031951,J.O'Shaughnessy,2020,10
00-0031951,J.O'Shaughnessy,2020,12
00-0031951,J.O'Shaughnessy,2020,13
00-0031951,J.O'Shaughnessy,2020,14
00-0031951,J.O'Shaughnessy,2020,15
00-0031951,J.O'Shaughnessy,2020,16
00-0031951,J.O'Shaughnessy,2020,17
00-0031951,J.O'Shaughnessy,2021,1
00-0031951,J.O'Shaughnessy,2021,2
00-0031951,J.O'Shaughnessy,2021,12
00-0031951,J.O'Shaughnessy,2021,13
00-0031951,J.O'Shaughnessy,2021,14
00-0031951,J.O'Shaughnessy,2021,15
00-0031951,J.O'Shaughnessy,2021,16
00-0031972,D.Jennings,2018,13
00-0031972,D.Jennings,2018,16
00-0031972,D.Jennings,2018,17
00-0031972,D.Jennings,2019,2
00-0031972,D.Jennings,2019,3
00-0031972,D.Jennings,2019,4
00-0031972,D.Jennings,2019,6
00-0031972,D.Jennings,2019,19
00-0032004,W.Tye,2015,13
00-0032004,W.Tye,2015,14
00-0032004,W.Tye,2015,15
00-0032004,W.Tye,2015,16
00-0032004,W.Tye,2015,17
00-0032004,W.Tye,2016,1
00-0032004,W.Tye,2016,2
00-0032004,W.Tye,2016,3
00-0032004,W.Tye,2016,4
00-0032004,W.Tye,2016,5
00-0032004,W.Tye,2016,6
00-0032004,W.Tye,2016,7
00-0032004,W.Tye,2016,9
00-0032004,W.Tye,2016,10
00-0032004,W.Tye,2016,11
00-0032004,W.Tye,2016,12
00-0032004,W.Tye,2016,13
00-0032004,W.Tye,2016,14
00-0032004,W.Tye,2016,15
00-0032004,W.Tye,2016,16
00-0032004,W.Tye,2016,17
00-0032004,W.Tye,2016,18
00-0032004,W.Tye,2017,1
00-0032004,W.Tye,2017,2
00-0032009,A.Humphries,2015,15
00-0032009,A.Humphries,2015,16
00-0032009,A.Humphries,2015,17
00-0032009,A.Humphries,2016,1
00-0032009,A.Humphries,2016,2
00-0032009,A.Humphries,2016,3
00-0032009,A.Humphries,2016,4
00-0032009,A.Humphries,2016,5
00-0032009,A.Humphries,2016,7
00-0032009,A.Humphries,2016,8
00-0032009,A.Humphries,2016,9
00-0032009,A.Humphries,2016,10
00-0032009,A.Humphries,2016,11
00-0032009,A.Humphries,2016,12
00-0032009,A.Humphries,2016,13
00-0032009,A.Humphries,2016,15
00-0032009,A.Humphries,2016,16
00-0032009,A.Humphries,2016,17
00-0032009,A.Humphries,2017,2
00-0032009,A.Humphries,2017,3
00-0032009,A.Humphries,2017,4
00-0032009,A.Humphries,2017,5
00-0032009,A.Humphries,2017,6
00-0032009,A.Humphries,2017,7
00-0032009,A.Humphries,2017,8
00-0032009,A.Humphries,2017,9
00-0032009,A.Humphries,2017,10
00-0032009,A.Humphries,2017,11
00-0032009,A.Humphries,2017,12
00-0032009,A.Humphries,2017,13
00-0032009,A.Humphries,2017,14
00-0032009,A.Humphries,2017,15
00-0032009,A.Humphries,2017,16
00-0032009,A.Humphries,2017,17
00-0032009,A.Humphries,2018,1
00-0032009,A.Humphries,2018,2
00-0032009,A.Humphries,2018,3
00-0032009,A.Humphries,2018,4
00-0032009,A.Humphries,2018,6
00-0032009,A.Humphries,2018,7
00-0032009,A.Humphries,2018,8
00-0032009,A.Humphries,2018,9
00-0032009,A.Humphries,2018,10
00-0032009,A.Humphries,2018,11
00-0032009,A.Humphries,2018,12
00-0032009,A.Humphries,2018,13
00-0032009,A.Humphries,2018,14
00-0032009,A.Humphries,2018,15
00-0032009,A.Humphries,2018,16
00-0032009,A.Humphries,2018,17
00-0032009,A.Humphries,2019,1
00-0032009,A.Humphries,2019,2
00-0032009,A.Humphries,2019,3
00-0032009,A.Humphries,2019,4
00-0032009,A.Humphries,2019,5
00-0032009,A.Humphries,2019,6
00-0032009,A.Humphries,2019,7
00-0032009,A.Humphries,2019,8
00-0032009,A.Humphries,2019,9
00-0032009,A.Humphries,2019,10
00-0032009,A.Humphries,2019,12
00-0032009,A.Humphries,2019,13
00-0032009,A.Humphries,2019,20
00-0032009,A.Humphries,2020,1
00-0032009,A.Humphries,2020,2
00-0032009,A.Humphries,2020,3
00-0032009,A.Humphries,2020,6
00-0032009,A.Humphries,2020,7
00-0032009,A.Humphries,2020,8
00-0032009,A.Humphries,2020,13
00-0032009,A.Humphries,2021,1
00-0032009,A.Humphries,2021,2
00-0032009,A.Humphries,2021,3
00-0032009,A.Humphries,2021,4
00-0032009,A.Humphries,2021,5
00-0032009,A.Humphries,2021,6
00-0032009,A.Humphries,2021,7
00-0032009,A.Humphries,2021,8
00-0032009,A.Humphries,2021,10
00-0032009,A.Humphries,2021,11
00-0032009,A.Humphries,2021,12
00-0032009,A.Humphries,2021,13
00-0032009,A.Humphries,2021,14
00-0032009,A.Humphries,2021,15
00-0032009,A.Humphries,2021,16
00-0032009,A.Humphries,2021,17
00-0032009,A.Humphries,2021,18
00-0032054,B.Perriman,2016,10
00-0032054,B.Perriman,2016,12
00-0032054,B.Perriman,2016,13
00-0032054,B.Perriman,2016,14
00-0032054,B.Perriman,2016,15
00-0032054,B.Perriman,2016,16
00-0032054,B.Perriman,2016,17
00-0032054,B.Perriman,2017,1
00-0032054,B.Perriman,2017,2
00-0032054,B.Perriman,2017,3
00-0032054,B.Perriman,2017,4
00-0032054,B.Perriman,2017,5
00-0032054,B.Perriman,2017,6
00-0032054,B.Perriman,2017,8
00-0032054,B.Perriman,2017,9
00-0032054,B.Perriman,2017,12
00-0032054,B.Perriman,2017,15
00-0032054,B.Perriman,2017,16
00-0032054,B.Perriman,2018,7
00-0032054,B.Perriman,2018,8
00-0032054,B.Perriman,2018,9
00-0032054,B.Perriman,2018,10
00-0032054,B.Perriman,2018,12
00-0032054,B.Perriman,2018,13
00-0032054,B.Perriman,2018,14
00-0032054,B.Perriman,2018,15
00-0032054,B.Perriman,2018,16
00-0032054,B.Perriman,2018,17
00-0032054,B.Perriman,2019,1
00-0032054,B.Perriman,2019,2
00-0032054,B.Perriman,2019,3
00-0032054,B.Perriman,2019,4
00-0032054,B.Perriman,2019,8
00-0032054,B.Perriman,2019,9
00-0032054,B.Perriman,2019,10
00-0032054,B.Perriman,2019,11
00-0032054,B.Perriman,2019,12
00-0032054,B.Perriman,2019,13
00-0032054,B.Perriman,2019,14
00-0032054,B.Perriman,2019,15
00-0032054,B.Perriman,2019,16
00-0032054,B.Perriman,2019,17
00-0032054,B.Perriman,2020,1
00-0032054,B.Perriman,2020,2
00-0032054,B.Perriman,2020,6
00-0032054,B.Perriman,2020,7
00-0032054,B.Perriman,2020,9
00-0032054,B.Perriman,2020,11
00-0032054,B.Perriman,2020,12
00-0032054,B.Perriman,2020,13
00-0032054,B.Perriman,2020,14
00-0032054,B.Perriman,2020,15
00-0032054,B.Perriman,2020,16
00-0032054,B.Perriman,2020,17
00-0032054,B.Perriman,2021,11
00-0032054,B.Perriman,2021,13
00-0032054,B.Perriman,2021,14
00-0032054,B.Perriman,2021,17
00-0032054,B.Perriman,2021,18
00-0032054,B.Perriman,2021,19
00-0032054,B.Perriman,2022,1
00-0032054,B.Perriman,2022,2
00-0032054,B.Perriman,2022,3
00-0032054,B.Perriman,2022,6
00-0032054,B.Perriman,2022,8
00-0032054,B.Perriman,2022,9
00-0032054,B.Perriman,2022,12
00-0032054,B.Perriman,2022,18
00-0032055,D.Funchess,2015,10
00-0032055,D.Funchess,2015,11
00-0032055,D.Funchess,2015,12
00-0032055,D.Funchess,2015,13
00-0032055,D.Funchess,2015,14
00-0032055,D.Funchess,2015,15
00-0032055,D.Funchess,2015,16
00-0032055,D.Funchess,2015,17
00-0032055,D.Funchess,2015,19
00-0032055,D.Funchess,2015,20
00-0032055,D.Funchess,2015,21
00-0032055,D.Funchess,2016,1
00-0032055,D.Funchess,2016,2
00-0032055,D.Funchess,2016,3
00-0032055,D.Funchess,2016,4
00-0032055,D.Funchess,2016,6
00-0032055,D.Funchess,2016,8
00-0032055,D.Funchess,2016,9
00-0032055,D.Funchess,2016,10
00-0032055,D.Funchess,2016,11
00-0032055,D.Funchess,2016,12
00-0032055,D.Funchess,2016,13
00-0032055,D.Funchess,2016,14
00-0032055,D.Funchess,2016,15
00-0032055,D.Funchess,2016,16
00-0032055,D.Funchess,2017,1
00-0032055,D.Funchess,2017,2
00-0032055,D.Funchess,2017,3
00-0032055,D.Funchess,2017,4
00-0032055,D.Funchess,2017,5
00-0032055,D.Funchess,2017,6
00-0032055,D.Funchess,2017,7
00-0032055,D.Funchess,2017,8
00-0032055,D.Funchess,2017,9
00-0032055,D.Funchess,2017,10
00-0032055,D.Funchess,2017,12
00-0032055,D.Funchess,2017,13
00-0032055,D.Funchess,2017,14
00-0032055,D.Funchess,2017,15
00-0032055,D.Funchess,2017,16
00-0032055,D.Funchess,2017,17
00-0032055,D.Funchess,2017,18
00-0032055,D.Funchess,2018,1
00-0032055,D.Funchess,2018,2
00-0032055,D.Funchess,2018,3
00-0032055,D.Funchess,2018,5
00-0032055,D.Funchess,2018,6
00-0032055,D.Funchess,2018,7
00-0032055,D.Funchess,2018,8
00-0032055,D.Funchess,2018,9
00-0032055,D.Funchess,2018,10
00-0032055,D.Funchess,2018,11
00-0032055,D.Funchess,2018,13
00-0032055,D.Funchess,2018,14
00-0032055,D.Funchess,2018,15
00-0032055,D.Funchess,2018,16
00-0032055,D.Funchess,2019,1
00-0032058,T.Coleman,2016,1
00-0032058,T.Coleman,2016,2
00-0032058,T.Coleman,2016,3
00-0032058,T.Coleman,2016,4
00-0032058,T.Coleman,2016,5
00-0032058,T.Coleman,2016,6
00-0032058,T.Coleman,2016,7
00-0032058,T.Coleman,2016,12
00-0032058,T.Coleman,2016,13
00-0032058,T.Coleman,2016,14
00-0032058,T.Coleman,2016,15
00-0032058,T.Coleman,2016,16
00-0032058,T.Coleman,2016,17
00-0032058,T.Coleman,2016,19
00-0032058,T.Coleman,2016,20
00-0032058,T.Coleman,2016,21
00-0032058,T.Coleman,2017,1
00-0032058,T.Coleman,2017,2
00-0032058,T.Coleman,2017,3
00-0032058,T.Coleman,2017,4
00-0032058,T.Coleman,2017,6
00-0032058,T.Coleman,2017,7
00-0032058,T.Coleman,2017,8
00-0032058,T.Coleman,2017,9
00-0032058,T.Coleman,2017,10
00-0032058,T.Coleman,2017,11
00-0032058,T.Coleman,2017,13
00-0032058,T.Coleman,2017,16
00-0032058,T.Coleman,2017,17
00-0032058,T.Coleman,2017,18
00-0032058,T.Coleman,2017,19
00-0032058,T.Coleman,2018,1
00-0032058,T.Coleman,2018,2
00-0032058,T.Coleman,2018,3
00-0032058,T.Coleman,2018,4
00-0032058,T.Coleman,2018,5
00-0032058,T.Coleman,2018,6
00-0032058,T.Coleman,2018,7
00-0032058,T.Coleman,2018,9
00-0032058,T.Coleman,2018,10
00-0032058,T.Coleman,2018,11
00-0032058,T.Coleman,2018,12
00-0032058,T.Coleman,2018,13
00-0032058,T.Coleman,2018,14
00-0032058,T.Coleman,2018,15
00-0032058,T.Coleman,2018,16
00-0032058,T.Coleman,2018,17
00-0032058,T.Coleman,2019,1
00-0032058,T.Coleman,2019,6
00-0032058,T.Coleman,2019,7
00-0032058,T.Coleman,2019,8
00-0032058,T.Coleman,2019,9
00-0032058,T.Coleman,2019,10
00-0032058,T.Coleman,2019,11
00-0032058,T.Coleman,2019,12
00-0032058,T.Coleman,2019,13
00-0032058,T.Coleman,2019,15
00-0032058,T.Coleman,2019,17
00-0032058,T.Coleman,2019,21
00-0032058,T.Coleman,2020,1
00-0032058,T.Coleman,2020,2
00-0032058,T.Coleman,2020,16
00-0032058,T.Coleman,2021,4
00-0032058,T.Coleman,2021,5
00-0032058,T.Coleman,2021,10
00-0032058,T.Coleman,2021,11
00-0032058,T.Coleman,2021,12
00-0032058,T.Coleman,2021,13
00-0032058,T.Coleman,2021,16
00-0032058,T.Coleman,2021,18
00-0032058,T.Coleman,2022,5
00-0032062,B.Bell,2015,17
00-0032062,B.Bell,2016,2
00-0032062,B.Bell,2016,3
00-0032062,B.Bell,2016,5
00-0032062,B.Bell,2016,12
00-0032062,B.Bell,2016,14
00-0032062,B.Bell,2016,15
00-0032062,B.Bell,2017,2
00-0032062,B.Bell,2017,4
00-0032062,B.Bell,2017,14
00-0032062,B.Bell,2018,8
00-0032062,B.Bell,2018,10
00-0032062,B.Bell,2018,12
00-0032062,B.Bell,2018,14
00-0032062,B.Bell,2018,15
00-0032062,B.Bell,2018,16
00-0032062,B.Bell,2018,17
00-0032062,B.Bell,2019,1
00-0032062,B.Bell,2019,2
00-0032062,B.Bell,2019,3
00-0032062,B.Bell,2019,6
00-0032062,B.Bell,2019,7
00-0032062,B.Bell,2019,8
00-0032062,B.Bell,2019,9
00-0032062,B.Bell,2019,13
00-0032062,B.Bell,2019,15
00-0032062,B.Bell,2019,16
00-0032062,B.Bell,2019,17
00-0032062,B.Bell,2019,19
00-0032062,B.Bell,2019,21
00-0032062,B.Bell,2020,2
00-0032062,B.Bell,2020,3
00-0032062,B.Bell,2020,4
00-0032062,B.Bell,2020,5
00-0032062,B.Bell,2020,6
00-0032062,B.Bell,2020,9
00-0032062,B.Bell,2020,11
00-0032062,B.Bell,2020,13
00-0032062,B.Bell,2020,14
00-0032062,B.Bell,2020,15
00-0032062,B.Bell,2020,16
00-0032062,B.Bell,2021,1
00-0032062,B.Bell,2021,2
00-0032062,B.Bell,2021,3
00-0032062,B.Bell,2021,5
00-0032062,B.Bell,2021,8
00-0032062,B.Bell,2021,9
00-0032062,B.Bell,2021,11
00-0032062,B.Bell,2021,15
00-0032062,B.Bell,2021,16
00-0032062,B.Bell,2021,17
00-0032062,B.Bell,2021,19
00-0032062,B.Bell,2022,17
00-0032062,B.Bell,2022,18
00-0032062,B.Bell,2022,20
00-0032063,M.Davis,2017,13
00-0032063,M.Davis,2017,14
00-0032063,M.Davis,2017,15
00-0032063,M.Davis,2017,16
00-0032063,M.Davis,2017,17
00-0032063,M.Davis,2018,2
00-0032063,M.Davis,2018,3
00-0032063,M.Davis,2018,4
00-0032063,M.Davis,2018,5
00-0032063,M.Davis,2018,6
00-0032063,M.Davis,2018,8
00-0032063,M.Davis,2018,9
00-0032063,M.Davis,2018,10
00-0032063,M.Davis,2018,11
00-0032063,M.Davis,2018,12
00-0032063,M.Davis,2018,14
00-0032063,M.Davis,2018,15
00-0032063,M.Davis,2018,16
00-0032063,M.Davis,2018,17
00-0032063,M.Davis,2018,18
00-0032063,M.Davis,2019,1
00-0032063,M.Davis,2019,8
00-0032063,M.Davis,2020,2
00-0032063,M.Davis,2020,3
00-0032063,M.Davis,2020,4
00-0032063,M.Davis,2020,5
00-0032063,M.Davis,2020,6
00-0032063,M.Davis,2020,7
00-0032063,M.Davis,2020,8
00-0032063,M.Davis,2020,9
00-0032063,M.Davis,2020,10
00-0032063,M.Davis,2020,11
00-0032063,M.Davis,2020,12
00-0032063,M.Davis,2020,14
00-0032063,M.Davis,2020,15
00-0032063,M.Davis,2021,1
00-0032063,M.Davis,2021,2
00-0032063,M.Davis,2021,3
00-0032063,M.Davis,2021,4
00-0032063,M.Davis,2021,5
00-0032063,M.Davis,2021,8
00-0032063,M.Davis,2021,9
00-0032063,M.Davis,2021,10
00-0032063,M.Davis,2021,11
00-0032063,M.Davis,2021,12
00-0032063,M.Davis,2021,13
00-0032063,M.Davis,2021,14
00-0032063,M.Davis,2021,15
00-0032063,M.Davis,2021,16
00-0032063,M.Davis,2021,17
00-0032063,M.Davis,2021,18
00-0032063,M.Davis,2022,9
00-0032063,M.Davis,2022,11
00-0032098,D.Brown,2016,16
00-0032098,D.Brown,2016,17
00-0032098,D.Brown,2017,8
00-0032098,D.Brown,2017,10
00-0032098,D.Brown,2017,11
00-0032098,D.Brown,2017,12
00-0032098,D.Brown,2017,13
00-0032098,D.Brown,2017,14
00-0032098,D.Brown,2017,15
00-0032098,D.Brown,2017,16
00-0032098,D.Brown,2019,11
00-0032098,D.Brown,2019,13
00-0032098,D.Brown,2019,14
00-0032098,D.Brown,2019,15
00-0032098,D.Brown,2019,16
00-0032098,D.Brown,2019,17
00-0032098,D.Brown,2020,16
00-0032098,D.Brown,2020,17
00-0032098,D.Brown,2021,17
00-0032104,A.Abdullah,2015,11
00-0032104,A.Abdullah,2015,12
00-0032104,A.Abdullah,2015,13
00-0032104,A.Abdullah,2015,14
00-0032104,A.Abdullah,2015,15
00-0032104,A.Abdullah,2015,16
00-0032104,A.Abdullah,2015,17
00-0032104,A.Abdullah,2016,1
00-0032104,A.Abdullah,2017,1
00-0032104,A.Abdullah,2017,3
00-0032104,A.Abdullah,2017,4
00-0032104,A.Abdullah,2017,5
00-0032104,A.Abdullah,2017,6
00-0032104,A.Abdullah,2017,8
00-0032104,A.Abdullah,2017,9
00-0032104,A.Abdullah,2017,10
00-0032104,A.Abdullah,2017,11
00-0032104,A.Abdullah,2017,12
00-0032104,A.Abdullah,2017,15
00-0032104,A.Abdullah,2017,16
00-0032104,A.Abdullah,2017,17
00-0032104,A.Abdullah,2018,7
00-0032104,A.Abdullah,2018,8
00-0032104,A.Abdullah,2018,11
00-0032104,A.Abdullah,2018,12
00-0032104,A.Abdullah,2019,3
00-0032104,A.Abdullah,2019,4
00-0032104,A.Abdullah,2019,9
00-0032104,A.Abdullah,2019,11
00-0032104,A.Abdullah,2019,14
00-0032104,A.Abdullah,2019,15
00-0032104,A.Abdullah,2019,16
00-0032104,A.Abdullah,2019,17
00-0032104,A.Abdullah,2019,19
00-0032104,A.Abdullah,2020,6
00-0032104,A.Abdullah,2020,9
00-0032104,A.Abdullah,2020,13
00-0032104,A.Abdullah,2020,14
00-0032104,A.Abdullah,2020,16
00-0032104,A.Abdullah,2020,17
00-0032104,A.Abdullah,2021,1
00-0032104,A.Abdullah,2021,2
00-0032104,A.Abdullah,2021,4
00-0032104,A.Abdullah,2021,8
00-0032104,A.Abdullah,2021,9
00-0032104,A.Abdullah,2021,10
00-0032104,A.Abdullah,2021,12
00-0032104,A.Abdullah,2021,14
00-0032104,A.Abdullah,2021,15
00-0032104,A.Abdullah,2021,16
00-0032104,A.Abdullah,2021,17
00-0032104,A.Abdullah,2021,18
00-0032104,A.Abdullah,2022,1
00-0032104,A.Abdullah,2022,2
00-0032104,A.Abdullah,2022,7
00-0032104,A.Abdullah,2022,8
00-0032104,A.Abdullah,2022,9
00-0032104,A.Abdullah,2022,10
00-0032104,A.Abdullah,2022,11
00-0032104,A.Abdullah,2022,12
00-0032104,A.Abdullah,2022,13
00-0032104,A.Abdullah,2022,14
00-0032104,A.Abdullah,2022,15
00-0032104,A.Abdullah,2022,16
00-0032104,A.Abdullah,2022,18
00-0032112,J.Nelson,2015,17
00-0032112,J.Nelson,2015,19
00-0032112,J.Nelson,2015,20
00-0032112,J.Nelson,2016,1
00-0032112,J.Nelson,2016,4
00-0032112,J.Nelson,2016,5
00-0032112,J.Nelson,2016,6
00-0032112,J.Nelson,2016,7
00-0032112,J.Nelson,2016,8
00-0032112,J.Nelson,2016,10
00-0032112,J.Nelson,2016,11
00-0032112,J.Nelson,2016,12
00-0032112,J.Nelson,2016,13
00-0032112,J.Nelson,2016,14
00-0032112,J.Nelson,2016,15
00-0032112,J.Nelson,2016,16
00-0032112,J.Nelson,2016,17
00-0032112,J.Nelson,2017,1
00-0032112,J.Nelson,2017,2
00-0032112,J.Nelson,2017,3
00-0032112,J.Nelson,2017,4
00-0032112,J.Nelson,2017,5
00-0032112,J.Nelson,2017,6
00-0032112,J.Nelson,2017,7
00-0032112,J.Nelson,2017,9
00-0032112,J.Nelson,2017,10
00-0032112,J.Nelson,2017,11
00-0032112,J.Nelson,2017,12
00-0032112,J.Nelson,2017,13
00-0032112,J.Nelson,2017,14
00-0032112,J.Nelson,2017,15
00-0032112,J.Nelson,2017,16
00-0032112,J.Nelson,2017,17
00-0032112,J.Nelson,2018,2
00-0032112,J.Nelson,2018,3
00-0032112,J.Nelson,2018,4
00-0032112,J.Nelson,2018,6
00-0032112,J.Nelson,2018,7
00-0032112,J.Nelson,2018,8
00-0032112,J.Nelson,2018,10
00-0032112,J.Nelson,2018,11
00-0032112,J.Nelson,2018,14
00-0032112,J.Nelson,2019,3
00-0032117,N.O'Leary,2016,8
00-0032117,N.O'Leary,2016,12
00-0032117,N.O'Leary,2016,13
00-0032117,N.O'Leary,2016,14
00-0032117,N.O'Leary,2016,15
00-0032117,N.O'Leary,2017,1
00-0032117,N.O'Leary,2017,3
00-0032117,N.O'Leary,2017,5
00-0032117,N.O'Leary,2017,7
00-0032117,N.O'Leary,2017,8
00-0032117,N.O'Leary,2017,9
00-0032117,N.O'Leary,2017,10
00-0032117,N.O'Leary,2017,11
00-0032117,N.O'Leary,2017,12
00-0032117,N.O'Leary,2017,14
00-0032117,N.O'Leary,2017,15
00-0032117,N.O'Leary,2017,16
00-0032117,N.O'Leary,2017,17
00-0032117,N.O'Leary,2017,18
00-0032117,N.O'Leary,2018,6
00-0032117,N.O'Leary,2018,7
00-0032117,N.O'Leary,2018,10
00-0032117,N.O'Leary,2018,13
00-0032117,N.O'Leary,2018,15
00-0032117,N.O'Leary,2019,2
00-0032117,N.O'Leary,2019,3
00-0032117,N.O'Leary,2019,4
00-0032117,N.O'Leary,2019,6
00-0032117,N.O'Leary,2019,8
00-0032117,N.O'Leary,2019,12
00-0032117,N.O'Leary,2019,13
00-0032117,N.O'Leary,2019,14
00-0032128,C.Conley,2015,17
00-0032128,C.Conley,2015,18
00-0032128,C.Conley,2015,19
00-0032128,C.Conley,2016,1
00-0032128,C.Conley,2016,2
00-0032128,C.Conley,2016,3
00-0032128,C.Conley,2016,4
00-0032128,C.Conley,2016,6
00-0032128,C.Conley,2016,7
00-0032128,C.Conley,2016,8
00-0032128,C.Conley,2016,9
00-0032128,C.Conley,2016,10
00-0032128,C.Conley,2016,11
00-0032128,C.Conley,2016,12
00-0032128,C.Conley,2016,13
00-0032128,C.Conley,2016,14
00-0032128,C.Conley,2016,15
00-0032128,C.Conley,2016,16
00-0032128,C.Conley,2016,17
00-0032128,C.Conley,2016,19
00-0032128,C.Conley,2017,1
00-0032128,C.Conley,2017,2
00-0032128,C.Conley,2017,3
00-0032128,C.Conley,2017,4
00-0032128,C.Conley,2017,5
00-0032128,C.Conley,2018,1
00-0032128,C.Conley,2018,2
00-0032128,C.Conley,2018,3
00-0032128,C.Conley,2018,4
00-0032128,C.Conley,2018,5
00-0032128,C.Conley,2018,6
00-0032128,C.Conley,2018,7
00-0032128,C.Conley,2018,9
00-0032128,C.Conley,2018,10
00-0032128,C.Conley,2018,11
00-0032128,C.Conley,2018,13
00-0032128,C.Conley,2018,14
00-0032128,C.Conley,2018,15
00-0032128,C.Conley,2018,16
00-0032128,C.Conley,2018,17
00-0032128,C.Conley,2018,19
00-0032128,C.Conley,2018,20
00-0032128,C.Conley,2019,1
00-0032128,C.Conley,2019,2
00-0032128,C.Conley,2019,3
00-0032128,C.Conley,2019,4
00-0032128,C.Conley,2019,5
00-0032128,C.Conley,2019,6
00-0032128,C.Conley,2019,7
00-0032128,C.Conley,2019,8
00-0032128,C.Conley,2019,9
00-0032128,C.Conley,2019,11
00-0032128,C.Conley,2019,12
00-0032128,C.Conley,2019,13
00-0032128,C.Conley,2019,14
00-0032128,C.Conley,2019,15
00-0032128,C.Conley,2019,16
00-0032128,C.Conley,2019,17
00-0032128,C.Conley,2020,1
00-0032128,C.Conley,2020,2
00-0032128,C.Conley,2020,3
00-0032128,C.Conley,2020,4
00-0032128,C.Conley,2020,5
00-0032128,C.Conley,2020,6
00-0032128,C.Conley,2020,7
00-0032128,C.Conley,2020,9
00-0032128,C.Conley,2020,10
00-0032128,C.Conley,2020,11
00-0032128,C.Conley,2020,13
00-0032128,C.Conley,2020,15
00-0032128,C.Conley,2020,16
00-0032128,C.Conley,2020,17
00-0032128,C.Conley,2021,1
00-0032128,C.Conley,2021,2
00-0032128,C.Conley,2021,3
00-0032128,C.Conley,2021,4
00-0032128,C.Conley,2021,5
00-0032128,C.Conley,2021,6
00-0032128,C.Conley,2021,8
00-0032128,C.Conley,2021,9
00-0032128,C.Conley,2021,11
00-0032128,C.Conley,2021,13
00-0032128,C.Conley,2021,14
00-0032128,C.Conley,2021,15
00-0032128,C.Conley,2021,16
00-0032128,C.Conley,2021,17
00-0032128,C.Conley,2022,1
00-0032128,C.Conley,2022,9
00-0032128,C.Conley,2022,14
00-0032128,C.Conley,2022,15
00-0032134,C.Uzomah,2016,17
00-0032134,C.Uzomah,2017,4
00-0032134,C.Uzomah,2017,5
00-0032134,C.Uzomah,2017,7
00-0032134,C.Uzomah,2017,9
00-0032134,C.Uzomah,2017,13
00-0032134,C.Uzomah,2017,14
00-0032134,C.Uzomah,2017,15
00-0032134,C.Uzomah,2017,16
00-0032134,C.Uzomah,2017,17
00-0032134,C.Uzomah,2018,1
00-0032134,C.Uzomah,2018,2
00-0032134,C.Uzomah,2018,3
00-0032134,C.Uzomah,2018,4
00-0032134,C.Uzomah,2018,5
00-0032134,C.Uzomah,2018,6
00-0032134,C.Uzomah,2018,7
00-0032134,C.Uzomah,2018,8
00-0032134,C.Uzomah,2018,10
00-0032134,C.Uzomah,2018,11
00-0032134,C.Uzomah,2018,12
00-0032134,C.Uzomah,2018,13
00-0032134,C.Uzomah,2018,14
00-0032134,C.Uzomah,2018,15
00-0032134,C.Uzomah,2018,16
00-0032134,C.Uzomah,2018,17
00-0032134,C.Uzomah,2019,1
00-0032134,C.Uzomah,2019,3
00-0032134,C.Uzomah,2019,4
00-0032134,C.Uzomah,2019,5
00-0032134,C.Uzomah,2019,6
00-0032134,C.Uzomah,2019,8
00-0032134,C.Uzomah,2019,11
00-0032134,C.Uzomah,2019,12
00-0032134,C.Uzomah,2019,13
00-0032134,C.Uzomah,2019,14
00-0032134,C.Uzomah,2019,15
00-0032134,C.Uzomah,2019,16
00-0032134,C.Uzomah,2019,17
00-0032134,C.Uzomah,2020,1
00-0032134,C.Uzomah,2020,2
00-0032134,C.Uzomah,2021,1
00-0032134,C.Uzomah,2021,2
00-0032134,C.Uzomah,2021,3
00-0032134,C.Uzomah,2021,4
00-0032134,C.Uzomah,2021,5
00-0032134,C.Uzomah,2021,6
00-0032134,C.Uzomah,2021,7
00-0032134,C.Uzomah,2021,8
00-0032134,C.Uzomah,2021,9
00-0032134,C.Uzomah,2021,11
00-0032134,C.Uzomah,2021,12
00-0032134,C.Uzomah,2021,13
00-0032134,C.Uzomah,2021,14
00-0032134,C.Uzomah,2021,15
00-0032134,C.Uzomah,2021,16
00-0032134,C.Uzomah,2021,17
00-0032134,C.Uzomah,2021,19
00-0032134,C.Uzomah,2021,20
00-0032134,C.Uzomah,2021,21
00-0032134,C.Uzomah,2021,22
00-0032134,C.Uzomah,2022,3
00-0032134,C.Uzomah,2022,5
00-0032134,C.Uzomah,2022,6
00-0032134,C.Uzomah,2022,7
00-0032134,C.Uzomah,2022,8
00-0032134,C.Uzomah,2022,9
00-0032134,C.Uzomah,2022,12
00-0032134,C.Uzomah,2022,13
00-0032134,C.Uzomah,2022,14
00-0032134,C.Uzomah,2022,15
00-0032134,C.Uzomah,2022,16
00-0032134,C.Uzomah,2022,17
00-0032135,J.James,2016,3
00-0032135,J.James,2016,4
00-0032135,J.James,2016,5
00-0032135,J.James,2016,6
00-0032135,J.James,2016,7
00-0032135,J.James,2016,9
00-0032135,J.James,2016,10
00-0032135,J.James,2016,11
00-0032135,J.James,2016,12
00-0032135,J.James,2016,13
00-0032135,J.James,2016,14
00-0032135,J.James,2016,15
00-0032135,J.James,2016,16
00-0032135,J.James,2016,17
00-0032135,J.James,2016,18
00-0032135,J.James,2016,19
00-0032135,J.James,2016,20
00-0032135,J.James,2017,1
00-0032135,J.James,2017,2
00-0032135,J.James,2017,3
00-0032135,J.James,2017,4
00-0032135,J.James,2017,5
00-0032135,J.James,2017,8
00-0032135,J.James,2017,10
00-0032135,J.James,2017,11
00-0032135,J.James,2017,12
00-0032135,J.James,2017,13
00-0032135,J.James,2017,14
00-0032135,J.James,2017,15
00-0032135,J.James,2017,16
00-0032135,J.James,2017,17
00-0032135,J.James,2017,19
00-0032135,J.James,2018,1
00-0032135,J.James,2018,2
00-0032135,J.James,2018,3
00-0032135,J.James,2018,4
00-0032135,J.James,2018,5
00-0032135,J.James,2018,6
00-0032135,J.James,2018,8
00-0032135,J.James,2018,9
00-0032135,J.James,2018,10
00-0032135,J.James,2018,11
00-0032135,J.James,2018,12
00-0032135,J.James,2018,13
00-0032135,J.James,2018,14
00-0032135,J.James,2018,15
00-0032135,J.James,2018,17
00-0032135,J.James,2019,1
00-0032135,J.James,2019,2
00-0032135,J.James,2019,3
00-0032135,J.James,2019,4
00-0032135,J.James,2019,6
00-0032135,J.James,2019,7
00-0032135,J.James,2019,9
00-0032135,J.James,2019,10
00-0032135,J.James,2019,12
00-0032135,J.James,2019,14
00-0032135,J.James,2019,15
00-0032135,J.James,2019,16
00-0032135,J.James,2019,17
00-0032135,J.James,2020,3
00-0032135,J.James,2020,4
00-0032135,J.James,2020,6
00-0032135,J.James,2020,8
00-0032135,J.James,2020,9
00-0032135,J.James,2020,10
00-0032135,J.James,2020,11
00-0032135,J.James,2020,12
00-0032135,J.James,2020,13
00-0032135,J.James,2020,15
00-0032135,J.James,2020,16
00-0032135,J.James,2020,17
00-0032135,J.James,2021,7
00-0032135,J.James,2021,8
00-0032135,J.James,2021,12
00-0032135,J.James,2021,17
00-0032139,B.Koyack,2016,17
00-0032139,B.Koyack,2017,2
00-0032139,B.Koyack,2017,6
00-0032139,B.Koyack,2017,7
00-0032139,B.Koyack,2017,10
00-0032139,B.Koyack,2017,15
00-0032139,B.Koyack,2017,16
00-0032139,B.Koyack,2017,18
00-0032139,B.Koyack,2017,19
00-0032139,B.Koyack,2017,20
00-0032139,B.Koyack,2019,9
00-0032139,B.Koyack,2019,11
00-0032139,B.Koyack,2019,12
00-0032141,G.Swaim,2017,8
00-0032141,G.Swaim,2018,1
00-0032141,G.Swaim,2018,3
00-0032141,G.Swaim,2018,4
00-0032141,G.Swaim,2018,5
00-0032141,G.Swaim,2018,6
00-0032141,G.Swaim,2018,7
00-0032141,G.Swaim,2018,10
00-0032141,G.Swaim,2018,11
00-0032141,G.Swaim,2019,1
00-0032141,G.Swaim,2019,2
00-0032141,G.Swaim,2019,3
00-0032141,G.Swaim,2019,4
00-0032141,G.Swaim,2019,5
00-0032141,G.Swaim,2019,6
00-0032141,G.Swaim,2020,6
00-0032141,G.Swaim,2020,7
00-0032141,G.Swaim,2020,11
00-0032141,G.Swaim,2020,12
00-0032141,G.Swaim,2020,13
00-0032141,G.Swaim,2020,14
00-0032141,G.Swaim,2020,18
00-0032141,G.Swaim,2021,1
00-0032141,G.Swaim,2021,2
00-0032141,G.Swaim,2021,3
00-0032141,G.Swaim,2021,4
00-0032141,G.Swaim,2021,5
00-0032141,G.Swaim,2021,6
00-0032141,G.Swaim,2021,7
00-0032141,G.Swaim,2021,8
00-0032141,G.Swaim,2021,9
00-0032141,G.Swaim,2021,10
00-0032141,G.Swaim,2021,12
00-0032141,G.Swaim,2021,14
00-0032141,G.Swaim,2021,15
00-0032141,G.Swaim,2021,16
00-0032141,G.Swaim,2021,17
00-0032141,G.Swaim,2021,18
00-0032141,G.Swaim,2022,1
00-0032141,G.Swaim,2022,3
00-0032141,G.Swaim,2022,5
00-0032141,G.Swaim,2022,7
00-0032141,G.Swaim,2022,10
00-0032141,G.Swaim,2022,11
00-0032141,G.Swaim,2022,12
00-0032141,G.Swaim,2022,13
00-0032141,G.Swaim,2022,16
00-0032141,G.Swaim,2022,17
00-0032141,G.Swaim,2022,18
00-0032144,M.Gordon,2015,12
00-0032144,M.Gordon,2015,13
00-0032144,M.Gordon,2015,14
00-0032144,M.Gordon,2015,15
00-0032144,M.Gordon,2016,2
00-0032144,M.Gordon,2016,3
00-0032144,M.Gordon,2016,4
00-0032144,M.Gordon,2016,5
00-0032144,M.Gordon,2016,6
00-0032144,M.Gordon,2016,7
00-0032144,M.Gordon,2016,8
00-0032144,M.Gordon,2016,9
00-0032144,M.Gordon,2016,10
00-0032144,M.Gordon,2016,12
00-0032144,M.Gordon,2016,13
00-0032144,M.Gordon,2016,14
00-0032144,M.Gordon,2017,1
00-0032144,M.Gordon,2017,2
00-0032144,M.Gordon,2017,3
00-0032144,M.Gordon,2017,4
00-0032144,M.Gordon,2017,5
00-0032144,M.Gordon,2017,6
00-0032144,M.Gordon,2017,7
00-0032144,M.Gordon,2017,8
00-0032144,M.Gordon,2017,10
00-0032144,M.Gordon,2017,11
00-0032144,M.Gordon,2017,12
00-0032144,M.Gordon,2017,13
00-0032144,M.Gordon,2017,14
00-0032144,M.Gordon,2017,15
00-0032144,M.Gordon,2017,16
00-0032144,M.Gordon,2017,17
00-0032144,M.Gordon,2018,1
00-0032144,M.Gordon,2018,2
00-0032144,M.Gordon,2018,3
00-0032144,M.Gordon,2018,4
00-0032144,M.Gordon,2018,5
00-0032144,M.Gordon,2018,6
00-0032144,M.Gordon,2018,9
00-0032144,M.Gordon,2018,10
00-0032144,M.Gordon,2018,11
00-0032144,M.Gordon,2018,12
00-0032144,M.Gordon,2018,16
00-0032144,M.Gordon,2018,17
00-0032144,M.Gordon,2018,18
00-0032144,M.Gordon,2018,19
00-0032144,M.Gordon,2019,5
00-0032144,M.Gordon,2019,6
00-0032144,M.Gordon,2019,7
00-0032144,M.Gordon,2019,8
00-0032144,M.Gordon,2019,9
00-0032144,M.Gordon,2019,10
00-0032144,M.Gordon,2019,11
00-0032144,M.Gordon,2019,13
00-0032144,M.Gordon,2019,14
00-0032144,M.Gordon,2019,15
00-0032144,M.Gordon,2019,16
00-0032144,M.Gordon,2019,17
00-0032144,M.Gordon,2020,1
00-0032144,M.Gordon,2020,2
00-0032144,M.Gordon,2020,3
00-0032144,M.Gordon,2020,4
00-0032144,M.Gordon,2020,7
00-0032144,M.Gordon,2020,8
00-0032144,M.Gordon,2020,9
00-0032144,M.Gordon,2020,10
00-0032144,M.Gordon,2020,13
00-0032144,M.Gordon,2020,14
00-0032144,M.Gordon,2020,15
00-0032144,M.Gordon,2020,17
00-0032144,M.Gordon,2021,1
00-0032144,M.Gordon,2021,2
00-0032144,M.Gordon,2021,3
00-0032144,M.Gordon,2021,4
00-0032144,M.Gordon,2021,5
00-0032144,M.Gordon,2021,6
00-0032144,M.Gordon,2021,7
00-0032144,M.Gordon,2021,8
00-0032144,M.Gordon,2021,9
00-0032144,M.Gordon,2021,10
00-0032144,M.Gordon,2021,12
00-0032144,M.Gordon,2021,15
00-0032144,M.Gordon,2021,16
00-0032144,M.Gordon,2021,17
00-0032144,M.Gordon,2021,18
00-0032144,M.Gordon,2022,1
00-0032144,M.Gordon,2022,2
00-0032144,M.Gordon,2022,3
00-0032144,M.Gordon,2022,4
00-0032144,M.Gordon,2022,5
00-0032144,M.Gordon,2022,7
00-0032144,M.Gordon,2022,8
00-0032144,M.Gordon,2022,10
00-0032144,M.Gordon,2022,11
00-0032160,Ty.Williams,2016,7
00-0032160,Ty.Williams,2016,8
00-0032160,Ty.Williams,2016,9
00-0032160,Ty.Williams,2016,10
00-0032160,Ty.Williams,2016,12
00-0032160,Ty.Williams,2016,13
00-0032160,Ty.Williams,2016,14
00-0032160,Ty.Williams,2016,15
00-0032160,Ty.Williams,2016,16
00-0032160,Ty.Williams,2016,17
00-0032160,Ty.Williams,2017,1
00-0032160,Ty.Williams,2017,2
00-0032160,Ty.Williams,2017,3
00-0032160,Ty.Williams,2017,4
00-0032160,Ty.Williams,2017,5
00-0032160,Ty.Williams,2017,6
00-0032160,Ty.Williams,2017,7
00-0032160,Ty.Williams,2017,8
00-0032160,Ty.Williams,2017,10
00-0032160,Ty.Williams,2017,11
00-0032160,Ty.Williams,2017,12
00-0032160,Ty.Williams,2017,13
00-0032160,Ty.Williams,2017,14
00-0032160,Ty.Williams,2017,15
00-0032160,Ty.Williams,2017,16
00-0032160,Ty.Williams,2017,17
00-0032160,Ty.Williams,2018,1
00-0032160,Ty.Williams,2018,2
00-0032160,Ty.Williams,2018,3
00-0032160,Ty.Williams,2018,4
00-0032160,Ty.Williams,2018,5
00-0032160,Ty.Williams,2018,6
00-0032160,Ty.Williams,2018,7
00-0032160,Ty.Williams,2018,9
00-0032160,Ty.Williams,2018,10
00-0032160,Ty.Williams,2018,11
00-0032160,Ty.Williams,2018,13
00-0032160,Ty.Williams,2018,14
00-0032160,Ty.Williams,2018,15
00-0032160,Ty.Williams,2018,16
00-0032160,Ty.Williams,2018,17
00-0032160,Ty.Williams,2018,18
00-0032160,Ty.Williams,2018,19
00-0032160,T.Williams,2019,1
00-0032160,T.Williams,2019,2
00-0032160,T.Williams,2019,3
00-0032160,T.Williams,2019,4
00-0032160,T.Williams,2019,8
00-0032160,T.Williams,2019,9
00-0032160,T.Williams,2019,10
00-0032160,T.Williams,2019,11
00-0032160,T.Williams,2019,12
00-0032160,T.Williams,2019,13
00-0032160,T.Williams,2019,14
00-0032160,T.Williams,2019,15
00-0032160,T.Williams,2019,16
00-0032160,T.Williams,2021,1
00-0032166,S.Coates,2016,7
00-0032166,S.Coates,2016,9
00-0032166,S.Coates,2016,10
00-0032166,S.Coates,2016,12
00-0032166,S.Coates,2016,15
00-0032166,S.Coates,2016,20
00-0032166,S.Coates,2017,2
00-0032166,S.Coates,2017,6
00-0032166,S.Coates,2017,8
00-0032166,S.Coates,2017,10
00-0032166,S.Coates,2017,15
00-0032166,S.Coates,2018,1
00-0032166,S.Coates,2018,4
00-0032170,R.Greene,2015,17
00-0032170,R.Greene,2016,1
00-0032170,R.Greene,2016,2
00-0032170,R.Greene,2016,4
00-0032170,R.Greene,2016,7
00-0032170,R.Greene,2018,7
00-0032170,R.Greene,2018,8
00-0032170,R.Greene,2018,10
00-0032170,R.Greene,2018,14
00-0032170,R.Greene,2018,16
00-0032187,D.Johnson,2015,11
00-0032187,D.Johnson,2015,12
00-0032187,D.Johnson,2015,13
00-0032187,D.Johnson,2015,14
00-0032187,D.Johnson,2015,15
00-0032187,D.Johnson,2015,16
00-0032187,D.Johnson,2015,17
00-0032187,D.Johnson,2015,19
00-0032187,D.Johnson,2015,20
00-0032187,D.Johnson,2016,1
00-0032187,D.Johnson,2016,2
00-0032187,D.Johnson,2016,3
00-0032187,D.Johnson,2016,4
00-0032187,D.Johnson,2016,5
00-0032187,D.Johnson,2016,6
00-0032187,D.Johnson,2016,7
00-0032187,D.Johnson,2016,8
00-0032187,D.Johnson,2016,10
00-0032187,D.Johnson,2016,11
00-0032187,D.Johnson,2016,12
00-0032187,D.Johnson,2016,13
00-0032187,D.Johnson,2016,14
00-0032187,D.Johnson,2016,15
00-0032187,D.Johnson,2016,16
00-0032187,D.Johnson,2016,17
00-0032187,Da.Johnson,2017,1
00-0032187,D.Johnson,2018,1
00-0032187,D.Johnson,2018,2
00-0032187,D.Johnson,2018,3
00-0032187,D.Johnson,2018,4
00-0032187,D.Johnson,2018,5
00-0032187,D.Johnson,2018,6
00-0032187,D.Johnson,2018,7
00-0032187,D.Johnson,2018,8
00-0032187,D.Johnson,2018,10
00-0032187,D.Johnson,2018,11
00-0032187,D.Johnson,2018,12
00-0032187,D.Johnson,2018,13
00-0032187,D.Johnson,2018,14
00-0032187,D.Johnson,2018,15
00-0032187,D.Johnson,2018,16
00-0032187,D.Johnson,2018,17
00-0032187,D.Johnson,2019,1
00-0032187,D.Johnson,2019,2
00-0032187,D.Johnson,2019,3
00-0032187,D.Johnson,2019,4
00-0032187,D.Johnson,2019,5
00-0032187,D.Johnson,2019,6
00-0032187,D.Johnson,2019,10
00-0032187,D.Johnson,2019,13
00-0032187,D.Johnson,2019,14
00-0032187,D.Johnson,2019,16
00-0032187,Da.Johnson,2020,1
00-0032187,Da.Johnson,2020,2
00-0032187,Da.Johnson,2020,3
00-0032187,Da.Johnson,2020,4
00-0032187,Da.Johnson,2020,5
00-0032187,Da.Johnson,2020,6
00-0032187,Da.Johnson,2020,7
00-0032187,Da.Johnson,2020,9
00-0032187,Da.Johnson,2020,13
00-0032187,D.Johnson,2020,15
00-0032187,D.Johnson,2020,16
00-0032187,D.Johnson,2020,17
00-0032187,D.Johnson,2021,1
00-0032187,D.Johnson,2021,2
00-0032187,D.Johnson,2021,4
00-0032187,D.Johnson,2021,5
00-0032187,D.Johnson,2021,6
00-0032187,D.Johnson,2021,7
00-0032187,D.Johnson,2021,8
00-0032187,D.Johnson,2021,9
00-0032187,D.Johnson,2021,11
00-0032187,D.Johnson,2021,12
00-0032187,D.Johnson,2021,15
00-0032187,D.Johnson,2021,18
00-0032187,D.Johnson,2022,11
00-0032187,D.Johnson,2022,16
00-0032187,D.Johnson,2022,18
00-0032200,T.Montgomery,2016,10
00-0032200,T.Montgomery,2016,11
00-0032200,T.Montgomery,2016,12
00-0032200,T.Montgomery,2016,13
00-0032200,T.Montgomery,2016,14
00-0032200,T.Montgomery,2016,15
00-0032200,T.Montgomery,2016,16
00-0032200,T.Montgomery,2016,17
00-0032200,T.Montgomery,2016,18
00-0032200,T.Montgomery,2016,19
00-0032200,T.Montgomery,2016,20
00-0032200,T.Montgomery,2017,1
00-0032200,T.Montgomery,2017,2
00-0032200,T.Montgomery,2017,3
00-0032200,T.Montgomery,2017,6
00-0032200,T.Montgomery,2017,7
00-0032200,T.Montgomery,2017,9
00-0032200,T.Montgomery,2017,10
00-0032200,T.Montgomery,2018,1
00-0032200,T.Montgomery,2018,2
00-0032200,T.Montgomery,2018,3
00-0032200,T.Montgomery,2018,4
00-0032200,T.Montgomery,2018,5
00-0032200,T.Montgomery,2018,6
00-0032200,T.Montgomery,2018,8
00-0032200,T.Montgomery,2018,12
00-0032200,T.Montgomery,2018,13
00-0032200,T.Montgomery,2018,14
00-0032200,T.Montgomery,2018,16
00-0032200,T.Montgomery,2018,17
00-0032200,T.Montgomery,2019,2
00-0032200,T.Montgomery,2019,3
00-0032200,T.Montgomery,2019,6
00-0032200,T.Montgomery,2019,7
00-0032200,T.Montgomery,2019,11
00-0032200,T.Montgomery,2019,12
00-0032200,T.Montgomery,2019,13
00-0032200,T.Montgomery,2019,14
00-0032200,T.Montgomery,2019,15
00-0032200,T.Montgomery,2019,16
00-0032200,T.Montgomery,2020,2
00-0032200,T.Montgomery,2020,16
00-0032200,T.Montgomery,2020,17
00-0032200,T.Montgomery,2020,19
00-0032200,T.Montgomery,2021,1
00-0032200,T.Montgomery,2021,2
00-0032200,T.Montgomery,2021,4
00-0032200,T.Montgomery,2021,7
00-0032200,T.Montgomery,2021,8
00-0032200,T.Montgomery,2021,12
00-0032200,T.Montgomery,2021,13
00-0032200,T.Montgomery,2021,15
00-0032200,T.Montgomery,2021,18
00-0032200,T.Montgomery,2022,1
00-0032208,P.Dorsett,2015,15
00-0032208,P.Dorsett,2015,16
00-0032208,P.Dorsett,2015,17
00-0032208,P.Dorsett,2016,1
00-0032208,P.Dorsett,2016,2
00-0032208,P.Dorsett,2016,3
00-0032208,P.Dorsett,2016,4
00-0032208,P.Dorsett,2016,5
00-0032208,P.Dorsett,2016,6
00-0032208,P.Dorsett,2016,8
00-0032208,P.Dorsett,2016,9
00-0032208,P.Dorsett,2016,11
00-0032208,P.Dorsett,2016,12
00-0032208,P.Dorsett,2016,13
00-0032208,P.Dorsett,2016,14
00-0032208,P.Dorsett,2016,15
00-0032208,P.Dorsett,2016,16
00-0032208,P.Dorsett,2016,17
00-0032208,P.Dorsett,2017,1
00-0032208,P.Dorsett,2017,2
00-0032208,P.Dorsett,2017,4
00-0032208,P.Dorsett,2017,6
00-0032208,P.Dorsett,2017,10
00-0032208,P.Dorsett,2017,12
00-0032208,P.Dorsett,2017,15
00-0032208,P.Dorsett,2017,16
00-0032208,P.Dorsett,2017,17
00-0032208,P.Dorsett,2017,20
00-0032208,P.Dorsett,2017,21
00-0032208,P.Dorsett,2018,1
00-0032208,P.Dorsett,2018,2
00-0032208,P.Dorsett,2018,3
00-0032208,P.Dorsett,2018,4
00-0032208,P.Dorsett,2018,5
00-0032208,P.Dorsett,2018,7
00-0032208,P.Dorsett,2018,9
00-0032208,P.Dorsett,2018,10
00-0032208,P.Dorsett,2018,12
00-0032208,P.Dorsett,2018,17
00-0032208,P.Dorsett,2018,19
00-0032208,P.Dorsett,2018,20
00-0032208,P.Dorsett,2019,1
00-0032208,P.Dorsett,2019,2
00-0032208,P.Dorsett,2019,3
00-0032208,P.Dorsett,2019,4
00-0032208,P.Dorsett,2019,7
00-0032208,P.Dorsett,2019,8
00-0032208,P.Dorsett,2019,9
00-0032208,P.Dorsett,2019,11
00-0032208,P.Dorsett,2019,13
00-0032208,P.Dorsett,2019,14
00-0032208,P.Dorsett II,2019,17
00-0032208,P.Dorsett II,2019,18
00-0032208,P.Dorsett,2021,3
00-0032208,P.Dorsett,2021,6
00-0032208,P.Dorsett,2021,14
00-0032208,P.Dorsett,2021,15
00-0032208,P.Dorsett,2021,16
00-0032208,P.Dorsett,2022,1
00-0032208,P.Dorsett,2022,3
00-0032208,P.Dorsett,2022,4
00-0032208,P.Dorsett,2022,7
00-0032208,P.Dorsett,2022,8
00-0032208,P.Dorsett,2022,9
00-0032208,P.Dorsett,2022,10
00-0032208,P.Dorsett,2022,11
00-0032208,P.Dorsett,2022,12
00-0032208,P.Dorsett,2022,13
00-0032208,P.Dorsett,2022,14
00-0032208,P.Dorsett,2022,15
00-0032208,P.Dorsett,2022,16
00-0032208,P.Dorsett,2022,17
00-0032209,T.Yeldon,2015,11
00-0032209,T.Yeldon,2015,12
00-0032209,T.Yeldon,2015,13
00-0032209,T.Yeldon,2015,14
00-0032209,T.Yeldon,2016,1
00-0032209,T.Yeldon,2016,2
00-0032209,T.Yeldon,2016,3
00-0032209,T.Yeldon,2016,4
00-0032209,T.Yeldon,2016,6
00-0032209,T.Yeldon,2016,7
00-0032209,T.Yeldon,2016,8
00-0032209,T.Yeldon,2016,9
00-0032209,T.Yeldon,2016,10
00-0032209,T.Yeldon,2016,11
00-0032209,T.Yeldon,2016,12
00-0032209,T.Yeldon,2016,13
00-0032209,T.Yeldon,2016,14
00-0032209,T.Yeldon,2016,15
00-0032209,T.Yeldon,2017,7
00-0032209,T.Yeldon,2017,9
00-0032209,T.Yeldon,2017,10
00-0032209,T.Yeldon,2017,11
00-0032209,T.Yeldon,2017,12
00-0032209,T.Yeldon,2017,13
00-0032209,T.Yeldon,2017,15
00-0032209,T.Yeldon,2017,16
00-0032209,T.Yeldon,2017,17
00-0032209,T.Yeldon,2017,19
00-0032209,T.Yeldon,2017,20
00-0032209,T.Yeldon,2018,1
00-0032209,T.Yeldon,2018,2
00-0032209,T.Yeldon,2018,3
00-0032209,T.Yeldon,2018,4
00-0032209,T.Yeldon,2018,5
00-0032209,T.Yeldon,2018,6
00-0032209,T.Yeldon,2018,7
00-0032209,T.Yeldon,2018,8
00-0032209,T.Yeldon,2018,10
00-0032209,T.Yeldon,2018,11
00-0032209,T.Yeldon,2018,12
00-0032209,T.Yeldon,2018,13
00-0032209,T.Yeldon,2018,14
00-0032209,T.Yeldon,2018,15
00-0032209,T.Yeldon,2019,3
00-0032209,T.Yeldon,2019,4
00-0032209,T.Yeldon,2019,5
00-0032209,T.Yeldon,2019,17
00-0032209,T.Yeldon,2020,4
00-0032209,T.Yeldon,2020,5
00-0032209,T.Yeldon,2020,20
00-0032211,T.Lockett,2015,10
00-0032211,T.Lockett,2015,11
00-0032211,T.Lockett,2015,12
00-0032211,T.Lockett,2015,13
00-0032211,T.Lockett,2015,14
00-0032211,T.Lockett,2015,15
00-0032211,T.Lockett,2015,16
00-0032211,T.Lockett,2015,17
00-0032211,T.Lockett,2015,18
00-0032211,T.Lockett,2015,19
00-0032211,T.Lockett,2016,1
00-0032211,T.Lockett,2016,2
00-0032211,T.Lockett,2016,4
00-0032211,T.Lockett,2016,6
00-0032211,T.Lockett,2016,7
00-0032211,T.Lockett,2016,8
00-0032211,T.Lockett,2016,9
00-0032211,T.Lockett,2016,10
00-0032211,T.Lockett,2016,11
00-0032211,T.Lockett,2016,12
00-0032211,T.Lockett,2016,13
00-0032211,T.Lockett,2016,14
00-0032211,T.Lockett,2016,15
00-0032211,T.Lockett,2016,16
00-0032211,T.Lockett,2017,1
00-0032211,T.Lockett,2017,2
00-0032211,T.Lockett,2017,3
00-0032211,T.Lockett,2017,4
00-0032211,T.Lockett,2017,5
00-0032211,T.Lockett,2017,7
00-0032211,T.Lockett,2017,8
00-0032211,T.Lockett,2017,9
00-0032211,T.Lockett,2017,10
00-0032211,T.Lockett,2017,11
00-0032211,T.Lockett,2017,12
00-0032211,T.Lockett,2017,13
00-0032211,T.Lockett,2017,14
00-0032211,T.Lockett,2017,15
00-0032211,T.Lockett,2017,16
00-0032211,T.Lockett,2017,17
00-0032211,T.Lockett,2018,1
00-0032211,T.Lockett,2018,2
00-0032211,T.Lockett,2018,3
00-0032211,T.Lockett,2018,4
00-0032211,T.Lockett,2018,5
00-0032211,T.Lockett,2018,6
00-0032211,T.Lockett,2018,8
00-0032211,T.Lockett,2018,9
00-0032211,T.Lockett,2018,10
00-0032211,T.Lockett,2018,11
00-0032211,T.Lockett,2018,12
00-0032211,T.Lockett,2018,13
00-0032211,T.Lockett,2018,14
00-0032211,T.Lockett,2018,15
00-0032211,T.Lockett,2018,16
00-0032211,T.Lockett,2018,17
00-0032211,T.Lockett,2018,18
00-0032211,T.Lockett,2019,1
00-0032211,T.Lockett,2019,2
00-0032211,T.Lockett,2019,3
00-0032211,T.Lockett,2019,4
00-0032211,T.Lockett,2019,5
00-0032211,T.Lockett,2019,6
00-0032211,T.Lockett,2019,7
00-0032211,T.Lockett,2019,8
00-0032211,T.Lockett,2019,9
00-0032211,T.Lockett,2019,10
00-0032211,T.Lockett,2019,12
00-0032211,T.Lockett,2019,13
00-0032211,T.Lockett,2019,14
00-0032211,T.Lockett,2019,15
00-0032211,T.Lockett,2019,16
00-0032211,T.Lockett,2019,17
00-0032211,T.Lockett,2019,18
00-0032211,T.Lockett,2019,19
00-0032211,T.Lockett,2020,1
00-0032211,T.Lockett,2020,2
00-0032211,T.Lockett,2020,3
00-0032211,T.Lockett,2020,4
00-0032211,T.Lockett,2020,5
00-0032211,T.Lockett,2020,7
00-0032211,T.Lockett,2020,8
00-0032211,T.Lockett,2020,9
00-0032211,T.Lockett,2020,10
00-0032211,T.Lockett,2020,11
00-0032211,T.Lockett,2020,12
00-0032211,T.Lockett,2020,13
00-0032211,T.Lockett,2020,14
00-0032211,T.Lockett,2020,15
00-0032211,T.Lockett,2020,16
00-0032211,T.Lockett,2020,17
00-0032211,T.Lockett,2020,18
00-0032211,T.Lockett,2021,1
00-0032211,T.Lockett,2021,2
00-0032211,T.Lockett,2021,3
00-0032211,T.Lockett,2021,4
00-0032211,T.Lockett,2021,5
00-0032211,T.Lockett,2021,6
00-0032211,T.Lockett,2021,7
00-0032211,T.Lockett,2021,8
00-0032211,T.Lockett,2021,10
00-0032211,T.Lockett,2021,11
00-0032211,T.Lockett,2021,12
00-0032211,T.Lockett,2021,13
00-0032211,T.Lockett,2021,14
00-0032211,T.Lockett,2021,16
00-0032211,T.Lockett,2021,17
00-0032211,T.Lockett,2021,18
00-0032211,T.Lockett,2022,1
00-0032211,T.Lockett,2022,2
00-0032211,T.Lockett,2022,3
00-0032211,T.Lockett,2022,4
00-0032211,T.Lockett,2022,5
00-0032211,T.Lockett,2022,6
00-0032211,T.Lockett,2022,7
00-0032211,T.Lockett,2022,8
00-0032211,T.Lockett,2022,9
00-0032211,T.Lockett,2022,10
00-0032211,T.Lockett,2022,12
00-0032211,T.Lockett,2022,13
00-0032211,T.Lockett,2022,14
00-0032211,T.Lockett,2022,15
00-0032211,T.Lockett,2022,17
00-0032211,T.Lockett,2022,18
00-0032211,T.Lockett,2022,19
00-0032214,T.Kroft,2016,5
00-0032214,T.Kroft,2016,6
00-0032214,T.Kroft,2016,7
00-0032214,T.Kroft,2016,8
00-0032214,T.Kroft,2016,10
00-0032214,T.Kroft,2017,1
00-0032214,T.Kroft,2017,3
00-0032214,T.Kroft,2017,4
00-0032214,T.Kroft,2017,5
00-0032214,T.Kroft,2017,7
00-0032214,T.Kroft,2017,8
00-0032214,T.Kroft,2017,9
00-0032214,T.Kroft,2017,10
00-0032214,T.Kroft,2017,11
00-0032214,T.Kroft,2017,12
00-0032214,T.Kroft,2017,13
00-0032214,T.Kroft,2017,14
00-0032214,T.Kroft,2017,15
00-0032214,T.Kroft,2017,16
00-0032214,T.Kroft,2017,17
00-0032214,T.Kroft,2018,1
00-0032214,T.Kroft,2018,2
00-0032214,T.Kroft,2018,3
00-0032214,T.Kroft,2018,4
00-0032214,T.Kroft,2018,5
00-0032214,T.Kroft,2019,8
00-0032214,T.Kroft,2019,9
00-0032214,T.Kroft,2019,11
00-0032214,T.Kroft,2019,12
00-0032214,T.Kroft,2019,14
00-0032214,T.Kroft,2019,15
00-0032214,T.Kroft,2019,16
00-0032214,T.Kroft,2019,17
00-0032214,T.Kroft,2019,18
00-0032214,T.Kroft,2020,3
00-0032214,T.Kroft,2020,4
00-0032214,T.Kroft,2020,6
00-0032214,T.Kroft,2020,7
00-0032214,T.Kroft,2020,8
00-0032214,T.Kroft,2020,9
00-0032214,T.Kroft,2021,1
00-0032214,T.Kroft,2021,2
00-0032214,T.Kroft,2021,3
00-0032214,T.Kroft,2021,4
00-0032214,T.Kroft,2021,8
00-0032214,T.Kroft,2021,9
00-0032214,T.Kroft,2021,15
00-0032214,T.Kroft,2021,16
00-0032214,T.Kroft,2021,18
00-0032214,T.Kroft,2022,1
00-0032214,T.Kroft,2022,8
00-0032214,T.Kroft,2022,13
00-0032214,T.Kroft,2022,15
00-0032218,D.Green-Beckham,2015,12
00-0032218,D.Green-Beckham,2015,13
00-0032218,D.Green-Beckham,2015,14
00-0032218,D.Green-Beckham,2015,15
00-0032218,D.Green-Beckham,2015,16
00-0032218,D.Green-Beckham,2015,17
00-0032218,D.Green-Beckham,2016,1
00-0032218,D.Green-Beckham,2016,2
00-0032218,D.Green-Beckham,2016,3
00-0032218,D.Green-Beckham,2016,5
00-0032218,D.Green-Beckham,2016,6
00-0032218,D.Green-Beckham,2016,7
00-0032218,D.Green-Beckham,2016,8
00-0032218,D.Green-Beckham,2016,9
00-0032218,D.Green-Beckham,2016,11
00-0032218,D.Green-Beckham,2016,12
00-0032218,D.Green-Beckham,2016,13
00-0032218,D.Green-Beckham,2016,15
00-0032218,D.Green-Beckham,2016,16
00-0032218,D.Green-Beckham,2016,17
00-0032227,J.Heuerman,2017,6
00-0032227,J.Heuerman,2017,8
00-0032227,J.Heuerman,2017,9
00-0032227,J.Heuerman,2017,10
00-0032227,J.Heuerman,2017,14
00-0032227,J.Heuerman,2017,15
00-0032227,J.Heuerman,2017,16
00-0032227,J.Heuerman,2017,17
00-0032227,J.Heuerman,2018,1
00-0032227,J.Heuerman,2018,2
00-0032227,J.Heuerman,2018,3
00-0032227,J.Heuerman,2018,4
00-0032227,J.Heuerman,2018,5
00-0032227,J.Heuerman,2018,6
00-0032227,J.Heuerman,2018,8
00-0032227,J.Heuerman,2018,9
00-0032227,J.Heuerman,2018,11
00-0032227,J.Heuerman,2018,12
00-0032227,J.Heuerman,2019,2
00-0032227,J.Heuerman,2019,3
00-0032227,J.Heuerman,2019,5
00-0032227,J.Heuerman,2019,8
00-0032227,J.Heuerman,2019,13
00-0032227,J.Heuerman,2019,14
00-0032227,J.Heuerman,2019,15
00-0032227,J.Heuerman,2019,16
00-0032241,T.Gurley,2015,15
00-0032241,T.Gurley,2015,16
00-0032241,T.Gurley,2016,1
00-0032241,T.Gurley,2016,2
00-0032241,T.Gurley,2016,3
00-0032241,T.Gurley,2016,4
00-0032241,T.Gurley,2016,5
00-0032241,T.Gurley,2016,6
00-0032241,T.Gurley,2016,7
00-0032241,T.Gurley,2016,9
00-0032241,T.Gurley,2016,10
00-0032241,T.Gurley,2016,11
00-0032241,T.Gurley,2016,12
00-0032241,T.Gurley,2016,13
00-0032241,T.Gurley,2016,14
00-0032241,T.Gurley,2016,15
00-0032241,T.Gurley,2016,16
00-0032241,T.Gurley,2016,17
00-0032241,T.Gurley,2017,1
00-0032241,T.Gurley,2017,2
00-0032241,T.Gurley,2017,3
00-0032241,T.Gurley,2017,4
00-0032241,T.Gurley,2017,5
00-0032241,T.Gurley,2017,6
00-0032241,T.Gurley,2017,7
00-0032241,T.Gurley,2017,9
00-0032241,T.Gurley,2017,10
00-0032241,T.Gurley,2017,11
00-0032241,T.Gurley,2017,12
00-0032241,T.Gurley,2017,13
00-0032241,T.Gurley,2017,14
00-0032241,T.Gurley,2017,15
00-0032241,T.Gurley,2017,16
00-0032241,T.Gurley,2017,18
00-0032241,T.Gurley,2018,1
00-0032241,T.Gurley,2018,2
00-0032241,T.Gurley,2018,3
00-0032241,T.Gurley,2018,4
00-0032241,T.Gurley,2018,5
00-0032241,T.Gurley,2018,6
00-0032241,T.Gurley,2018,7
00-0032241,T.Gurley,2018,8
00-0032241,T.Gurley,2018,9
00-0032241,T.Gurley,2018,10
00-0032241,T.Gurley,2018,11
00-0032241,T.Gurley,2018,13
00-0032241,T.Gurley,2018,14
00-0032241,T.Gurley,2018,15
00-0032241,T.Gurley,2018,19
00-0032241,T.Gurley,2018,20
00-0032241,T.Gurley,2018,21
00-0032241,T.Gurley,2019,1
00-0032241,T.Gurley,2019,2
00-0032241,T.Gurley,2019,3
00-0032241,T.Gurley,2019,4
00-0032241,T.Gurley,2019,5
00-0032241,T.Gurley,2019,7
00-0032241,T.Gurley,2019,8
00-0032241,T.Gurley,2019,10
00-0032241,T.Gurley,2019,11
00-0032241,T.Gurley,2019,12
00-0032241,T.Gurley,2019,13
00-0032241,T.Gurley,2019,14
00-0032241,T.Gurley,2019,15
00-0032241,T.Gurley,2019,16
00-0032241,T.Gurley,2019,17
00-0032241,T.Gurley,2020,1
00-0032241,T.Gurley,2020,3
00-0032241,T.Gurley,2020,4
00-0032241,T.Gurley,2020,5
00-0032241,T.Gurley,2020,6
00-0032241,T.Gurley,2020,7
00-0032241,T.Gurley,2020,9
00-0032241,T.Gurley,2020,11
00-0032241,T.Gurley,2020,13
00-0032241,T.Gurley,2020,14
00-0032241,T.Gurley,2020,15
00-0032241,T.Gurley,2020,16
00-0032241,T.Gurley,2020,17
00-0032256,C.Walford,2015,11
00-0032256,C.Walford,2015,12
00-0032256,C.Walford,2015,13
00-0032256,C.Walford,2015,14
00-0032256,C.Walford,2015,15
00-0032256,C.Walford,2015,16
00-0032256,C.Walford,2015,17
00-0032256,C.Walford,2016,1
00-0032256,C.Walford,2016,2
00-0032256,C.Walford,2016,3
00-0032256,C.Walford,2016,4
00-0032256,C.Walford,2016,6
00-0032256,C.Walford,2016,7
00-0032256,C.Walford,2016,8
00-0032256,C.Walford,2016,9
00-0032256,C.Walford,2016,11
00-0032256,C.Walford,2016,12
00-0032256,C.Walford,2016,13
00-0032256,C.Walford,2016,14
00-0032256,C.Walford,2016,15
00-0032256,C.Walford,2016,16
00-0032256,C.Walford,2016,17
00-0032256,C.Walford,2016,18
00-0032256,C.Walford,2017,2
00-0032256,C.Walford,2017,3
00-0032256,C.Walford,2017,7
00-0032256,C.Walford,2017,11
00-0032256,C.Walford,2017,13
00-0032256,C.Walford,2017,14
00-0032256,C.Walford,2019,10
00-0032256,C.Walford,2019,13
00-0032256,C.Walford,2019,15
00-0032256,C.Walford,2019,16
00-0032257,D.Johnson Jr,2015,12
00-0032257,D.Johnson Jr,2015,13
00-0032257,D.Johnson Jr,2015,14
00-0032257,D.Johnson Jr,2015,15
00-0032257,D.Johnson Jr,2015,16
00-0032257,D.Johnson Jr,2015,17
00-0032257,D.Johnson,2016,1
00-0032257,D.Johnson,2016,2
00-0032257,D.Johnson,2016,3
00-0032257,D.Johnson,2016,4
00-0032257,D.Johnson,2016,5
00-0032257,D.Johnson,2016,6
00-0032257,D.Johnson Jr.,2016,7
00-0032257,D.Johnson Jr.,2016,8
00-0032257,D.Johnson Jr.,2016,9
00-0032257,D.Johnson Jr.,2016,10
00-0032257,D.Johnson Jr.,2016,11
00-0032257,D.Johnson Jr.,2016,12
00-0032257,D.Johnson Jr.,2016,14
00-0032257,D.Johnson Jr.,2016,15
00-0032257,D.Johnson Jr.,2016,16
00-0032257,D.Johnson,2017,1
00-0032257,D.Johnson,2017,2
00-0032257,D.Johnson,2017,3
00-0032257,D.Johnson,2017,4
00-0032257,D.Johnson,2017,5
00-0032257,D.Johnson,2017,6
00-0032257,D.Johnson,2017,7
00-0032257,D.Johnson,2017,8
00-0032257,D.Johnson,2017,10
00-0032257,D.Johnson,2017,11
00-0032257,D.Johnson Jr.,2017,12
00-0032257,D.Johnson Jr.,2017,13
00-0032257,D.Johnson Jr.,2017,14
00-0032257,D.Johnson Jr.,2017,15
00-0032257,D.Johnson Jr.,2017,16
00-0032257,D.Johnson Jr.,2017,17
00-0032257,D.Johnson,2018,1
00-0032257,D.Johnson,2018,2
00-0032257,D.Johnson,2018,3
00-0032257,D.Johnson,2018,4
00-0032257,D.Johnson,2018,5
00-0032257,D.Johnson,2018,6
00-0032257,D.Johnson,2018,7
00-0032257,D.Johnson,2018,8
00-0032257,D.Johnson,2018,9
00-0032257,D.Johnson,2018,10
00-0032257,D.Johnson,2018,12
00-0032257,D.Johnson,2018,13
00-0032257,D.Johnson,2018,15
00-0032257,D.Johnson,2018,16
00-0032257,D.Johnson,2018,17
00-0032257,D.Johnson,2019,1
00-0032257,D.Johnson,2019,2
00-0032257,D.Johnson,2019,3
00-0032257,D.Johnson,2019,4
00-0032257,D.Johnson,2019,5
00-0032257,D.Johnson,2019,6
00-0032257,D.Johnson,2019,7
00-0032257,D.Johnson,2019,8
00-0032257,D.Johnson,2019,9
00-0032257,D.Johnson,2019,11
00-0032257,D.Johnson,2019,12
00-0032257,D.Johnson,2019,13
00-0032257,D.Johnson,2019,14
00-0032257,D.Johnson,2019,15
00-0032257,D.Johnson,2019,16
00-0032257,D.Johnson,2019,17
00-0032257,D.Johnson,2019,18
00-0032257,D.Johnson,2019,19
00-0032257,D.Johnson,2020,1
00-0032257,D.Johnson,2020,4
00-0032257,D.Johnson,2020,5
00-0032257,D.Johnson,2020,6
00-0032257,D.Johnson,2020,7
00-0032257,D.Johnson,2020,9
00-0032257,D.Johnson,2020,10
00-0032257,D.Johnson,2020,11
00-0032257,D.Johnson,2020,12
00-0032257,Du.Johnson,2020,13
00-0032257,Du.Johnson,2020,14
00-0032257,D.Johnson,2021,15
00-0032257,D.Johnson,2021,17
00-0032257,D.Johnson,2021,18
00-0032319,R.Travis,2017,8
00-0032319,R.Travis,2017,9
00-0032319,R.Travis,2017,11
00-0032319,R.Travis,2017,14
00-0032319,R.Travis,2017,15
00-0032319,R.Travis,2017,16
00-0032319,R.Travis,2019,13
00-0032319,R.Travis,2019,14
00-0032319,R.Travis,2019,16
00-0032355,C.Rogers,2016,15
00-0032355,C.Rogers,2016,17
00-0032355,C.Rogers,2017,7
00-0032355,C.Rogers,2017,8
00-0032355,C.Rogers,2017,9
00-0032355,C.Rogers,2017,10
00-0032355,C.Rogers,2017,12
00-0032355,C.Rogers,2017,13
00-0032355,C.Rogers,2017,14
00-0032355,C.Rogers,2017,15
00-0032355,C.Rogers,2017,16
00-0032355,C.Rogers,2017,17
00-0032355,C.Rogers,2018,1
00-0032355,C.Rogers,2018,2
00-0032355,C.Rogers,2018,3
00-0032355,C.Rogers,2018,4
00-0032355,C.Rogers,2018,5
00-0032355,C.Rogers,2018,6
00-0032355,C.Rogers,2018,7
00-0032355,C.Rogers,2018,8
00-0032355,C.Rogers,2018,10
00-0032355,C.Rogers,2018,11
00-0032355,C.Rogers,2018,12
00-0032355,C.Rogers,2018,14
00-0032355,C.Rogers,2018,15
00-0032355,C.Rogers,2018,16
00-0032355,C.Rogers,2018,17
00-0032355,C.Rogers,2018,18
00-0032355,C.Rogers,2018,19
00-0032355,C.Rogers,2019,2
00-0032355,C.Rogers,2019,4
00-0032355,C.Rogers,2019,5
00-0032355,C.Rogers,2019,7
00-0032355,C.Rogers,2019,8
00-0032355,C.Rogers,2019,9
00-0032355,C.Rogers,2019,10
00-0032355,C.Rogers,2019,11
00-0032355,C.Rogers,2019,12
00-0032355,C.Rogers,2021,1
00-0032355,C.Rogers,2021,2
00-0032355,C.Rogers,2021,3
00-0032355,C.Rogers,2021,4
00-0032355,C.Rogers,2021,5
00-0032355,C.Rogers,2021,6
00-0032355,C.Rogers,2021,8
00-0032355,C.Rogers,2021,9
00-0032355,C.Rogers,2021,10
00-0032355,C.Rogers,2021,11
00-0032355,C.Rogers,2021,12
00-0032355,C.Rogers,2021,14
00-0032355,C.Rogers,2021,15
00-0032355,C.Rogers,2021,16
00-0032355,C.Rogers,2021,17
00-0032355,C.Rogers,2021,18
00-0032355,C.Rogers,2021,20
00-0032362,M.Harris,2017,12
00-0032362,M.Harris,2017,13
00-0032362,M.Harris,2018,5
00-0032362,M.Harris,2018,6
00-0032362,M.Harris,2018,7
00-0032362,M.Harris,2018,8
00-0032362,M.Harris,2018,9
00-0032362,M.Harris,2018,10
00-0032362,M.Harris,2018,11
00-0032362,M.Harris,2018,12
00-0032362,M.Harris,2018,13
00-0032362,M.Harris,2018,14
00-0032362,M.Harris,2018,15
00-0032385,S.Shepard,2016,10
00-0032385,S.Shepard,2016,11
00-0032385,S.Shepard,2016,13
00-0032385,S.Shepard,2016,14
00-0032385,S.Shepard,2016,15
00-0032385,S.Shepard,2016,16
00-0032385,S.Shepard,2016,17
00-0032385,S.Shepard,2016,18
00-0032385,S.Shepard,2017,1
00-0032385,S.Shepard,2017,2
00-0032385,S.Shepard,2017,3
00-0032385,S.Shepard,2017,4
00-0032385,S.Shepard,2017,5
00-0032385,S.Shepard,2017,9
00-0032385,S.Shepard,2017,10
00-0032385,S.Shepard,2017,13
00-0032385,S.Shepard,2017,14
00-0032385,S.Shepard,2017,15
00-0032385,S.Shepard,2017,16
00-0032385,S.Shepard,2018,1
00-0032385,S.Shepard,2018,2
00-0032385,S.Shepard,2018,3
00-0032385,S.Shepard,2018,4
00-0032385,S.Shepard,2018,5
00-0032385,S.Shepard,2018,6
00-0032385,S.Shepard,2018,7
00-0032385,S.Shepard,2018,8
00-0032385,S.Shepard,2018,10
00-0032385,S.Shepard,2018,11
00-0032385,S.Shepard,2018,12
00-0032385,S.Shepard,2018,13
00-0032385,S.Shepard,2018,14
00-0032385,S.Shepard,2018,15
00-0032385,S.Shepard,2018,16
00-0032385,S.Shepard,2018,17
00-0032385,S.Shepard,2019,1
00-0032385,S.Shepard,2019,3
00-0032385,S.Shepard,2019,4
00-0032385,S.Shepard,2019,5
00-0032385,S.Shepard,2019,12
00-0032385,S.Shepard,2019,13
00-0032385,S.Shepard,2019,14
00-0032385,S.Shepard,2019,15
00-0032385,S.Shepard,2019,16
00-0032385,S.Shepard,2019,17
00-0032385,S.Shepard,2020,1
00-0032385,S.Shepard,2020,2
00-0032385,S.Shepard,2020,7
00-0032385,S.Shepard,2020,8
00-0032385,S.Shepard,2020,9
00-0032385,S.Shepard,2020,10
00-0032385,S.Shepard,2020,12
00-0032385,S.Shepard,2020,13
00-0032385,S.Shepard,2020,14
00-0032385,S.Shepard,2020,15
00-0032385,S.Shepard,2020,16
00-0032385,S.Shepard,2020,17
00-0032385,S.Shepard,2021,1
00-0032385,S.Shepard,2021,2
00-0032385,S.Shepard,2021,3
00-0032385,S.Shepard,2021,6
00-0032385,S.Shepard,2021,8
00-0032385,S.Shepard,2021,14
00-0032385,S.Shepard,2021,15
00-0032385,S.Shepard,2022,1
00-0032385,S.Shepard,2022,2
00-0032385,S.Shepard,2022,3
00-0032392,A.Hooper,2016,13
00-0032392,A.Hooper,2016,14
00-0032392,A.Hooper,2016,15
00-0032392,A.Hooper,2016,19
00-0032392,A.Hooper,2016,20
00-0032392,A.Hooper,2016,21
00-0032392,A.Hooper,2017,1
00-0032392,A.Hooper,2017,2
00-0032392,A.Hooper,2017,3
00-0032392,A.Hooper,2017,4
00-0032392,A.Hooper,2017,6
00-0032392,A.Hooper,2017,7
00-0032392,A.Hooper,2017,8
00-0032392,A.Hooper,2017,9
00-0032392,A.Hooper,2017,10
00-0032392,A.Hooper,2017,11
00-0032392,A.Hooper,2017,12
00-0032392,A.Hooper,2017,13
00-0032392,A.Hooper,2017,14
00-0032392,A.Hooper,2017,15
00-0032392,A.Hooper,2017,16
00-0032392,A.Hooper,2017,17
00-0032392,A.Hooper,2017,18
00-0032392,A.Hooper,2017,19
00-0032392,A.Hooper,2018,1
00-0032392,A.Hooper,2018,2
00-0032392,A.Hooper,2018,3
00-0032392,A.Hooper,2018,4
00-0032392,A.Hooper,2018,5
00-0032392,A.Hooper,2018,6
00-0032392,A.Hooper,2018,7
00-0032392,A.Hooper,2018,9
00-0032392,A.Hooper,2018,10
00-0032392,A.Hooper,2018,11
00-0032392,A.Hooper,2018,12
00-0032392,A.Hooper,2018,13
00-0032392,A.Hooper,2018,14
00-0032392,A.Hooper,2018,15
00-0032392,A.Hooper,2018,16
00-0032392,A.Hooper,2018,17
00-0032392,A.Hooper,2019,1
00-0032392,A.Hooper,2019,2
00-0032392,A.Hooper,2019,3
00-0032392,A.Hooper,2019,4
00-0032392,A.Hooper,2019,5
00-0032392,A.Hooper,2019,6
00-0032392,A.Hooper,2019,7
00-0032392,A.Hooper,2019,8
00-0032392,A.Hooper,2019,10
00-0032392,A.Hooper,2019,14
00-0032392,A.Hooper,2019,15
00-0032392,A.Hooper,2019,16
00-0032392,A.Hooper,2019,17
00-0032392,A.Hooper,2020,1
00-0032392,A.Hooper,2020,2
00-0032392,A.Hooper,2020,3
00-0032392,A.Hooper,2020,4
00-0032392,A.Hooper,2020,5
00-0032392,A.Hooper,2020,6
00-0032392,A.Hooper,2020,10
00-0032392,A.Hooper,2020,11
00-0032392,A.Hooper,2020,12
00-0032392,A.Hooper,2020,13
00-0032392,A.Hooper,2020,15
00-0032392,A.Hooper,2020,16
00-0032392,A.Hooper,2020,17
00-0032392,A.Hooper,2020,18
00-0032392,A.Hooper,2020,19
00-0032392,A.Hooper,2021,1
00-0032392,A.Hooper,2021,2
00-0032392,A.Hooper,2021,3
00-0032392,A.Hooper,2021,4
00-0032392,A.Hooper,2021,5
00-0032392,A.Hooper,2021,6
00-0032392,A.Hooper,2021,7
00-0032392,A.Hooper,2021,8
00-0032392,A.Hooper,2021,9
00-0032392,A.Hooper,2021,10
00-0032392,A.Hooper,2021,11
00-0032392,A.Hooper,2021,12
00-0032392,A.Hooper,2021,14
00-0032392,A.Hooper,2021,16
00-0032392,A.Hooper,2021,17
00-0032392,A.Hooper,2022,1
00-0032392,A.Hooper,2022,2
00-0032392,A.Hooper,2022,3
00-0032392,A.Hooper,2022,4
00-0032392,A.Hooper,2022,5
00-0032392,A.Hooper,2022,7
00-0032392,A.Hooper,2022,8
00-0032392,A.Hooper,2022,9
00-0032392,A.Hooper,2022,10
00-0032392,A.Hooper,2022,11
00-0032392,A.Hooper,2022,12
00-0032392,A.Hooper,2022,13
00-0032392,A.Hooper,2022,14
00-0032392,A.Hooper,2022,15
00-0032392,A.Hooper,2022,16
00-0032392,A.Hooper,2022,17
00-0032392,A.Hooper,2022,18
00-0032393,C.Prosise,2018,2
00-0032393,C.Prosise,2019,2
00-0032393,C.Prosise,2019,3
00-0032393,C.Prosise,2019,6
00-0032393,C.Prosise,2019,15
00-0032393,C.Prosise,2020,10
00-0032393,C.Prosise,2020,11
00-0032393,C.Prosise,2020,12
00-0032393,C.Prosise,2020,14
00-0032394,N.Vannett,2017,12
00-0032394,N.Vannett,2017,13
00-0032394,N.Vannett,2017,14
00-0032394,N.Vannett,2018,1
00-0032394,N.Vannett,2018,2
00-0032394,N.Vannett,2018,3
00-0032394,N.Vannett,2018,4
00-0032394,N.Vannett,2018,5
00-0032394,N.Vannett,2018,8
00-0032394,N.Vannett,2018,9
00-0032394,N.Vannett,2018,10
00-0032394,N.Vannett,2018,11
00-0032394,N.Vannett,2018,12
00-0032394,N.Vannett,2018,13
00-0032394,N.Vannett,2018,14
00-0032394,N.Vannett,2018,15
00-0032394,N.Vannett,2018,16
00-0032394,N.Vannett,2018,17
00-0032394,N.Vannett,2018,18
00-0032394,N.Vannett,2019,1
00-0032394,N.Vannett,2019,2
00-0032394,N.Vannett,2019,3
00-0032394,N.Vannett,2019,4
00-0032394,N.Vannett,2019,5
00-0032394,N.Vannett,2019,6
00-0032394,N.Vannett,2019,8
00-0032394,N.Vannett,2019,9
00-0032394,N.Vannett,2019,10
00-0032394,N.Vannett,2019,11
00-0032394,N.Vannett,2019,13
00-0032394,N.Vannett,2019,15
00-0032394,N.Vannett,2019,16
00-0032394,N.Vannett,2020,1
00-0032394,N.Vannett,2020,2
00-0032394,N.Vannett,2020,4
00-0032394,N.Vannett,2020,6
00-0032394,N.Vannett,2020,7
00-0032394,N.Vannett,2020,9
00-0032394,N.Vannett,2020,11
00-0032394,N.Vannett,2020,12
00-0032394,N.Vannett,2020,13
00-0032394,N.Vannett,2020,14
00-0032394,N.Vannett,2020,15
00-0032394,N.Vannett,2021,11
00-0032394,N.Vannett,2021,12
00-0032394,N.Vannett,2021,13
00-0032394,N.Vannett,2021,14
00-0032394,N.Vannett,2021,15
00-0032394,N.Vannett,2021,16
00-0032394,N.Vannett,2021,18
00-0032394,N.Vannett,2022,3
00-0032394,N.Vannett,2022,8
00-0032394,N.Vannett,2022,14
00-0032394,N.Vannett,2022,15
00-0032394,N.Vannett,2022,18
00-0032398,C.Moore,2017,6
00-0032398,C.Moore,2017,7
00-0032398,C.Moore,2017,9
00-0032398,C.Moore,2017,12
00-0032398,C.Moore,2017,13
00-0032398,C.Moore,2017,14
00-0032398,C.Moore,2017,15
00-0032398,C.Moore,2017,16
00-0032398,C.Moore,2017,17
00-0032398,C.Moore,2018,1
00-0032398,C.Moore,2018,2
00-0032398,C.Moore,2018,4
00-0032398,C.Moore,2018,5
00-0032398,C.Moore,2018,6
00-0032398,C.Moore,2018,7
00-0032398,C.Moore,2018,8
00-0032398,C.Moore,2018,9
00-0032398,C.Moore,2018,11
00-0032398,C.Moore,2018,12
00-0032398,C.Moore,2018,13
00-0032398,C.Moore,2018,14
00-0032398,C.Moore,2018,15
00-0032398,C.Moore,2018,16
00-0032398,C.Moore,2018,17
00-0032398,C.Moore,2018,18
00-0032398,C.Moore,2019,4
00-0032398,C.Moore,2019,6
00-0032398,C.Moore,2019,7
00-0032398,C.Moore,2019,19
00-0032398,C.Moore,2021,5
00-0032398,C.Moore,2021,6
00-0032398,C.Moore,2021,8
00-0032398,C.Moore,2021,9
00-0032398,C.Moore,2021,11
00-0032398,C.Moore,2021,12
00-0032398,C.Moore,2021,16
00-0032398,C.Moore,2021,18
00-0032398,C.Moore,2022,1
00-0032398,C.Moore,2022,2
00-0032398,C.Moore,2022,3
00-0032398,C.Moore,2022,4
00-0032398,C.Moore,2022,7
00-0032398,C.Moore,2022,9
00-0032398,C.Moore,2022,10
00-0032398,C.Moore,2022,11
00-0032398,C.Moore,2022,12
00-0032398,C.Moore,2022,13
00-0032398,C.Moore,2022,14
00-0032398,C.Moore,2022,15
00-0032398,C.Moore,2022,16
00-0032398,C.Moore,2022,17
00-0032398,C.Moore,2022,18
00-0032404,T.Ervin,2018,8
00-0032404,T.Ervin,2019,16
00-0032404,T.Ervin,2019,17
00-0032404,T.Ervin,2019,20
00-0032404,T.Ervin,2020,1
00-0032404,T.Ervin,2020,2
00-0032404,T.Ervin,2020,3
00-0032404,T.Ervin,2020,4
00-0032404,T.Ervin,2020,8
00-0032404,T.Ervin,2020,9
00-0032404,T.Ervin,2020,10
00-0032411,K.Dixon,2016,14
00-0032411,K.Dixon,2016,15
00-0032411,K.Dixon,2016,16
00-0032411,K.Dixon,2016,17
00-0032411,K.Dixon,2018,13
00-0032411,K.Dixon,2018,14
00-0032411,K.Dixon,2018,15
00-0032411,K.Dixon,2018,16
00-0032411,K.Dixon,2018,17
00-0032411,K.Dixon,2018,18
00-0032417,P.Perkins,2016,14
00-0032417,P.Perkins,2016,15
00-0032417,P.Perkins,2016,16
00-0032417,P.Perkins,2016,17
00-0032417,P.Perkins,2016,18
00-0032417,P.Perkins,2017,1
00-0032417,P.Perkins,2017,2
00-0032417,P.Perkins,2017,3
00-0032417,P.Perkins,2017,4
00-0032417,P.Perkins,2017,17
00-0032417,P.Perkins,2019,10
00-0032426,A.Collins,2017,8
00-0032426,A.Collins,2017,9
00-0032426,A.Collins,2017,11
00-0032426,A.Collins,2017,12
00-0032426,A.Collins,2017,13
00-0032426,A.Collins,2017,14
00-0032426,A.Collins,2017,15
00-0032426,A.Collins,2017,16
00-0032426,A.Collins,2017,17
00-0032426,A.Collins,2018,1
00-0032426,A.Collins,2018,2
00-0032426,A.Collins,2018,3
00-0032426,A.Collins,2018,4
00-0032426,A.Collins,2018,5
00-0032426,A.Collins,2018,7
00-0032426,A.Collins,2018,8
00-0032426,A.Collins,2018,9
00-0032426,A.Collins,2020,10
00-0032426,A.Collins,2021,4
00-0032426,A.Collins,2021,5
00-0032426,A.Collins,2021,6
00-0032426,A.Collins,2021,7
00-0032426,A.Collins,2021,10
00-0032426,A.Collins,2021,12
00-0032426,A.Collins,2021,14
00-0032464,K.Raymond,2019,15
00-0032464,K.Raymond,2019,16
00-0032464,K.Raymond,2019,19
00-0032464,K.Raymond,2020,1
00-0032464,K.Raymond,2020,3
00-0032464,K.Raymond,2020,5
00-0032464,K.Raymond,2020,6
00-0032464,K.Raymond,2020,8
00-0032464,K.Raymond,2020,12
00-0032464,K.Raymond,2020,14
00-0032464,K.Raymond,2020,16
00-0032464,K.Raymond,2020,18
00-0032464,K.Raymond,2021,1
00-0032464,K.Raymond,2021,2
00-0032464,K.Raymond,2021,3
00-0032464,K.Raymond,2021,4
00-0032464,K.Raymond,2021,5
00-0032464,K.Raymond,2021,6
00-0032464,K.Raymond,2021,7
00-0032464,K.Raymond,2021,8
00-0032464,K.Raymond,2021,10
00-0032464,K.Raymond,2021,11
00-0032464,K.Raymond,2021,12
00-0032464,K.Raymond,2021,13
00-0032464,K.Raymond,2021,14
00-0032464,K.Raymond,2021,15
00-0032464,K.Raymond,2021,16
00-0032464,K.Raymond,2021,18
00-0032464,K.Raymond,2022,1
00-0032464,K.Raymond,2022,3
00-0032464,K.Raymond,2022,4
00-0032464,K.Raymond,2022,5
00-0032464,K.Raymond,2022,7
00-0032464,K.Raymond,2022,8
00-0032464,K.Raymond,2022,9
00-0032464,K.Raymond,2022,10
00-0032464,K.Raymond,2022,11
00-0032464,K.Raymond,2022,12
00-0032464,K.Raymond,2022,13
00-0032464,K.Raymond,2022,14
00-0032464,K.Raymond,2022,15
00-0032464,K.Raymond,2022,16
00-0032464,K.Raymond,2022,17
00-0032464,K.Raymond,2022,18
00-0032543,A.Erickson,2017,7
00-0032543,A.Erickson,2017,9
00-0032543,A.Erickson,2017,10
00-0032543,A.Erickson,2017,11
00-0032543,A.Erickson,2017,12
00-0032543,A.Erickson,2017,14
00-0032543,A.Erickson,2017,15
00-0032543,A.Erickson,2018,4
00-0032543,A.Erickson,2018,5
00-0032543,A.Erickson,2018,6
00-0032543,A.Erickson,2018,7
00-0032543,A.Erickson,2018,8
00-0032543,A.Erickson,2018,11
00-0032543,A.Erickson,2018,13
00-0032543,A.Erickson,2018,15
00-0032543,A.Erickson,2018,16
00-0032543,A.Erickson,2018,17
00-0032543,A.Erickson,2019,1
00-0032543,A.Erickson,2019,2
00-0032543,A.Erickson,2019,3
00-0032543,A.Erickson,2019,5
00-0032543,A.Erickson,2019,6
00-0032543,A.Erickson,2019,7
00-0032543,A.Erickson,2019,8
00-0032543,A.Erickson,2019,10
00-0032543,A.Erickson,2019,11
00-0032543,A.Erickson,2019,12
00-0032543,A.Erickson,2019,13
00-0032543,A.Erickson,2019,14
00-0032543,A.Erickson,2019,15
00-0032543,A.Erickson,2019,16
00-0032543,A.Erickson,2019,17
00-0032543,A.Erickson,2020,4
00-0032543,A.Erickson,2020,6
00-0032543,A.Erickson,2020,11
00-0032543,A.Erickson,2020,13
00-0032543,A.Erickson,2020,14
00-0032543,A.Erickson,2020,15
00-0032543,A.Erickson,2020,16
00-0032543,A.Erickson,2020,17
00-0032543,A.Erickson,2021,3
00-0032543,A.Erickson,2021,6
00-0032543,A.Erickson,2021,12
00-0032543,A.Erickson,2021,16
00-0032602,J.McKissic,2017,10
00-0032602,J.McKissic,2017,11
00-0032602,J.McKissic,2017,12
00-0032602,J.McKissic,2017,13
00-0032602,J.McKissic,2017,14
00-0032602,J.McKissic,2017,15
00-0032602,J.McKissic,2017,17
00-0032602,J.McKissic,2018,13
00-0032602,J.McKissic,2018,18
00-0032602,J.McKissic,2019,1
00-0032602,J.McKissic,2019,4
00-0032602,J.McKissic,2019,6
00-0032602,J.McKissic,2019,7
00-0032602,J.McKissic,2019,8
00-0032602,J.McKissic,2019,9
00-0032602,J.McKissic,2019,10
00-0032602,J.McKissic,2019,11
00-0032602,J.McKissic,2019,12
00-0032602,J.McKissic,2019,13
00-0032602,J.McKissic,2019,14
00-0032602,J.McKissic,2019,15
00-0032602,J.McKissic,2019,17
00-0032602,J.McKissic,2020,1
00-0032602,J.McKissic,2020,3
00-0032602,J.McKissic,2020,4
00-0032602,J.McKissic,2020,5
00-0032602,J.McKissic,2020,6
00-0032602,J.McKissic,2020,7
00-0032602,J.McKissic,2020,9
00-0032602,J.McKissic,2020,10
00-0032602,J.McKissic,2020,11
00-0032602,J.McKissic,2020,12
00-0032602,J.McKissic,2020,13
00-0032602,J.McKissic,2020,14
00-0032602,J.McKissic,2020,15
00-0032602,J.McKissic,2020,16
00-0032602,J.McKissic,2020,17
00-0032602,J.McKissic,2020,18
00-0032602,J.McKissic,2021,1
00-0032602,J.McKissic,2021,2
00-0032602,J.McKissic,2021,3
00-0032602,J.McKissic,2021,4
00-0032602,J.McKissic,2021,5
00-0032602,J.McKissic,2021,6
00-0032602,J.McKissic,2021,7
00-0032602,J.McKissic,2021,8
00-0032602,J.McKissic,2021,10
00-0032602,J.McKissic,2021,11
00-0032602,J.McKissic,2021,12
00-0032602,J.McKissic,2022,1
00-0032602,J.McKissic,2022,2
00-0032602,J.McKissic,2022,3
00-0032602,J.McKissic,2022,4
00-0032602,J.McKissic,2022,5
00-0032602,J.McKissic,2022,6
00-0032602,J.McKissic,2022,7
00-0032602,J.McKissic,2022,8
00-0032626,G.Allison,2016,19
00-0032626,G.Allison,2016,20
00-0032626,G.Allison,2017,2
00-0032626,G.Allison,2017,3
00-0032626,G.Allison,2017,5
00-0032626,G.Allison,2017,6
00-0032626,G.Allison,2017,7
00-0032626,G.Allison,2017,9
00-0032626,G.Allison,2017,13
00-0032626,G.Allison,2017,14
00-0032626,G.Allison,2017,15
00-0032626,G.Allison,2017,16
00-0032626,G.Allison,2017,17
00-0032626,G.Allison,2018,1
00-0032626,G.Allison,2018,2
00-0032626,G.Allison,2018,3
00-0032626,G.Allison,2018,4
00-0032626,G.Allison,2018,8
00-0032626,G.Allison,2019,2
00-0032626,G.Allison,2019,3
00-0032626,G.Allison,2019,4
00-0032626,G.Allison,2019,5
00-0032626,G.Allison,2019,6
00-0032626,G.Allison,2019,7
00-0032626,G.Allison,2019,8
00-0032626,G.Allison,2019,9
00-0032626,G.Allison,2019,10
00-0032626,G.Allison,2019,12
00-0032626,G.Allison,2019,13
00-0032626,G.Allison,2019,14
00-0032626,G.Allison,2019,15
00-0032626,G.Allison,2019,16
00-0032626,G.Allison,2019,17
00-0032626,G.Allison,2019,19
00-0032626,G.Allison,2019,20
00-0032626,G.Allison,2021,7
00-0032659,R.Lewis,2016,16
00-0032659,R.Lewis,2017,1
00-0032659,R.Lewis,2017,2
00-0032659,R.Lewis,2017,3
00-0032659,R.Lewis,2017,5
00-0032659,R.Lewis,2017,6
00-0032659,R.Lewis,2017,7
00-0032659,R.Lewis,2017,9
00-0032659,R.Lewis,2017,10
00-0032659,R.Lewis,2017,11
00-0032659,R.Lewis,2017,12
00-0032659,R.Lewis,2017,13
00-0032659,R.Lewis,2017,14
00-0032659,R.Lewis,2017,15
00-0032659,R.Lewis,2017,16
00-0032688,R.Anderson,2016,12
00-0032688,R.Anderson,2016,13
00-0032688,R.Anderson,2016,14
00-0032688,R.Anderson,2016,15
00-0032688,R.Anderson,2016,16
00-0032688,R.Anderson,2016,17
00-0032688,R.Anderson,2017,1
00-0032688,R.Anderson,2017,2
00-0032688,R.Anderson,2017,3
00-0032688,R.Anderson,2017,4
00-0032688,R.Anderson,2017,5
00-0032688,R.Anderson,2017,6
00-0032688,R.Anderson,2017,7
00-0032688,R.Anderson,2017,8
00-0032688,R.Anderson,2017,9
00-0032688,R.Anderson,2017,10
00-0032688,R.Anderson,2017,12
00-0032688,R.Anderson,2017,13
00-0032688,R.Anderson,2017,14
00-0032688,R.Anderson,2017,15
00-0032688,R.Anderson,2017,16
00-0032688,R.Anderson,2017,17
00-0032688,R.Anderson,2018,1
00-0032688,R.Anderson,2018,2
00-0032688,R.Anderson,2018,3
00-0032688,R.Anderson,2018,4
00-0032688,R.Anderson,2018,5
00-0032688,R.Anderson,2018,6
00-0032688,R.Anderson,2018,7
00-0032688,R.Anderson,2018,9
00-0032688,R.Anderson,2018,12
00-0032688,R.Anderson,2018,13
00-0032688,R.Anderson,2018,14
00-0032688,R.Anderson,2018,15
00-0032688,R.Anderson,2018,16
00-0032688,R.Anderson,2018,17
00-0032688,Ro.Anderson,2019,1
00-0032688,Ro.Anderson,2019,2
00-0032688,Ro.Anderson,2019,3
00-0032688,Ro.Anderson,2019,5
00-0032688,Ro.Anderson,2019,6
00-0032688,Ro.Anderson,2019,7
00-0032688,Ro.Anderson,2019,8
00-0032688,Ro.Anderson,2019,9
00-0032688,Ro.Anderson,2019,10
00-0032688,Ro.Anderson,2019,11
00-0032688,Ro.Anderson,2019,12
00-0032688,Ro.Anderson,2019,13
00-0032688,Ro.Anderson,2019,14
00-0032688,Ro.Anderson,2019,15
00-0032688,Ro.Anderson,2019,16
00-0032688,Ro.Anderson,2019,17
00-0032688,R.Anderson,2020,1
00-0032688,R.Anderson,2020,2
00-0032688,R.Anderson,2020,3
00-0032688,R.Anderson,2020,4
00-0032688,R.Anderson,2020,5
00-0032688,R.Anderson,2020,6
00-0032688,R.Anderson,2020,7
00-0032688,R.Anderson,2020,8
00-0032688,R.Anderson,2020,9
00-0032688,R.Anderson,2020,10
00-0032688,R.Anderson,2020,11
00-0032688,R.Anderson,2020,12
00-0032688,R.Anderson,2020,14
00-0032688,R.Anderson,2020,15
00-0032688,R.Anderson,2020,16
00-0032688,R.Anderson,2020,17
00-0032688,R.Anderson,2021,1
00-0032688,R.Anderson,2021,2
00-0032688,R.Anderson,2021,3
00-0032688,R.Anderson,2021,4
00-0032688,R.Anderson,2021,5
00-0032688,R.Anderson,2021,6
00-0032688,R.Anderson,2021,7
00-0032688,R.Anderson,2021,8
00-0032688,R.Anderson,2021,9
00-0032688,R.Anderson,2021,10
00-0032688,R.Anderson,2021,11
00-0032688,R.Anderson,2021,12
00-0032688,R.Anderson,2021,14
00-0032688,R.Anderson,2021,15
00-0032688,R.Anderson,2021,16
00-0032688,R.Anderson,2021,17
00-0032688,R.Anderson,2021,18
00-0032688,R.Anderson,2022,1
00-0032688,R.Anderson,2022,2
00-0032688,R.Anderson,2022,3
00-0032688,R.Anderson,2022,4
00-0032688,R.Anderson,2022,5
00-0032688,R.Anderson,2022,7
00-0032688,R.Anderson,2022,8
00-0032688,R.Anderson,2022,9
00-0032688,R.Anderson,2022,12
00-0032688,R.Anderson,2022,14
00-0032688,R.Anderson,2022,15
00-0032688,R.Anderson,2022,17
00-0032725,S.Anderson,2016,17
00-0032725,S.Anderson,2016,18
00-0032725,S.Anderson,2016,19
00-0032725,S.Anderson,2017,1
00-0032725,S.Anderson,2017,3
00-0032725,S.Anderson,2017,4
00-0032725,S.Anderson,2017,5
00-0032725,S.Anderson,2017,6
00-0032725,S.Anderson,2017,8
00-0032725,S.Anderson,2017,9
00-0032725,S.Anderson,2017,10
00-0032725,S.Anderson,2017,11
00-0032725,S.Anderson,2017,13
00-0032725,S.Anderson,2017,14
00-0032725,S.Anderson,2017,15
00-0032725,S.Anderson,2017,16
00-0032725,S.Anderson,2017,17
00-0032725,S.Anderson,2020,13
00-0032725,S.Anderson,2020,16
00-0032725,S.Anderson,2020,17
00-0032725,S.Anderson,2021,1
00-0032725,S.Anderson,2021,2
00-0032725,S.Anderson,2021,4
00-0032725,S.Anderson,2021,5
00-0032725,S.Anderson,2021,6
00-0032725,S.Anderson,2021,9
00-0032725,S.Anderson,2021,12
00-0032725,S.Anderson,2021,14
00-0032725,S.Anderson,2021,15
00-0032725,S.Anderson,2021,16
00-0032725,S.Anderson,2021,17
00-0032725,S.Anderson,2022,2
00-0032725,S.Anderson,2022,10
00-0032725,S.Anderson,2022,11
00-0032725,S.Anderson,2022,14
00-0032725,S.Anderson,2022,16
00-0032741,P.Barber,2017,17
00-0032741,P.Barber,2018,2
00-0032741,P.Barber,2018,3
00-0032741,P.Barber,2018,4
00-0032741,P.Barber,2018,6
00-0032741,P.Barber,2018,7
00-0032741,P.Barber,2018,9
00-0032741,P.Barber,2018,10
00-0032741,P.Barber,2018,11
00-0032741,P.Barber,2018,12
00-0032741,P.Barber,2018,13
00-0032741,P.Barber,2018,14
00-0032741,P.Barber,2018,15
00-0032741,P.Barber,2018,16
00-0032741,P.Barber,2018,17
00-0032741,P.Barber,2019,1
00-0032741,P.Barber,2019,2
00-0032741,P.Barber,2019,3
00-0032741,P.Barber,2019,4
00-0032741,P.Barber,2019,5
00-0032741,P.Barber,2019,8
00-0032741,P.Barber,2019,10
00-0032741,P.Barber,2019,11
00-0032741,P.Barber,2019,12
00-0032741,P.Barber,2019,14
00-0032741,P.Barber,2019,15
00-0032741,P.Barber,2019,17
00-0032741,P.Barber,2020,4
00-0032741,P.Barber,2020,6
00-0032741,P.Barber,2020,10
00-0032741,P.Barber,2020,14
00-0032741,P.Barber,2020,15
00-0032741,P.Barber,2021,3
00-0032741,P.Barber,2021,13
00-0032741,P.Barber,2021,14
00-0032741,P.Barber,2021,15
00-0032741,P.Barber,2021,16
00-0032741,P.Barber,2021,17
00-0032745,A.Cross,2016,17
00-0032745,A.Cross,2017,2
00-0032745,A.Cross,2017,3
00-0032745,A.Cross,2017,13
00-0032745,A.Cross,2017,15
00-0032745,A.Cross,2017,17
00-0032745,A.Cross,2018,1
00-0032745,A.Cross,2018,7
00-0032745,A.Cross,2018,9
00-0032745,A.Cross,2018,13
00-0032760,J.Doctson,2017,9
00-0032760,J.Doctson,2017,10
00-0032760,J.Doctson,2017,11
00-0032760,J.Doctson,2017,12
00-0032760,J.Doctson,2017,13
00-0032760,J.Doctson,2017,14
00-0032760,J.Doctson,2017,15
00-0032760,J.Doctson,2017,16
00-0032760,J.Doctson,2017,17
00-0032760,J.Doctson,2018,1
00-0032760,J.Doctson,2018,2
00-0032760,J.Doctson,2018,3
00-0032760,J.Doctson,2018,6
00-0032760,J.Doctson,2018,7
00-0032760,J.Doctson,2018,8
00-0032760,J.Doctson,2018,9
00-0032760,J.Doctson,2018,10
00-0032760,J.Doctson,2018,11
00-0032760,J.Doctson,2018,12
00-0032760,J.Doctson,2018,13
00-0032760,J.Doctson,2018,14
00-0032760,J.Doctson,2018,15
00-0032760,J.Doctson,2018,16
00-0032760,J.Doctson,2018,17
00-0032764,D.Henry,2017,3
00-0032764,D.Henry,2017,6
00-0032764,D.Henry,2017,7
00-0032764,D.Henry,2017,9
00-0032764,D.Henry,2017,10
00-0032764,D.Henry,2017,12
00-0032764,D.Henry,2017,15
00-0032764,D.Henry,2017,16
00-0032764,D.Henry,2017,17
00-0032764,D.Henry,2017,18
00-0032764,D.Henry,2017,19
00-0032764,D.Henry,2018,1
00-0032764,D.Henry,2018,3
00-0032764,D.Henry,2018,4
00-0032764,D.Henry,2018,5
00-0032764,D.Henry,2018,6
00-0032764,D.Henry,2018,7
00-0032764,D.Henry,2018,9
00-0032764,D.Henry,2018,12
00-0032764,D.Henry,2018,13
00-0032764,D.Henry,2018,15
00-0032764,D.Henry,2018,16
00-0032764,D.Henry,2018,17
00-0032764,D.Henry,2019,1
00-0032764,D.Henry,2019,2
00-0032764,D.Henry,2019,3
00-0032764,D.Henry,2019,4
00-0032764,D.Henry,2019,6
00-0032764,D.Henry,2019,7
00-0032764,D.Henry,2019,8
00-0032764,D.Henry,2019,9
00-0032764,D.Henry,2019,10
00-0032764,D.Henry,2019,12
00-0032764,D.Henry,2019,13
00-0032764,D.Henry,2019,14
00-0032764,D.Henry,2019,15
00-0032764,D.Henry,2019,18
00-0032764,D.Henry,2019,19
00-0032764,D.Henry,2019,20
00-0032764,D.Henry,2020,1
00-0032764,D.Henry,2020,2
00-0032764,D.Henry,2020,3
00-0032764,D.Henry,2020,5
00-0032764,D.Henry,2020,6
00-0032764,D.Henry,2020,7
00-0032764,D.Henry,2020,8
00-0032764,D.Henry,2020,10
00-0032764,D.Henry,2020,11
00-0032764,D.Henry,2020,12
00-0032764,D.Henry,2020,13
00-0032764,D.Henry,2020,14
00-0032764,D.Henry,2020,15
00-0032764,D.Henry,2020,18
00-0032764,D.Henry,2021,1
00-0032764,D.Henry,2021,2
00-0032764,D.Henry,2021,3
00-0032764,D.Henry,2021,4
00-0032764,D.Henry,2021,6
00-0032764,D.Henry,2021,7
00-0032764,D.Henry,2022,1
00-0032764,D.Henry,2022,3
00-0032764,D.Henry,2022,4
00-0032764,D.Henry,2022,5
00-0032764,D.Henry,2022,7
00-0032764,D.Henry,2022,8
00-0032764,D.Henry,2022,10
00-0032764,D.Henry,2022,11
00-0032764,D.Henry,2022,12
00-0032764,D.Henry,2022,13
00-0032764,D.Henry,2022,14
00-0032764,D.Henry,2022,15
00-0032764,D.Henry,2022,16
00-0032764,D.Henry,2022,18
00-0032765,M.Thomas,2016,10
00-0032765,M.Thomas,2016,11
00-0032765,M.Thomas,2016,12
00-0032765,M.Thomas,2016,13
00-0032765,M.Thomas,2016,15
00-0032765,M.Thomas,2016,16
00-0032765,M.Thomas,2016,17
00-0032765,M.Thomas,2017,1
00-0032765,M.Thomas,2017,2
00-0032765,M.Thomas,2017,3
00-0032765,M.Thomas,2017,4
00-0032765,M.Thomas,2017,6
00-0032765,M.Thomas,2017,7
00-0032765,M.Thomas,2017,8
00-0032765,M.Thomas,2017,9
00-0032765,M.Thomas,2017,10
00-0032765,M.Thomas,2017,11
00-0032765,M.Thomas,2017,12
00-0032765,M.Thomas,2017,13
00-0032765,M.Thomas,2017,14
00-0032765,M.Thomas,2017,15
00-0032765,M.Thomas,2017,16
00-0032765,M.Thomas,2017,17
00-0032765,M.Thomas,2017,18
00-0032765,M.Thomas,2017,19
00-0032765,M.Thomas,2018,1
00-0032765,M.Thomas,2018,2
00-0032765,M.Thomas,2018,3
00-0032765,M.Thomas,2018,4
00-0032765,M.Thomas,2018,5
00-0032765,M.Thomas,2018,7
00-0032765,M.Thomas,2018,8
00-0032765,M.Thomas,2018,9
00-0032765,M.Thomas,2018,10
00-0032765,M.Thomas,2018,11
00-0032765,M.Thomas,2018,12
00-0032765,M.Thomas,2018,13
00-0032765,M.Thomas,2018,14
00-0032765,M.Thomas,2018,15
00-0032765,M.Thomas,2018,16
00-0032765,M.Thomas,2018,17
00-0032765,M.Thomas,2018,19
00-0032765,M.Thomas,2018,20
00-0032765,M.Thomas,2019,1
00-0032765,M.Thomas,2019,2
00-0032765,M.Thomas,2019,3
00-0032765,M.Thomas,2019,4
00-0032765,M.Thomas,2019,5
00-0032765,M.Thomas,2019,6
00-0032765,M.Thomas,2019,7
00-0032765,M.Thomas,2019,8
00-0032765,M.Thomas,2019,10
00-0032765,M.Thomas,2019,11
00-0032765,M.Thomas,2019,12
00-0032765,M.Thomas,2019,13
00-0032765,M.Thomas,2019,14
00-0032765,M.Thomas,2019,15
00-0032765,M.Thomas,2019,16
00-0032765,M.Thomas,2019,17
00-0032765,M.Thomas,2019,18
00-0032765,M.Thomas,2020,1
00-0032765,M.Thomas,2020,9
00-0032765,M.Thomas,2020,10
00-0032765,M.Thomas,2020,11
00-0032765,M.Thomas,2020,12
00-0032765,M.Thomas,2020,13
00-0032765,M.Thomas,2020,14
00-0032765,M.Thomas,2020,18
00-0032765,M.Thomas,2020,19
00-0032765,M.Thomas,2022,1
00-0032765,M.Thomas,2022,2
00-0032765,M.Thomas,2022,3
00-0032775,D.Robinson,2017,13
00-0032775,D.Robinson,2017,17
00-0032775,D.Robinson,2017,18
00-0032775,D.Robinson,2018,2
00-0032775,D.Robinson,2018,3
00-0032775,D.Robinson,2018,4
00-0032775,D.Robinson,2018,5
00-0032775,D.Robinson,2018,7
00-0032775,D.Robinson,2018,8
00-0032775,D.Robinson,2018,9
00-0032775,D.Robinson,2018,10
00-0032775,D.Robinson,2018,11
00-0032775,D.Robinson,2018,13
00-0032775,D.Robinson,2018,14
00-0032775,D.Robinson,2018,15
00-0032775,D.Robinson,2018,16
00-0032775,D.Robinson,2018,17
00-0032775,D.Robinson,2018,20
00-0032775,D.Robinson,2019,1
00-0032775,D.Robinson,2019,2
00-0032775,D.Robinson,2019,3
00-0032775,D.Robinson,2019,4
00-0032775,D.Robinson,2019,5
00-0032775,D.Robinson,2019,6
00-0032775,D.Robinson,2019,7
00-0032775,D.Robinson,2019,8
00-0032775,D.Robinson,2019,9
00-0032775,D.Robinson,2019,10
00-0032775,D.Robinson,2019,11
00-0032775,D.Robinson,2019,14
00-0032775,D.Robinson,2019,15
00-0032775,D.Robinson,2019,16
00-0032775,D.Robinson,2019,17
00-0032775,D.Robinson,2019,19
00-0032775,D.Robinson,2019,20
00-0032775,D.Robinson,2020,1
00-0032775,D.Robinson,2020,2
00-0032775,D.Robinson,2020,3
00-0032775,D.Robinson,2020,5
00-0032775,D.Robinson,2020,6
00-0032775,D.Robinson,2020,7
00-0032775,D.Robinson,2020,8
00-0032775,D.Robinson,2020,9
00-0032775,D.Robinson,2020,11
00-0032775,D.Robinson,2020,12
00-0032775,D.Robinson,2020,13
00-0032775,D.Robinson,2020,14
00-0032775,D.Robinson,2020,15
00-0032775,D.Robinson,2020,16
00-0032775,D.Robinson,2020,17
00-0032775,D.Robinson,2020,19
00-0032775,D.Robinson,2020,21
00-0032775,D.Robinson,2021,1
00-0032775,D.Robinson,2021,2
00-0032775,D.Robinson,2021,3
00-0032775,D.Robinson,2021,5
00-0032775,D.Robinson,2021,6
00-0032775,D.Robinson,2021,7
00-0032775,D.Robinson,2021,8
00-0032775,D.Robinson,2021,9
00-0032775,D.Robinson,2021,10
00-0032775,D.Robinson,2021,13
00-0032775,D.Robinson,2021,15
00-0032775,D.Robinson,2021,16
00-0032775,D.Robinson,2021,17
00-0032775,D.Robinson,2021,18
00-0032775,D.Robinson,2021,19
00-0032775,D.Robinson,2021,20
00-0032775,D.Robinson,2021,21
00-0032775,D.Robinson,2022,1
00-0032775,D.Robinson,2022,2
00-0032775,D.Robinson,2022,3
00-0032775,D.Robinson,2022,4
00-0032775,D.Robinson,2022,5
00-0032775,D.Robinson,2022,6
00-0032775,D.Robinson,2022,8
00-0032775,D.Robinson,2022,9
00-0032775,D.Robinson,2022,11
00-0032775,D.Robinson,2022,12
00-0032775,D.Robinson,2022,13
00-0032775,D.Robinson,2022,14
00-0032775,D.Robinson,2022,15
00-0032775,D.Robinson,2022,16
00-0032775,D.Robinson,2022,17
00-0032775,D.Robinson,2022,18
00-0032775,D.Robinson,2022,19
00-0032778,T.Sharpe,2016,9
00-0032778,T.Sharpe,2016,10
00-0032778,T.Sharpe,2016,11
00-0032778,T.Sharpe,2016,12
00-0032778,T.Sharpe,2016,14
00-0032778,T.Sharpe,2016,15
00-0032778,T.Sharpe,2016,16
00-0032778,T.Sharpe,2016,17
00-0032778,T.Sharpe,2018,1
00-0032778,T.Sharpe,2018,2
00-0032778,T.Sharpe,2018,3
00-0032778,T.Sharpe,2018,4
00-0032778,T.Sharpe,2018,5
00-0032778,T.Sharpe,2018,6
00-0032778,T.Sharpe,2018,7
00-0032778,T.Sharpe,2018,9
00-0032778,T.Sharpe,2018,10
00-0032778,T.Sharpe,2018,11
00-0032778,T.Sharpe,2018,13
00-0032778,T.Sharpe,2018,14
00-0032778,T.Sharpe,2018,15
00-0032778,T.Sharpe,2018,17
00-0032778,T.Sharpe,2019,1
00-0032778,T.Sharpe,2019,2
00-0032778,T.Sharpe,2019,3
00-0032778,T.Sharpe,2019,5
00-0032778,T.Sharpe,2019,6
00-0032778,T.Sharpe,2019,7
00-0032778,T.Sharpe,2019,8
00-0032778,T.Sharpe,2019,9
00-0032778,T.Sharpe,2019,10
00-0032778,T.Sharpe,2019,14
00-0032778,T.Sharpe,2019,15
00-0032778,T.Sharpe,2019,16
00-0032778,T.Sharpe,2019,17
00-0032778,T.Sharpe,2019,18
00-0032778,T.Sharpe,2019,19
00-0032778,T.Sharpe,2019,20
00-0032778,T.Sharpe,2020,1
00-0032778,T.Sharpe,2020,12
00-0032778,T.Sharpe,2020,14
00-0032778,T.Sharpe,2021,2
00-0032778,T.Sharpe,2021,3
00-0032778,T.Sharpe,2021,4
00-0032778,T.Sharpe,2021,5
00-0032778,T.Sharpe,2021,7
00-0032778,T.Sharpe,2021,8
00-0032778,T.Sharpe,2021,9
00-0032778,T.Sharpe,2021,10
00-0032778,T.Sharpe,2021,11
00-0032778,T.Sharpe,2021,12
00-0032778,T.Sharpe,2021,13
00-0032778,T.Sharpe,2021,14
00-0032778,T.Sharpe,2021,15
00-0032778,T.Sharpe,2021,18
00-0032780,J.Howard,2016,12
00-0032780,J.Howard,2016,13
00-0032780,J.Howard,2016,14
00-0032780,J.Howard,2016,15
00-0032780,J.Howard,2016,16
00-0032780,Jo.Howard,2017,1
00-0032780,Jo.Howard,2017,2
00-0032780,Jo.Howard,2017,3
00-0032780,Jo.Howard,2017,4
00-0032780,Jo.Howard,2017,6
00-0032780,Jo.Howard,2017,8
00-0032780,Jo.Howard,2017,12
00-0032780,Jo.Howard,2017,13
00-0032780,Jo.Howard,2017,14
00-0032780,Jo.Howard,2017,15
00-0032780,Jo.Howard,2017,17
00-0032780,J.Howard,2018,1
00-0032780,J.Howard,2018,2
00-0032780,J.Howard,2018,3
00-0032780,J.Howard,2018,4
00-0032780,J.Howard,2018,6
00-0032780,J.Howard,2018,7
00-0032780,J.Howard,2018,8
00-0032780,J.Howard,2018,10
00-0032780,J.Howard,2018,11
00-0032780,J.Howard,2018,12
00-0032780,J.Howard,2018,13
00-0032780,J.Howard,2018,14
00-0032780,J.Howard,2018,15
00-0032780,J.Howard,2018,16
00-0032780,J.Howard,2018,17
00-0032780,J.Howard,2018,18
00-0032780,J.Howard,2019,1
00-0032780,J.Howard,2019,2
00-0032780,J.Howard,2019,3
00-0032780,J.Howard,2019,4
00-0032780,J.Howard,2019,7
00-0032780,J.Howard,2019,8
00-0032780,J.Howard,2019,9
00-0032780,J.Howard,2020,4
00-0032780,J.Howard,2021,16
00-0032780,J.Howard,2021,17
00-0032780,J.Howard,2021,19
00-0032782,W.Smallwood,2017,3
00-0032782,W.Smallwood,2017,4
00-0032782,W.Smallwood,2017,7
00-0032782,W.Smallwood,2017,8
00-0032782,W.Smallwood,2017,17
00-0032782,W.Smallwood,2018,2
00-0032782,W.Smallwood,2018,3
00-0032782,W.Smallwood,2018,4
00-0032782,W.Smallwood,2018,5
00-0032782,W.Smallwood,2018,6
00-0032782,W.Smallwood,2018,7
00-0032782,W.Smallwood,2018,8
00-0032782,W.Smallwood,2018,10
00-0032782,W.Smallwood,2018,15
00-0032782,W.Smallwood,2018,16
00-0032782,W.Smallwood,2018,17
00-0032782,W.Smallwood,2018,18
00-0032782,W.Smallwood,2018,19
00-0032782,W.Smallwood,2019,2
00-0032782,W.Smallwood,2019,4
00-0032782,W.Smallwood,2019,7
00-0032782,W.Smallwood,2019,8
00-0032782,W.Smallwood,2019,9
00-0032782,W.Smallwood,2019,11
00-0032782,W.Smallwood,2019,12
00-0032782,W.Smallwood,2021,13
00-0032782,W.Smallwood,2021,17
00-0032791,J.Grant,2017,17
00-0032791,J.Grant,2018,1
00-0032791,J.Grant,2018,2
00-0032791,J.Grant,2018,3
00-0032791,J.Grant,2018,4
00-0032791,J.Grant,2018,5
00-0032791,J.Grant,2018,6
00-0032791,J.Grant,2018,7
00-0032791,J.Grant,2018,8
00-0032791,J.Grant,2018,9
00-0032791,J.Grant,2018,10
00-0032791,J.Grant,2019,1
00-0032791,J.Grant,2019,2
00-0032791,J.Grant,2019,3
00-0032791,J.Grant,2019,4
00-0032791,J.Grant,2019,8
00-0032791,J.Grant,2019,9
00-0032791,J.Grant,2019,10
00-0032791,J.Grant,2019,11
00-0032791,J.Grant,2019,12
00-0032791,J.Grant,2020,1
00-0032791,J.Grant,2020,2
00-0032791,J.Grant,2020,3
00-0032791,J.Grant,2020,4
00-0032791,J.Grant,2020,5
00-0032791,J.Grant,2020,6
00-0032791,J.Grant,2020,8
00-0032791,J.Grant,2020,9
00-0032791,J.Grant,2020,10
00-0032791,J.Grant,2020,11
00-0032791,J.Grant,2020,12
00-0032791,J.Grant,2020,13
00-0032791,J.Grant,2020,14
00-0032791,J.Grant,2020,16
00-0032791,J.Grant,2021,2
00-0032791,J.Grant,2021,4
00-0032791,J.Grant,2021,11
00-0032791,J.Grant,2021,12
00-0032791,J.Grant,2021,13
00-0032791,J.Grant,2021,14
00-0032794,D.Vitale,2017,12
00-0032794,D.Vitale,2017,14
00-0032794,D.Vitale,2018,16
00-0032794,D.Vitale,2019,3
00-0032794,D.Vitale,2019,4
00-0032794,D.Vitale,2019,5
00-0032794,D.Vitale,2019,7
00-0032794,D.Vitale,2019,10
00-0032794,D.Vitale,2019,12
00-0032794,D.Vitale,2019,13
00-0032794,D.Vitale,2019,14
00-0032794,D.Vitale,2019,16
00-0032795,C.Core,2018,6
00-0032795,C.Core,2018,7
00-0032795,C.Core,2018,10
00-0032795,C.Core,2018,11
00-0032795,C.Core,2018,12
00-0032795,C.Core,2018,13
00-0032795,C.Core,2018,14
00-0032795,C.Core,2018,15
00-0032795,C.Core,2018,16
00-0032795,C.Core,2018,17
00-0032795,C.Core,2019,2
00-0032813,E.Penny,2018,13
00-0032813,E.Penny,2018,14
00-0032813,E.Penny,2018,16
00-0032813,E.Penny,2018,17
00-0032813,E.Penny,2019,5
00-0032813,E.Penny,2019,6
00-0032813,E.Penny,2019,13
00-0032813,E.Penny,2020,8
00-0032813,E.Penny,2020,9
00-0032813,E.Penny,2020,15
00-0032813,E.Penny,2021,1
00-0032813,E.Penny,2021,6
00-0032813,E.Penny,2021,8
00-0032813,E.Penny,2021,9
00-0032813,E.Penny,2021,14
00-0032813,E.Penny,2021,16
00-0032813,E.Penny,2021,18
00-0032881,T.Lewis,2017,4
00-0032881,T.Lewis,2017,7
00-0032881,T.Lewis,2017,12
00-0032881,T.Lewis,2017,13
00-0032881,T.Lewis,2017,14
00-0032881,T.Lewis,2018,12
00-0032881,T.Lewis,2018,14
00-0032881,T.Lewis,2018,17
00-0032881,T.Lewis,2018,20
00-0032881,T.Lewis,2020,8
00-0032881,T.Lewis,2020,13
00-0032881,T.Lewis,2020,15
00-0032881,T.Lewis,2021,16
00-0032897,D.Watt,2019,2
00-0032897,D.Watt,2019,4
00-0032897,D.Watt,2019,5
00-0032897,D.Watt,2019,10
00-0032897,D.Watt,2021,3
00-0032897,D.Watt,2021,9
00-0032897,D.Watt,2021,10
00-0032897,D.Watt,2021,19
00-0032897,D.Watt,2022,5
00-0032897,D.Watt,2022,8
00-0032897,D.Watt,2022,12
00-0032897,D.Watt,2022,13
00-0032918,C.Ham,2018,3
00-0032918,C.Ham,2018,4
00-0032918,C.Ham,2018,5
00-0032918,C.Ham,2018,6
00-0032918,C.Ham,2018,12
00-0032918,C.Ham,2018,13
00-0032918,C.Ham,2019,2
00-0032918,C.Ham,2019,3
00-0032918,C.Ham,2019,4
00-0032918,C.Ham,2019,5
00-0032918,C.Ham,2019,7
00-0032918,C.Ham,2019,9
00-0032918,C.Ham,2019,11
00-0032918,C.Ham,2019,13
00-0032918,C.Ham,2019,14
00-0032918,C.Ham,2019,15
00-0032918,C.Ham,2019,16
00-0032918,C.Ham,2019,17
00-0032918,C.Ham,2020,3
00-0032918,C.Ham,2020,5
00-0032918,C.Ham,2020,10
00-0032918,C.Ham,2020,11
00-0032918,C.Ham,2020,13
00-0032918,C.Ham,2020,14
00-0032918,C.Ham,2020,17
00-0032918,C.Ham,2021,1
00-0032918,C.Ham,2021,5
00-0032918,C.Ham,2021,8
00-0032918,C.Ham,2021,9
00-0032918,C.Ham,2021,10
00-0032918,C.Ham,2021,12
00-0032918,C.Ham,2021,13
00-0032918,C.Ham,2021,15
00-0032918,C.Ham,2021,16
00-0032918,C.Ham,2021,17
00-0032918,C.Ham,2021,18
00-0032918,C.Ham,2022,1
00-0032918,C.Ham,2022,3
00-0032918,C.Ham,2022,4
00-0032918,C.Ham,2022,14
00-0032918,C.Ham,2022,15
00-0032918,C.Ham,2022,16
00-0032918,C.Ham,2022,18
00-0032935,J.Holton,2017,13
00-0032935,J.Holton,2017,14
00-0032935,J.Holton,2017,17
00-0032935,J.Holton,2018,12
00-0032935,J.Holton,2019,1
00-0032935,J.Holton,2019,2
00-0032935,J.Holton,2019,5
00-0032935,J.Holton,2019,6
00-0032935,J.Holton,2019,9
00-0032935,J.Holton,2019,11
00-0032935,J.Holton,2019,15
00-0032940,D.Washington,2016,11
00-0032940,D.Washington,2016,15
00-0032940,D.Washington,2016,16
00-0032940,D.Washington,2016,17
00-0032940,D.Washington,2016,18
00-0032940,D.Washington,2017,1
00-0032940,D.Washington,2017,2
00-0032940,D.Washington,2017,3
00-0032940,D.Washington,2017,4
00-0032940,D.Washington,2017,6
00-0032940,D.Washington,2017,7
00-0032940,D.Washington,2017,8
00-0032940,D.Washington,2017,9
00-0032940,D.Washington,2017,11
00-0032940,D.Washington,2017,12
00-0032940,D.Washington,2017,14
00-0032940,D.Washington,2017,15
00-0032940,D.Washington,2017,16
00-0032940,D.Washington,2017,17
00-0032940,D.Washington,2018,12
00-0032940,D.Washington,2019,2
00-0032940,D.Washington,2019,4
00-0032940,D.Washington,2019,5
00-0032940,D.Washington,2019,7
00-0032940,D.Washington,2019,8
00-0032940,D.Washington,2019,9
00-0032940,D.Washington,2019,10
00-0032940,D.Washington,2019,11
00-0032940,D.Washington,2019,12
00-0032940,D.Washington,2019,13
00-0032940,D.Washington,2019,14
00-0032940,D.Washington,2019,15
00-0032940,D.Washington,2019,16
00-0032940,D.Washington,2019,17
00-0032940,D.Washington,2020,7
00-0032940,D.Washington,2020,12
00-0032940,D.Washington,2020,14
00-0032951,L.Treadwell,2017,8
00-0032951,L.Treadwell,2017,10
00-0032951,L.Treadwell,2017,11
00-0032951,L.Treadwell,2017,13
00-0032951,L.Treadwell,2017,14
00-0032951,L.Treadwell,2017,16
00-0032951,L.Treadwell,2017,17
00-0032951,L.Treadwell,2017,20
00-0032951,L.Treadwell,2018,1
00-0032951,L.Treadwell,2018,2
00-0032951,L.Treadwell,2018,3
00-0032951,L.Treadwell,2018,4
00-0032951,L.Treadwell,2018,5
00-0032951,L.Treadwell,2018,6
00-0032951,L.Treadwell,2018,7
00-0032951,L.Treadwell,2018,8
00-0032951,L.Treadwell,2018,9
00-0032951,L.Treadwell,2018,11
00-0032951,L.Treadwell,2018,12
00-0032951,L.Treadwell,2018,13
00-0032951,L.Treadwell,2018,14
00-0032951,L.Treadwell,2018,15
00-0032951,L.Treadwell,2018,17
00-0032951,L.Treadwell,2019,6
00-0032951,L.Treadwell,2019,8
00-0032951,L.Treadwell,2019,9
00-0032951,L.Treadwell,2019,10
00-0032951,L.Treadwell,2019,11
00-0032951,L.Treadwell,2019,13
00-0032951,L.Treadwell,2019,14
00-0032951,L.Treadwell,2019,16
00-0032951,L.Treadwell,2019,17
00-0032951,L.Treadwell,2020,14
00-0032951,L.Treadwell,2020,15
00-0032951,L.Treadwell,2020,16
00-0032951,L.Treadwell,2020,17
00-0032951,L.Treadwell,2021,2
00-0032951,L.Treadwell,2021,6
00-0032951,L.Treadwell,2021,9
00-0032951,L.Treadwell,2021,10
00-0032951,L.Treadwell,2021,11
00-0032951,L.Treadwell,2021,12
00-0032951,L.Treadwell,2021,13
00-0032951,L.Treadwell,2021,14
00-0032951,L.Treadwell,2021,15
00-0032951,L.Treadwell,2021,16
00-0032951,L.Treadwell,2021,17
00-0032951,L.Treadwell,2021,18
00-0032951,L.Treadwell,2022,13
00-0032951,L.Treadwell,2022,16
00-0032951,L.Treadwell,2022,17
00-0032956,A.Janovich,2017,8
00-0032956,A.Janovich,2017,16
00-0032956,A.Janovich,2018,2
00-0032956,A.Janovich,2018,4
00-0032956,A.Janovich,2018,9
00-0032956,A.Janovich,2018,11
00-0032956,A.Janovich,2018,13
00-0032956,A.Janovich,2018,16
00-0032956,A.Janovich,2018,17
00-0032956,A.Janovich,2019,6
00-0032956,A.Janovich,2019,7
00-0032956,A.Janovich,2019,8
00-0032956,A.Janovich,2019,11
00-0032956,A.Janovich,2020,2
00-0032956,A.Janovich,2020,3
00-0032956,A.Janovich,2020,8
00-0032956,A.Janovich,2020,14
00-0032956,A.Janovich,2020,16
00-0032956,A.Janovich,2021,1
00-0032956,A.Janovich,2021,4
00-0032956,A.Janovich,2021,14
00-0032956,A.Janovich,2021,16
00-0032966,C.Coleman,2016,16
00-0032966,C.Coleman,2016,17
00-0032966,C.Coleman,2017,1
00-0032966,C.Coleman,2017,2
00-0032966,C.Coleman,2017,11
00-0032966,C.Coleman,2017,12
00-0032966,C.Coleman,2017,13
00-0032966,C.Coleman,2017,14
00-0032966,C.Coleman,2017,15
00-0032966,C.Coleman,2017,16
00-0032966,C.Coleman,2017,17
00-0032966,C.Coleman,2018,10
00-0032966,C.Coleman,2018,11
00-0032966,C.Coleman,2018,12
00-0032966,C.Coleman,2018,14
00-0032966,C.Coleman,2018,15
00-0032966,C.Coleman,2018,16
00-0032972,D.Booker,2016,10
00-0032972,D.Booker,2016,12
00-0032972,D.Booker,2016,13
00-0032972,D.Booker,2016,14
00-0032972,D.Booker,2016,15
00-0032972,D.Booker,2016,16
00-0032972,D.Booker,2016,17
00-0032972,D.Booker,2017,6
00-0032972,D.Booker,2017,7
00-0032972,D.Booker,2017,8
00-0032972,D.Booker,2017,9
00-0032972,D.Booker,2017,10
00-0032972,D.Booker,2017,11
00-0032972,D.Booker,2017,12
00-0032972,D.Booker,2017,13
00-0032972,D.Booker,2017,14
00-0032972,D.Booker,2017,15
00-0032972,D.Booker,2017,16
00-0032972,D.Booker,2017,17
00-0032972,D.Booker,2018,1
00-0032972,D.Booker,2018,3
00-0032972,D.Booker,2018,4
00-0032972,D.Booker,2018,5
00-0032972,D.Booker,2018,6
00-0032972,D.Booker,2018,7
00-0032972,D.Booker,2018,8
00-0032972,D.Booker,2018,9
00-0032972,D.Booker,2018,11
00-0032972,D.Booker,2018,12
00-0032972,D.Booker,2018,13
00-0032972,D.Booker,2018,14
00-0032972,D.Booker,2018,15
00-0032972,D.Booker,2018,16
00-0032972,D.Booker,2018,17
00-0032972,D.Booker,2019,9
00-0032972,D.Booker,2019,11
00-0032972,D.Booker,2019,14
00-0032972,D.Booker,2019,16
00-0032972,D.Booker,2019,17
00-0032972,D.Booker,2020,1
00-0032972,D.Booker,2020,2
00-0032972,D.Booker,2020,5
00-0032972,D.Booker,2020,7
00-0032972,D.Booker,2020,8
00-0032972,D.Booker,2020,10
00-0032972,D.Booker,2020,11
00-0032972,D.Booker,2020,12
00-0032972,D.Booker,2020,13
00-0032972,D.Booker,2020,14
00-0032972,D.Booker,2020,16
00-0032972,D.Booker,2021,1
00-0032972,D.Booker,2021,2
00-0032972,D.Booker,2021,4
00-0032972,D.Booker,2021,5
00-0032972,D.Booker,2021,6
00-0032972,D.Booker,2021,7
00-0032972,D.Booker,2021,8
00-0032972,D.Booker,2021,9
00-0032972,D.Booker,2021,11
00-0032972,D.Booker,2021,12
00-0032972,D.Booker,2021,13
00-0032972,D.Booker,2021,14
00-0032972,D.Booker,2021,15
00-0032972,D.Booker,2021,16
00-0032972,D.Booker,2021,17
00-0032972,D.Booker,2021,18
00-0032977,R.Higgins,2016,16
00-0032977,R.Higgins,2016,17
00-0032977,R.Higgins,2017,2
00-0032977,R.Higgins,2017,3
00-0032977,R.Higgins,2017,4
00-0032977,R.Higgins,2017,5
00-0032977,R.Higgins,2017,6
00-0032977,R.Higgins,2017,7
00-0032977,R.Higgins,2017,8
00-0032977,R.Higgins,2017,10
00-0032977,R.Higgins,2017,11
00-0032977,R.Higgins,2017,12
00-0032977,R.Higgins,2017,14
00-0032977,R.Higgins,2017,15
00-0032977,R.Higgins,2017,16
00-0032977,R.Higgins,2017,17
00-0032977,R.Higgins,2018,1
00-0032977,R.Higgins,2018,2
00-0032977,R.Higgins,2018,3
00-0032977,R.Higgins,2018,4
00-0032977,R.Higgins,2018,5
00-0032977,R.Higgins,2018,9
00-0032977,R.Higgins,2018,10
00-0032977,R.Higgins,2018,12
00-0032977,R.Higgins,2018,13
00-0032977,R.Higgins,2018,14
00-0032977,R.Higgins,2018,15
00-0032977,R.Higgins,2018,16
00-0032977,R.Higgins,2018,17
00-0032977,R.Higgins,2019,1
00-0032977,R.Higgins,2019,8
00-0032977,R.Higgins,2019,9
00-0032977,R.Higgins,2019,10
00-0032977,R.Higgins,2019,12
00-0032977,R.Higgins,2019,13
00-0032977,R.Higgins,2020,1
00-0032977,R.Higgins,2020,5
00-0032977,R.Higgins,2020,6
00-0032977,R.Higgins,2020,7
00-0032977,R.Higgins,2020,8
00-0032977,R.Higgins,2020,10
00-0032977,R.Higgins,2020,11
00-0032977,R.Higgins,2020,12
00-0032977,R.Higgins,2020,13
00-0032977,R.Higgins,2020,14
00-0032977,R.Higgins,2020,15
00-0032977,R.Higgins,2020,17
00-0032977,R.Higgins,2020,18
00-0032977,R.Higgins,2020,19
00-0032977,R.Higgins,2021,2
00-0032977,R.Higgins,2021,3
00-0032977,R.Higgins,2021,4
00-0032977,R.Higgins,2021,5
00-0032977,R.Higgins,2021,6
00-0032977,R.Higgins,2021,7
00-0032977,R.Higgins,2021,8
00-0032977,R.Higgins,2021,10
00-0032977,R.Higgins,2021,11
00-0032977,R.Higgins,2021,15
00-0032977,R.Higgins,2021,16
00-0032977,R.Higgins,2021,17
00-0032980,M.Johnson,2018,6
00-0032980,M.Johnson,2019,10
00-0032980,M.Johnson,2019,11
00-0032980,M.Johnson,2019,12
00-0032980,M.Johnson,2019,13
00-0032980,M.Johnson,2019,14
00-0032980,M.Johnson,2019,15
00-0032980,M.Johnson,2019,16
00-0032980,M.Johnson,2019,17
00-0032980,M.Johnson,2020,4
00-0032980,M.Johnson,2020,5
00-0032980,M.Johnson,2020,6
00-0032980,M.Johnson,2020,8
00-0032980,M.Johnson,2020,9
00-0032980,M.Johnson,2020,10
00-0032980,M.Johnson,2020,11
00-0032980,M.Johnson,2020,14
00-0032980,M.Johnson,2021,5
00-0032980,M.Johnson,2021,6
00-0032980,M.Johnson,2021,7
00-0032980,M.Johnson,2021,8
00-0032980,M.Johnson,2021,10
00-0032980,M.Johnson,2021,11
00-0032980,M.Johnson,2022,5
00-0032980,M.Johnson,2022,6
00-0032980,M.Johnson,2022,7
00-0032980,M.Johnson,2022,8
00-0032980,M.Johnson,2022,18
00-0032980,M.Johnson,2022,20
00-0033009,T.Boyd,2016,10
00-0033009,T.Boyd,2016,11
00-0033009,T.Boyd,2016,12
00-0033009,T.Boyd,2016,13
00-0033009,T.Boyd,2016,14
00-0033009,T.Boyd,2016,15
00-0033009,T.Boyd,2016,16
00-0033009,T.Boyd,2016,17
00-0033009,T.Boyd,2017,1
00-0033009,T.Boyd,2017,3
00-0033009,T.Boyd,2017,4
00-0033009,T.Boyd,2017,5
00-0033009,T.Boyd,2017,11
00-0033009,T.Boyd,2017,12
00-0033009,T.Boyd,2017,13
00-0033009,T.Boyd,2017,14
00-0033009,T.Boyd,2017,16
00-0033009,T.Boyd,2017,17
00-0033009,T.Boyd,2018,1
00-0033009,T.Boyd,2018,2
00-0033009,T.Boyd,2018,3
00-0033009,T.Boyd,2018,4
00-0033009,T.Boyd,2018,5
00-0033009,T.Boyd,2018,6
00-0033009,T.Boyd,2018,7
00-0033009,T.Boyd,2018,8
00-0033009,T.Boyd,2018,10
00-0033009,T.Boyd,2018,11
00-0033009,T.Boyd,2018,12
00-0033009,T.Boyd,2018,13
00-0033009,T.Boyd,2018,14
00-0033009,T.Boyd,2018,15
00-0033009,T.Boyd,2019,1
00-0033009,T.Boyd,2019,2
00-0033009,T.Boyd,2019,3
00-0033009,T.Boyd,2019,4
00-0033009,T.Boyd,2019,5
00-0033009,T.Boyd,2019,6
00-0033009,T.Boyd,2019,7
00-0033009,T.Boyd,2019,8
00-0033009,T.Boyd,2019,10
00-0033009,T.Boyd,2019,11
00-0033009,T.Boyd,2019,12
00-0033009,T.Boyd,2019,13
00-0033009,T.Boyd,2019,14
00-0033009,T.Boyd,2019,15
00-0033009,T.Boyd,2019,16
00-0033009,T.Boyd,2019,17
00-0033009,T.Boyd,2020,1
00-0033009,T.Boyd,2020,2
00-0033009,T.Boyd,2020,3
00-0033009,T.Boyd,2020,4
00-0033009,T.Boyd,2020,5
00-0033009,T.Boyd,2020,6
00-0033009,T.Boyd,2020,7
00-0033009,T.Boyd,2020,8
00-0033009,T.Boyd,2020,10
00-0033009,T.Boyd,2020,11
00-0033009,T.Boyd,2020,12
00-0033009,T.Boyd,2020,13
00-0033009,T.Boyd,2020,14
00-0033009,T.Boyd,2020,15
00-0033009,T.Boyd,2020,17
00-0033009,T.Boyd,2021,1
00-0033009,T.Boyd,2021,2
00-0033009,T.Boyd,2021,3
00-0033009,T.Boyd,2021,4
00-0033009,T.Boyd,2021,5
00-0033009,T.Boyd,2021,6
00-0033009,T.Boyd,2021,7
00-0033009,T.Boyd,2021,8
00-0033009,T.Boyd,2021,9
00-0033009,T.Boyd,2021,11
00-0033009,T.Boyd,2021,12
00-0033009,T.Boyd,2021,13
00-0033009,T.Boyd,2021,14
00-0033009,T.Boyd,2021,15
00-0033009,T.Boyd,2021,16
00-0033009,T.Boyd,2021,17
00-0033009,T.Boyd,2021,19
00-0033009,T.Boyd,2021,20
00-0033009,T.Boyd,2021,21
00-0033009,T.Boyd,2021,22
00-0033009,T.Boyd,2022,1
00-0033009,T.Boyd,2022,2
00-0033009,T.Boyd,2022,3
00-0033009,T.Boyd,2022,4
00-0033009,T.Boyd,2022,5
00-0033009,T.Boyd,2022,6
00-0033009,T.Boyd,2022,7
00-0033009,T.Boyd,2022,8
00-0033009,T.Boyd,2022,9
00-0033009,T.Boyd,2022,11
00-0033009,T.Boyd,2022,12
00-0033009,T.Boyd,2022,13
00-0033009,T.Boyd,2022,14
00-0033009,T.Boyd,2022,15
00-0033009,T.Boyd,2022,16
00-0033009,T.Boyd,2022,18
00-0033009,T.Boyd,2022,19
00-0033009,T.Boyd,2022,20
00-0033009,T.Boyd,2022,21
00-0033025,J.Richard,2016,9
00-0033025,J.Richard,2016,11
00-0033025,J.Richard,2016,14
00-0033025,J.Richard,2016,15
00-0033025,J.Richard,2016,16
00-0033025,J.Richard,2016,17
00-0033025,J.Richard,2016,18
00-0033025,J.Richard,2017,1
00-0033025,J.Richard,2017,2
00-0033025,J.Richard,2017,3
00-0033025,J.Richard,2017,4
00-0033025,J.Richard,2017,5
00-0033025,J.Richard,2017,6
00-0033025,J.Richard,2017,7
00-0033025,J.Richard,2017,8
00-0033025,J.Richard,2017,9
00-0033025,J.Richard,2017,11
00-0033025,J.Richard,2017,12
00-0033025,J.Richard,2017,13
00-0033025,J.Richard,2017,15
00-0033025,J.Richard,2017,16
00-0033025,J.Richard,2017,17
00-0033025,J.Richard,2018,1
00-0033025,J.Richard,2018,3
00-0033025,J.Richard,2018,4
00-0033025,J.Richard,2018,5
00-0033025,J.Richard,2018,6
00-0033025,J.Richard,2018,8
00-0033025,J.Richard,2018,9
00-0033025,J.Richard,2018,10
00-0033025,J.Richard,2018,11
00-0033025,J.Richard,2018,12
00-0033025,J.Richard,2018,13
00-0033025,J.Richard,2018,14
00-0033025,J.Richard,2018,15
00-0033025,J.Richard,2018,16
00-0033025,J.Richard,2018,17
00-0033025,J.Richard,2019,2
00-0033025,J.Richard,2019,3
00-0033025,J.Richard,2019,4
00-0033025,J.Richard,2019,5
00-0033025,J.Richard,2019,7
00-0033025,J.Richard,2019,8
00-0033025,J.Richard,2019,9
00-0033025,J.Richard,2019,10
00-0033025,J.Richard,2019,11
00-0033025,J.Richard,2019,12
00-0033025,J.Richard,2019,13
00-0033025,J.Richard,2019,14
00-0033025,J.Richard,2019,15
00-0033025,J.Richard,2019,16
00-0033025,J.Richard,2019,17
00-0033025,J.Richard,2020,1
00-0033025,J.Richard,2020,3
00-0033025,J.Richard,2020,4
00-0033025,J.Richard,2020,5
00-0033025,J.Richard,2020,8
00-0033025,J.Richard,2020,9
00-0033025,J.Richard,2020,13
00-0033025,J.Richard,2020,14
00-0033025,J.Richard,2020,15
00-0033025,J.Richard,2020,16
00-0033025,J.Richard,2021,5
00-0033025,J.Richard,2021,6
00-0033025,J.Richard,2021,7
00-0033025,J.Richard,2021,9
00-0033025,J.Richard,2021,10
00-0033025,J.Richard,2021,16
00-0033025,J.Richard,2021,17
00-0033025,J.Richard,2021,18
00-0033025,J.Richard,2021,19
00-0033040,T.Hill,2016,10
00-0033040,T.Hill,2016,11
00-0033040,T.Hill,2016,12
00-0033040,T.Hill,2016,13
00-0033040,T.Hill,2016,14
00-0033040,T.Hill,2016,15
00-0033040,T.Hill,2016,16
00-0033040,T.Hill,2016,17
00-0033040,T.Hill,2016,19
00-0033040,T.Hill,2017,1
00-0033040,T.Hill,2017,2
00-0033040,T.Hill,2017,3
00-0033040,T.Hill,2017,4
00-0033040,T.Hill,2017,5
00-0033040,T.Hill,2017,6
00-0033040,T.Hill,2017,7
00-0033040,T.Hill,2017,8
00-0033040,T.Hill,2017,9
00-0033040,T.Hill,2017,11
00-0033040,T.Hill,2017,12
00-0033040,T.Hill,2017,13
00-0033040,T.Hill,2017,14
00-0033040,T.Hill,2017,15
00-0033040,T.Hill,2017,16
00-0033040,T.Hill,2017,18
00-0033040,T.Hill,2018,1
00-0033040,T.Hill,2018,2
00-0033040,T.Hill,2018,3
00-0033040,T.Hill,2018,4
00-0033040,T.Hill,2018,5
00-0033040,T.Hill,2018,6
00-0033040,T.Hill,2018,7
00-0033040,T.Hill,2018,8
00-0033040,T.Hill,2018,9
00-0033040,T.Hill,2018,10
00-0033040,T.Hill,2018,11
00-0033040,T.Hill,2018,13
00-0033040,T.Hill,2018,14
00-0033040,T.Hill,2018,15
00-0033040,T.Hill,2018,16
00-0033040,T.Hill,2018,17
00-0033040,T.Hill,2018,19
00-0033040,T.Hill,2018,20
00-0033040,T.Hill,2019,1
00-0033040,T.Hill,2019,6
00-0033040,T.Hill,2019,7
00-0033040,T.Hill,2019,8
00-0033040,T.Hill,2019,9
00-0033040,T.Hill,2019,10
00-0033040,T.Hill,2019,11
00-0033040,T.Hill,2019,13
00-0033040,T.Hill,2019,14
00-0033040,T.Hill,2019,15
00-0033040,T.Hill,2019,16
00-0033040,T.Hill,2019,17
00-0033040,T.Hill,2019,19
00-0033040,T.Hill,2019,20
00-0033040,T.Hill,2019,21
00-0033040,T.Hill,2020,1
00-0033040,T.Hill,2020,2
00-0033040,T.Hill,2020,3
00-0033040,T.Hill,2020,4
00-0033040,T.Hill,2020,5
00-0033040,T.Hill,2020,6
00-0033040,T.Hill,2020,7
00-0033040,T.Hill,2020,8
00-0033040,T.Hill,2020,9
00-0033040,T.Hill,2020,11
00-0033040,T.Hill,2020,12
00-0033040,T.Hill,2020,13
00-0033040,T.Hill,2020,14
00-0033040,T.Hill,2020,15
00-0033040,T.Hill,2020,16
00-0033040,T.Hill,2020,19
00-0033040,T.Hill,2020,20
00-0033040,T.Hill,2020,21
00-0033040,T.Hill,2021,1
00-0033040,T.Hill,2021,2
00-0033040,T.Hill,2021,3
00-0033040,T.Hill,2021,4
00-0033040,T.Hill,2021,5
00-0033040,T.Hill,2021,6
00-0033040,T.Hill,2021,7
00-0033040,T.Hill,2021,8
00-0033040,T.Hill,2021,9
00-0033040,T.Hill,2021,10
00-0033040,T.Hill,2021,11
00-0033040,T.Hill,2021,13
00-0033040,T.Hill,2021,14
00-0033040,T.Hill,2021,15
00-0033040,T.Hill,2021,16
00-0033040,T.Hill,2021,17
00-0033040,T.Hill,2021,18
00-0033040,T.Hill,2021,19
00-0033040,T.Hill,2021,20
00-0033040,T.Hill,2021,21
00-0033040,T.Hill,2022,1
00-0033040,T.Hill,2022,2
00-0033040,T.Hill,2022,3
00-0033040,T.Hill,2022,4
00-0033040,T.Hill,2022,5
00-0033040,T.Hill,2022,6
00-0033040,T.Hill,2022,7
00-0033040,T.Hill,2022,8
00-0033040,T.Hill,2022,9
00-0033040,T.Hill,2022,10
00-0033040,T.Hill,2022,12
00-0033040,T.Hill,2022,13
00-0033040,T.Hill,2022,14
00-0033040,T.Hill,2022,15
00-0033040,T.Hill,2022,16
00-0033040,T.Hill,2022,17
00-0033040,T.Hill,2022,18
00-0033040,T.Hill,2022,19
00-0033045,E.Elliott,2016,10
00-0033045,E.Elliott,2016,11
00-0033045,E.Elliott,2016,12
00-0033045,E.Elliott,2016,13
00-0033045,E.Elliott,2016,14
00-0033045,E.Elliott,2016,15
00-0033045,E.Elliott,2016,16
00-0033045,E.Elliott,2016,19
00-0033045,E.Elliott,2017,1
00-0033045,E.Elliott,2017,2
00-0033045,E.Elliott,2017,3
00-0033045,E.Elliott,2017,4
00-0033045,E.Elliott,2017,5
00-0033045,E.Elliott,2017,7
00-0033045,E.Elliott,2017,8
00-0033045,E.Elliott,2017,16
00-0033045,E.Elliott,2017,17
00-0033045,E.Elliott,2018,1
00-0033045,E.Elliott,2018,2
00-0033045,E.Elliott,2018,3
00-0033045,E.Elliott,2018,4
00-0033045,E.Elliott,2018,5
00-0033045,E.Elliott,2018,6
00-0033045,E.Elliott,2018,7
00-0033045,E.Elliott,2018,9
00-0033045,E.Elliott,2018,10
00-0033045,E.Elliott,2018,11
00-0033045,E.Elliott,2018,12
00-0033045,E.Elliott,2018,13
00-0033045,E.Elliott,2018,14
00-0033045,E.Elliott,2018,15
00-0033045,E.Elliott,2018,16
00-0033045,E.Elliott,2018,18
00-0033045,E.Elliott,2018,19
00-0033045,E.Elliott,2019,1
00-0033045,E.Elliott,2019,2
00-0033045,E.Elliott,2019,3
00-0033045,E.Elliott,2019,4
00-0033045,E.Elliott,2019,5
00-0033045,E.Elliott,2019,6
00-0033045,E.Elliott,2019,7
00-0033045,E.Elliott,2019,10
00-0033045,E.Elliott,2019,11
00-0033045,E.Elliott,2019,12
00-0033045,E.Elliott,2019,13
00-0033045,E.Elliott,2019,14
00-0033045,E.Elliott,2019,15
00-0033045,E.Elliott,2019,16
00-0033045,E.Elliott,2019,17
00-0033045,E.Elliott,2020,1
00-0033045,E.Elliott,2020,2
00-0033045,E.Elliott,2020,3
00-0033045,E.Elliott,2020,4
00-0033045,E.Elliott,2020,5
00-0033045,E.Elliott,2020,6
00-0033045,E.Elliott,2020,7
00-0033045,E.Elliott,2020,8
00-0033045,E.Elliott,2020,9
00-0033045,E.Elliott,2020,11
00-0033045,E.Elliott,2020,12
00-0033045,E.Elliott,2020,13
00-0033045,E.Elliott,2020,14
00-0033045,E.Elliott,2020,16
00-0033045,E.Elliott,2020,17
00-0033045,E.Elliott,2021,1
00-0033045,E.Elliott,2021,2
00-0033045,E.Elliott,2021,3
00-0033045,E.Elliott,2021,4
00-0033045,E.Elliott,2021,5
00-0033045,E.Elliott,2021,6
00-0033045,E.Elliott,2021,8
00-0033045,E.Elliott,2021,9
00-0033045,E.Elliott,2021,10
00-0033045,E.Elliott,2021,11
00-0033045,E.Elliott,2021,12
00-0033045,E.Elliott,2021,13
00-0033045,E.Elliott,2021,14
00-0033045,E.Elliott,2021,15
00-0033045,E.Elliott,2021,16
00-0033045,E.Elliott,2021,17
00-0033045,E.Elliott,2021,18
00-0033045,E.Elliott,2021,19
00-0033045,E.Elliott,2022,1
00-0033045,E.Elliott,2022,2
00-0033045,E.Elliott,2022,3
00-0033045,E.Elliott,2022,4
00-0033045,E.Elliott,2022,6
00-0033045,E.Elliott,2022,11
00-0033045,E.Elliott,2022,12
00-0033045,E.Elliott,2022,13
00-0033045,E.Elliott,2022,14
00-0033045,E.Elliott,2022,15
00-0033045,E.Elliott,2022,16
00-0033045,E.Elliott,2022,18
00-0033045,E.Elliott,2022,19
00-0033045,E.Elliott,2022,20
00-0033069,B.Miller,2016,13
00-0033069,B.Miller,2017,1
00-0033069,B.Miller,2017,2
00-0033069,B.Miller,2017,3
00-0033069,B.Miller,2017,6
00-0033069,B.Miller,2017,11
00-0033069,B.Miller,2017,12
00-0033069,B.Miller,2017,13
00-0033069,B.Miller,2017,16
00-0033069,B.Miller,2017,17
00-0033079,R.Louis,2017,2
00-0033079,R.Louis,2017,3
00-0033079,R.Louis,2017,4
00-0033079,R.Louis,2017,5
00-0033079,R.Louis,2017,6
00-0033079,R.Louis,2017,7
00-0033079,R.Louis,2017,8
00-0033079,R.Louis,2017,10
00-0033079,R.Louis,2017,11
00-0033079,R.Louis,2017,12
00-0033079,R.Louis,2017,15
00-0033079,R.Louis,2017,16
00-0033079,R.Louis,2017,17
00-0033080,S.DeValve,2017,1
00-0033080,S.DeValve,2017,2
00-0033080,S.DeValve,2017,3
00-0033080,S.DeValve,2017,4
00-0033080,S.DeValve,2017,5
00-0033080,S.DeValve,2017,6
00-0033080,S.DeValve,2017,7
00-0033080,S.DeValve,2017,8
00-0033080,S.DeValve,2017,10
00-0033080,S.DeValve,2017,11
00-0033080,S.DeValve,2017,12
00-0033080,S.DeValve,2017,13
00-0033080,S.DeValve,2017,14
00-0033080,S.DeValve,2017,15
00-0033080,S.DeValve,2017,16
00-0033080,S.DeValve,2017,17
00-0033080,S.DeValve,2018,5
00-0033080,S.DeValve,2018,8
00-0033080,S.DeValve,2018,9
00-0033080,S.DeValve,2018,13
00-0033080,S.DeValve,2018,16
00-0033080,S.DeValve,2019,6
00-0033080,S.DeValve,2019,7
00-0033080,S.DeValve,2019,8
00-0033080,S.DeValve,2019,9
00-0033080,S.DeValve,2019,15
00-0033080,S.DeValve,2019,16
00-0033080,S.DeValve,2019,17
00-0033080,S.DeValve,2020,16
00-0033090,H.Henry,2016,12
00-0033090,H.Henry,2016,13
00-0033090,H.Henry,2016,14
00-0033090,H.Henry,2016,15
00-0033090,H.Henry,2016,17
00-0033090,H.Henry,2017,2
00-0033090,H.Henry,2017,4
00-0033090,H.Henry,2017,5
00-0033090,H.Henry,2017,6
00-0033090,H.Henry,2017,7
00-0033090,H.Henry,2017,8
00-0033090,H.Henry,2017,10
00-0033090,H.Henry,2017,11
00-0033090,H.Henry,2017,12
00-0033090,H.Henry,2017,13
00-0033090,H.Henry,2017,14
00-0033090,H.Henry,2017,15
00-0033090,H.Henry,2018,19
00-0033090,H.Henry,2019,1
00-0033090,H.Henry,2019,6
00-0033090,H.Henry,2019,7
00-0033090,H.Henry,2019,8
00-0033090,H.Henry,2019,9
00-0033090,H.Henry,2019,10
00-0033090,H.Henry,2019,11
00-0033090,H.Henry,2019,13
00-0033090,H.Henry,2019,14
00-0033090,H.Henry,2019,15
00-0033090,H.Henry,2019,16
00-0033090,H.Henry,2019,17
00-0033090,H.Henry,2020,1
00-0033090,H.Henry,2020,2
00-0033090,H.Henry,2020,3
00-0033090,H.Henry,2020,4
00-0033090,H.Henry,2020,5
00-0033090,H.Henry,2020,7
00-0033090,H.Henry,2020,8
00-0033090,H.Henry,2020,9
00-0033090,H.Henry,2020,10
00-0033090,H.Henry,2020,11
00-0033090,H.Henry,2020,12
00-0033090,H.Henry,2020,13
00-0033090,H.Henry,2020,14
00-0033090,H.Henry,2020,15
00-0033090,H.Henry,2021,1
00-0033090,H.Henry,2021,2
00-0033090,H.Henry,2021,3
00-0033090,H.Henry,2021,4
00-0033090,H.Henry,2021,5
00-0033090,H.Henry,2021,6
00-0033090,H.Henry,2021,7
00-0033090,H.Henry,2021,8
00-0033090,H.Henry,2021,9
00-0033090,H.Henry,2021,10
00-0033090,H.Henry,2021,11
00-0033090,H.Henry,2021,12
00-0033090,H.Henry,2021,15
00-0033090,H.Henry,2021,16
00-0033090,H.Henry,2021,17
00-0033090,H.Henry,2021,18
00-0033090,H.Henry,2021,19
00-0033090,H.Henry,2022,1
00-0033090,H.Henry,2022,2
00-0033090,H.Henry,2022,3
00-0033090,H.Henry,2022,4
00-0033090,H.Henry,2022,5
00-0033090,H.Henry,2022,6
00-0033090,H.Henry,2022,7
00-0033090,H.Henry,2022,8
00-0033090,H.Henry,2022,9
00-0033090,H.Henry,2022,11
00-0033090,H.Henry,2022,12
00-0033090,H.Henry,2022,13
00-0033090,H.Henry,2022,14
00-0033090,H.Henry,2022,15
00-0033090,H.Henry,2022,17
00-0033090,H.Henry,2022,18
00-0033094,M.Hall,2018,4
00-0033094,M.Hall,2018,5
00-0033094,M.Hall,2018,7
00-0033094,M.Hall,2018,9
00-0033094,M.Hall,2018,10
00-0033094,M.Hall,2018,12
00-0033094,M.Hall,2018,14
00-0033094,M.Hall,2018,15
00-0033094,M.Hall,2018,16
00-0033094,M.Hall,2018,17
00-0033094,M.Hall,2019,4
00-0033094,M.Hall,2019,6
00-0033094,M.Hall,2019,7
00-0033094,M.Hall,2019,8
00-0033094,M.Hall,2019,9
00-0033094,M.Hall,2019,11
00-0033094,M.Hall,2019,12
00-0033094,M.Hall,2020,1
00-0033094,M.Hall,2020,2
00-0033094,M.Hall,2020,4
00-0033094,M.Hall,2020,6
00-0033094,M.Hall,2020,7
00-0033094,M.Hall,2020,8
00-0033094,M.Hall,2020,9
00-0033094,M.Hall,2020,10
00-0033094,M.Hall,2020,11
00-0033094,M.Hall,2020,12
00-0033094,M.Hall,2020,16
00-0033094,M.Hall,2021,16
00-0033110,T.Higbee,2016,14
00-0033110,T.Higbee,2016,15
00-0033110,T.Higbee,2016,16
00-0033110,T.Higbee,2017,1
00-0033110,T.Higbee,2017,2
00-0033110,T.Higbee,2017,3
00-0033110,T.Higbee,2017,4
00-0033110,T.Higbee,2017,5
00-0033110,T.Higbee,2017,6
00-0033110,T.Higbee,2017,7
00-0033110,T.Higbee,2017,9
00-0033110,T.Higbee,2017,10
00-0033110,T.Higbee,2017,11
00-0033110,T.Higbee,2017,12
00-0033110,T.Higbee,2017,13
00-0033110,T.Higbee,2017,15
00-0033110,T.Higbee,2017,16
00-0033110,T.Higbee,2017,18
00-0033110,T.Higbee,2018,2
00-0033110,T.Higbee,2018,3
00-0033110,T.Higbee,2018,4
00-0033110,T.Higbee,2018,5
00-0033110,T.Higbee,2018,7
00-0033110,T.Higbee,2018,8
00-0033110,T.Higbee,2018,9
00-0033110,T.Higbee,2018,10
00-0033110,T.Higbee,2018,11
00-0033110,T.Higbee,2018,13
00-0033110,T.Higbee,2018,14
00-0033110,T.Higbee,2018,15
00-0033110,T.Higbee,2018,16
00-0033110,T.Higbee,2018,17
00-0033110,T.Higbee,2018,19
00-0033110,T.Higbee,2018,20
00-0033110,T.Higbee,2019,1
00-0033110,T.Higbee,2019,2
00-0033110,T.Higbee,2019,4
00-0033110,T.Higbee,2019,5
00-0033110,T.Higbee,2019,6
00-0033110,T.Higbee,2019,7
00-0033110,T.Higbee,2019,8
00-0033110,T.Higbee,2019,10
00-0033110,T.Higbee,2019,12
00-0033110,T.Higbee,2019,13
00-0033110,T.Higbee,2019,14
00-0033110,T.Higbee,2019,15
00-0033110,T.Higbee,2019,16
00-0033110,T.Higbee,2019,17
00-0033110,T.Higbee,2020,1
00-0033110,T.Higbee,2020,2
00-0033110,T.Higbee,2020,3
00-0033110,T.Higbee,2020,4
00-0033110,T.Higbee,2020,5
00-0033110,T.Higbee,2020,6
00-0033110,T.Higbee,2020,8
00-0033110,T.Higbee,2020,10
00-0033110,T.Higbee,2020,11
00-0033110,T.Higbee,2020,12
00-0033110,T.Higbee,2020,13
00-0033110,T.Higbee,2020,14
00-0033110,T.Higbee,2020,15
00-0033110,T.Higbee,2020,16
00-0033110,T.Higbee,2020,17
00-0033110,T.Higbee,2020,18
00-0033110,T.Higbee,2020,19
00-0033110,T.Higbee,2021,1
00-0033110,T.Higbee,2021,2
00-0033110,T.Higbee,2021,3
00-0033110,T.Higbee,2021,4
00-0033110,T.Higbee,2021,5
00-0033110,T.Higbee,2021,6
00-0033110,T.Higbee,2021,7
00-0033110,T.Higbee,2021,8
00-0033110,T.Higbee,2021,9
00-0033110,T.Higbee,2021,10
00-0033110,T.Higbee,2021,12
00-0033110,T.Higbee,2021,13
00-0033110,T.Higbee,2021,16
00-0033110,T.Higbee,2021,17
00-0033110,T.Higbee,2021,18
00-0033110,T.Higbee,2021,19
00-0033110,T.Higbee,2021,20
00-0033110,T.Higbee,2021,21
00-0033110,T.Higbee,2022,1
00-0033110,T.Higbee,2022,2
00-0033110,T.Higbee,2022,3
00-0033110,T.Higbee,2022,4
00-0033110,T.Higbee,2022,5
00-0033110,T.Higbee,2022,6
00-0033110,T.Higbee,2022,8
00-0033110,T.Higbee,2022,9
00-0033110,T.Higbee,2022,10
00-0033110,T.Higbee,2022,11
00-0033110,T.Higbee,2022,13
00-0033110,T.Higbee,2022,14
00-0033110,T.Higbee,2022,15
00-0033110,T.Higbee,2022,16
00-0033110,T.Higbee,2022,17
00-0033110,T.Higbee,2022,18
00-0033111,P.Cooper,2017,1
00-0033111,P.Cooper,2017,3
00-0033111,P.Cooper,2017,5
00-0033111,P.Cooper,2017,9
00-0033111,P.Cooper,2017,10
00-0033111,P.Cooper,2017,11
00-0033111,P.Cooper,2017,12
00-0033111,P.Cooper,2017,13
00-0033111,P.Cooper,2017,14
00-0033111,P.Cooper,2017,17
00-0033111,P.Cooper,2018,13
00-0033111,P.Cooper,2019,5
00-0033111,P.Cooper,2019,6
00-0033111,P.Cooper,2019,7
00-0033111,P.Cooper,2019,9
00-0033111,P.Cooper,2019,10
00-0033111,P.Cooper,2019,11
00-0033111,P.Cooper,2019,13
00-0033111,P.Cooper,2019,14
00-0033111,P.Cooper,2019,15
00-0033111,P.Cooper,2019,16
00-0033111,P.Cooper,2019,17
00-0033111,P.Cooper,2020,5
00-0033111,P.Cooper,2020,14
00-0033111,P.Cooper,2020,15
00-0033111,P.Cooper,2020,16
00-0033111,P.Cooper,2020,17
00-0033111,P.Cooper,2021,12
00-0033111,P.Cooper,2021,13
00-0033111,P.Cooper,2021,14
00-0033111,P.Cooper,2021,15
00-0033111,P.Cooper,2021,16
00-0033111,P.Cooper,2021,17
00-0033111,P.Cooper,2022,18
00-0033114,M.Thomas,2017,16
00-0033114,M.Thomas,2017,17
00-0033114,M.Thomas,2019,8
00-0033114,M.Thomas,2019,11
00-0033114,M.Thomas,2019,15
00-0033114,M.Thomas,2020,1
00-0033114,M.Thomas,2020,2
00-0033114,M.Thomas,2020,3
00-0033114,M.Thomas,2020,4
00-0033114,M.Thomas,2020,5
00-0033114,M.Thomas,2020,6
00-0033114,M.Thomas,2020,7
00-0033114,M.Thomas,2020,10
00-0033114,M.Thomas,2020,14
00-0033114,M.Thomas,2020,16
00-0033114,M.Thomas,2021,1
00-0033114,M.Thomas,2021,3
00-0033114,M.Thomas,2021,4
00-0033114,M.Thomas,2021,9
00-0033114,M.Thomas,2021,11
00-0033114,M.Thomas,2021,12
00-0033114,M.Thomas,2021,18
00-0033114,M.Thomas,2021,22
00-0033114,Mi.Thomas,2022,1
00-0033114,Mi.Thomas,2022,5
00-0033114,Mi.Thomas,2022,8
00-0033114,Mi.Thomas,2022,11
00-0033118,K.Drake,2017,4
00-0033118,K.Drake,2017,8
00-0033118,K.Drake,2017,9
00-0033118,K.Drake,2017,10
00-0033118,K.Drake,2017,11
00-0033118,K.Drake,2017,12
00-0033118,K.Drake,2017,13
00-0033118,K.Drake,2017,14
00-0033118,K.Drake,2017,15
00-0033118,K.Drake,2017,16
00-0033118,K.Drake,2017,17
00-0033118,K.Drake,2018,1
00-0033118,K.Drake,2018,2
00-0033118,K.Drake,2018,3
00-0033118,K.Drake,2018,4
00-0033118,K.Drake,2018,5
00-0033118,K.Drake,2018,6
00-0033118,K.Drake,2018,7
00-0033118,K.Drake,2018,8
00-0033118,K.Drake,2018,9
00-0033118,K.Drake,2018,10
00-0033118,K.Drake,2018,12
00-0033118,K.Drake,2018,13
00-0033118,K.Drake,2018,14
00-0033118,K.Drake,2018,15
00-0033118,K.Drake,2018,16
00-0033118,K.Drake,2018,17
00-0033118,K.Drake,2019,1
00-0033118,K.Drake,2019,2
00-0033118,K.Drake,2019,3
00-0033118,K.Drake,2019,4
00-0033118,K.Drake,2019,6
00-0033118,K.Drake,2019,7
00-0033118,K.Drake,2019,9
00-0033118,K.Drake,2019,10
00-0033118,K.Drake,2019,11
00-0033118,K.Drake,2019,13
00-0033118,K.Drake,2019,14
00-0033118,K.Drake,2019,15
00-0033118,K.Drake,2019,16
00-0033118,K.Drake,2019,17
00-0033118,K.Drake,2020,1
00-0033118,K.Drake,2020,2
00-0033118,K.Drake,2020,3
00-0033118,K.Drake,2020,5
00-0033118,K.Drake,2020,6
00-0033118,K.Drake,2020,7
00-0033118,K.Drake,2020,10
00-0033118,K.Drake,2020,11
00-0033118,K.Drake,2020,12
00-0033118,K.Drake,2020,13
00-0033118,K.Drake,2020,14
00-0033118,K.Drake,2020,15
00-0033118,K.Drake,2020,16
00-0033118,K.Drake,2020,17
00-0033118,K.Drake,2021,1
00-0033118,K.Drake,2021,2
00-0033118,K.Drake,2021,3
00-0033118,K.Drake,2021,5
00-0033118,K.Drake,2021,6
00-0033118,K.Drake,2021,7
00-0033118,K.Drake,2021,9
00-0033118,K.Drake,2021,10
00-0033118,K.Drake,2021,11
00-0033118,K.Drake,2021,12
00-0033118,K.Drake,2021,13
00-0033118,K.Drake,2022,1
00-0033118,K.Drake,2022,5
00-0033118,K.Drake,2022,6
00-0033118,K.Drake,2022,7
00-0033118,K.Drake,2022,8
00-0033118,K.Drake,2022,9
00-0033118,K.Drake,2022,11
00-0033118,K.Drake,2022,12
00-0033118,K.Drake,2022,13
00-0033118,K.Drake,2022,14
00-0033118,K.Drake,2022,18
00-0033127,W.Fuller,2016,12
00-0033127,W.Fuller,2016,13
00-0033127,W.Fuller,2016,14
00-0033127,W.Fuller,2016,15
00-0033127,W.Fuller,2016,16
00-0033127,W.Fuller,2016,17
00-0033127,W.Fuller,2016,18
00-0033127,W.Fuller,2016,19
00-0033127,W.Fuller V,2017,4
00-0033127,W.Fuller V,2017,5
00-0033127,W.Fuller V,2017,6
00-0033127,W.Fuller V,2017,8
00-0033127,W.Fuller V,2017,9
00-0033127,W.Fuller V,2017,10
00-0033127,W.Fuller V,2017,14
00-0033127,W.Fuller V,2017,15
00-0033127,W.Fuller V,2017,16
00-0033127,W.Fuller V,2017,17
00-0033127,W.Fuller,2018,2
00-0033127,W.Fuller,2018,3
00-0033127,W.Fuller,2018,4
00-0033127,W.Fuller,2018,5
00-0033127,W.Fuller,2018,6
00-0033127,W.Fuller,2018,7
00-0033127,W.Fuller,2018,8
00-0033127,W.Fuller,2019,1
00-0033127,W.Fuller,2019,2
00-0033127,W.Fuller,2019,3
00-0033127,W.Fuller,2019,4
00-0033127,W.Fuller,2019,5
00-0033127,W.Fuller,2019,6
00-0033127,W.Fuller,2019,7
00-0033127,W.Fuller,2019,12
00-0033127,W.Fuller,2019,13
00-0033127,W.Fuller,2019,15
00-0033127,W.Fuller,2019,16
00-0033127,W.Fuller,2019,19
00-0033127,W.Fuller,2020,1
00-0033127,W.Fuller,2020,3
00-0033127,W.Fuller,2020,4
00-0033127,W.Fuller,2020,5
00-0033127,W.Fuller,2020,6
00-0033127,W.Fuller,2020,7
00-0033127,W.Fuller,2020,9
00-0033127,W.Fuller,2020,10
00-0033127,W.Fuller,2020,11
00-0033127,W.Fuller,2020,12
00-0033127,W.Fuller,2021,3
00-0033127,W.Fuller,2021,4
00-0033217,M.Alie-Cox,2018,19
00-0033217,M.Alie-Cox,2019,1
00-0033217,M.Alie-Cox,2019,2
00-0033217,M.Alie-Cox,2019,3
00-0033217,M.Alie-Cox,2019,5
00-0033217,M.Alie-Cox,2019,9
00-0033217,M.Alie-Cox,2019,10
00-0033217,M.Alie-Cox,2019,14
00-0033217,M.Alie-Cox,2019,16
00-0033217,M.Alie-Cox,2019,17
00-0033217,M.Alie-Cox,2020,1
00-0033217,M.Alie-Cox,2020,2
00-0033217,M.Alie-Cox,2020,3
00-0033217,M.Alie-Cox,2020,4
00-0033217,M.Alie-Cox,2020,5
00-0033217,M.Alie-Cox,2020,8
00-0033217,M.Alie-Cox,2020,9
00-0033217,M.Alie-Cox,2020,10
00-0033217,M.Alie-Cox,2020,11
00-0033217,M.Alie-Cox,2020,12
00-0033217,M.Alie-Cox,2020,13
00-0033217,M.Alie-Cox,2020,14
00-0033217,M.Alie-Cox,2020,15
00-0033217,M.Alie-Cox,2020,16
00-0033217,M.Alie-Cox,2020,18
00-0033217,M.Alie-Cox,2021,1
00-0033217,M.Alie-Cox,2021,2
00-0033217,M.Alie-Cox,2021,3
00-0033217,M.Alie-Cox,2021,4
00-0033217,M.Alie-Cox,2021,5
00-0033217,M.Alie-Cox,2021,6
00-0033217,M.Alie-Cox,2021,7
00-0033217,M.Alie-Cox,2021,8
00-0033217,M.Alie-Cox,2021,9
00-0033217,M.Alie-Cox,2021,10
00-0033217,M.Alie-Cox,2021,11
00-0033217,M.Alie-Cox,2021,12
00-0033217,M.Alie-Cox,2021,13
00-0033217,M.Alie-Cox,2021,15
00-0033217,M.Alie-Cox,2021,16
00-0033217,M.Alie-Cox,2021,17
00-0033217,M.Alie-Cox,2021,18
00-0033217,M.Alie-Cox,2022,1
00-0033217,M.Alie-Cox,2022,2
00-0033217,M.Alie-Cox,2022,3
00-0033217,M.Alie-Cox,2022,4
00-0033217,M.Alie-Cox,2022,5
00-0033217,M.Alie-Cox,2022,8
00-0033217,M.Alie-Cox,2022,9
00-0033217,M.Alie-Cox,2022,11
00-0033217,M.Alie-Cox,2022,12
00-0033217,M.Alie-Cox,2022,13
00-0033217,M.Alie-Cox,2022,15
00-0033217,M.Alie-Cox,2022,16
00-0033217,M.Alie-Cox,2022,17
00-0033217,M.Alie-Cox,2022,18
00-0033246,J.Mundt,2021,4
00-0033246,J.Mundt,2022,1
00-0033246,J.Mundt,2022,2
00-0033246,J.Mundt,2022,3
00-0033246,J.Mundt,2022,4
00-0033246,J.Mundt,2022,5
00-0033246,J.Mundt,2022,6
00-0033246,J.Mundt,2022,8
00-0033246,J.Mundt,2022,9
00-0033246,J.Mundt,2022,11
00-0033246,J.Mundt,2022,12
00-0033246,J.Mundt,2022,13
00-0033246,J.Mundt,2022,15
00-0033246,J.Mundt,2022,16
00-0033246,J.Mundt,2022,19
00-0033251,Z.Pascal,2018,14
00-0033251,Z.Pascal,2018,15
00-0033251,Z.Pascal,2018,16
00-0033251,Z.Pascal,2018,18
00-0033251,Z.Pascal,2018,19
00-0033251,Z.Pascal,2019,3
00-0033251,Z.Pascal,2019,4
00-0033251,Z.Pascal,2019,5
00-0033251,Z.Pascal,2019,7
00-0033251,Z.Pascal,2019,8
00-0033251,Z.Pascal,2019,9
00-0033251,Z.Pascal,2019,10
00-0033251,Z.Pascal,2019,11
00-0033251,Z.Pascal,2019,12
00-0033251,Z.Pascal,2019,13
00-0033251,Z.Pascal,2019,14
00-0033251,Z.Pascal,2019,15
00-0033251,Z.Pascal,2019,16
00-0033251,Z.Pascal,2019,17
00-0033251,Z.Pascal,2020,1
00-0033251,Z.Pascal,2020,2
00-0033251,Z.Pascal,2020,3
00-0033251,Z.Pascal,2020,4
00-0033251,Z.Pascal,2020,5
00-0033251,Z.Pascal,2020,6
00-0033251,Z.Pascal,2020,8
00-0033251,Z.Pascal,2020,9
00-0033251,Z.Pascal,2020,10
00-0033251,Z.Pascal,2020,11
00-0033251,Z.Pascal,2020,12
00-0033251,Z.Pascal,2020,13
00-0033251,Z.Pascal,2020,14
00-0033251,Z.Pascal,2020,15
00-0033251,Z.Pascal,2020,16
00-0033251,Z.Pascal,2020,17
00-0033251,Z.Pascal,2020,18
00-0033251,Z.Pascal,2021,1
00-0033251,Z.Pascal,2021,2
00-0033251,Z.Pascal,2021,3
00-0033251,Z.Pascal,2021,4
00-0033251,Z.Pascal,2021,5
00-0033251,Z.Pascal,2021,6
00-0033251,Z.Pascal,2021,7
00-0033251,Z.Pascal,2021,8
00-0033251,Z.Pascal,2021,9
00-0033251,Z.Pascal,2021,10
00-0033251,Z.Pascal,2021,11
00-0033251,Z.Pascal,2021,12
00-0033251,Z.Pascal,2021,13
00-0033251,Z.Pascal,2021,15
00-0033251,Z.Pascal,2021,17
00-0033251,Z.Pascal,2021,18
00-0033251,Z.Pascal,2022,1
00-0033251,Z.Pascal,2022,2
00-0033251,Z.Pascal,2022,3
00-0033251,Z.Pascal,2022,4
00-0033251,Z.Pascal,2022,8
00-0033251,Z.Pascal,2022,9
00-0033251,Z.Pascal,2022,10
00-0033251,Z.Pascal,2022,11
00-0033251,Z.Pascal,2022,13
00-0033251,Z.Pascal,2022,14
00-0033251,Z.Pascal,2022,15
00-0033251,Z.Pascal,2022,16
00-0033251,Z.Pascal,2022,20
00-0033251,Z.Pascal,2022,21
00-0033251,Z.Pascal,2022,22
00-0033258,D.Daniels,2019,8
00-0033258,D.Daniels,2019,11
00-0033258,D.Daniels,2019,16
00-0033258,D.Daniels,2020,2
00-0033258,D.Daniels,2020,3
00-0033258,D.Daniels,2020,5
00-0033258,D.Daniels,2020,6
00-0033258,D.Daniels,2020,7
00-0033258,D.Daniels,2020,9
00-0033258,D.Daniels,2020,15
00-0033258,D.Daniels,2020,16
00-0033258,D.Daniels,2021,6
00-0033258,D.Daniels,2021,9
00-0033258,D.Daniels,2021,11
00-0033258,D.Daniels,2021,19
00-0033280,C.McCaffrey,2017,9
00-0033280,C.McCaffrey,2017,10
00-0033280,C.McCaffrey,2017,12
00-0033280,C.McCaffrey,2017,13
00-0033280,C.McCaffrey,2017,14
00-0033280,C.McCaffrey,2017,15
00-0033280,C.McCaffrey,2017,16
00-0033280,C.McCaffrey,2017,17
00-0033280,C.McCaffrey,2017,18
00-0033280,C.McCaffrey,2018,1
00-0033280,C.McCaffrey,2018,2
00-0033280,C.McCaffrey,2018,3
00-0033280,C.McCaffrey,2018,5
00-0033280,C.McCaffrey,2018,6
00-0033280,C.McCaffrey,2018,7
00-0033280,C.McCaffrey,2018,8
00-0033280,C.McCaffrey,2018,9
00-0033280,C.McCaffrey,2018,10
00-0033280,C.McCaffrey,2018,11
00-0033280,C.McCaffrey,2018,12
00-0033280,C.McCaffrey,2018,13
00-0033280,C.McCaffrey,2018,14
00-0033280,C.McCaffrey,2018,15
00-0033280,C.McCaffrey,2018,16
00-0033280,C.McCaffrey,2018,17
00-0033280,C.McCaffrey,2019,1
00-0033280,C.McCaffrey,2019,2
00-0033280,C.McCaffrey,2019,3
00-0033280,C.McCaffrey,2019,4
00-0033280,C.McCaffrey,2019,5
00-0033280,C.McCaffrey,2019,6
00-0033280,C.McCaffrey,2019,8
00-0033280,C.McCaffrey,2019,9
00-0033280,C.McCaffrey,2019,10
00-0033280,C.McCaffrey,2019,11
00-0033280,C.McCaffrey,2019,12
00-0033280,C.McCaffrey,2019,13
00-0033280,C.McCaffrey,2019,14
00-0033280,C.McCaffrey,2019,15
00-0033280,C.McCaffrey,2019,16
00-0033280,C.McCaffrey,2019,17
00-0033280,C.McCaffrey,2020,1
00-0033280,C.McCaffrey,2020,2
00-0033280,C.McCaffrey,2020,9
00-0033280,C.McCaffrey,2021,1
00-0033280,C.McCaffrey,2021,2
00-0033280,C.McCaffrey,2021,3
00-0033280,C.McCaffrey,2021,9
00-0033280,C.McCaffrey,2021,10
00-0033280,C.McCaffrey,2021,11
00-0033280,C.McCaffrey,2021,12
00-0033280,C.McCaffrey,2022,1
00-0033280,C.McCaffrey,2022,2
00-0033280,C.McCaffrey,2022,3
00-0033280,C.McCaffrey,2022,4
00-0033280,C.McCaffrey,2022,5
00-0033280,C.McCaffrey,2022,6
00-0033280,C.McCaffrey,2022,7
00-0033280,C.McCaffrey,2022,8
00-0033280,C.McCaffrey,2022,10
00-0033280,C.McCaffrey,2022,11
00-0033280,C.McCaffrey,2022,12
00-0033280,C.McCaffrey,2022,13
00-0033280,C.McCaffrey,2022,14
00-0033280,C.McCaffrey,2022,15
00-0033280,C.McCaffrey,2022,16
00-0033280,C.McCaffrey,2022,17
00-0033280,C.McCaffrey,2022,18
00-0033280,C.McCaffrey,2022,19
00-0033280,C.McCaffrey,2022,20
00-0033280,C.McCaffrey,2022,21
00-0033282,C.Samuel,2018,7
00-0033282,C.Samuel,2018,8
00-0033282,C.Samuel,2018,9
00-0033282,C.Samuel,2018,10
00-0033282,C.Samuel,2018,11
00-0033282,C.Samuel,2018,12
00-0033282,C.Samuel,2018,13
00-0033282,C.Samuel,2018,14
00-0033282,C.Samuel,2018,15
00-0033282,C.Samuel,2018,16
00-0033282,C.Samuel,2018,17
00-0033282,C.Samuel,2019,1
00-0033282,C.Samuel,2019,2
00-0033282,C.Samuel,2019,3
00-0033282,C.Samuel,2019,4
00-0033282,C.Samuel,2019,5
00-0033282,C.Samuel,2019,6
00-0033282,C.Samuel,2019,8
00-0033282,C.Samuel,2019,9
00-0033282,C.Samuel,2019,10
00-0033282,C.Samuel,2019,11
00-0033282,C.Samuel,2019,12
00-0033282,C.Samuel,2019,13
00-0033282,C.Samuel,2019,14
00-0033282,C.Samuel,2019,15
00-0033282,C.Samuel,2019,16
00-0033282,C.Samuel,2019,17
00-0033282,C.Samuel,2020,1
00-0033282,C.Samuel,2020,2
00-0033282,C.Samuel,2020,3
00-0033282,C.Samuel,2020,4
00-0033282,C.Samuel,2020,5
00-0033282,C.Samuel,2020,7
00-0033282,C.Samuel,2020,8
00-0033282,C.Samuel,2020,9
00-0033282,C.Samuel,2020,10
00-0033282,C.Samuel,2020,11
00-0033282,C.Samuel,2020,12
00-0033282,C.Samuel,2020,14
00-0033282,C.Samuel,2020,15
00-0033282,C.Samuel,2020,16
00-0033282,C.Samuel,2020,17
00-0033282,C.Samuel,2021,4
00-0033282,C.Samuel,2021,5
00-0033282,C.Samuel,2021,12
00-0033282,C.Samuel,2021,13
00-0033282,C.Samuel,2021,14
00-0033282,C.Samuel,2022,1
00-0033282,C.Samuel,2022,2
00-0033282,C.Samuel,2022,3
00-0033282,C.Samuel,2022,4
00-0033282,C.Samuel,2022,5
00-0033282,C.Samuel,2022,6
00-0033282,C.Samuel,2022,7
00-0033282,C.Samuel,2022,8
00-0033282,C.Samuel,2022,9
00-0033282,C.Samuel,2022,10
00-0033282,C.Samuel,2022,11
00-0033282,C.Samuel,2022,13
00-0033282,C.Samuel,2022,15
00-0033282,C.Samuel,2022,16
00-0033282,C.Samuel,2022,17
00-0033282,C.Samuel,2022,18
00-0033288,G.Kittle,2017,9
00-0033288,G.Kittle,2017,12
00-0033288,G.Kittle,2017,13
00-0033288,G.Kittle,2017,14
00-0033288,G.Kittle,2017,15
00-0033288,G.Kittle,2017,16
00-0033288,G.Kittle,2017,17
00-0033288,G.Kittle,2018,1
00-0033288,G.Kittle,2018,2
00-0033288,G.Kittle,2018,3
00-0033288,G.Kittle,2018,4
00-0033288,G.Kittle,2018,5
00-0033288,G.Kittle,2018,6
00-0033288,G.Kittle,2018,7
00-0033288,G.Kittle,2018,8
00-0033288,G.Kittle,2018,9
00-0033288,G.Kittle,2018,10
00-0033288,G.Kittle,2018,12
00-0033288,G.Kittle,2018,13
00-0033288,G.Kittle,2018,14
00-0033288,G.Kittle,2018,15
00-0033288,G.Kittle,2018,16
00-0033288,G.Kittle,2018,17
00-0033288,G.Kittle,2019,1
00-0033288,G.Kittle,2019,2
00-0033288,G.Kittle,2019,3
00-0033288,G.Kittle,2019,5
00-0033288,G.Kittle,2019,6
00-0033288,G.Kittle,2019,7
00-0033288,G.Kittle,2019,8
00-0033288,G.Kittle,2019,9
00-0033288,G.Kittle,2019,12
00-0033288,G.Kittle,2019,13
00-0033288,G.Kittle,2019,14
00-0033288,G.Kittle,2019,15
00-0033288,G.Kittle,2019,16
00-0033288,G.Kittle,2019,17
00-0033288,G.Kittle,2019,19
00-0033288,G.Kittle,2019,20
00-0033288,G.Kittle,2019,21
00-0033288,G.Kittle,2020,1
00-0033288,G.Kittle,2020,4
00-0033288,G.Kittle,2020,5
00-0033288,G.Kittle,2020,6
00-0033288,G.Kittle,2020,7
00-0033288,G.Kittle,2020,8
00-0033288,G.Kittle,2020,16
00-0033288,G.Kittle,2020,17
00-0033288,G.Kittle,2021,1
00-0033288,G.Kittle,2021,2
00-0033288,G.Kittle,2021,3
00-0033288,G.Kittle,2021,4
00-0033288,G.Kittle,2021,9
00-0033288,G.Kittle,2021,10
00-0033288,G.Kittle,2021,11
00-0033288,G.Kittle,2021,12
00-0033288,G.Kittle,2021,13
00-0033288,G.Kittle,2021,14
00-0033288,G.Kittle,2021,15
00-0033288,G.Kittle,2021,16
00-0033288,G.Kittle,2021,17
00-0033288,G.Kittle,2021,18
00-0033288,G.Kittle,2021,19
00-0033288,G.Kittle,2021,20
00-0033288,G.Kittle,2021,21
00-0033288,G.Kittle,2022,3
00-0033288,G.Kittle,2022,4
00-0033288,G.Kittle,2022,5
00-0033288,G.Kittle,2022,6
00-0033288,G.Kittle,2022,7
00-0033288,G.Kittle,2022,8
00-0033288,G.Kittle,2022,10
00-0033288,G.Kittle,2022,11
00-0033288,G.Kittle,2022,12
00-0033288,G.Kittle,2022,13
00-0033288,G.Kittle,2022,14
00-0033288,G.Kittle,2022,15
00-0033288,G.Kittle,2022,16
00-0033288,G.Kittle,2022,17
00-0033288,G.Kittle,2022,18
00-0033288,G.Kittle,2022,19
00-0033288,G.Kittle,2022,20
00-0033288,G.Kittle,2022,21
00-0033292,T.Taylor,2017,9
00-0033292,T.Taylor,2017,12
00-0033292,T.Taylor,2017,13
00-0033292,T.Taylor,2017,14
00-0033292,T.Taylor,2017,15
00-0033292,T.Taylor,2017,16
00-0033292,T.Taylor,2017,17
00-0033292,T.Taylor,2018,1
00-0033292,T.Taylor,2018,2
00-0033292,T.Taylor,2018,3
00-0033292,T.Taylor,2018,4
00-0033292,T.Taylor,2018,5
00-0033292,T.Taylor,2018,7
00-0033292,T.Taylor,2018,8
00-0033292,T.Taylor,2018,10
00-0033292,T.Taylor,2018,13
00-0033292,T.Taylor,2018,14
00-0033292,T.Taylor,2018,15
00-0033292,T.Taylor,2018,16
00-0033292,T.Taylor,2018,17
00-0033292,T.Taylor,2020,1
00-0033292,T.Taylor,2020,2
00-0033292,T.Taylor,2020,3
00-0033292,T.Taylor,2020,4
00-0033292,T.Taylor,2020,6
00-0033292,T.Taylor,2020,8
00-0033292,T.Taylor,2020,9
00-0033292,T.Taylor,2021,18
00-0033292,T.Taylor,2021,21
00-0033292,T.Taylor,2022,8
00-0033292,T.Taylor,2022,9
00-0033292,T.Taylor,2022,11
00-0033292,T.Taylor,2022,12
00-0033292,T.Taylor,2022,14
00-0033293,A.Jones,2018,5
00-0033293,A.Jones,2018,6
00-0033293,A.Jones,2018,8
00-0033293,A.Jones,2018,9
00-0033293,A.Jones,2018,10
00-0033293,A.Jones,2018,11
00-0033293,A.Jones,2018,12
00-0033293,A.Jones,2018,13
00-0033293,A.Jones,2018,14
00-0033293,A.Jones,2019,1
00-0033293,A.Jones,2019,2
00-0033293,A.Jones,2019,3
00-0033293,A.Jones,2019,4
00-0033293,A.Jones,2019,5
00-0033293,A.Jones,2019,6
00-0033293,A.Jones,2019,7
00-0033293,A.Jones,2019,8
00-0033293,A.Jones,2019,9
00-0033293,A.Jones,2019,12
00-0033293,A.Jones,2019,13
00-0033293,A.Jones,2019,14
00-0033293,A.Jones,2019,16
00-0033293,A.Jones,2019,17
00-0033293,A.Jones,2019,19
00-0033293,A.Jones,2019,20
00-0033293,A.Jones,2020,1
00-0033293,A.Jones,2020,2
00-0033293,A.Jones,2020,3
00-0033293,A.Jones,2020,4
00-0033293,A.Jones,2020,6
00-0033293,A.Jones,2020,9
00-0033293,A.Jones,2020,10
00-0033293,A.Jones,2020,11
00-0033293,A.Jones,2020,12
00-0033293,A.Jones,2020,13
00-0033293,A.Jones,2020,14
00-0033293,A.Jones,2020,15
00-0033293,A.Jones,2020,16
00-0033293,A.Jones,2020,17
00-0033293,A.Jones,2020,19
00-0033293,A.Jones,2020,20
00-0033293,A.Jones,2021,1
00-0033293,A.Jones,2021,2
00-0033293,A.Jones,2021,3
00-0033293,A.Jones,2021,4
00-0033293,A.Jones,2021,5
00-0033293,A.Jones,2021,6
00-0033293,A.Jones,2021,7
00-0033293,A.Jones,2021,8
00-0033293,A.Jones,2021,9
00-0033293,A.Jones,2021,10
00-0033293,A.Jones,2021,12
00-0033293,A.Jones,2021,14
00-0033293,A.Jones,2021,15
00-0033293,A.Jones,2021,16
00-0033293,A.Jones,2021,17
00-0033293,A.Jones,2021,20
00-0033293,A.Jones,2022,1
00-0033293,A.Jones,2022,2
00-0033293,A.Jones,2022,3
00-0033293,A.Jones,2022,4
00-0033293,A.Jones,2022,5
00-0033293,A.Jones,2022,6
00-0033293,A.Jones,2022,7
00-0033293,A.Jones,2022,8
00-0033293,A.Jones,2022,9
00-0033293,A.Jones,2022,10
00-0033293,A.Jones,2022,11
00-0033293,A.Jones,2022,12
00-0033293,A.Jones,2022,13
00-0033293,A.Jones,2022,15
00-0033293,A.Jones,2022,16
00-0033293,A.Jones,2022,17
00-0033293,A.Jones,2022,18
00-0033295,E.McGuire,2017,17
00-0033295,E.McGuire,2018,9
00-0033295,E.McGuire,2018,10
00-0033295,E.McGuire,2018,12
00-0033295,E.McGuire,2018,13
00-0033295,E.McGuire,2018,14
00-0033295,E.McGuire,2018,15
00-0033295,E.McGuire,2018,16
00-0033295,E.McGuire,2018,17
00-0033307,K.Bourne,2017,16
00-0033307,K.Bourne,2017,17
00-0033307,K.Bourne,2018,1
00-0033307,K.Bourne,2018,2
00-0033307,K.Bourne,2018,3
00-0033307,K.Bourne,2018,4
00-0033307,K.Bourne,2018,5
00-0033307,K.Bourne,2018,6
00-0033307,K.Bourne,2018,7
00-0033307,K.Bourne,2018,8
00-0033307,K.Bourne,2018,9
00-0033307,K.Bourne,2018,10
00-0033307,K.Bourne,2018,12
00-0033307,K.Bourne,2018,13
00-0033307,K.Bourne,2018,14
00-0033307,K.Bourne,2018,15
00-0033307,K.Bourne,2018,16
00-0033307,K.Bourne,2018,17
00-0033307,K.Bourne,2019,1
00-0033307,K.Bourne,2019,2
00-0033307,K.Bourne,2019,3
00-0033307,K.Bourne,2019,5
00-0033307,K.Bourne,2019,6
00-0033307,K.Bourne,2019,7
00-0033307,K.Bourne,2019,8
00-0033307,K.Bourne,2019,9
00-0033307,K.Bourne,2019,10
00-0033307,K.Bourne,2019,11
00-0033307,K.Bourne,2019,12
00-0033307,K.Bourne,2019,13
00-0033307,K.Bourne,2019,14
00-0033307,K.Bourne,2019,15
00-0033307,K.Bourne,2019,16
00-0033307,K.Bourne,2019,17
00-0033307,K.Bourne,2019,19
00-0033307,K.Bourne,2019,20
00-0033307,K.Bourne,2019,21
00-0033307,K.Bourne,2020,1
00-0033307,K.Bourne,2020,2
00-0033307,K.Bourne,2020,3
00-0033307,K.Bourne,2020,4
00-0033307,K.Bourne,2020,5
00-0033307,K.Bourne,2020,6
00-0033307,K.Bourne,2020,7
00-0033307,K.Bourne,2020,8
00-0033307,K.Bourne,2020,10
00-0033307,K.Bourne,2020,12
00-0033307,K.Bourne,2020,13
00-0033307,K.Bourne,2020,14
00-0033307,K.Bourne,2020,15
00-0033307,K.Bourne,2020,16
00-0033307,K.Bourne,2020,17
00-0033307,K.Bourne,2021,1
00-0033307,K.Bourne,2021,2
00-0033307,K.Bourne,2021,3
00-0033307,K.Bourne,2021,4
00-0033307,K.Bourne,2021,5
00-0033307,K.Bourne,2021,6
00-0033307,K.Bourne,2021,7
00-0033307,K.Bourne,2021,8
00-0033307,K.Bourne,2021,9
00-0033307,K.Bourne,2021,10
00-0033307,K.Bourne,2021,11
00-0033307,K.Bourne,2021,12
00-0033307,K.Bourne,2021,15
00-0033307,K.Bourne,2021,16
00-0033307,K.Bourne,2021,17
00-0033307,K.Bourne,2021,18
00-0033307,K.Bourne,2021,19
00-0033307,K.Bourne,2022,1
00-0033307,K.Bourne,2022,2
00-0033307,K.Bourne,2022,3
00-0033307,K.Bourne,2022,4
00-0033307,K.Bourne,2022,5
00-0033307,K.Bourne,2022,6
00-0033307,K.Bourne,2022,8
00-0033307,K.Bourne,2022,9
00-0033307,K.Bourne,2022,11
00-0033307,K.Bourne,2022,12
00-0033307,K.Bourne,2022,13
00-0033307,K.Bourne,2022,14
00-0033307,K.Bourne,2022,15
00-0033307,K.Bourne,2022,16
00-0033307,K.Bourne,2022,17
00-0033307,K.Bourne,2022,18
00-0033308,M.Breida,2017,10
00-0033308,M.Breida,2017,12
00-0033308,M.Breida,2017,13
00-0033308,M.Breida,2017,16
00-0033308,M.Breida,2017,17
00-0033308,M.Breida,2018,1
00-0033308,M.Breida,2018,2
00-0033308,M.Breida,2018,3
00-0033308,M.Breida,2018,4
00-0033308,M.Breida,2018,5
00-0033308,M.Breida,2018,9
00-0033308,M.Breida,2018,10
00-0033308,M.Breida,2018,12
00-0033308,M.Breida,2018,13
00-0033308,M.Breida,2018,15
00-0033308,M.Breida,2018,16
00-0033308,M.Breida,2019,1
00-0033308,M.Breida,2019,2
00-0033308,M.Breida,2019,3
00-0033308,M.Breida,2019,5
00-0033308,M.Breida,2019,6
00-0033308,M.Breida,2019,7
00-0033308,M.Breida,2019,8
00-0033308,M.Breida,2019,9
00-0033308,M.Breida,2019,10
00-0033308,M.Breida,2019,14
00-0033308,M.Breida,2019,15
00-0033308,M.Breida,2019,17
00-0033308,M.Breida,2020,2
00-0033308,M.Breida,2020,4
00-0033308,M.Breida,2020,5
00-0033308,M.Breida,2020,6
00-0033308,M.Breida,2020,12
00-0033308,M.Breida,2021,10
00-0033308,M.Breida,2021,11
00-0033308,M.Breida,2021,12
00-0033308,M.Breida,2021,13
00-0033308,M.Breida,2021,14
00-0033308,M.Breida,2022,2
00-0033308,M.Breida,2022,5
00-0033308,M.Breida,2022,6
00-0033308,M.Breida,2022,7
00-0033308,M.Breida,2022,8
00-0033308,M.Breida,2022,11
00-0033308,M.Breida,2022,12
00-0033308,M.Breida,2022,13
00-0033308,M.Breida,2022,14
00-0033308,M.Breida,2022,15
00-0033308,M.Breida,2022,17
00-0033308,M.Breida,2022,18
00-0033308,M.Breida,2022,20
00-0033357,T.Hill,2018,20
00-0033357,T.Hill,2019,1
00-0033357,T.Hill,2019,2
00-0033357,T.Hill,2019,3
00-0033357,T.Hill,2019,7
00-0033357,T.Hill,2019,8
00-0033357,T.Hill,2019,10
00-0033357,T.Hill,2019,11
00-0033357,T.Hill,2019,12
00-0033357,T.Hill,2019,13
00-0033357,T.Hill,2019,14
00-0033357,T.Hill,2019,15
00-0033357,T.Hill,2019,16
00-0033357,T.Hill,2019,17
00-0033357,T.Hill,2019,18
00-0033357,T.Hill,2020,1
00-0033357,T.Hill,2020,3
00-0033357,T.Hill,2020,4
00-0033357,T.Hill,2020,5
00-0033357,T.Hill,2020,8
00-0033357,T.Hill,2020,9
00-0033357,T.Hill,2020,15
00-0033357,T.Hill,2020,16
00-0033357,T.Hill,2020,17
00-0033357,T.Hill,2020,18
00-0033357,T.Hill,2021,4
00-0033357,T.Hill,2021,5
00-0033357,T.Hill,2021,10
00-0033357,T.Hill,2022,1
00-0033357,T.Hill,2022,7
00-0033357,T.Hill,2022,8
00-0033357,T.Hill,2022,9
00-0033357,T.Hill,2022,11
00-0033357,T.Hill,2022,12
00-0033357,T.Hill,2022,13
00-0033357,T.Hill,2022,17
00-0033357,T.Hill,2022,18
00-0033375,T.Patrick,2018,16
00-0033375,T.Patrick,2018,17
00-0033375,T.Patrick,2019,11
00-0033375,T.Patrick,2019,12
00-0033375,T.Patrick,2019,13
00-0033375,T.Patrick,2019,14
00-0033375,T.Patrick,2019,15
00-0033375,T.Patrick,2019,16
00-0033375,T.Patrick,2019,17
00-0033375,T.Patrick,2020,1
00-0033375,T.Patrick,2020,2
00-0033375,T.Patrick,2020,3
00-0033375,T.Patrick,2020,4
00-0033375,T.Patrick,2020,6
00-0033375,T.Patrick,2020,7
00-0033375,T.Patrick,2020,9
00-0033375,T.Patrick,2020,10
00-0033375,T.Patrick,2020,11
00-0033375,T.Patrick,2020,12
00-0033375,T.Patrick,2020,13
00-0033375,T.Patrick,2020,14
00-0033375,T.Patrick,2020,15
00-0033375,T.Patrick,2020,16
00-0033375,T.Patrick,2020,17
00-0033375,T.Patrick,2021,1
00-0033375,T.Patrick,2021,2
00-0033375,T.Patrick,2021,3
00-0033375,T.Patrick,2021,4
00-0033375,T.Patrick,2021,5
00-0033375,T.Patrick,2021,6
00-0033375,T.Patrick,2021,7
00-0033375,T.Patrick,2021,8
00-0033375,T.Patrick,2021,9
00-0033375,T.Patrick,2021,10
00-0033375,T.Patrick,2021,12
00-0033375,T.Patrick,2021,13
00-0033375,T.Patrick,2021,14
00-0033375,T.Patrick,2021,15
00-0033375,T.Patrick,2021,16
00-0033375,T.Patrick,2021,18
00-0033376,P.Ricard,2019,11
00-0033376,P.Ricard,2019,13
00-0033376,P.Ricard,2019,15
00-0033376,P.Ricard,2020,1
00-0033376,P.Ricard,2020,2
00-0033376,P.Ricard,2020,5
00-0033376,P.Ricard,2020,6
00-0033376,P.Ricard,2020,10
00-0033376,P.Ricard,2020,11
00-0033376,P.Ricard,2020,13
00-0033376,P.Ricard,2020,15
00-0033376,P.Ricard,2020,18
00-0033376,P.Ricard,2020,19
00-0033376,P.Ricard,2021,1
00-0033376,P.Ricard,2021,4
00-0033376,P.Ricard,2021,9
00-0033376,P.Ricard,2021,11
00-0033376,P.Ricard,2021,12
00-0033376,P.Ricard,2021,13
00-0033376,P.Ricard,2022,1
00-0033376,P.Ricard,2022,3
00-0033376,P.Ricard,2022,4
00-0033376,P.Ricard,2022,6
00-0033376,P.Ricard,2022,7
00-0033376,P.Ricard,2022,9
00-0033376,P.Ricard,2022,12
00-0033376,P.Ricard,2022,13
00-0033376,P.Ricard,2022,19
00-0033382,A.Carr,2018,17
00-0033382,A.Carr,2018,20
00-0033382,A.Carr,2019,7
00-0033382,A.Carr,2019,8
00-0033382,A.Carr,2020,7
00-0033382,A.Carr,2020,8
00-0033382,A.Carr,2020,16
00-0033382,A.Carr,2020,17
00-0033387,J.Hollister,2017,17
00-0033387,J.Hollister,2017,19
00-0033387,J.Hollister,2018,2
00-0033387,J.Hollister,2018,10
00-0033387,J.Hollister,2019,7
00-0033387,J.Hollister,2019,8
00-0033387,J.Hollister,2019,9
00-0033387,J.Hollister,2019,10
00-0033387,J.Hollister,2019,12
00-0033387,J.Hollister,2019,13
00-0033387,J.Hollister,2019,14
00-0033387,J.Hollister,2019,15
00-0033387,J.Hollister,2019,16
00-0033387,J.Hollister,2019,17
00-0033387,J.Hollister,2019,18
00-0033387,J.Hollister,2019,19
00-0033387,J.Hollister,2020,1
00-0033387,J.Hollister,2020,3
00-0033387,J.Hollister,2020,7
00-0033387,J.Hollister,2020,8
00-0033387,J.Hollister,2020,9
00-0033387,J.Hollister,2020,10
00-0033387,J.Hollister,2020,11
00-0033387,J.Hollister,2020,12
00-0033387,J.Hollister,2020,13
00-0033387,J.Hollister,2020,14
00-0033387,J.Hollister,2020,15
00-0033387,J.Hollister,2020,16
00-0033387,J.Hollister,2020,17
00-0033387,J.Hollister,2020,18
00-0033387,J.Hollister,2021,3
00-0033387,J.Hollister,2021,4
00-0033387,J.Hollister,2021,5
00-0033387,J.Hollister,2021,6
00-0033387,J.Hollister,2021,16
00-0033387,J.Hollister,2021,18
00-0033439,P.Brown,2020,15
00-0033439,P.Brown,2020,16
00-0033439,P.Brown,2020,17
00-0033439,P.Brown,2021,1
00-0033439,P.Brown,2021,2
00-0033439,P.Brown,2021,4
00-0033439,P.Brown,2021,5
00-0033439,P.Brown,2021,6
00-0033439,P.Brown,2021,7
00-0033439,P.Brown,2021,11
00-0033439,P.Brown,2021,12
00-0033439,P.Brown,2021,13
00-0033439,P.Brown,2021,15
00-0033439,P.Brown,2021,16
00-0033439,P.Brown,2021,17
00-0033439,P.Brown,2022,1
00-0033439,P.Brown,2022,2
00-0033439,P.Brown,2022,3
00-0033439,P.Brown,2022,6
00-0033439,P.Brown,2022,10
00-0033439,P.Brown,2022,11
00-0033439,P.Brown,2022,13
00-0033455,A.Firkser,2019,6
00-0033455,A.Firkser,2019,7
00-0033455,A.Firkser,2019,8
00-0033455,A.Firkser,2019,9
00-0033455,A.Firkser,2019,10
00-0033455,A.Firkser,2019,13
00-0033455,A.Firkser,2019,14
00-0033455,A.Firkser,2019,15
00-0033455,A.Firkser,2019,16
00-0033455,A.Firkser,2019,17
00-0033455,A.Firkser,2019,18
00-0033455,A.Firkser,2019,20
00-0033455,A.Firkser,2020,1
00-0033455,A.Firkser,2020,2
00-0033455,A.Firkser,2020,5
00-0033455,A.Firkser,2020,6
00-0033455,A.Firkser,2020,7
00-0033455,A.Firkser,2020,8
00-0033455,A.Firkser,2020,9
00-0033455,A.Firkser,2020,10
00-0033455,A.Firkser,2020,11
00-0033455,A.Firkser,2020,12
00-0033455,A.Firkser,2020,13
00-0033455,A.Firkser,2020,14
00-0033455,A.Firkser,2020,15
00-0033455,A.Firkser,2020,16
00-0033455,A.Firkser,2020,17
00-0033455,A.Firkser,2020,18
00-0033455,A.Firkser,2021,1
00-0033455,A.Firkser,2021,4
00-0033455,A.Firkser,2021,5
00-0033455,A.Firkser,2021,6
00-0033455,A.Firkser,2021,7
00-0033455,A.Firkser,2021,8
00-0033455,A.Firkser,2021,9
00-0033455,A.Firkser,2021,10
00-0033455,A.Firkser,2021,11
00-0033455,A.Firkser,2021,12
00-0033455,A.Firkser,2021,14
00-0033455,A.Firkser,2021,15
00-0033455,A.Firkser,2021,16
00-0033455,A.Firkser,2021,17
00-0033455,A.Firkser,2021,18
00-0033455,A.Firkser,2021,20
00-0033455,A.Firkser,2022,1
00-0033455,A.Firkser,2022,3
00-0033455,A.Firkser,2022,5
00-0033455,A.Firkser,2022,12
00-0033455,A.Firkser,2022,13
00-0033455,A.Firkser,2022,15
00-0033455,A.Firkser,2022,16
00-0033455,A.Firkser,2022,18
00-0033460,J.Ross,2018,11
00-0033460,J.Ross,2018,12
00-0033460,J.Ross,2018,13
00-0033460,J.Ross,2018,14
00-0033460,J.Ross,2018,15
00-0033460,J.Ross,2018,16
00-0033460,J.Ross,2018,17
00-0033460,J.Ross III,2019,1
00-0033460,J.Ross III,2019,2
00-0033460,J.Ross III,2019,3
00-0033460,J.Ross III,2019,4
00-0033460,J.Ross,2019,14
00-0033460,J.Ross III,2019,15
00-0033460,J.Ross III,2019,16
00-0033460,J.Ross III,2019,17
00-0033460,J.Ross III,2020,1
00-0033460,J.Ross III,2020,2
00-0033460,J.Ross,2021,4
00-0033460,J.Ross,2021,5
00-0033460,J.Ross,2021,6
00-0033460,J.Ross,2021,7
00-0033460,J.Ross,2021,8
00-0033460,J.Ross,2021,12
00-0033460,J.Ross,2021,13
00-0033460,J.Ross,2021,14
00-0033466,I.McKenzie,2018,13
00-0033466,I.McKenzie,2018,14
00-0033466,I.McKenzie,2018,15
00-0033466,I.McKenzie,2018,16
00-0033466,I.McKenzie,2019,2
00-0033466,I.McKenzie,2019,3
00-0033466,I.McKenzie,2019,5
00-0033466,I.McKenzie,2019,7
00-0033466,I.McKenzie,2019,9
00-0033466,I.McKenzie,2019,10
00-0033466,I.McKenzie,2019,11
00-0033466,I.McKenzie,2019,12
00-0033466,I.McKenzie,2019,13
00-0033466,I.McKenzie,2019,14
00-0033466,I.McKenzie,2019,16
00-0033466,I.McKenzie,2019,17
00-0033466,I.McKenzie,2019,18
00-0033466,I.McKenzie,2020,1
00-0033466,I.McKenzie,2020,2
00-0033466,I.McKenzie,2020,3
00-0033466,I.McKenzie,2020,4
00-0033466,I.McKenzie,2020,5
00-0033466,I.McKenzie,2020,6
00-0033466,I.McKenzie,2020,7
00-0033466,I.McKenzie,2020,9
00-0033466,I.McKenzie,2020,10
00-0033466,I.McKenzie,2020,13
00-0033466,I.McKenzie,2020,14
00-0033466,I.McKenzie,2020,15
00-0033466,I.McKenzie,2020,16
00-0033466,I.McKenzie,2020,17
00-0033466,I.McKenzie,2020,19
00-0033466,I.McKenzie,2020,20
00-0033466,I.McKenzie,2021,2
00-0033466,I.McKenzie,2021,6
00-0033466,I.McKenzie,2021,9
00-0033466,I.McKenzie,2021,10
00-0033466,I.McKenzie,2021,14
00-0033466,I.McKenzie,2021,15
00-0033466,I.McKenzie,2021,16
00-0033466,I.McKenzie,2021,17
00-0033466,I.McKenzie,2021,18
00-0033466,I.McKenzie,2021,19
00-0033466,I.McKenzie,2021,20
00-0033466,I.McKenzie,2022,1
00-0033466,I.McKenzie,2022,2
00-0033466,I.McKenzie,2022,3
00-0033466,I.McKenzie,2022,4
00-0033466,I.McKenzie,2022,6
00-0033466,I.McKenzie,2022,8
00-0033466,I.McKenzie,2022,9
00-0033466,I.McKenzie,2022,10
00-0033466,I.McKenzie,2022,11
00-0033466,I.McKenzie,2022,12
00-0033466,I.McKenzie,2022,13
00-0033466,I.McKenzie,2022,14
00-0033466,I.McKenzie,2022,15
00-0033466,I.McKenzie,2022,16
00-0033466,I.McKenzie,2022,18
00-0033466,I.McKenzie,2022,20
00-0033471,I.Ford,2019,17
00-0033471,I.Ford,2020,1
00-0033471,I.Ford,2020,2
00-0033471,I.Ford,2020,3
00-0033471,I.Ford,2020,4
00-0033471,I.Ford,2020,5
00-0033471,I.Ford,2020,8
00-0033471,I.Ford,2020,15
00-0033471,I.Ford,2020,16
00-0033471,I.Ford,2020,17
00-0033471,I.Ford,2021,5
00-0033471,I.Ford,2021,6
00-0033471,I.Ford,2021,7
00-0033471,I.Ford,2021,8
00-0033471,I.Ford,2021,9
00-0033471,I.Ford,2021,10
00-0033471,I.Ford,2021,12
00-0033471,I.Ford,2021,13
00-0033471,I.Ford,2021,15
00-0033471,I.Ford,2021,17
00-0033526,S.Perine,2017,15
00-0033526,S.Perine,2017,16
00-0033526,S.Perine,2018,6
00-0033526,S.Perine,2018,9
00-0033526,S.Perine,2020,7
00-0033526,S.Perine,2020,8
00-0033526,S.Perine,2020,10
00-0033526,S.Perine,2020,11
00-0033526,S.Perine,2020,12
00-0033526,S.Perine,2020,14
00-0033526,S.Perine,2020,16
00-0033526,S.Perine,2021,1
00-0033526,S.Perine,2021,2
00-0033526,S.Perine,2021,3
00-0033526,S.Perine,2021,4
00-0033526,S.Perine,2021,5
00-0033526,S.Perine,2021,7
00-0033526,S.Perine,2021,8
00-0033526,S.Perine,2021,9
00-0033526,S.Perine,2021,11
00-0033526,S.Perine,2021,12
00-0033526,S.Perine,2021,13
00-0033526,S.Perine,2021,14
00-0033526,S.Perine,2021,15
00-0033526,S.Perine,2021,16
00-0033526,S.Perine,2021,17
00-0033526,S.Perine,2021,20
00-0033526,S.Perine,2021,21
00-0033526,S.Perine,2021,22
00-0033526,S.Perine,2022,1
00-0033526,S.Perine,2022,2
00-0033526,S.Perine,2022,3
00-0033526,S.Perine,2022,4
00-0033526,S.Perine,2022,5
00-0033526,S.Perine,2022,6
00-0033526,S.Perine,2022,7
00-0033526,S.Perine,2022,8
00-0033526,S.Perine,2022,9
00-0033526,S.Perine,2022,11
00-0033526,S.Perine,2022,12
00-0033526,S.Perine,2022,13
00-0033526,S.Perine,2022,14
00-0033526,S.Perine,2022,15
00-0033526,S.Perine,2022,16
00-0033526,S.Perine,2022,18
00-0033526,S.Perine,2022,19
00-0033526,S.Perine,2022,20
00-0033526,S.Perine,2022,21
00-0033528,J.Sprinkle,2019,1
00-0033528,J.Sprinkle,2019,2
00-0033528,J.Sprinkle,2019,3
00-0033528,J.Sprinkle,2019,4
00-0033528,J.Sprinkle,2019,5
00-0033528,J.Sprinkle,2019,6
00-0033528,J.Sprinkle,2019,7
00-0033528,J.Sprinkle,2019,8
00-0033528,J.Sprinkle,2019,9
00-0033528,J.Sprinkle,2019,11
00-0033528,J.Sprinkle,2019,12
00-0033528,J.Sprinkle,2019,13
00-0033528,J.Sprinkle,2019,15
00-0033528,J.Sprinkle,2019,16
00-0033528,J.Sprinkle,2019,17
00-0033528,J.Sprinkle,2020,5
00-0033528,J.Sprinkle,2020,7
00-0033528,J.Sprinkle,2020,14
00-0033528,J.Sprinkle,2020,18
00-0033528,J.Sprinkle,2021,15
00-0033528,J.Sprinkle,2021,18
00-0033536,M.Williams,2017,17
00-0033536,M.Williams,2018,1
00-0033536,M.Williams,2018,2
00-0033536,M.Williams,2018,3
00-0033536,M.Williams,2018,4
00-0033536,M.Williams,2018,5
00-0033536,M.Williams,2018,6
00-0033536,M.Williams,2018,7
00-0033536,M.Williams,2018,9
00-0033536,M.Williams,2018,11
00-0033536,M.Williams,2018,12
00-0033536,M.Williams,2018,13
00-0033536,M.Williams,2018,14
00-0033536,M.Williams,2018,15
00-0033536,M.Williams,2018,16
00-0033536,M.Williams,2018,17
00-0033536,M.Williams,2018,18
00-0033536,M.Williams,2018,19
00-0033536,M.Williams,2019,1
00-0033536,M.Williams,2019,2
00-0033536,M.Williams,2019,3
00-0033536,M.Williams,2019,5
00-0033536,M.Williams,2019,6
00-0033536,M.Williams,2019,7
00-0033536,M.Williams,2019,8
00-0033536,M.Williams,2019,9
00-0033536,M.Williams,2019,10
00-0033536,M.Williams,2019,11
00-0033536,M.Williams,2019,13
00-0033536,M.Williams,2019,14
00-0033536,M.Williams,2019,15
00-0033536,M.Williams,2019,16
00-0033536,M.Williams,2019,17
00-0033536,M.Williams,2020,1
00-0033536,M.Williams,2020,2
00-0033536,M.Williams,2020,3
00-0033536,M.Williams,2020,5
00-0033536,M.Williams,2020,7
00-0033536,M.Williams,2020,8
00-0033536,M.Williams,2020,9
00-0033536,M.Williams,2020,10
00-0033536,M.Williams,2020,11
00-0033536,M.Williams,2020,12
00-0033536,M.Williams,2020,13
00-0033536,M.Williams,2020,15
00-0033536,M.Williams,2020,16
00-0033536,M.Williams,2020,17
00-0033536,M.Williams,2021,1
00-0033536,M.Williams,2021,2
00-0033536,M.Williams,2021,3
00-0033536,M.Williams,2021,4
00-0033536,M.Williams,2021,5
00-0033536,M.Williams,2021,6
00-0033536,M.Williams,2021,8
00-0033536,M.Williams,2021,9
00-0033536,M.Williams,2021,10
00-0033536,M.Williams,2021,11
00-0033536,M.Williams,2021,12
00-0033536,M.Williams,2021,13
00-0033536,M.Williams,2021,14
00-0033536,M.Williams,2021,15
00-0033536,M.Williams,2021,17
00-0033536,M.Williams,2021,18
00-0033536,M.Williams,2022,1
00-0033536,M.Williams,2022,2
00-0033536,M.Williams,2022,3
00-0033536,M.Williams,2022,4
00-0033536,M.Williams,2022,5
00-0033536,M.Williams,2022,6
00-0033536,M.Williams,2022,7
00-0033536,M.Williams,2022,11
00-0033536,M.Williams,2022,14
00-0033536,M.Williams,2022,15
00-0033536,M.Williams,2022,16
00-0033536,M.Williams,2022,17
00-0033536,M.Williams,2022,18
00-0033553,J.Conner,2018,9
00-0033553,J.Conner,2018,10
00-0033553,J.Conner,2018,11
00-0033553,J.Conner,2018,12
00-0033553,J.Conner,2018,13
00-0033553,J.Conner,2018,17
00-0033553,J.Conner,2019,1
00-0033553,J.Conner,2019,2
00-0033553,J.Conner,2019,3
00-0033553,J.Conner,2019,4
00-0033553,J.Conner,2019,6
00-0033553,J.Conner,2019,8
00-0033553,J.Conner,2019,11
00-0033553,J.Conner,2019,15
00-0033553,J.Conner,2020,1
00-0033553,J.Conner,2020,2
00-0033553,J.Conner,2020,3
00-0033553,J.Conner,2020,5
00-0033553,J.Conner,2020,6
00-0033553,J.Conner,2020,7
00-0033553,J.Conner,2020,8
00-0033553,J.Conner,2020,9
00-0033553,J.Conner,2020,10
00-0033553,J.Conner,2020,11
00-0033553,J.Conner,2020,16
00-0033553,J.Conner,2020,17
00-0033553,J.Conner,2020,18
00-0033553,J.Conner,2021,3
00-0033553,J.Conner,2021,4
00-0033553,J.Conner,2021,5
00-0033553,J.Conner,2021,6
00-0033553,J.Conner,2021,9
00-0033553,J.Conner,2021,10
00-0033553,J.Conner,2021,11
00-0033553,J.Conner,2021,13
00-0033553,J.Conner,2021,14
00-0033553,J.Conner,2021,15
00-0033553,J.Conner,2021,18
00-0033553,J.Conner,2021,19
00-0033553,J.Conner,2022,1
00-0033553,J.Conner,2022,2
00-0033553,J.Conner,2022,3
00-0033553,J.Conner,2022,4
00-0033553,J.Conner,2022,5
00-0033553,J.Conner,2022,9
00-0033553,J.Conner,2022,10
00-0033553,J.Conner,2022,11
00-0033553,J.Conner,2022,12
00-0033553,J.Conner,2022,14
00-0033553,J.Conner,2022,15
00-0033553,J.Conner,2022,16
00-0033553,J.Conner,2022,17
00-0033555,M.Hollins,2017,14
00-0033555,M.Hollins,2017,15
00-0033555,M.Hollins,2017,17
00-0033555,M.Hollins,2017,19
00-0033555,M.Hollins,2017,20
00-0033555,M.Hollins,2019,2
00-0033555,M.Hollins,2019,3
00-0033555,M.Hollins,2019,4
00-0033555,M.Hollins,2019,5
00-0033555,M.Hollins,2019,6
00-0033555,M.Hollins,2019,7
00-0033555,M.Hollins,2019,11
00-0033555,M.Hollins,2019,14
00-0033555,M.Hollins,2020,9
00-0033555,M.Hollins,2020,10
00-0033555,M.Hollins,2020,11
00-0033555,M.Hollins,2020,12
00-0033555,M.Hollins,2020,13
00-0033555,M.Hollins,2020,14
00-0033555,M.Hollins,2020,15
00-0033555,M.Hollins,2020,16
00-0033555,M.Hollins,2020,17
00-0033555,M.Hollins,2021,5
00-0033555,M.Hollins,2021,6
00-0033555,M.Hollins,2021,7
00-0033555,M.Hollins,2021,8
00-0033555,M.Hollins,2021,9
00-0033555,M.Hollins,2021,10
00-0033555,M.Hollins,2021,11
00-0033555,M.Hollins,2021,12
00-0033555,M.Hollins,2021,13
00-0033555,M.Hollins,2021,15
00-0033555,M.Hollins,2021,16
00-0033555,M.Hollins,2021,17
00-0033555,M.Hollins,2021,18
00-0033555,M.Hollins,2022,1
00-0033555,M.Hollins,2022,2
00-0033555,M.Hollins,2022,3
00-0033555,M.Hollins,2022,4
00-0033555,M.Hollins,2022,5
00-0033555,M.Hollins,2022,7
00-0033555,M.Hollins,2022,8
00-0033555,M.Hollins,2022,9
00-0033555,M.Hollins,2022,10
00-0033555,M.Hollins,2022,11
00-0033555,M.Hollins,2022,12
00-0033555,M.Hollins,2022,13
00-0033555,M.Hollins,2022,14
00-0033555,M.Hollins,2022,15
00-0033555,M.Hollins,2022,16
00-0033555,M.Hollins,2022,17
00-0033555,M.Hollins,2022,18
00-0033556,T.Cohen,2017,10
00-0033556,T.Cohen,2017,11
00-0033556,T.Cohen,2017,12
00-0033556,T.Cohen,2017,13
00-0033556,T.Cohen,2017,14
00-0033556,T.Cohen,2017,15
00-0033556,T.Cohen,2017,16
00-0033556,T.Cohen,2017,17
00-0033556,T.Cohen,2018,1
00-0033556,T.Cohen,2018,2
00-0033556,T.Cohen,2018,3
00-0033556,T.Cohen,2018,4
00-0033556,T.Cohen,2018,6
00-0033556,T.Cohen,2018,7
00-0033556,T.Cohen,2018,8
00-0033556,T.Cohen,2018,9
00-0033556,T.Cohen,2018,10
00-0033556,T.Cohen,2018,11
00-0033556,T.Cohen,2018,12
00-0033556,T.Cohen,2018,13
00-0033556,T.Cohen,2018,14
00-0033556,T.Cohen,2018,15
00-0033556,T.Cohen,2018,16
00-0033556,T.Cohen,2018,17
00-0033556,T.Cohen,2018,18
00-0033556,T.Cohen,2019,1
00-0033556,T.Cohen,2019,2
00-0033556,T.Cohen,2019,3
00-0033556,T.Cohen,2019,4
00-0033556,T.Cohen,2019,5
00-0033556,T.Cohen,2019,7
00-0033556,T.Cohen,2019,8
00-0033556,T.Cohen,2019,9
00-0033556,T.Cohen,2019,10
00-0033556,T.Cohen,2019,11
00-0033556,T.Cohen,2019,12
00-0033556,T.Cohen,2019,13
00-0033556,T.Cohen,2019,14
00-0033556,T.Cohen,2019,15
00-0033556,T.Cohen,2019,16
00-0033556,T.Cohen,2019,17
00-0033556,T.Cohen,2020,1
00-0033556,T.Cohen,2020,2
00-0033556,T.Cohen,2020,3
00-0033562,R.Switzer,2018,6
00-0033562,R.Switzer,2018,8
00-0033562,R.Switzer,2018,9
00-0033562,R.Switzer,2018,10
00-0033562,R.Switzer,2018,11
00-0033562,R.Switzer,2018,12
00-0033562,R.Switzer,2018,13
00-0033562,R.Switzer,2018,14
00-0033562,R.Switzer,2018,15
00-0033562,R.Switzer,2018,16
00-0033562,R.Switzer,2018,17
00-0033562,R.Switzer,2019,1
00-0033562,R.Switzer,2019,2
00-0033562,R.Switzer,2019,6
00-0033567,B.Hill,2019,13
00-0033567,B.Hill,2020,1
00-0033567,B.Hill,2020,2
00-0033567,B.Hill,2020,3
00-0033567,B.Hill,2020,4
00-0033567,B.Hill,2020,5
00-0033567,B.Hill,2020,6
00-0033567,B.Hill,2020,7
00-0033567,B.Hill,2020,8
00-0033567,B.Hill,2020,9
00-0033567,B.Hill,2020,12
00-0033567,B.Hill,2020,14
00-0033567,B.Hill,2020,15
00-0033567,B.Hill,2020,16
00-0033567,B.Hill,2020,17
00-0033572,J.Agnew,2020,7
00-0033572,J.Agnew,2020,11
00-0033572,J.Agnew,2020,12
00-0033572,J.Agnew,2020,13
00-0033572,J.Agnew,2020,14
00-0033572,J.Agnew,2020,15
00-0033572,J.Agnew,2021,4
00-0033572,J.Agnew,2021,5
00-0033572,J.Agnew,2021,6
00-0033572,J.Agnew,2021,8
00-0033572,J.Agnew,2021,9
00-0033572,J.Agnew,2021,10
00-0033572,J.Agnew,2021,11
00-0033572,J.Agnew,2022,1
00-0033572,J.Agnew,2022,2
00-0033572,J.Agnew,2022,3
00-0033572,J.Agnew,2022,4
00-0033572,J.Agnew,2022,5
00-0033572,J.Agnew,2022,6
00-0033572,J.Agnew,2022,10
00-0033572,J.Agnew,2022,12
00-0033572,J.Agnew,2022,13
00-0033572,J.Agnew,2022,14
00-0033572,J.Agnew,2022,15
00-0033572,J.Agnew,2022,16
00-0033572,J.Agnew,2022,17
00-0033572,J.Agnew,2022,18
00-0033572,J.Agnew,2022,19
00-0033572,J.Agnew,2022,20
00-0033576,E.Saubert,2020,13
00-0033576,E.Saubert,2020,14
00-0033576,E.Saubert,2020,17
00-0033576,E.Saubert,2021,1
00-0033576,E.Saubert,2021,2
00-0033576,E.Saubert,2021,6
00-0033576,E.Saubert,2021,7
00-0033576,E.Saubert,2021,9
00-0033576,E.Saubert,2021,12
00-0033576,E.Saubert,2021,17
00-0033576,E.Saubert,2022,1
00-0033576,E.Saubert,2022,2
00-0033576,E.Saubert,2022,3
00-0033576,E.Saubert,2022,4
00-0033576,E.Saubert,2022,5
00-0033576,E.Saubert,2022,7
00-0033576,E.Saubert,2022,10
00-0033576,E.Saubert,2022,11
00-0033576,E.Saubert,2022,14
00-0033576,E.Saubert,2022,15
00-0033576,E.Saubert,2022,17
00-0033589,D.Moore,2018,12
00-0033589,D.Moore,2018,13
00-0033589,D.Moore,2018,14
00-0033589,D.Moore,2018,15
00-0033589,D.Moore,2018,16
00-0033589,D.Moore,2018,17
00-0033589,D.Moore,2019,3
00-0033589,D.Moore,2019,4
00-0033589,D.Moore,2019,5
00-0033589,D.Moore,2019,6
00-0033589,D.Moore,2019,7
00-0033589,D.Moore,2019,8
00-0033589,D.Moore,2019,9
00-0033589,D.Moore,2019,10
00-0033589,D.Moore,2019,12
00-0033589,D.Moore,2019,13
00-0033589,D.Moore,2019,14
00-0033589,D.Moore,2019,16
00-0033589,D.Moore,2019,17
00-0033589,D.Moore,2019,18
00-0033589,D.Moore,2020,1
00-0033589,D.Moore,2020,2
00-0033589,D.Moore,2020,3
00-0033589,D.Moore,2020,4
00-0033589,D.Moore,2020,5
00-0033589,D.Moore,2020,7
00-0033589,D.Moore,2020,8
00-0033589,D.Moore,2020,9
00-0033589,D.Moore,2020,10
00-0033589,D.Moore,2020,11
00-0033589,D.Moore,2020,12
00-0033589,D.Moore,2020,13
00-0033589,D.Moore,2020,14
00-0033589,D.Moore,2020,15
00-0033589,D.Moore,2020,16
00-0033589,D.Moore,2020,17
00-0033589,D.Moore,2020,18
00-0033589,D.Moore,2021,5
00-0033591,N.Brown,2018,13
00-0033591,N.Brown,2018,15
00-0033591,N.Brown,2018,16
00-0033591,N.Brown,2018,17
00-0033591,N.Brown,2018,18
00-0033591,N.Brown,2018,19
00-0033591,N.Brown,2020,2
00-0033591,N.Brown,2020,3
00-0033591,N.Brown,2020,4
00-0033591,N.Brown,2020,6
00-0033591,N.Brown,2020,8
00-0033591,N.Brown,2020,11
00-0033591,N.Brown,2020,12
00-0033591,N.Brown,2020,13
00-0033591,N.Brown,2020,15
00-0033591,N.Brown,2021,3
00-0033591,N.Brown,2021,5
00-0033591,N.Brown,2021,6
00-0033591,N.Brown,2021,8
00-0033591,N.Brown,2021,9
00-0033591,N.Brown,2021,10
00-0033591,N.Brown,2021,11
00-0033591,N.Brown,2021,12
00-0033591,N.Brown,2021,13
00-0033591,N.Brown,2022,1
00-0033591,N.Brown,2022,2
00-0033591,N.Brown,2022,3
00-0033591,N.Brown,2022,4
00-0033591,N.Brown,2022,5
00-0033591,N.Brown,2022,6
00-0033591,N.Brown,2022,7
00-0033591,N.Brown,2022,10
00-0033591,N.Brown,2022,11
00-0033591,N.Brown,2022,13
00-0033591,N.Brown,2022,14
00-0033591,N.Brown,2022,15
00-0033591,N.Brown,2022,16
00-0033591,N.Brown,2022,17
00-0033591,N.Brown,2022,18
00-0033591,N.Brown,2022,19
00-0033591,N.Brown,2022,20
00-0033594,C.Carson,2018,8
00-0033594,C.Carson,2018,12
00-0033594,C.Carson,2018,13
00-0033594,C.Carson,2018,15
00-0033594,C.Carson,2018,17
00-0033594,C.Carson,2018,18
00-0033594,C.Carson,2019,1
00-0033594,C.Carson,2019,2
00-0033594,C.Carson,2019,3
00-0033594,C.Carson,2019,4
00-0033594,C.Carson,2019,5
00-0033594,C.Carson,2019,6
00-0033594,C.Carson,2019,7
00-0033594,C.Carson,2019,8
00-0033594,C.Carson,2019,9
00-0033594,C.Carson,2019,10
00-0033594,C.Carson,2019,12
00-0033594,C.Carson,2019,13
00-0033594,C.Carson,2019,14
00-0033594,C.Carson,2019,15
00-0033594,C.Carson,2019,16
00-0033594,C.Carson,2020,1
00-0033594,C.Carson,2020,2
00-0033594,C.Carson,2020,3
00-0033594,C.Carson,2020,4
00-0033594,C.Carson,2020,5
00-0033594,C.Carson,2020,7
00-0033594,C.Carson,2020,12
00-0033594,C.Carson,2020,13
00-0033594,C.Carson,2020,14
00-0033594,C.Carson,2020,15
00-0033594,C.Carson,2020,16
00-0033594,C.Carson,2020,17
00-0033594,C.Carson,2020,18
00-0033594,C.Carson,2021,1
00-0033594,C.Carson,2021,3
00-0033594,C.Carson,2021,4
00-0033611,R.Seals-Jones,2018,1
00-0033611,R.Seals-Jones,2018,2
00-0033611,R.Seals-Jones,2018,3
00-0033611,R.Seals-Jones,2018,4
00-0033611,R.Seals-Jones,2018,5
00-0033611,R.Seals-Jones,2018,6
00-0033611,R.Seals-Jones,2018,7
00-0033611,R.Seals-Jones,2018,8
00-0033611,R.Seals-Jones,2018,10
00-0033611,R.Seals-Jones,2018,11
00-0033611,R.Seals-Jones,2018,12
00-0033611,R.Seals-Jones,2018,13
00-0033611,R.Seals-Jones,2018,14
00-0033611,R.Seals-Jones,2018,15
00-0033611,R.Seals-Jones,2018,16
00-0033611,R.Seals-Jones,2019,3
00-0033611,R.Seals-Jones,2019,4
00-0033611,R.Seals-Jones,2019,5
00-0033611,R.Seals-Jones,2019,6
00-0033611,R.Seals-Jones,2019,9
00-0033611,R.Seals-Jones,2019,12
00-0033611,R.Seals-Jones,2019,14
00-0033611,R.Seals-Jones,2019,15
00-0033611,R.Seals-Jones,2019,16
00-0033611,R.Seals-Jones,2020,6
00-0033611,R.Seals-Jones,2021,2
00-0033611,R.Seals-Jones,2021,4
00-0033611,R.Seals-Jones,2021,5
00-0033611,R.Seals-Jones,2021,6
00-0033611,R.Seals-Jones,2021,7
00-0033611,R.Seals-Jones,2021,8
00-0033611,R.Seals-Jones,2021,10
00-0033611,R.Seals-Jones,2021,14
00-0033611,R.Seals-Jones,2021,15
00-0033611,R.Seals-Jones,2021,16
00-0033611,R.Seals-Jones,2021,17
00-0033658,B.Jarwin,2018,14
00-0033658,B.Jarwin,2018,15
00-0033658,B.Jarwin,2018,16
00-0033658,B.Jarwin,2018,17
00-0033658,B.Jarwin,2018,18
00-0033658,B.Jarwin,2018,19
00-0033658,B.Jarwin,2019,1
00-0033658,B.Jarwin,2019,2
00-0033658,B.Jarwin,2019,3
00-0033658,B.Jarwin,2019,4
00-0033658,B.Jarwin,2019,6
00-0033658,B.Jarwin,2019,7
00-0033658,B.Jarwin,2019,9
00-0033658,B.Jarwin,2019,10
00-0033658,B.Jarwin,2019,11
00-0033658,B.Jarwin,2019,12
00-0033658,B.Jarwin,2019,13
00-0033658,B.Jarwin,2019,14
00-0033658,B.Jarwin,2019,15
00-0033658,B.Jarwin,2019,16
00-0033658,B.Jarwin,2019,17
00-0033658,B.Jarwin,2020,1
00-0033658,B.Jarwin,2021,1
00-0033658,B.Jarwin,2021,2
00-0033658,B.Jarwin,2021,3
00-0033658,B.Jarwin,2021,4
00-0033658,B.Jarwin,2021,6
00-0033658,B.Jarwin,2021,8
00-0033658,B.Jarwin,2021,18
00-0033658,B.Jarwin,2021,19
00-0033681,K.Cole,2017,10
00-0033681,K.Cole,2017,11
00-0033681,K.Cole,2017,12
00-0033681,K.Cole,2017,13
00-0033681,K.Cole,2017,14
00-0033681,K.Cole,2017,15
00-0033681,K.Cole,2017,16
00-0033681,K.Cole,2017,17
00-0033681,K.Cole,2017,18
00-0033681,K.Cole,2017,19
00-0033681,K.Cole,2017,20
00-0033681,K.Cole,2018,1
00-0033681,K.Cole,2018,2
00-0033681,K.Cole,2018,3
00-0033681,K.Cole,2018,4
00-0033681,K.Cole,2018,5
00-0033681,K.Cole,2018,6
00-0033681,K.Cole,2018,7
00-0033681,K.Cole,2018,8
00-0033681,K.Cole,2018,12
00-0033681,K.Cole,2018,13
00-0033681,K.Cole,2018,14
00-0033681,K.Cole,2018,16
00-0033681,K.Cole,2018,17
00-0033681,K.Cole,2019,1
00-0033681,K.Cole,2019,4
00-0033681,K.Cole,2019,7
00-0033681,K.Cole,2019,8
00-0033681,K.Cole,2019,9
00-0033681,K.Cole,2019,11
00-0033681,K.Cole,2019,12
00-0033681,K.Cole,2019,13
00-0033681,K.Cole,2019,14
00-0033681,K.Cole,2019,15
00-0033681,K.Cole,2019,16
00-0033681,K.Cole,2019,17
00-0033681,K.Cole,2020,1
00-0033681,K.Cole,2020,2
00-0033681,K.Cole,2020,3
00-0033681,K.Cole Sr.,2020,4
00-0033681,K.Cole Sr.,2020,5
00-0033681,K.Cole Sr.,2020,6
00-0033681,K.Cole Sr.,2020,7
00-0033681,K.Cole Sr.,2020,9
00-0033681,K.Cole Sr.,2020,10
00-0033681,K.Cole Sr.,2020,11
00-0033681,K.Cole Sr.,2020,12
00-0033681,K.Cole Sr.,2020,13
00-0033681,K.Cole Sr.,2020,14
00-0033681,K.Cole Sr.,2020,15
00-0033681,K.Cole Sr.,2020,16
00-0033681,K.Cole Sr.,2020,17
00-0033681,K.Cole,2021,3
00-0033681,K.Cole,2021,4
00-0033681,K.Cole,2021,5
00-0033681,K.Cole,2021,7
00-0033681,K.Cole,2021,8
00-0033681,K.Cole,2021,9
00-0033681,K.Cole,2021,10
00-0033681,K.Cole,2021,11
00-0033681,K.Cole,2021,12
00-0033681,K.Cole,2021,14
00-0033681,K.Cole,2021,15
00-0033681,K.Cole,2021,16
00-0033681,K.Cole,2021,17
00-0033681,K.Cole,2021,18
00-0033681,K.Cole,2022,3
00-0033681,K.Cole,2022,8
00-0033681,K.Cole,2022,10
00-0033681,K.Cole,2022,11
00-0033681,K.Cole,2022,12
00-0033681,K.Cole,2022,14
00-0033681,K.Cole,2022,15
00-0033681,K.Cole,2022,16
00-0033681,K.Cole,2022,18
00-0033699,A.Ekeler,2017,11
00-0033699,A.Ekeler,2017,12
00-0033699,A.Ekeler,2017,13
00-0033699,A.Ekeler,2017,14
00-0033699,A.Ekeler,2017,15
00-0033699,A.Ekeler,2018,1
00-0033699,A.Ekeler,2018,2
00-0033699,A.Ekeler,2018,3
00-0033699,A.Ekeler,2018,4
00-0033699,A.Ekeler,2018,5
00-0033699,A.Ekeler,2018,7
00-0033699,A.Ekeler,2018,9
00-0033699,A.Ekeler,2018,11
00-0033699,A.Ekeler,2018,12
00-0033699,A.Ekeler,2018,13
00-0033699,A.Ekeler,2018,14
00-0033699,A.Ekeler,2018,17
00-0033699,A.Ekeler,2018,18
00-0033699,A.Ekeler,2018,19
00-0033699,A.Ekeler,2019,1
00-0033699,A.Ekeler,2019,2
00-0033699,A.Ekeler,2019,3
00-0033699,A.Ekeler,2019,4
00-0033699,A.Ekeler,2019,5
00-0033699,A.Ekeler,2019,6
00-0033699,A.Ekeler,2019,7
00-0033699,A.Ekeler,2019,8
00-0033699,A.Ekeler,2019,9
00-0033699,A.Ekeler,2019,10
00-0033699,A.Ekeler,2019,11
00-0033699,A.Ekeler,2019,13
00-0033699,A.Ekeler,2019,14
00-0033699,A.Ekeler,2019,15
00-0033699,A.Ekeler,2019,16
00-0033699,A.Ekeler,2019,17
00-0033699,A.Ekeler,2020,1
00-0033699,A.Ekeler,2020,2
00-0033699,A.Ekeler,2020,3
00-0033699,A.Ekeler,2020,4
00-0033699,A.Ekeler,2020,12
00-0033699,A.Ekeler,2020,13
00-0033699,A.Ekeler,2020,14
00-0033699,A.Ekeler,2020,15
00-0033699,A.Ekeler,2020,16
00-0033699,A.Ekeler,2020,17
00-0033699,A.Ekeler,2021,2
00-0033699,A.Ekeler,2021,3
00-0033699,A.Ekeler,2021,4
00-0033699,A.Ekeler,2021,5
00-0033699,A.Ekeler,2021,6
00-0033699,A.Ekeler,2021,8
00-0033699,A.Ekeler,2021,9
00-0033699,A.Ekeler,2021,10
00-0033699,A.Ekeler,2021,11
00-0033699,A.Ekeler,2021,12
00-0033699,A.Ekeler,2021,13
00-0033699,A.Ekeler,2021,14
00-0033699,A.Ekeler,2021,15
00-0033699,A.Ekeler,2021,17
00-0033699,A.Ekeler,2021,18
00-0033699,A.Ekeler,2022,1
00-0033699,A.Ekeler,2022,2
00-0033699,A.Ekeler,2022,3
00-0033699,A.Ekeler,2022,4
00-0033699,A.Ekeler,2022,5
00-0033699,A.Ekeler,2022,6
00-0033699,A.Ekeler,2022,7
00-0033699,A.Ekeler,2022,9
00-0033699,A.Ekeler,2022,10
00-0033699,A.Ekeler,2022,11
00-0033699,A.Ekeler,2022,12
00-0033699,A.Ekeler,2022,13
00-0033699,A.Ekeler,2022,14
00-0033699,A.Ekeler,2022,15
00-0033699,A.Ekeler,2022,16
00-0033699,A.Ekeler,2022,17
00-0033699,A.Ekeler,2022,18
00-0033699,A.Ekeler,2022,19
00-0033725,C.Clement,2017,16
00-0033725,C.Clement,2017,17
00-0033725,C.Clement,2017,19
00-0033725,C.Clement,2017,20
00-0033725,C.Clement,2017,21
00-0033725,C.Clement,2018,2
00-0033725,C.Clement,2018,3
00-0033725,C.Clement,2018,6
00-0033725,C.Clement,2018,7
00-0033725,C.Clement,2018,8
00-0033725,C.Clement,2018,10
00-0033725,C.Clement,2018,11
00-0033725,C.Clement,2018,12
00-0033725,C.Clement,2018,13
00-0033725,C.Clement,2020,1
00-0033725,C.Clement,2020,7
00-0033725,C.Clement,2020,8
00-0033725,C.Clement,2020,17
00-0033725,C.Clement,2021,10
00-0033725,C.Clement,2021,14
00-0033725,C.Clement,2021,18
00-0033725,C.Clement,2022,12
00-0033725,C.Clement,2022,14
00-0033725,C.Clement,2022,17
00-0033725,C.Clement,2022,18
00-0033733,G.Ward,2020,2
00-0033733,G.Ward,2020,3
00-0033733,G.Ward,2020,4
00-0033733,G.Ward,2020,5
00-0033733,G.Ward,2020,6
00-0033733,G.Ward,2020,7
00-0033733,G.Ward,2020,8
00-0033733,G.Ward,2020,10
00-0033733,G.Ward,2020,11
00-0033733,G.Ward,2020,12
00-0033733,G.Ward,2020,13
00-0033733,G.Ward,2020,14
00-0033733,G.Ward,2020,15
00-0033733,G.Ward,2020,16
00-0033733,G.Ward,2020,17
00-0033733,G.Ward,2021,3
00-0033733,G.Ward,2021,4
00-0033733,G.Ward,2021,12
00-0033733,G.Ward,2021,15
00-0033733,G.Ward,2021,17
00-0033733,G.Ward,2021,18
00-0033757,R.Tonyan,2019,5
00-0033757,R.Tonyan,2019,12
00-0033757,R.Tonyan,2019,13
00-0033757,R.Tonyan,2019,14
00-0033757,R.Tonyan,2019,15
00-0033757,R.Tonyan,2019,17
00-0033757,R.Tonyan,2020,2
00-0033757,R.Tonyan,2020,3
00-0033757,R.Tonyan,2020,4
00-0033757,R.Tonyan,2020,6
00-0033757,R.Tonyan,2020,7
00-0033757,R.Tonyan,2020,8
00-0033757,R.Tonyan,2020,9
00-0033757,R.Tonyan,2020,10
00-0033757,R.Tonyan,2020,11
00-0033757,R.Tonyan,2020,12
00-0033757,R.Tonyan,2020,13
00-0033757,R.Tonyan,2020,14
00-0033757,R.Tonyan,2020,15
00-0033757,R.Tonyan,2020,16
00-0033757,R.Tonyan,2020,17
00-0033757,R.Tonyan,2020,19
00-0033757,R.Tonyan,2020,20
00-0033757,R.Tonyan,2021,1
00-0033757,R.Tonyan,2021,2
00-0033757,R.Tonyan,2021,3
00-0033757,R.Tonyan,2021,4
00-0033757,R.Tonyan,2021,5
00-0033757,R.Tonyan,2021,6
00-0033757,R.Tonyan,2021,7
00-0033757,R.Tonyan,2021,8
00-0033757,R.Tonyan,2022,1
00-0033757,R.Tonyan,2022,2
00-0033757,R.Tonyan,2022,3
00-0033757,R.Tonyan,2022,4
00-0033757,R.Tonyan,2022,5
00-0033757,R.Tonyan,2022,6
00-0033757,R.Tonyan,2022,7
00-0033757,R.Tonyan,2022,8
00-0033757,R.Tonyan,2022,9
00-0033757,R.Tonyan,2022,10
00-0033757,R.Tonyan,2022,11
00-0033757,R.Tonyan,2022,12
00-0033757,R.Tonyan,2022,13
00-0033757,R.Tonyan,2022,15
00-0033757,R.Tonyan,2022,16
00-0033757,R.Tonyan,2022,17
00-0033757,R.Tonyan,2022,18
00-0033839,D.Westbrook,2017,19
00-0033839,D.Westbrook,2017,20
00-0033839,D.Westbrook,2018,1
00-0033839,D.Westbrook,2018,2
00-0033839,D.Westbrook,2018,3
00-0033839,D.Westbrook,2018,4
00-0033839,D.Westbrook,2018,5
00-0033839,D.Westbrook,2018,6
00-0033839,D.Westbrook,2018,7
00-0033839,D.Westbrook,2018,8
00-0033839,D.Westbrook,2018,10
00-0033839,D.Westbrook,2018,11
00-0033839,D.Westbrook,2018,12
00-0033839,D.Westbrook,2018,13
00-0033839,D.Westbrook,2018,14
00-0033839,D.Westbrook,2018,15
00-0033839,D.Westbrook,2018,16
00-0033839,D.Westbrook,2018,17
00-0033839,D.Westbrook,2019,1
00-0033839,D.Westbrook,2019,2
00-0033839,D.Westbrook,2019,3
00-0033839,D.Westbrook,2019,4
00-0033839,D.Westbrook,2019,5
00-0033839,D.Westbrook,2019,6
00-0033839,D.Westbrook,2019,7
00-0033839,D.Westbrook,2019,8
00-0033839,D.Westbrook,2019,11
00-0033839,D.Westbrook,2019,12
00-0033839,D.Westbrook,2019,13
00-0033839,D.Westbrook,2019,14
00-0033839,D.Westbrook,2019,15
00-0033839,D.Westbrook,2019,16
00-0033839,D.Westbrook,2019,17
00-0033839,D.Westbrook,2020,3
00-0033839,D.Westbrook,2021,1
00-0033839,D.Westbrook,2021,4
00-0033839,D.Westbrook,2021,5
00-0033839,D.Westbrook,2021,6
00-0033839,D.Westbrook,2021,9
00-0033839,D.Westbrook,2021,11
00-0033839,D.Westbrook,2021,13
00-0033839,D.Westbrook,2021,17
00-0033854,D.Ogunbowale,2019,10
00-0033854,D.Ogunbowale,2019,11
00-0033854,D.Ogunbowale,2019,12
00-0033854,D.Ogunbowale,2019,13
00-0033854,D.Ogunbowale,2019,14
00-0033854,D.Ogunbowale,2019,15
00-0033854,D.Ogunbowale,2019,16
00-0033854,D.Ogunbowale,2020,10
00-0033854,D.Ogunbowale,2020,11
00-0033854,D.Ogunbowale,2020,13
00-0033854,D.Ogunbowale,2020,14
00-0033854,D.Ogunbowale,2020,15
00-0033854,D.Ogunbowale,2020,16
00-0033854,D.Ogunbowale,2020,17
00-0033854,D.Ogunbowale,2021,5
00-0033854,D.Ogunbowale,2021,8
00-0033854,D.Ogunbowale,2021,9
00-0033854,D.Ogunbowale,2021,12
00-0033854,D.Ogunbowale,2021,14
00-0033854,D.Ogunbowale,2021,15
00-0033854,D.Ogunbowale,2021,16
00-0033854,D.Ogunbowale,2021,17
00-0033854,D.Ogunbowale,2021,18
00-0033854,D.Ogunbowale,2022,7
00-0033854,D.Ogunbowale,2022,8
00-0033854,D.Ogunbowale,2022,10
00-0033854,D.Ogunbowale,2022,11
00-0033854,D.Ogunbowale,2022,12
00-0033854,D.Ogunbowale,2022,13
00-0033854,D.Ogunbowale,2022,14
00-0033854,D.Ogunbowale,2022,17
00-0033854,D.Ogunbowale,2022,18
00-0033856,L.Fournette,2017,12
00-0033856,L.Fournette,2017,13
00-0033856,L.Fournette,2017,14
00-0033856,L.Fournette,2017,16
00-0033856,L.Fournette,2017,17
00-0033856,L.Fournette,2017,18
00-0033856,L.Fournette,2017,19
00-0033856,L.Fournette,2017,20
00-0033856,L.Fournette,2018,1
00-0033856,L.Fournette,2018,4
00-0033856,L.Fournette,2018,10
00-0033856,L.Fournette,2018,11
00-0033856,L.Fournette,2018,12
00-0033856,L.Fournette,2018,14
00-0033856,L.Fournette,2018,15
00-0033856,L.Fournette,2018,16
00-0033856,L.Fournette,2019,1
00-0033856,L.Fournette,2019,2
00-0033856,L.Fournette,2019,3
00-0033856,L.Fournette,2019,4
00-0033856,L.Fournette,2019,5
00-0033856,L.Fournette,2019,6
00-0033856,L.Fournette,2019,7
00-0033856,L.Fournette,2019,8
00-0033856,L.Fournette,2019,9
00-0033856,L.Fournette,2019,11
00-0033856,L.Fournette,2019,12
00-0033856,L.Fournette,2019,13
00-0033856,L.Fournette,2019,14
00-0033856,L.Fournette,2019,15
00-0033856,L.Fournette,2019,16
00-0033856,L.Fournette,2020,1
00-0033856,L.Fournette,2020,2
00-0033856,L.Fournette,2020,3
00-0033856,L.Fournette,2020,7
00-0033856,L.Fournette,2020,8
00-0033856,L.Fournette,2020,9
00-0033856,L.Fournette,2020,10
00-0033856,L.Fournette,2020,11
00-0033856,L.Fournette,2020,12
00-0033856,L.Fournette,2020,15
00-0033856,L.Fournette,2020,16
00-0033856,L.Fournette,2020,17
00-0033856,L.Fournette,2020,18
00-0033856,L.Fournette,2020,19
00-0033856,L.Fournette,2020,20
00-0033856,L.Fournette,2020,21
00-0033856,L.Fournette,2021,1
00-0033856,L.Fournette,2021,2
00-0033856,L.Fournette,2021,3
00-0033856,L.Fournette,2021,4
00-0033856,L.Fournette,2021,5
00-0033856,L.Fournette,2021,6
00-0033856,L.Fournette,2021,7
00-0033856,L.Fournette,2021,8
00-0033856,L.Fournette,2021,10
00-0033856,L.Fournette,2021,11
00-0033856,L.Fournette,2021,12
00-0033856,L.Fournette,2021,13
00-0033856,L.Fournette,2021,14
00-0033856,L.Fournette,2021,15
00-0033856,L.Fournette,2021,20
00-0033856,L.Fournette,2022,1
00-0033856,L.Fournette,2022,2
00-0033856,L.Fournette,2022,3
00-0033856,L.Fournette,2022,4
00-0033856,L.Fournette,2022,5
00-0033856,L.Fournette,2022,6
00-0033856,L.Fournette,2022,7
00-0033856,L.Fournette,2022,8
00-0033856,L.Fournette,2022,9
00-0033856,L.Fournette,2022,10
00-0033856,L.Fournette,2022,13
00-0033856,L.Fournette,2022,14
00-0033856,L.Fournette,2022,15
00-0033856,L.Fournette,2022,16
00-0033856,L.Fournette,2022,17
00-0033856,L.Fournette,2022,18
00-0033856,L.Fournette,2022,19
00-0033857,J.Smith-Schuster,2017,11
00-0033857,J.Smith-Schuster,2017,13
00-0033857,J.Smith-Schuster,2017,15
00-0033857,J.Smith-Schuster,2017,16
00-0033857,J.Smith-Schuster,2017,17
00-0033857,J.Smith-Schuster,2017,19
00-0033857,J.Smith-Schuster,2018,1
00-0033857,J.Smith-Schuster,2018,2
00-0033857,J.Smith-Schuster,2018,3
00-0033857,J.Smith-Schuster,2018,4
00-0033857,J.Smith-Schuster,2018,5
00-0033857,J.Smith-Schuster,2018,6
00-0033857,J.Smith-Schuster,2018,8
00-0033857,J.Smith-Schuster,2018,9
00-0033857,J.Smith-Schuster,2018,10
00-0033857,J.Smith-Schuster,2018,11
00-0033857,J.Smith-Schuster,2018,12
00-0033857,J.Smith-Schuster,2018,13
00-0033857,J.Smith-Schuster,2018,14
00-0033857,J.Smith-Schuster,2018,15
00-0033857,J.Smith-Schuster,2018,16
00-0033857,J.Smith-Schuster,2018,17
00-0033857,J.Smith-Schuster,2019,1
00-0033857,J.Smith-Schuster,2019,2
00-0033857,J.Smith-Schuster,2019,3
00-0033857,J.Smith-Schuster,2019,4
00-0033857,J.Smith-Schuster,2019,5
00-0033857,J.Smith-Schuster,2019,6
00-0033857,J.Smith-Schuster,2019,8
00-0033857,J.Smith-Schuster,2019,9
00-0033857,J.Smith-Schuster,2019,10
00-0033857,J.Smith-Schuster,2019,11
00-0033857,J.Smith-Schuster,2019,16
00-0033857,J.Smith-Schuster,2019,17
00-0033857,J.Smith-Schuster,2020,1
00-0033857,J.Smith-Schuster,2020,2
00-0033857,J.Smith-Schuster,2020,3
00-0033857,J.Smith-Schuster,2020,5
00-0033857,J.Smith-Schuster,2020,6
00-0033857,J.Smith-Schuster,2020,7
00-0033857,J.Smith-Schuster,2020,8
00-0033857,J.Smith-Schuster,2020,9
00-0033857,J.Smith-Schuster,2020,10
00-0033857,J.Smith-Schuster,2020,11
00-0033857,J.Smith-Schuster,2020,12
00-0033857,J.Smith-Schuster,2020,13
00-0033857,J.Smith-Schuster,2020,14
00-0033857,J.Smith-Schuster,2020,15
00-0033857,J.Smith-Schuster,2020,16
00-0033857,J.Smith-Schuster,2020,17
00-0033857,J.Smith-Schuster,2020,18
00-0033857,J.Smith-Schuster,2021,1
00-0033857,J.Smith-Schuster,2021,2
00-0033857,J.Smith-Schuster,2021,3
00-0033857,J.Smith-Schuster,2021,4
00-0033857,J.Smith-Schuster,2021,5
00-0033857,J.Smith-Schuster,2021,19
00-0033857,J.Smith-Schuster,2022,1
00-0033857,J.Smith-Schuster,2022,2
00-0033857,J.Smith-Schuster,2022,3
00-0033857,J.Smith-Schuster,2022,4
00-0033857,J.Smith-Schuster,2022,5
00-0033857,J.Smith-Schuster,2022,6
00-0033857,J.Smith-Schuster,2022,7
00-0033857,J.Smith-Schuster,2022,9
00-0033857,J.Smith-Schuster,2022,10
00-0033857,J.Smith-Schuster,2022,12
00-0033857,J.Smith-Schuster,2022,13
00-0033857,J.Smith-Schuster,2022,14
00-0033857,J.Smith-Schuster,2022,15
00-0033857,J.Smith-Schuster,2022,16
00-0033857,J.Smith-Schuster,2022,17
00-0033857,J.Smith-Schuster,2022,18
00-0033857,J.Smith-Schuster,2022,20
00-0033857,J.Smith-Schuster,2022,21
00-0033857,J.Smith-Schuster,2022,22
00-0033858,J.Smith,2017,11
00-0033858,J.Smith,2017,13
00-0033858,J.Smith,2017,15
00-0033858,J.Smith,2017,16
00-0033858,J.Smith,2017,17
00-0033858,J.Smith,2017,18
00-0033858,J.Smith,2017,19
00-0033858,J.Smith,2018,1
00-0033858,J.Smith,2018,3
00-0033858,J.Smith,2018,4
00-0033858,J.Smith,2018,5
00-0033858,J.Smith,2018,6
00-0033858,J.Smith,2018,7
00-0033858,J.Smith,2018,9
00-0033858,J.Smith,2018,10
00-0033858,J.Smith,2018,11
00-0033858,J.Smith,2018,12
00-0033858,J.Smith,2018,13
00-0033858,J.Smith,2019,1
00-0033858,J.Smith,2019,3
00-0033858,J.Smith,2019,4
00-0033858,J.Smith,2019,5
00-0033858,J.Smith,2019,6
00-0033858,J.Smith,2019,7
00-0033858,J.Smith,2019,8
00-0033858,J.Smith,2019,9
00-0033858,J.Smith,2019,10
00-0033858,J.Smith,2019,13
00-0033858,J.Smith,2019,14
00-0033858,J.Smith,2019,15
00-0033858,J.Smith,2019,16
00-0033858,J.Smith,2019,18
00-0033858,J.Smith,2019,19
00-0033858,J.Smith,2019,20
00-0033858,J.Smith,2020,1
00-0033858,J.Smith,2020,2
00-0033858,J.Smith,2020,3
00-0033858,J.Smith,2020,5
00-0033858,J.Smith,2020,6
00-0033858,J.Smith,2020,7
00-0033858,J.Smith,2020,8
00-0033858,J.Smith,2020,9
00-0033858,J.Smith,2020,10
00-0033858,J.Smith,2020,11
00-0033858,J.Smith,2020,14
00-0033858,J.Smith,2020,15
00-0033858,J.Smith,2020,16
00-0033858,J.Smith,2020,17
00-0033858,J.Smith,2020,18
00-0033858,J.Smith,2021,1
00-0033858,J.Smith,2021,2
00-0033858,J.Smith,2021,3
00-0033858,J.Smith,2021,4
00-0033858,J.Smith,2021,5
00-0033858,J.Smith,2021,6
00-0033858,J.Smith,2021,7
00-0033858,J.Smith,2021,8
00-0033858,J.Smith,2021,9
00-0033858,J.Smith,2021,11
00-0033858,J.Smith,2021,12
00-0033858,J.Smith,2021,13
00-0033858,J.Smith,2021,15
00-0033858,J.Smith,2021,17
00-0033858,J.Smith,2022,1
00-0033858,J.Smith,2022,2
00-0033858,J.Smith,2022,3
00-0033858,J.Smith,2022,6
00-0033858,J.Smith,2022,7
00-0033858,J.Smith,2022,8
00-0033858,J.Smith,2022,9
00-0033858,J.Smith,2022,11
00-0033858,J.Smith,2022,13
00-0033858,J.Smith,2022,14
00-0033858,J.Smith,2022,15
00-0033858,J.Smith,2022,16
00-0033871,C.Davis,2017,15
00-0033871,C.Davis,2017,16
00-0033871,C.Davis,2017,17
00-0033871,C.Davis,2017,18
00-0033871,C.Davis,2017,19
00-0033871,C.Davis,2018,1
00-0033871,C.Davis,2018,2
00-0033871,C.Davis,2018,3
00-0033871,C.Davis,2018,4
00-0033871,C.Davis,2018,5
00-0033871,C.Davis,2018,6
00-0033871,C.Davis,2018,7
00-0033871,C.Davis,2018,9
00-0033871,C.Davis,2018,10
00-0033871,C.Davis,2018,11
00-0033871,C.Davis,2018,12
00-0033871,C.Davis,2018,13
00-0033871,C.Davis,2018,14
00-0033871,C.Davis,2018,15
00-0033871,C.Davis,2018,16
00-0033871,C.Davis,2018,17
00-0033871,C.Davis,2019,1
00-0033871,C.Davis,2019,2
00-0033871,C.Davis,2019,3
00-0033871,C.Davis,2019,4
00-0033871,C.Davis,2019,5
00-0033871,C.Davis,2019,6
00-0033871,C.Davis,2019,7
00-0033871,C.Davis,2019,8
00-0033871,C.Davis,2019,9
00-0033871,C.Davis,2019,12
00-0033871,C.Davis,2019,13
00-0033871,C.Davis,2019,14
00-0033871,C.Davis,2019,15
00-0033871,C.Davis,2019,16
00-0033871,C.Davis,2019,17
00-0033871,C.Davis,2019,18
00-0033871,C.Davis,2019,19
00-0033871,C.Davis,2019,20
00-0033871,C.Davis,2020,1
00-0033871,C.Davis,2020,2
00-0033871,C.Davis,2020,3
00-0033871,C.Davis,2020,7
00-0033871,C.Davis,2020,8
00-0033871,C.Davis,2020,9
00-0033871,C.Davis,2020,10
00-0033871,C.Davis,2020,11
00-0033871,C.Davis,2020,12
00-0033871,C.Davis,2020,13
00-0033871,C.Davis,2020,14
00-0033871,C.Davis,2020,15
00-0033871,C.Davis,2020,16
00-0033871,C.Davis,2020,17
00-0033871,C.Davis,2020,18
00-0033871,C.Davis,2021,1
00-0033871,C.Davis,2021,2
00-0033871,C.Davis,2021,3
00-0033871,C.Davis,2021,4
00-0033871,C.Davis,2021,5
00-0033871,C.Davis,2021,7
00-0033871,C.Davis,2021,10
00-0033871,C.Davis,2021,11
00-0033871,C.Davis,2021,13
00-0033871,C.Davis,2022,1
00-0033871,C.Davis,2022,2
00-0033871,C.Davis,2022,3
00-0033871,C.Davis,2022,4
00-0033871,C.Davis,2022,5
00-0033871,C.Davis,2022,6
00-0033871,C.Davis,2022,7
00-0033871,C.Davis,2022,12
00-0033871,C.Davis,2022,13
00-0033871,C.Davis,2022,14
00-0033871,C.Davis,2022,16
00-0033871,C.Davis,2022,17
00-0033871,C.Davis,2022,18
00-0033879,O.Howard,2017,11
00-0033879,O.Howard,2017,12
00-0033879,O.Howard,2017,13
00-0033879,O.Howard,2017,14
00-0033879,O.Howard,2017,15
00-0033879,O.Howard,2018,1
00-0033879,O.Howard,2018,2
00-0033879,O.Howard,2018,3
00-0033879,O.Howard,2018,4
00-0033879,O.Howard,2018,6
00-0033879,O.Howard,2018,7
00-0033879,O.Howard,2018,8
00-0033879,O.Howard,2018,9
00-0033879,O.Howard,2018,10
00-0033879,O.Howard,2018,11
00-0033879,O.Howard,2019,1
00-0033879,O.Howard,2019,3
00-0033879,O.Howard,2019,4
00-0033879,O.Howard,2019,5
00-0033879,O.Howard,2019,6
00-0033879,O.Howard,2019,10
00-0033879,O.Howard,2019,11
00-0033879,O.Howard,2019,12
00-0033879,O.Howard,2019,13
00-0033879,O.Howard,2019,14
00-0033879,O.Howard,2019,15
00-0033879,O.Howard,2019,16
00-0033879,O.Howard,2020,1
00-0033879,O.Howard,2020,2
00-0033879,O.Howard,2020,3
00-0033879,O.Howard,2020,4
00-0033879,O.Howard,2021,2
00-0033879,O.Howard,2021,3
00-0033879,O.Howard,2021,4
00-0033879,O.Howard,2021,5
00-0033879,O.Howard,2021,6
00-0033879,O.Howard,2021,7
00-0033879,O.Howard,2021,8
00-0033879,O.Howard,2021,11
00-0033879,O.Howard,2021,15
00-0033879,O.Howard,2021,19
00-0033879,O.Howard,2021,20
00-0033879,O.Howard,2022,1
00-0033879,O.Howard,2022,2
00-0033879,O.Howard,2022,3
00-0033879,O.Howard,2022,4
00-0033879,O.Howard,2022,5
00-0033879,O.Howard,2022,8
00-0033879,O.Howard,2022,9
00-0033879,O.Howard,2022,10
00-0033879,O.Howard,2022,11
00-0033879,O.Howard,2022,12
00-0033879,O.Howard,2022,17
00-0033881,E.Engram,2017,10
00-0033881,E.Engram,2017,11
00-0033881,E.Engram,2017,12
00-0033881,E.Engram,2017,13
00-0033881,E.Engram,2017,14
00-0033881,E.Engram,2017,15
00-0033881,E.Engram,2017,16
00-0033881,E.Engram,2018,1
00-0033881,E.Engram,2018,2
00-0033881,E.Engram,2018,3
00-0033881,E.Engram,2018,7
00-0033881,E.Engram,2018,8
00-0033881,E.Engram,2018,10
00-0033881,E.Engram,2018,11
00-0033881,E.Engram,2018,14
00-0033881,E.Engram,2018,15
00-0033881,E.Engram,2018,16
00-0033881,E.Engram,2018,17
00-0033881,E.Engram,2019,1
00-0033881,E.Engram,2019,2
00-0033881,E.Engram,2019,3
00-0033881,E.Engram,2019,4
00-0033881,E.Engram,2019,5
00-0033881,E.Engram,2019,7
00-0033881,E.Engram,2019,8
00-0033881,E.Engram,2019,9
00-0033881,E.Engram,2020,1
00-0033881,E.Engram,2020,2
00-0033881,E.Engram,2020,3
00-0033881,E.Engram,2020,4
00-0033881,E.Engram,2020,5
00-0033881,E.Engram,2020,6
00-0033881,E.Engram,2020,7
00-0033881,E.Engram,2020,8
00-0033881,E.Engram,2020,9
00-0033881,E.Engram,2020,10
00-0033881,E.Engram,2020,12
00-0033881,E.Engram,2020,13
00-0033881,E.Engram,2020,14
00-0033881,E.Engram,2020,15
00-0033881,E.Engram,2020,16
00-0033881,E.Engram,2020,17
00-0033881,E.Engram,2021,3
00-0033881,E.Engram,2021,4
00-0033881,E.Engram,2021,5
00-0033881,E.Engram,2021,6
00-0033881,E.Engram,2021,7
00-0033881,E.Engram,2021,8
00-0033881,E.Engram,2021,9
00-0033881,E.Engram,2021,11
00-0033881,E.Engram,2021,12
00-0033881,E.Engram,2021,13
00-0033881,E.Engram,2021,14
00-0033881,E.Engram,2021,15
00-0033881,E.Engram,2021,16
00-0033881,E.Engram,2021,17
00-0033881,E.Engram,2021,18
00-0033881,E.Engram,2022,1
00-0033881,E.Engram,2022,2
00-0033881,E.Engram,2022,3
00-0033881,E.Engram,2022,4
00-0033881,E.Engram,2022,5
00-0033881,E.Engram,2022,6
00-0033881,E.Engram,2022,7
00-0033881,E.Engram,2022,8
00-0033881,E.Engram,2022,9
00-0033881,E.Engram,2022,10
00-0033881,E.Engram,2022,12
00-0033881,E.Engram,2022,13
00-0033881,E.Engram,2022,14
00-0033881,E.Engram,2022,15
00-0033881,E.Engram,2022,16
00-0033881,E.Engram,2022,17
00-0033881,E.Engram,2022,18
00-0033881,E.Engram,2022,19
00-0033881,E.Engram,2022,20
00-0033885,D.Njoku,2017,10
00-0033885,D.Njoku,2017,11
00-0033885,D.Njoku,2017,12
00-0033885,D.Njoku,2017,13
00-0033885,D.Njoku,2017,14
00-0033885,D.Njoku,2017,15
00-0033885,D.Njoku,2017,16
00-0033885,D.Njoku,2017,17
00-0033885,D.Njoku,2018,1
00-0033885,D.Njoku,2018,2
00-0033885,D.Njoku,2018,3
00-0033885,D.Njoku,2018,4
00-0033885,D.Njoku,2018,5
00-0033885,D.Njoku,2018,6
00-0033885,D.Njoku,2018,7
00-0033885,D.Njoku,2018,9
00-0033885,D.Njoku,2018,10
00-0033885,D.Njoku,2018,12
00-0033885,D.Njoku,2018,13
00-0033885,D.Njoku,2018,14
00-0033885,D.Njoku,2018,15
00-0033885,D.Njoku,2018,16
00-0033885,D.Njoku,2018,17
00-0033885,D.Njoku,2019,1
00-0033885,D.Njoku,2019,2
00-0033885,D.Njoku,2019,14
00-0033885,D.Njoku,2020,1
00-0033885,D.Njoku,2020,5
00-0033885,D.Njoku,2020,6
00-0033885,D.Njoku,2020,7
00-0033885,D.Njoku,2020,8
00-0033885,D.Njoku,2020,11
00-0033885,D.Njoku,2020,13
00-0033885,D.Njoku,2020,14
00-0033885,D.Njoku,2020,15
00-0033885,D.Njoku,2020,16
00-0033885,D.Njoku,2020,17
00-0033885,D.Njoku,2020,18
00-0033885,D.Njoku,2020,19
00-0033885,D.Njoku,2021,1
00-0033885,D.Njoku,2021,2
00-0033885,D.Njoku,2021,4
00-0033885,D.Njoku,2021,5
00-0033885,D.Njoku,2021,6
00-0033885,D.Njoku,2021,7
00-0033885,D.Njoku,2021,8
00-0033885,D.Njoku,2021,9
00-0033885,D.Njoku,2021,10
00-0033885,D.Njoku,2021,11
00-0033885,D.Njoku,2021,12
00-0033885,D.Njoku,2021,15
00-0033885,D.Njoku,2021,16
00-0033885,D.Njoku,2021,17
00-0033885,D.Njoku,2021,18
00-0033885,D.Njoku,2022,1
00-0033885,D.Njoku,2022,2
00-0033885,D.Njoku,2022,3
00-0033885,D.Njoku,2022,4
00-0033885,D.Njoku,2022,5
00-0033885,D.Njoku,2022,6
00-0033885,D.Njoku,2022,7
00-0033885,D.Njoku,2022,11
00-0033885,D.Njoku,2022,12
00-0033885,D.Njoku,2022,14
00-0033885,D.Njoku,2022,15
00-0033885,D.Njoku,2022,16
00-0033885,D.Njoku,2022,17
00-0033885,D.Njoku,2022,18
00-0033891,Z.Jones,2017,11
00-0033891,Z.Jones,2017,12
00-0033891,Z.Jones,2017,13
00-0033891,Z.Jones,2017,15
00-0033891,Z.Jones,2017,16
00-0033891,Z.Jones,2017,17
00-0033891,Z.Jones,2017,18
00-0033891,Z.Jones,2018,1
00-0033891,Z.Jones,2018,2
00-0033891,Z.Jones,2018,3
00-0033891,Z.Jones,2018,4
00-0033891,Z.Jones,2018,5
00-0033891,Z.Jones,2018,6
00-0033891,Z.Jones,2018,7
00-0033891,Z.Jones,2018,8
00-0033891,Z.Jones,2018,9
00-0033891,Z.Jones,2018,10
00-0033891,Z.Jones,2018,12
00-0033891,Z.Jones,2018,13
00-0033891,Z.Jones,2018,14
00-0033891,Z.Jones,2018,15
00-0033891,Z.Jones,2018,16
00-0033891,Z.Jones,2018,17
00-0033891,Z.Jones,2019,1
00-0033891,Z.Jones,2019,2
00-0033891,Z.Jones,2019,3
00-0033891,Z.Jones,2019,4
00-0033891,Z.Jones,2019,8
00-0033891,Z.Jones,2019,9
00-0033891,Z.Jones,2019,10
00-0033891,Z.Jones,2019,11
00-0033891,Z.Jones,2019,12
00-0033891,Z.Jones,2019,13
00-0033891,Z.Jones,2019,14
00-0033891,Z.Jones,2019,15
00-0033891,Z.Jones,2019,16
00-0033891,Z.Jones,2019,17
00-0033891,Z.Jones,2020,2
00-0033891,Z.Jones,2020,3
00-0033891,Z.Jones,2020,4
00-0033891,Z.Jones,2020,5
00-0033891,Z.Jones,2020,10
00-0033891,Z.Jones,2020,11
00-0033891,Z.Jones,2020,12
00-0033891,Z.Jones,2020,13
00-0033891,Z.Jones,2020,15
00-0033891,Z.Jones,2020,17
00-0033891,Z.Jones,2021,1
00-0033891,Z.Jones,2021,3
00-0033891,Z.Jones,2021,4
00-0033891,Z.Jones,2021,5
00-0033891,Z.Jones,2021,7
00-0033891,Z.Jones,2021,9
00-0033891,Z.Jones,2021,10
00-0033891,Z.Jones,2021,11
00-0033891,Z.Jones,2021,12
00-0033891,Z.Jones,2021,13
00-0033891,Z.Jones,2021,14
00-0033891,Z.Jones,2021,15
00-0033891,Z.Jones,2021,16
00-0033891,Z.Jones,2021,17
00-0033891,Z.Jones,2021,18
00-0033891,Z.Jones,2021,19
00-0033891,Z.Jones,2022,1
00-0033891,Z.Jones,2022,2
00-0033891,Z.Jones,2022,3
00-0033891,Z.Jones,2022,5
00-0033891,Z.Jones,2022,6
00-0033891,Z.Jones,2022,7
00-0033891,Z.Jones,2022,8
00-0033891,Z.Jones,2022,9
00-0033891,Z.Jones,2022,10
00-0033891,Z.Jones,2022,12
00-0033891,Z.Jones,2022,13
00-0033891,Z.Jones,2022,14
00-0033891,Z.Jones,2022,15
00-0033891,Z.Jones,2022,16
00-0033891,Z.Jones,2022,17
00-0033891,Z.Jones,2022,18
00-0033891,Z.Jones,2022,19
00-0033891,Z.Jones,2022,20
00-0033893,D.Cook,2018,12
00-0033893,D.Cook,2018,13
00-0033893,D.Cook,2018,14
00-0033893,D.Cook,2018,15
00-0033893,D.Cook,2018,16
00-0033893,D.Cook,2018,17
00-0033893,D.Cook,2019,1
00-0033893,D.Cook,2019,2
00-0033893,D.Cook,2019,3
00-0033893,D.Cook,2019,4
00-0033893,D.Cook,2019,5
00-0033893,D.Cook,2019,6
00-0033893,D.Cook,2019,7
00-0033893,D.Cook,2019,8
00-0033893,D.Cook,2019,9
00-0033893,D.Cook,2019,10
00-0033893,D.Cook,2019,11
00-0033893,D.Cook,2019,13
00-0033893,D.Cook,2019,14
00-0033893,D.Cook,2019,15
00-0033893,D.Cook,2019,18
00-0033893,D.Cook,2019,19
00-0033893,D.Cook,2020,1
00-0033893,D.Cook,2020,2
00-0033893,D.Cook,2020,3
00-0033893,D.Cook,2020,4
00-0033893,D.Cook,2020,5
00-0033893,D.Cook,2020,8
00-0033893,D.Cook,2020,9
00-0033893,D.Cook,2020,10
00-0033893,D.Cook,2020,11
00-0033893,D.Cook,2020,12
00-0033893,D.Cook,2020,13
00-0033893,D.Cook,2020,14
00-0033893,D.Cook,2020,15
00-0033893,D.Cook,2020,16
00-0033893,D.Cook,2021,1
00-0033893,D.Cook,2021,2
00-0033893,D.Cook,2021,4
00-0033893,D.Cook,2021,6
00-0033893,D.Cook,2021,8
00-0033893,D.Cook,2021,9
00-0033893,D.Cook,2021,10
00-0033893,D.Cook,2021,11
00-0033893,D.Cook,2021,12
00-0033893,D.Cook,2021,14
00-0033893,D.Cook,2021,15
00-0033893,D.Cook,2021,17
00-0033893,D.Cook,2021,18
00-0033893,D.Cook,2022,1
00-0033893,D.Cook,2022,2
00-0033893,D.Cook,2022,4
00-0033893,D.Cook,2022,5
00-0033893,D.Cook,2022,6
00-0033893,D.Cook,2022,8
00-0033893,D.Cook,2022,9
00-0033893,D.Cook,2022,10
00-0033893,D.Cook,2022,11
00-0033893,D.Cook,2022,12
00-0033893,D.Cook,2022,13
00-0033893,D.Cook,2022,14
00-0033893,D.Cook,2022,15
00-0033893,D.Cook,2022,16
00-0033893,D.Cook,2022,17
00-0033893,D.Cook,2022,18
00-0033893,D.Cook,2022,19
00-0033895,G.Everett,2017,12
00-0033895,G.Everett,2017,13
00-0033895,G.Everett,2017,14
00-0033895,G.Everett,2017,15
00-0033895,G.Everett,2017,17
00-0033895,G.Everett,2017,18
00-0033895,G.Everett,2018,2
00-0033895,G.Everett,2018,3
00-0033895,G.Everett,2018,4
00-0033895,G.Everett,2018,5
00-0033895,G.Everett,2018,6
00-0033895,G.Everett,2018,7
00-0033895,G.Everett,2018,8
00-0033895,G.Everett,2018,9
00-0033895,G.Everett,2018,10
00-0033895,G.Everett,2018,11
00-0033895,G.Everett,2018,13
00-0033895,G.Everett,2018,14
00-0033895,G.Everett,2018,15
00-0033895,G.Everett,2018,16
00-0033895,G.Everett,2018,17
00-0033895,G.Everett,2018,19
00-0033895,G.Everett,2018,20
00-0033895,G.Everett,2018,21
00-0033895,G.Everett,2019,1
00-0033895,G.Everett,2019,2
00-0033895,G.Everett,2019,3
00-0033895,G.Everett,2019,4
00-0033895,G.Everett,2019,5
00-0033895,G.Everett,2019,6
00-0033895,G.Everett,2019,7
00-0033895,G.Everett,2019,8
00-0033895,G.Everett,2019,10
00-0033895,G.Everett,2019,11
00-0033895,G.Everett,2019,12
00-0033895,G.Everett,2019,16
00-0033895,G.Everett,2020,1
00-0033895,G.Everett,2020,3
00-0033895,G.Everett,2020,4
00-0033895,G.Everett,2020,5
00-0033895,G.Everett,2020,6
00-0033895,G.Everett,2020,7
00-0033895,G.Everett,2020,8
00-0033895,G.Everett,2020,10
00-0033895,G.Everett,2020,11
00-0033895,G.Everett,2020,12
00-0033895,G.Everett,2020,13
00-0033895,G.Everett,2020,14
00-0033895,G.Everett,2020,15
00-0033895,G.Everett,2020,16
00-0033895,G.Everett,2020,17
00-0033895,G.Everett,2020,18
00-0033895,G.Everett,2020,19
00-0033895,G.Everett,2021,1
00-0033895,G.Everett,2021,2
00-0033895,G.Everett,2021,3
00-0033895,G.Everett,2021,6
00-0033895,G.Everett,2021,7
00-0033895,G.Everett,2021,8
00-0033895,G.Everett,2021,10
00-0033895,G.Everett,2021,11
00-0033895,G.Everett,2021,12
00-0033895,G.Everett,2021,13
00-0033895,G.Everett,2021,14
00-0033895,G.Everett,2021,15
00-0033895,G.Everett,2021,16
00-0033895,G.Everett,2021,17
00-0033895,G.Everett,2021,18
00-0033895,G.Everett,2022,1
00-0033895,G.Everett,2022,2
00-0033895,G.Everett,2022,3
00-0033895,G.Everett,2022,4
00-0033895,G.Everett,2022,5
00-0033895,G.Everett,2022,6
00-0033895,G.Everett,2022,7
00-0033895,G.Everett,2022,9
00-0033895,G.Everett,2022,10
00-0033895,G.Everett,2022,12
00-0033895,G.Everett,2022,13
00-0033895,G.Everett,2022,14
00-0033895,G.Everett,2022,15
00-0033895,G.Everett,2022,17
00-0033895,G.Everett,2022,18
00-0033895,G.Everett,2022,19
00-0033896,A.Shaheen,2018,15
00-0033896,A.Shaheen,2018,16
00-0033896,A.Shaheen,2018,18
00-0033896,A.Shaheen,2019,1
00-0033896,A.Shaheen,2019,2
00-0033896,A.Shaheen,2019,3
00-0033896,A.Shaheen,2019,4
00-0033896,A.Shaheen,2019,7
00-0033896,A.Shaheen,2019,8
00-0033896,A.Shaheen,2019,9
00-0033896,A.Shaheen,2020,2
00-0033896,A.Shaheen,2020,4
00-0033896,A.Shaheen,2020,5
00-0033896,A.Shaheen,2020,6
00-0033896,A.Shaheen,2020,8
00-0033896,A.Shaheen,2020,9
00-0033896,A.Shaheen,2020,10
00-0033896,A.Shaheen,2020,12
00-0033896,A.Shaheen,2020,13
00-0033896,A.Shaheen,2020,14
00-0033896,A.Shaheen,2020,15
00-0033896,A.Shaheen,2020,16
00-0033896,A.Shaheen,2020,17
00-0033896,A.Shaheen,2021,4
00-0033896,A.Shaheen,2021,5
00-0033896,A.Shaheen,2021,7
00-0033896,A.Shaheen,2021,8
00-0033896,A.Shaheen,2021,9
00-0033896,A.Shaheen,2021,10
00-0033896,A.Shaheen,2021,11
00-0033897,J.Mixon,2017,11
00-0033897,J.Mixon,2017,12
00-0033897,J.Mixon,2017,13
00-0033897,J.Mixon,2017,16
00-0033897,J.Mixon,2017,17
00-0033897,J.Mixon,2018,1
00-0033897,J.Mixon,2018,2
00-0033897,J.Mixon,2018,5
00-0033897,J.Mixon,2018,6
00-0033897,J.Mixon,2018,7
00-0033897,J.Mixon,2018,8
00-0033897,J.Mixon,2018,10
00-0033897,J.Mixon,2018,11
00-0033897,J.Mixon,2018,12
00-0033897,J.Mixon,2018,13
00-0033897,J.Mixon,2018,14
00-0033897,J.Mixon,2018,15
00-0033897,J.Mixon,2018,16
00-0033897,J.Mixon,2018,17
00-0033897,J.Mixon,2019,1
00-0033897,J.Mixon,2019,2
00-0033897,J.Mixon,2019,3
00-0033897,J.Mixon,2019,4
00-0033897,J.Mixon,2019,5
00-0033897,J.Mixon,2019,6
00-0033897,J.Mixon,2019,7
00-0033897,J.Mixon,2019,8
00-0033897,J.Mixon,2019,10
00-0033897,J.Mixon,2019,11
00-0033897,J.Mixon,2019,13
00-0033897,J.Mixon,2019,14
00-0033897,J.Mixon,2019,15
00-0033897,J.Mixon,2019,16
00-0033897,J.Mixon,2019,17
00-0033897,J.Mixon,2020,1
00-0033897,J.Mixon,2020,2
00-0033897,J.Mixon,2020,3
00-0033897,J.Mixon,2020,4
00-0033897,J.Mixon,2020,5
00-0033897,J.Mixon,2020,6
00-0033897,J.Mixon,2021,1
00-0033897,J.Mixon,2021,2
00-0033897,J.Mixon,2021,3
00-0033897,J.Mixon,2021,4
00-0033897,J.Mixon,2021,5
00-0033897,J.Mixon,2021,6
00-0033897,J.Mixon,2021,8
00-0033897,J.Mixon,2021,9
00-0033897,J.Mixon,2021,12
00-0033897,J.Mixon,2021,13
00-0033897,J.Mixon,2021,14
00-0033897,J.Mixon,2021,15
00-0033897,J.Mixon,2021,16
00-0033897,J.Mixon,2021,17
00-0033897,J.Mixon,2021,19
00-0033897,J.Mixon,2021,20
00-0033897,J.Mixon,2021,21
00-0033897,J.Mixon,2021,22
00-0033897,J.Mixon,2022,1
00-0033897,J.Mixon,2022,2
00-0033897,J.Mixon,2022,3
00-0033897,J.Mixon,2022,4
00-0033897,J.Mixon,2022,5
00-0033897,J.Mixon,2022,6
00-0033897,J.Mixon,2022,7
00-0033897,J.Mixon,2022,8
00-0033897,J.Mixon,2022,9
00-0033897,J.Mixon,2022,11
00-0033897,J.Mixon,2022,14
00-0033897,J.Mixon,2022,15
00-0033897,J.Mixon,2022,16
00-0033897,J.Mixon,2022,18
00-0033897,J.Mixon,2022,19
00-0033897,J.Mixon,2022,20
00-0033897,J.Mixon,2022,21
00-0033906,A.Kamara,2017,10
00-0033906,A.Kamara,2017,11
00-0033906,A.Kamara,2017,12
00-0033906,A.Kamara,2017,13
00-0033906,A.Kamara,2017,14
00-0033906,A.Kamara,2017,15
00-0033906,A.Kamara,2017,16
00-0033906,A.Kamara,2017,17
00-0033906,A.Kamara,2017,18
00-0033906,A.Kamara,2017,19
00-0033906,A.Kamara,2018,1
00-0033906,A.Kamara,2018,2
00-0033906,A.Kamara,2018,3
00-0033906,A.Kamara,2018,4
00-0033906,A.Kamara,2018,5
00-0033906,A.Kamara,2018,7
00-0033906,A.Kamara,2018,8
00-0033906,A.Kamara,2018,9
00-0033906,A.Kamara,2018,10
00-0033906,A.Kamara,2018,11
00-0033906,A.Kamara,2018,12
00-0033906,A.Kamara,2018,13
00-0033906,A.Kamara,2018,14
00-0033906,A.Kamara,2018,15
00-0033906,A.Kamara,2018,16
00-0033906,A.Kamara,2018,19
00-0033906,A.Kamara,2018,20
00-0033906,A.Kamara,2019,1
00-0033906,A.Kamara,2019,2
00-0033906,A.Kamara,2019,3
00-0033906,A.Kamara,2019,4
00-0033906,A.Kamara,2019,5
00-0033906,A.Kamara,2019,6
00-0033906,A.Kamara,2019,10
00-0033906,A.Kamara,2019,11
00-0033906,A.Kamara,2019,12
00-0033906,A.Kamara,2019,13
00-0033906,A.Kamara,2019,14
00-0033906,A.Kamara,2019,15
00-0033906,A.Kamara,2019,16
00-0033906,A.Kamara,2019,17
00-0033906,A.Kamara,2019,18
00-0033906,A.Kamara,2020,1
00-0033906,A.Kamara,2020,2
00-0033906,A.Kamara,2020,3
00-0033906,A.Kamara,2020,4
00-0033906,A.Kamara,2020,5
00-0033906,A.Kamara,2020,7
00-0033906,A.Kamara,2020,8
00-0033906,A.Kamara,2020,9
00-0033906,A.Kamara,2020,10
00-0033906,A.Kamara,2020,11
00-0033906,A.Kamara,2020,12
00-0033906,A.Kamara,2020,13
00-0033906,A.Kamara,2020,14
00-0033906,A.Kamara,2020,15
00-0033906,A.Kamara,2020,16
00-0033906,A.Kamara,2020,18
00-0033906,A.Kamara,2020,19
00-0033906,A.Kamara,2021,1
00-0033906,A.Kamara,2021,2
00-0033906,A.Kamara,2021,3
00-0033906,A.Kamara,2021,5
00-0033906,A.Kamara,2021,7
00-0033906,A.Kamara,2021,8
00-0033906,A.Kamara,2021,9
00-0033906,A.Kamara,2021,14
00-0033906,A.Kamara,2021,15
00-0033906,A.Kamara,2021,16
00-0033906,A.Kamara,2021,17
00-0033906,A.Kamara,2021,18
00-0033906,A.Kamara,2022,1
00-0033906,A.Kamara,2022,3
00-0033906,A.Kamara,2022,5
00-0033906,A.Kamara,2022,6
00-0033906,A.Kamara,2022,7
00-0033906,A.Kamara,2022,8
00-0033906,A.Kamara,2022,9
00-0033906,A.Kamara,2022,10
00-0033906,A.Kamara,2022,11
00-0033906,A.Kamara,2022,12
00-0033906,A.Kamara,2022,13
00-0033906,A.Kamara,2022,15
00-0033906,A.Kamara,2022,16
00-0033906,A.Kamara,2022,17
00-0033906,A.Kamara,2022,18
00-0033908,C.Kupp,2017,10
00-0033908,C.Kupp,2017,11
00-0033908,C.Kupp,2017,12
00-0033908,C.Kupp,2017,13
00-0033908,C.Kupp,2017,14
00-0033908,C.Kupp,2017,15
00-0033908,C.Kupp,2017,16
00-0033908,C.Kupp,2017,18
00-0033908,C.Kupp,2018,1
00-0033908,C.Kupp,2018,2
00-0033908,C.Kupp,2018,3
00-0033908,C.Kupp,2018,4
00-0033908,C.Kupp,2018,5
00-0033908,C.Kupp,2018,6
00-0033908,C.Kupp,2018,9
00-0033908,C.Kupp,2018,10
00-0033908,C.Kupp,2019,1
00-0033908,C.Kupp,2019,2
00-0033908,C.Kupp,2019,3
00-0033908,C.Kupp,2019,4
00-0033908,C.Kupp,2019,5
00-0033908,C.Kupp,2019,6
00-0033908,C.Kupp,2019,7
00-0033908,C.Kupp,2019,8
00-0033908,C.Kupp,2019,10
00-0033908,C.Kupp,2019,11
00-0033908,C.Kupp,2019,12
00-0033908,C.Kupp,2019,13
00-0033908,C.Kupp,2019,14
00-0033908,C.Kupp,2019,15
00-0033908,C.Kupp,2019,16
00-0033908,C.Kupp,2019,17
00-0033908,C.Kupp,2020,1
00-0033908,C.Kupp,2020,2
00-0033908,C.Kupp,2020,3
00-0033908,C.Kupp,2020,4
00-0033908,C.Kupp,2020,5
00-0033908,C.Kupp,2020,6
00-0033908,C.Kupp,2020,7
00-0033908,C.Kupp,2020,8
00-0033908,C.Kupp,2020,10
00-0033908,C.Kupp,2020,11
00-0033908,C.Kupp,2020,12
00-0033908,C.Kupp,2020,13
00-0033908,C.Kupp,2020,14
00-0033908,C.Kupp,2020,15
00-0033908,C.Kupp,2020,16
00-0033908,C.Kupp,2020,18
00-0033908,C.Kupp,2021,1
00-0033908,C.Kupp,2021,2
00-0033908,C.Kupp,2021,3
00-0033908,C.Kupp,2021,4
00-0033908,C.Kupp,2021,5
00-0033908,C.Kupp,2021,6
00-0033908,C.Kupp,2021,7
00-0033908,C.Kupp,2021,8
00-0033908,C.Kupp,2021,9
00-0033908,C.Kupp,2021,10
00-0033908,C.Kupp,2021,12
00-0033908,C.Kupp,2021,13
00-0033908,C.Kupp,2021,14
00-0033908,C.Kupp,2021,15
00-0033908,C.Kupp,2021,16
00-0033908,C.Kupp,2021,17
00-0033908,C.Kupp,2021,18
00-0033908,C.Kupp,2021,19
00-0033908,C.Kupp,2021,20
00-0033908,C.Kupp,2021,21
00-0033908,C.Kupp,2021,22
00-0033908,C.Kupp,2022,1
00-0033908,C.Kupp,2022,2
00-0033908,C.Kupp,2022,3
00-0033908,C.Kupp,2022,4
00-0033908,C.Kupp,2022,5
00-0033908,C.Kupp,2022,6
00-0033908,C.Kupp,2022,8
00-0033908,C.Kupp,2022,9
00-0033908,C.Kupp,2022,10
00-0033911,T.Taylor,2017,10
00-0033911,T.Taylor,2017,11
00-0033911,T.Taylor,2017,12
00-0033911,T.Taylor,2017,13
00-0033911,T.Taylor,2017,14
00-0033911,T.Taylor,2017,16
00-0033911,T.Taylor,2017,18
00-0033911,T.Taylor,2017,19
00-0033911,T.Taylor,2018,1
00-0033911,T.Taylor,2018,2
00-0033911,T.Taylor,2018,3
00-0033911,T.Taylor,2018,4
00-0033911,T.Taylor,2018,5
00-0033911,T.Taylor,2018,6
00-0033911,T.Taylor,2018,7
00-0033911,T.Taylor,2018,9
00-0033911,T.Taylor,2018,13
00-0033911,T.Taylor,2018,14
00-0033911,T.Taylor,2018,15
00-0033911,T.Taylor,2018,16
00-0033911,T.Taylor,2018,17
00-0033911,T.Taylor,2019,2
00-0033911,T.Taylor,2020,12
00-0033921,C.Godwin,2017,11
00-0033921,C.Godwin,2017,12
00-0033921,C.Godwin,2017,13
00-0033921,C.Godwin,2017,14
00-0033921,C.Godwin,2017,15
00-0033921,C.Godwin,2017,16
00-0033921,C.Godwin,2017,17
00-0033921,C.Godwin,2018,1
00-0033921,C.Godwin,2018,2
00-0033921,C.Godwin,2018,3
00-0033921,C.Godwin,2018,4
00-0033921,C.Godwin,2018,6
00-0033921,C.Godwin,2018,7
00-0033921,C.Godwin,2018,8
00-0033921,C.Godwin,2018,9
00-0033921,C.Godwin,2018,10
00-0033921,C.Godwin,2018,11
00-0033921,C.Godwin,2018,12
00-0033921,C.Godwin,2018,13
00-0033921,C.Godwin,2018,14
00-0033921,C.Godwin,2018,15
00-0033921,C.Godwin,2018,16
00-0033921,C.Godwin,2018,17
00-0033921,C.Godwin,2019,1
00-0033921,C.Godwin,2019,2
00-0033921,C.Godwin,2019,3
00-0033921,C.Godwin,2019,4
00-0033921,C.Godwin,2019,5
00-0033921,C.Godwin,2019,6
00-0033921,C.Godwin,2019,8
00-0033921,C.Godwin,2019,9
00-0033921,C.Godwin,2019,10
00-0033921,C.Godwin,2019,11
00-0033921,C.Godwin,2019,12
00-0033921,C.Godwin,2019,13
00-0033921,C.Godwin,2019,14
00-0033921,C.Godwin,2019,15
00-0033921,C.Godwin,2020,1
00-0033921,C.Godwin,2020,3
00-0033921,C.Godwin,2020,6
00-0033921,C.Godwin,2020,7
00-0033921,C.Godwin,2020,9
00-0033921,C.Godwin,2020,10
00-0033921,C.Godwin,2020,11
00-0033921,C.Godwin,2020,12
00-0033921,C.Godwin,2020,14
00-0033921,C.Godwin,2020,15
00-0033921,C.Godwin,2020,16
00-0033921,C.Godwin,2020,17
00-0033921,C.Godwin,2020,18
00-0033921,C.Godwin,2020,19
00-0033921,C.Godwin,2020,20
00-0033921,C.Godwin,2020,21
00-0033921,C.Godwin,2021,1
00-0033921,C.Godwin,2021,2
00-0033921,C.Godwin,2021,3
00-0033921,C.Godwin,2021,4
00-0033921,C.Godwin,2021,5
00-0033921,C.Godwin,2021,6
00-0033921,C.Godwin,2021,7
00-0033921,C.Godwin,2021,8
00-0033921,C.Godwin,2021,10
00-0033921,C.Godwin,2021,11
00-0033921,C.Godwin,2021,12
00-0033921,C.Godwin,2021,13
00-0033921,C.Godwin,2021,14
00-0033921,C.Godwin,2021,15
00-0033921,C.Godwin,2022,1
00-0033921,C.Godwin,2022,4
00-0033921,C.Godwin,2022,5
00-0033921,C.Godwin,2022,6
00-0033921,C.Godwin,2022,7
00-0033921,C.Godwin,2022,8
00-0033921,C.Godwin,2022,9
00-0033921,C.Godwin,2022,10
00-0033921,C.Godwin,2022,12
00-0033921,C.Godwin,2022,13
00-0033921,C.Godwin,2022,14
00-0033921,C.Godwin,2022,15
00-0033921,C.Godwin,2022,16
00-0033921,C.Godwin,2022,17
00-0033921,C.Godwin,2022,18
00-0033921,C.Godwin,2022,19
00-0033923,K.Hunt,2017,9
00-0033923,K.Hunt,2017,11
00-0033923,K.Hunt,2017,12
00-0033923,K.Hunt,2017,13
00-0033923,K.Hunt,2017,14
00-0033923,K.Hunt,2017,15
00-0033923,K.Hunt,2017,16
00-0033923,K.Hunt,2017,18
00-0033923,K.Hunt,2018,1
00-0033923,K.Hunt,2018,2
00-0033923,K.Hunt,2018,3
00-0033923,K.Hunt,2018,4
00-0033923,K.Hunt,2018,5
00-0033923,K.Hunt,2018,6
00-0033923,K.Hunt,2018,7
00-0033923,K.Hunt,2018,8
00-0033923,K.Hunt,2018,9
00-0033923,K.Hunt,2018,10
00-0033923,K.Hunt,2018,11
00-0033923,K.Hunt,2019,10
00-0033923,K.Hunt,2019,11
00-0033923,K.Hunt,2019,12
00-0033923,K.Hunt,2019,13
00-0033923,K.Hunt,2019,14
00-0033923,K.Hunt,2019,15
00-0033923,K.Hunt,2019,16
00-0033923,K.Hunt,2019,17
00-0033923,K.Hunt,2020,1
00-0033923,K.Hunt,2020,2
00-0033923,K.Hunt,2020,3
00-0033923,K.Hunt,2020,5
00-0033923,K.Hunt,2020,6
00-0033923,K.Hunt,2020,7
00-0033923,K.Hunt,2020,8
00-0033923,K.Hunt,2020,10
00-0033923,K.Hunt,2020,11
00-0033923,K.Hunt,2020,12
00-0033923,K.Hunt,2020,13
00-0033923,K.Hunt,2020,14
00-0033923,K.Hunt,2020,15
00-0033923,K.Hunt,2020,16
00-0033923,K.Hunt,2020,17
00-0033923,K.Hunt,2020,18
00-0033923,K.Hunt,2020,19
00-0033923,K.Hunt,2021,1
00-0033923,K.Hunt,2021,2
00-0033923,K.Hunt,2021,3
00-0033923,K.Hunt,2021,4
00-0033923,K.Hunt,2021,5
00-0033923,K.Hunt,2021,6
00-0033923,K.Hunt,2021,12
00-0033923,K.Hunt,2021,14
00-0033923,K.Hunt,2022,1
00-0033923,K.Hunt,2022,2
00-0033923,K.Hunt,2022,3
00-0033923,K.Hunt,2022,4
00-0033923,K.Hunt,2022,5
00-0033923,K.Hunt,2022,6
00-0033923,K.Hunt,2022,7
00-0033923,K.Hunt,2022,8
00-0033923,K.Hunt,2022,10
00-0033923,K.Hunt,2022,11
00-0033923,K.Hunt,2022,12
00-0033923,K.Hunt,2022,13
00-0033923,K.Hunt,2022,14
00-0033923,K.Hunt,2022,15
00-0033923,K.Hunt,2022,16
00-0033923,K.Hunt,2022,17
00-0033923,K.Hunt,2022,18
00-0033925,D.Foreman,2021,11
00-0033925,D.Foreman,2021,12
00-0033925,D.Foreman,2021,14
00-0033925,D.Foreman,2021,15
00-0033925,D.Foreman,2021,18
00-0033925,D.Foreman,2022,7
00-0033925,D.Foreman,2022,8
00-0033925,D.Foreman,2022,9
00-0033925,D.Foreman,2022,10
00-0033925,D.Foreman,2022,11
00-0033925,D.Foreman,2022,14
00-0033932,K.Golladay,2017,15
00-0033932,K.Golladay,2017,16
00-0033932,K.Golladay,2017,17
00-0033932,K.Golladay,2018,1
00-0033932,K.Golladay,2018,2
00-0033932,K.Golladay,2018,3
00-0033932,K.Golladay,2018,4
00-0033932,K.Golladay,2018,5
00-0033932,K.Golladay,2018,7
00-0033932,K.Golladay,2018,8
00-0033932,K.Golladay,2018,9
00-0033932,K.Golladay,2018,10
00-0033932,K.Golladay,2018,11
00-0033932,K.Golladay,2018,12
00-0033932,K.Golladay,2018,13
00-0033932,K.Golladay,2018,14
00-0033932,K.Golladay,2018,15
00-0033932,K.Golladay,2018,16
00-0033932,K.Golladay,2019,1
00-0033932,K.Golladay,2019,2
00-0033932,K.Golladay,2019,3
00-0033932,K.Golladay,2019,4
00-0033932,K.Golladay,2019,6
00-0033932,K.Golladay,2019,7
00-0033932,K.Golladay,2019,8
00-0033932,K.Golladay,2019,9
00-0033932,K.Golladay,2019,10
00-0033932,K.Golladay,2019,11
00-0033932,K.Golladay,2019,12
00-0033932,K.Golladay,2019,13
00-0033932,K.Golladay,2019,14
00-0033932,K.Golladay,2019,15
00-0033932,K.Golladay,2019,16
00-0033932,K.Golladay,2019,17
00-0033932,K.Golladay,2020,3
00-0033932,K.Golladay,2020,4
00-0033932,K.Golladay,2020,6
00-0033932,K.Golladay,2020,7
00-0033932,K.Golladay,2020,8
00-0033932,K.Golladay,2021,1
00-0033932,K.Golladay,2021,2
00-0033932,K.Golladay,2021,3
00-0033932,K.Golladay,2021,4
00-0033932,K.Golladay,2021,5
00-0033932,K.Golladay,2021,9
00-0033932,K.Golladay,2021,11
00-0033932,K.Golladay,2021,12
00-0033932,K.Golladay,2021,13
00-0033932,K.Golladay,2021,14
00-0033932,K.Golladay,2021,15
00-0033932,K.Golladay,2021,16
00-0033932,K.Golladay,2021,17
00-0033932,K.Golladay,2021,18
00-0033932,K.Golladay,2022,1
00-0033932,K.Golladay,2022,3
00-0033932,K.Golladay,2022,4
00-0033932,K.Golladay,2022,10
00-0033932,K.Golladay,2022,11
00-0033932,K.Golladay,2022,18
00-0033943,J.Reynolds,2018,4
00-0033943,J.Reynolds,2018,5
00-0033943,J.Reynolds,2018,6
00-0033943,J.Reynolds,2018,7
00-0033943,J.Reynolds,2018,8
00-0033943,J.Reynolds,2018,11
00-0033943,J.Reynolds,2018,13
00-0033943,J.Reynolds,2018,14
00-0033943,J.Reynolds,2018,15
00-0033943,J.Reynolds,2018,16
00-0033943,J.Reynolds,2018,17
00-0033943,J.Reynolds,2018,19
00-0033943,J.Reynolds,2018,20
00-0033943,J.Reynolds,2018,21
00-0033943,J.Reynolds,2019,1
00-0033943,J.Reynolds,2019,2
00-0033943,J.Reynolds,2019,3
00-0033943,J.Reynolds,2019,4
00-0033943,J.Reynolds,2019,5
00-0033943,J.Reynolds,2019,6
00-0033943,J.Reynolds,2019,7
00-0033943,J.Reynolds,2019,8
00-0033943,J.Reynolds,2019,10
00-0033943,J.Reynolds,2019,11
00-0033943,J.Reynolds,2019,12
00-0033943,J.Reynolds,2019,13
00-0033943,J.Reynolds,2019,15
00-0033943,J.Reynolds,2019,16
00-0033943,J.Reynolds,2019,17
00-0033943,J.Reynolds,2020,1
00-0033943,J.Reynolds,2020,2
00-0033943,J.Reynolds,2020,3
00-0033943,J.Reynolds,2020,4
00-0033943,J.Reynolds,2020,5
00-0033943,J.Reynolds,2020,6
00-0033943,J.Reynolds,2020,7
00-0033943,J.Reynolds,2020,8
00-0033943,J.Reynolds,2020,10
00-0033943,J.Reynolds,2020,11
00-0033943,J.Reynolds,2020,12
00-0033943,J.Reynolds,2020,13
00-0033943,J.Reynolds,2020,14
00-0033943,J.Reynolds,2020,15
00-0033943,J.Reynolds,2020,16
00-0033943,J.Reynolds,2020,17
00-0033943,J.Reynolds,2020,19
00-0033943,J.Reynolds,2021,4
00-0033943,J.Reynolds,2021,5
00-0033943,J.Reynolds,2021,7
00-0033943,J.Reynolds,2021,11
00-0033943,J.Reynolds,2021,12
00-0033943,J.Reynolds,2021,13
00-0033943,J.Reynolds,2021,14
00-0033943,J.Reynolds,2021,15
00-0033943,J.Reynolds,2021,16
00-0033943,J.Reynolds,2021,18
00-0033943,J.Reynolds,2022,1
00-0033943,J.Reynolds,2022,2
00-0033943,J.Reynolds,2022,3
00-0033943,J.Reynolds,2022,4
00-0033943,J.Reynolds,2022,5
00-0033943,J.Reynolds,2022,7
00-0033943,J.Reynolds,2022,8
00-0033943,J.Reynolds,2022,13
00-0033943,J.Reynolds,2022,14
00-0033943,J.Reynolds,2022,16
00-0033943,J.Reynolds,2022,17
00-0033943,J.Reynolds,2022,18
00-0033948,J.Williams,2017,16
00-0033948,J.Williams,2017,17
00-0033948,J.Williams,2018,1
00-0033948,J.Williams,2018,2
00-0033948,J.Williams,2018,3
00-0033948,J.Williams,2018,5
00-0033948,J.Williams,2018,6
00-0033948,J.Williams,2018,8
00-0033948,J.Williams,2018,9
00-0033948,J.Williams,2018,13
00-0033948,J.Williams,2018,14
00-0033948,J.Williams,2018,15
00-0033948,J.Williams,2018,16
00-0033948,J.Williams,2018,17
00-0033948,J.Williams,2019,1
00-0033948,J.Williams,2019,2
00-0033948,J.Williams,2019,3
00-0033948,J.Williams,2019,4
00-0033948,J.Williams,2019,6
00-0033948,J.Williams,2019,7
00-0033948,J.Williams,2019,8
00-0033948,J.Williams,2019,9
00-0033948,J.Williams,2019,10
00-0033948,J.Williams,2019,12
00-0033948,J.Williams,2019,13
00-0033948,J.Williams,2019,14
00-0033948,J.Williams,2019,15
00-0033948,J.Williams,2019,16
00-0033948,J.Williams,2019,19
00-0033948,J.Williams,2019,20
00-0033948,J.Williams,2020,1
00-0033948,J.Williams,2020,3
00-0033948,J.Williams,2020,4
00-0033948,J.Williams,2020,6
00-0033948,J.Williams,2020,7
00-0033948,J.Williams,2020,8
00-0033948,J.Williams,2020,10
00-0033948,J.Williams,2020,11
00-0033948,J.Williams,2020,13
00-0033948,J.Williams,2020,15
00-0033948,J.Williams,2020,20
00-0033948,J.Williams,2021,1
00-0033948,J.Williams,2021,2
00-0033948,J.Williams,2021,3
00-0033948,J.Williams,2021,5
00-0033948,J.Williams,2021,6
00-0033948,J.Williams,2021,12
00-0033948,J.Williams,2021,13
00-0033948,J.Williams,2021,17
00-0033948,J.Williams,2021,18
00-0033948,Ja.Williams,2022,1
00-0033948,Ja.Williams,2022,2
00-0033948,Ja.Williams,2022,3
00-0033948,Ja.Williams,2022,4
00-0033948,Ja.Williams,2022,7
00-0033948,Ja.Williams,2022,8
00-0033948,Ja.Williams,2022,14
00-0033948,Ja.Williams,2022,16
00-0033948,Ja.Williams,2022,17
00-0033950,W.Gallman,2017,13
00-0033950,W.Gallman,2017,14
00-0033950,W.Gallman,2017,15
00-0033950,W.Gallman,2017,16
00-0033950,W.Gallman,2017,17
00-0033950,W.Gallman,2018,1
00-0033950,W.Gallman,2018,2
00-0033950,W.Gallman,2018,3
00-0033950,W.Gallman,2018,4
00-0033950,W.Gallman,2018,6
00-0033950,W.Gallman,2018,10
00-0033950,W.Gallman,2018,11
00-0033950,W.Gallman,2018,12
00-0033950,W.Gallman,2018,13
00-0033950,W.Gallman,2018,14
00-0033950,W.Gallman,2018,17
00-0033950,W.Gallman Jr,2019,1
00-0033950,W.Gallman Jr,2019,2
00-0033950,W.Gallman Jr,2019,4
00-0033950,W.Gallman Jr,2019,8
00-0033950,W.Gallman Jr,2019,9
00-0033950,W.Gallman Jr,2019,10
00-0033950,W.Gallman,2020,1
00-0033950,W.Gallman,2020,3
00-0033950,W.Gallman,2020,5
00-0033950,W.Gallman,2020,7
00-0033950,W.Gallman,2020,8
00-0033950,W.Gallman,2020,9
00-0033950,W.Gallman,2020,10
00-0033950,W.Gallman Jr.,2020,12
00-0033950,W.Gallman Jr.,2020,14
00-0033950,W.Gallman Jr.,2020,16
00-0033950,W.Gallman,2021,4
00-0033950,W.Gallman,2021,10
00-0033951,M.Mack,2017,13
00-0033951,M.Mack,2017,14
00-0033951,M.Mack,2017,15
00-0033951,M.Mack,2017,16
00-0033951,M.Mack,2017,17
00-0033951,M.Mack,2018,2
00-0033951,M.Mack,2018,6
00-0033951,M.Mack,2018,7
00-0033951,M.Mack,2018,8
00-0033951,M.Mack,2018,10
00-0033951,M.Mack,2018,11
00-0033951,M.Mack,2018,12
00-0033951,M.Mack,2018,13
00-0033951,M.Mack,2018,14
00-0033951,M.Mack,2018,15
00-0033951,M.Mack,2018,16
00-0033951,M.Mack,2018,17
00-0033951,M.Mack,2018,18
00-0033951,M.Mack,2019,2
00-0033951,M.Mack,2019,3
00-0033951,M.Mack,2019,5
00-0033951,M.Mack,2019,7
00-0033951,M.Mack,2019,8
00-0033951,M.Mack,2019,10
00-0033951,M.Mack,2019,16
00-0033951,M.Mack,2019,17
00-0033951,M.Mack,2020,1
00-0033951,M.Mack,2021,2
00-0033951,M.Mack,2021,4
00-0033951,M.Mack,2021,5
00-0033951,M.Mack,2022,12
00-0033951,M.Mack,2022,13
00-0033951,M.Mack,2022,14
00-0033951,M.Mack,2022,15
00-0033951,M.Mack,2022,16
00-0033955,J.McNichols,2020,13
00-0033955,J.McNichols,2020,14
00-0033955,J.McNichols,2020,15
00-0033955,J.McNichols,2020,16
00-0033955,J.McNichols,2021,1
00-0033955,J.McNichols,2021,2
00-0033955,J.McNichols,2021,3
00-0033955,J.McNichols,2021,4
00-0033955,J.McNichols,2021,5
00-0033955,J.McNichols,2021,7
00-0033955,J.McNichols,2021,8
00-0033955,J.McNichols,2021,9
00-0033955,J.McNichols,2021,10
00-0033955,J.McNichols,2021,14
00-0033955,J.McNichols,2021,15
00-0033955,J.McNichols,2021,16
00-0034011,D.Arnold,2019,7
00-0034011,D.Arnold,2019,8
00-0034011,D.Arnold,2019,15
00-0034011,D.Arnold,2019,16
00-0034011,D.Arnold,2019,17
00-0034011,D.Arnold,2020,1
00-0034011,D.Arnold,2020,2
00-0034011,D.Arnold,2020,3
00-0034011,D.Arnold,2020,4
00-0034011,D.Arnold,2020,7
00-0034011,D.Arnold,2020,9
00-0034011,D.Arnold,2020,10
00-0034011,D.Arnold,2020,11
00-0034011,D.Arnold,2020,12
00-0034011,D.Arnold,2020,13
00-0034011,D.Arnold,2020,14
00-0034011,D.Arnold,2020,15
00-0034011,D.Arnold,2020,16
00-0034011,D.Arnold,2020,17
00-0034011,D.Arnold,2021,1
00-0034011,D.Arnold,2021,2
00-0034011,D.Arnold,2021,3
00-0034011,D.Arnold,2021,4
00-0034011,D.Arnold,2021,5
00-0034011,D.Arnold,2021,6
00-0034011,D.Arnold,2021,8
00-0034011,D.Arnold,2021,9
00-0034011,D.Arnold,2021,10
00-0034011,D.Arnold,2021,12
00-0034011,D.Arnold,2022,2
00-0034011,D.Arnold,2022,4
00-0034011,D.Arnold,2022,5
00-0034011,D.Arnold,2022,7
00-0034011,D.Arnold,2022,8
00-0034011,D.Arnold,2022,9
00-0034011,D.Arnold,2022,10
00-0034011,D.Arnold,2022,14
00-0034011,D.Arnold,2022,16
00-0034011,D.Arnold,2022,17
00-0034052,B.Zylstra,2020,14
00-0034052,B.Zylstra,2021,2
00-0034052,B.Zylstra,2021,4
00-0034052,B.Zylstra,2021,6
00-0034052,B.Zylstra,2021,10
00-0034052,B.Zylstra,2021,11
00-0034052,B.Zylstra,2021,12
00-0034052,B.Zylstra,2021,14
00-0034052,B.Zylstra,2021,15
00-0034052,B.Zylstra,2021,18
00-0034054,R.Cracraft,2022,6
00-0034054,R.Cracraft,2022,12
00-0034054,R.Cracraft,2022,13
00-0034054,R.Cracraft,2022,18
00-0034073,R.Dwelley,2020,2
00-0034073,R.Dwelley,2020,3
00-0034073,R.Dwelley,2020,8
00-0034073,R.Dwelley,2020,9
00-0034073,R.Dwelley,2020,10
00-0034073,R.Dwelley,2020,12
00-0034073,R.Dwelley,2020,13
00-0034073,R.Dwelley,2020,14
00-0034073,R.Dwelley,2020,15
00-0034073,R.Dwelley,2020,17
00-0034073,R.Dwelley,2021,4
00-0034073,R.Dwelley,2021,5
00-0034073,R.Dwelley,2021,7
00-0034073,R.Dwelley,2022,1
00-0034073,R.Dwelley,2022,2
00-0034073,R.Dwelley,2022,4
00-0034073,R.Dwelley,2022,8
00-0034104,C.Sims,2020,13
00-0034104,C.Sims,2020,14
00-0034104,C.Sims,2020,15
00-0034104,C.Sims,2020,16
00-0034104,C.Sims,2020,17
00-0034104,C.Sims,2020,18
00-0034104,C.Sims,2021,1
00-0034104,C.Sims,2021,3
00-0034104,C.Sims,2021,8
00-0034104,C.Sims,2021,10
00-0034104,C.Sims,2021,11
00-0034104,C.Sims,2021,14
00-0034104,C.Sims,2021,15
00-0034104,C.Sims,2021,16
00-0034104,C.Sims,2021,17
00-0034104,C.Sims,2021,18
00-0034104,C.Sims,2022,1
00-0034104,C.Sims,2022,2
00-0034104,C.Sims,2022,5
00-0034104,C.Sims,2022,6
00-0034104,C.Sims,2022,7
00-0034104,C.Sims,2022,8
00-0034104,C.Sims,2022,9
00-0034104,C.Sims,2022,10
00-0034104,C.Sims,2022,11
00-0034104,C.Sims,2022,13
00-0034104,C.Sims,2022,17
00-0034104,C.Sims,2022,18
00-0034109,P.Lindsay,2018,9
00-0034109,P.Lindsay,2018,11
00-0034109,P.Lindsay,2018,13
00-0034109,P.Lindsay,2018,14
00-0034109,P.Lindsay,2018,15
00-0034109,P.Lindsay,2018,16
00-0034109,P.Lindsay,2019,1
00-0034109,P.Lindsay,2019,2
00-0034109,P.Lindsay,2019,3
00-0034109,P.Lindsay,2019,4
00-0034109,P.Lindsay,2019,5
00-0034109,P.Lindsay,2019,6
00-0034109,P.Lindsay,2019,7
00-0034109,P.Lindsay,2019,8
00-0034109,P.Lindsay,2019,11
00-0034109,P.Lindsay,2019,12
00-0034109,P.Lindsay,2019,13
00-0034109,P.Lindsay,2019,14
00-0034109,P.Lindsay,2019,15
00-0034109,P.Lindsay,2019,16
00-0034109,P.Lindsay,2019,17
00-0034109,P.Lindsay,2020,1
00-0034109,P.Lindsay,2020,8
00-0034109,P.Lindsay,2020,9
00-0034109,P.Lindsay,2020,10
00-0034109,P.Lindsay,2020,13
00-0034109,P.Lindsay,2020,14
00-0034109,P.Lindsay,2020,15
00-0034109,P.Lindsay,2021,1
00-0034109,P.Lindsay,2021,2
00-0034109,P.Lindsay,2021,6
00-0034109,P.Lindsay,2021,17
00-0034109,P.Lindsay,2022,5
00-0034109,P.Lindsay,2022,6
00-0034109,P.Lindsay,2022,9
00-0034115,J.Wilson,2019,12
00-0034115,J.Wilson,2019,13
00-0034115,J.Wilson,2019,21
00-0034115,J.Wilson,2020,3
00-0034115,J.Wilson,2020,4
00-0034115,J.Wilson,2020,5
00-0034115,J.Wilson,2020,7
00-0034115,J.Wilson,2020,13
00-0034115,J.Wilson,2020,14
00-0034115,J.Wilson,2020,15
00-0034115,J.Wilson,2020,16
00-0034115,J.Wilson,2020,17
00-0034115,J.Wilson,2021,11
00-0034115,J.Wilson,2021,12
00-0034115,J.Wilson,2021,15
00-0034115,J.Wilson,2021,16
00-0034115,J.Wilson,2022,1
00-0034115,J.Wilson,2022,2
00-0034115,J.Wilson,2022,3
00-0034115,J.Wilson,2022,5
00-0034115,J.Wilson,2022,6
00-0034115,J.Wilson,2022,7
00-0034115,J.Wilson,2022,8
00-0034115,J.Wilson,2022,9
00-0034115,J.Wilson,2022,10
00-0034115,J.Wilson,2022,12
00-0034115,J.Wilson,2022,13
00-0034115,J.Wilson,2022,16
00-0034115,J.Wilson,2022,17
00-0034115,J.Wilson,2022,18
00-0034115,J.Wilson,2022,19
00-0034132,C.Blake,2020,8
00-0034132,C.Blake,2020,9
00-0034132,C.Blake,2020,11
00-0034132,C.Blake,2020,12
00-0034132,C.Blake,2020,15
00-0034132,C.Blake,2021,2
00-0034132,C.Blake,2021,5
00-0034132,C.Blake,2021,10
00-0034132,C.Blake,2021,15
00-0034132,C.Blake,2021,16
00-0034132,C.Blake,2021,18
00-0034159,W.Dissly,2019,5
00-0034159,W.Dissly,2019,6
00-0034159,W.Dissly,2020,1
00-0034159,W.Dissly,2020,2
00-0034159,W.Dissly,2020,3
00-0034159,W.Dissly,2020,4
00-0034159,W.Dissly,2020,5
00-0034159,W.Dissly,2020,7
00-0034159,W.Dissly,2020,8
00-0034159,W.Dissly,2020,9
00-0034159,W.Dissly,2020,10
00-0034159,W.Dissly,2020,11
00-0034159,W.Dissly,2020,13
00-0034159,W.Dissly,2020,14
00-0034159,W.Dissly,2020,16
00-0034159,W.Dissly,2020,17
00-0034159,W.Dissly,2020,18
00-0034159,W.Dissly,2021,1
00-0034159,W.Dissly,2021,3
00-0034159,W.Dissly,2021,4
00-0034159,W.Dissly,2021,5
00-0034159,W.Dissly,2021,6
00-0034159,W.Dissly,2021,10
00-0034159,W.Dissly,2021,11
00-0034159,W.Dissly,2021,12
00-0034159,W.Dissly,2021,13
00-0034159,W.Dissly,2021,14
00-0034159,W.Dissly,2021,15
00-0034159,W.Dissly,2021,17
00-0034159,W.Dissly,2022,1
00-0034159,W.Dissly,2022,2
00-0034159,W.Dissly,2022,3
00-0034159,W.Dissly,2022,4
00-0034159,W.Dissly,2022,5
00-0034159,W.Dissly,2022,6
00-0034159,W.Dissly,2022,7
00-0034159,W.Dissly,2022,8
00-0034159,W.Dissly,2022,9
00-0034159,W.Dissly,2022,10
00-0034159,W.Dissly,2022,12
00-0034159,W.Dissly,2022,13
00-0034159,W.Dissly,2022,14
00-0034159,W.Dissly,2022,15
00-0034159,W.Dissly,2022,16
00-0034184,G.Edwards,2020,5
00-0034184,G.Edwards,2020,8
00-0034184,G.Edwards,2020,9
00-0034184,G.Edwards,2020,10
00-0034184,G.Edwards,2020,14
00-0034184,G.Edwards,2020,15
00-0034184,G.Edwards,2020,16
00-0034184,G.Edwards,2020,17
00-0034184,G.Edwards,2022,7
00-0034184,G.Edwards,2022,12
00-0034184,G.Edwards,2022,19
00-0034208,M.Boone,2021,13
00-0034208,M.Boone,2022,1
00-0034208,M.Boone,2022,3
00-0034208,M.Boone,2022,4
00-0034208,M.Boone,2022,5
00-0034208,M.Boone,2022,6
00-0034208,M.Boone,2022,13
00-0034208,M.Boone,2022,14
00-0034253,D.Hilliard,2019,6
00-0034253,D.Hilliard,2019,8
00-0034253,D.Hilliard,2019,9
00-0034253,D.Hilliard,2019,16
00-0034253,D.Hilliard,2020,4
00-0034253,D.Hilliard,2021,11
00-0034253,D.Hilliard,2021,12
00-0034253,D.Hilliard,2021,14
00-0034253,D.Hilliard,2021,15
00-0034253,D.Hilliard,2021,16
00-0034253,D.Hilliard,2021,17
00-0034253,D.Hilliard,2021,18
00-0034253,D.Hilliard,2021,20
00-0034253,D.Hilliard,2022,1
00-0034253,D.Hilliard,2022,3
00-0034253,D.Hilliard,2022,4
00-0034253,D.Hilliard,2022,5
00-0034253,D.Hilliard,2022,7
00-0034253,D.Hilliard,2022,8
00-0034253,D.Hilliard,2022,9
00-0034253,D.Hilliard,2022,10
00-0034253,D.Hilliard,2022,11
00-0034253,D.Hilliard,2022,12
00-0034253,D.Hilliard,2022,13
00-0034270,T.Conklin,2019,17
00-0034270,T.Conklin,2019,18
00-0034270,T.Conklin,2019,19
00-0034270,T.Conklin,2020,10
00-0034270,T.Conklin,2020,12
00-0034270,T.Conklin,2020,13
00-0034270,T.Conklin,2020,14
00-0034270,T.Conklin,2020,15
00-0034270,T.Conklin,2020,16
00-0034270,T.Conklin,2020,17
00-0034270,T.Conklin,2021,1
00-0034270,T.Conklin,2021,2
00-0034270,T.Conklin,2021,3
00-0034270,T.Conklin,2021,4
00-0034270,T.Conklin,2021,5
00-0034270,T.Conklin,2021,6
00-0034270,T.Conklin,2021,8
00-0034270,T.Conklin,2021,9
00-0034270,T.Conklin,2021,10
00-0034270,T.Conklin,2021,11
00-0034270,T.Conklin,2021,12
00-0034270,T.Conklin,2021,13
00-0034270,T.Conklin,2021,14
00-0034270,T.Conklin,2021,15
00-0034270,T.Conklin,2021,16
00-0034270,T.Conklin,2021,17
00-0034270,T.Conklin,2021,18
00-0034270,T.Conklin,2022,1
00-0034270,T.Conklin,2022,2
00-0034270,T.Conklin,2022,3
00-0034270,T.Conklin,2022,4
00-0034270,T.Conklin,2022,5
00-0034270,T.Conklin,2022,6
00-0034270,T.Conklin,2022,7
00-0034270,T.Conklin,2022,8
00-0034270,T.Conklin,2022,9
00-0034270,T.Conklin,2022,11
00-0034270,T.Conklin,2022,12
00-0034270,T.Conklin,2022,13
00-0034270,T.Conklin,2022,14
00-0034270,T.Conklin,2022,15
00-0034270,T.Conklin,2022,16
00-0034270,T.Conklin,2022,17
00-0034270,T.Conklin,2022,18
00-0034272,M.Valdes-Scantling,2018,11
00-0034272,M.Valdes-Scantling,2018,12
00-0034272,M.Valdes-Scantling,2018,13
00-0034272,M.Valdes-Scantling,2018,14
00-0034272,M.Valdes-Scantling,2018,15
00-0034272,M.Valdes-Scantling,2018,16
00-0034272,M.Valdes-Scantling,2018,17
00-0034272,M.Valdes-Scantling,2019,1
00-0034272,M.Valdes-Scantling,2019,2
00-0034272,M.Valdes-Scantling,2019,3
00-0034272,M.Valdes-Scantling,2019,4
00-0034272,M.Valdes-Scantling,2019,5
00-0034272,M.Valdes-Scantling,2019,6
00-0034272,M.Valdes-Scantling,2019,7
00-0034272,M.Valdes-Scantling,2019,8
00-0034272,M.Valdes-Scantling,2019,9
00-0034272,M.Valdes-Scantling,2019,10
00-0034272,M.Valdes-Scantling,2019,12
00-0034272,M.Valdes-Scantling,2019,13
00-0034272,M.Valdes-Scantling,2019,15
00-0034272,M.Valdes-Scantling,2019,16
00-0034272,M.Valdes-Scantling,2019,17
00-0034272,M.Valdes-Scantling,2019,19
00-0034272,M.Valdes-Scantling,2020,1
00-0034272,M.Valdes-Scantling,2020,2
00-0034272,M.Valdes-Scantling,2020,3
00-0034272,M.Valdes-Scantling,2020,4
00-0034272,M.Valdes-Scantling,2020,6
00-0034272,M.Valdes-Scantling,2020,7
00-0034272,M.Valdes-Scantling,2020,8
00-0034272,M.Valdes-Scantling,2020,9
00-0034272,M.Valdes-Scantling,2020,10
00-0034272,M.Valdes-Scantling,2020,11
00-0034272,M.Valdes-Scantling,2020,13
00-0034272,M.Valdes-Scantling,2020,14
00-0034272,M.Valdes-Scantling,2020,15
00-0034272,M.Valdes-Scantling,2020,17
00-0034272,M.Valdes-Scantling,2020,19
00-0034272,M.Valdes-Scantling,2020,20
00-0034272,M.Valdes-Scantling,2021,1
00-0034272,M.Valdes-Scantling,2021,2
00-0034272,M.Valdes-Scantling,2021,3
00-0034272,M.Valdes-Scantling,2021,9
00-0034272,M.Valdes-Scantling,2021,10
00-0034272,M.Valdes-Scantling,2021,11
00-0034272,M.Valdes-Scantling,2021,12
00-0034272,M.Valdes-Scantling,2021,14
00-0034272,M.Valdes-Scantling,2021,15
00-0034272,M.Valdes-Scantling,2021,17
00-0034272,M.Valdes-Scantling,2021,18
00-0034272,M.Valdes-Scantling,2022,1
00-0034272,M.Valdes-Scantling,2022,2
00-0034272,M.Valdes-Scantling,2022,3
00-0034272,M.Valdes-Scantling,2022,4
00-0034272,M.Valdes-Scantling,2022,5
00-0034272,M.Valdes-Scantling,2022,6
00-0034272,M.Valdes-Scantling,2022,7
00-0034272,M.Valdes-Scantling,2022,9
00-0034272,M.Valdes-Scantling,2022,10
00-0034272,M.Valdes-Scantling,2022,11
00-0034272,M.Valdes-Scantling,2022,12
00-0034272,M.Valdes-Scantling,2022,13
00-0034272,M.Valdes-Scantling,2022,14
00-0034272,M.Valdes-Scantling,2022,15
00-0034272,M.Valdes-Scantling,2022,16
00-0034272,M.Valdes-Scantling,2022,17
00-0034272,M.Valdes-Scantling,2022,18
00-0034272,M.Valdes-Scantling,2022,20
00-0034272,M.Valdes-Scantling,2022,21
00-0034272,M.Valdes-Scantling,2022,22
00-0034273,D.Ratley,2019,4
00-0034273,D.Ratley,2019,5
00-0034273,D.Ratley,2019,14
00-0034273,D.Ratley,2019,15
00-0034273,D.Ratley,2019,16
00-0034273,D.Ratley,2019,17
00-0034273,D.Ratley,2020,1
00-0034273,D.Ratley,2020,2
00-0034273,D.Ratley,2020,3
00-0034273,D.Ratley,2020,4
00-0034273,D.Ratley,2020,5
00-0034279,E.St. Brown,2018,14
00-0034279,E.St. Brown,2018,15
00-0034279,E.St. Brown,2018,16
00-0034279,E.St. Brown,2020,6
00-0034279,E.St. Brown,2020,8
00-0034279,E.St. Brown,2020,11
00-0034279,E.St. Brown,2020,12
00-0034279,E.St. Brown,2020,13
00-0034279,E.St. Brown,2020,14
00-0034279,E.St. Brown,2020,16
00-0034279,E.St. Brown,2020,17
00-0034279,E.St. Brown,2020,19
00-0034279,E.St. Brown,2020,20
00-0034279,E.St. Brown,2021,2
00-0034279,E.St. Brown,2021,4
00-0034279,E.St. Brown,2021,7
00-0034279,E.St. Brown,2021,8
00-0034279,E.St. Brown,2021,11
00-0034279,E.St. Brown,2021,12
00-0034279,E.St. Brown,2021,17
00-0034279,E.St. Brown,2021,18
00-0034279,E.St. Brown,2022,1
00-0034279,E.St. Brown,2022,2
00-0034279,E.St. Brown,2022,3
00-0034279,E.St. Brown,2022,4
00-0034279,E.St. Brown,2022,5
00-0034279,E.St. Brown,2022,7
00-0034279,E.St. Brown,2022,8
00-0034279,E.St. Brown,2022,9
00-0034279,E.St. Brown,2022,11
00-0034279,E.St. Brown,2022,12
00-0034279,E.St. Brown,2022,13
00-0034279,E.St. Brown,2022,15
00-0034279,E.St. Brown,2022,17
00-0034279,E.St. Brown,2022,18
00-0034286,R.James Jr.,2019,3
00-0034286,R.James Jr.,2019,7
00-0034286,R.James Jr.,2019,11
00-0034286,R.James,2020,9
00-0034286,R.James,2020,10
00-0034286,R.James,2020,12
00-0034286,R.James,2020,14
00-0034286,R.James,2020,15
00-0034286,R.James,2020,16
00-0034286,R.James,2020,17
00-0034286,R.James,2022,1
00-0034286,R.James,2022,2
00-0034286,R.James,2022,3
00-0034286,R.James,2022,4
00-0034286,R.James,2022,5
00-0034286,R.James,2022,6
00-0034286,R.James,2022,7
00-0034286,R.James,2022,11
00-0034286,R.James,2022,12
00-0034286,R.James,2022,13
00-0034286,R.James,2022,14
00-0034286,R.James,2022,15
00-0034286,R.James,2022,16
00-0034286,R.James,2022,17
00-0034286,R.James,2022,19
00-0034286,R.James,2022,20
00-0034297,B.Pringle,2020,8
00-0034297,B.Pringle,2020,11
00-0034297,B.Pringle,2020,17
00-0034297,B.Pringle,2020,19
00-0034297,B.Pringle,2020,20
00-0034297,B.Pringle,2020,21
00-0034297,B.Pringle,2021,1
00-0034297,B.Pringle,2021,2
00-0034297,B.Pringle,2021,3
00-0034297,B.Pringle,2021,4
00-0034297,B.Pringle,2021,5
00-0034297,B.Pringle,2021,6
00-0034297,B.Pringle,2021,7
00-0034297,B.Pringle,2021,8
00-0034297,B.Pringle,2021,10
00-0034297,B.Pringle,2021,11
00-0034297,B.Pringle,2021,13
00-0034297,B.Pringle,2021,14
00-0034297,B.Pringle,2021,15
00-0034297,B.Pringle,2021,16
00-0034297,B.Pringle,2021,17
00-0034297,B.Pringle,2021,18
00-0034297,B.Pringle,2021,19
00-0034297,B.Pringle,2021,20
00-0034297,B.Pringle,2021,21
00-0034297,B.Pringle,2022,1
00-0034297,B.Pringle,2022,3
00-0034297,B.Pringle,2022,10
00-0034297,B.Pringle,2022,12
00-0034297,B.Pringle,2022,15
00-0034297,B.Pringle,2022,16
00-0034297,B.Pringle,2022,17
00-0034297,B.Pringle,2022,18
00-0034301,D.Williams,2019,13
00-0034301,D.Williams,2020,1
00-0034301,D.Williams,2020,2
00-0034301,D.Williams,2020,3
00-0034301,D.Williams,2020,4
00-0034301,D.Williams,2020,5
00-0034301,Darr.Williams,2020,6
00-0034301,Darr.Williams,2020,8
00-0034301,Darr.Williams,2020,9
00-0034301,Darr.Williams,2020,11
00-0034301,Darr.Williams,2020,13
00-0034301,Darr.Williams,2020,16
00-0034301,Darr.Williams,2020,17
00-0034301,Darr.Williams,2020,19
00-0034301,Darr.Williams,2020,20
00-0034301,Darr.Williams,2020,21
00-0034301,Da.Williams,2021,3
00-0034301,Da.Williams,2021,4
00-0034301,Da.Williams,2021,5
00-0034301,Da.Williams,2021,6
00-0034301,Da.Williams,2021,7
00-0034301,Da.Williams,2021,8
00-0034301,Da.Williams,2021,9
00-0034301,Da.Williams,2021,10
00-0034301,Da.Williams,2021,11
00-0034301,Da.Williams,2021,13
00-0034301,Da.Williams,2021,14
00-0034301,Da.Williams,2021,15
00-0034301,Da.Williams,2021,16
00-0034301,Da.Williams,2021,17
00-0034301,Da.Williams,2021,18
00-0034301,D.Williams,2022,2
00-0034301,D.Williams,2022,3
00-0034301,D.Williams,2022,4
00-0034301,D.Williams,2022,8
00-0034317,K.Kirkwood,2020,6
00-0034317,K.Kirkwood,2021,7
00-0034317,K.Kirkwood,2021,8
00-0034317,K.Kirkwood,2021,18
00-0034317,K.Kirkwood,2022,5
00-0034317,K.Kirkwood,2022,6
00-0034317,K.Kirkwood,2022,16
00-0034331,J.Samuels,2019,2
00-0034331,J.Samuels,2019,4
00-0034331,J.Samuels,2019,5
00-0034331,J.Samuels,2019,9
00-0034331,J.Samuels,2019,10
00-0034331,J.Samuels,2019,11
00-0034331,J.Samuels,2019,12
00-0034331,J.Samuels,2019,13
00-0034331,J.Samuels,2019,14
00-0034331,J.Samuels,2019,15
00-0034331,J.Samuels,2019,16
00-0034331,J.Samuels,2019,17
00-0034331,J.Samuels,2020,1
00-0034331,J.Samuels,2020,2
00-0034331,J.Samuels,2020,8
00-0034331,J.Samuels,2020,13
00-0034331,J.Samuels,2020,14
00-0034331,J.Samuels,2020,15
00-0034331,J.Samuels,2021,13
00-0034331,J.Samuels,2021,17
00-0034348,C.Sutton,2018,9
00-0034348,C.Sutton,2018,11
00-0034348,C.Sutton,2018,12
00-0034348,C.Sutton,2018,13
00-0034348,C.Sutton,2018,14
00-0034348,C.Sutton,2018,15
00-0034348,C.Sutton,2018,16
00-0034348,C.Sutton,2018,17
00-0034348,C.Sutton,2019,1
00-0034348,C.Sutton,2019,2
00-0034348,C.Sutton,2019,3
00-0034348,C.Sutton,2019,4
00-0034348,C.Sutton,2019,5
00-0034348,C.Sutton,2019,6
00-0034348,C.Sutton,2019,7
00-0034348,C.Sutton,2019,8
00-0034348,C.Sutton,2019,9
00-0034348,C.Sutton,2019,11
00-0034348,C.Sutton,2019,12
00-0034348,C.Sutton,2019,13
00-0034348,C.Sutton,2019,14
00-0034348,C.Sutton,2019,15
00-0034348,C.Sutton,2019,16
00-0034348,C.Sutton,2019,17
00-0034348,C.Sutton,2020,2
00-0034348,C.Sutton,2021,1
00-0034348,C.Sutton,2021,2
00-0034348,C.Sutton,2021,3
00-0034348,C.Sutton,2021,4
00-0034348,C.Sutton,2021,5
00-0034348,C.Sutton,2021,6
00-0034348,C.Sutton,2021,7
00-0034348,C.Sutton,2021,8
00-0034348,C.Sutton,2021,9
00-0034348,C.Sutton,2021,10
00-0034348,C.Sutton,2021,12
00-0034348,C.Sutton,2021,13
00-0034348,C.Sutton,2021,14
00-0034348,C.Sutton,2021,15
00-0034348,C.Sutton,2021,16
00-0034348,C.Sutton,2021,17
00-0034348,C.Sutton,2021,18
00-0034348,C.Sutton,2022,1
00-0034348,C.Sutton,2022,2
00-0034348,C.Sutton,2022,3
00-0034348,C.Sutton,2022,4
00-0034348,C.Sutton,2022,5
00-0034348,C.Sutton,2022,6
00-0034348,C.Sutton,2022,7
00-0034348,C.Sutton,2022,8
00-0034348,C.Sutton,2022,10
00-0034348,C.Sutton,2022,11
00-0034348,C.Sutton,2022,12
00-0034348,C.Sutton,2022,13
00-0034348,C.Sutton,2022,16
00-0034348,C.Sutton,2022,17
00-0034348,C.Sutton,2022,18
00-0034349,K.Johnson,2018,10
00-0034349,K.Johnson,2018,11
00-0034349,K.Johnson,2019,1
00-0034349,K.Johnson,2019,2
00-0034349,K.Johnson,2019,3
00-0034349,K.Johnson,2019,4
00-0034349,K.Johnson,2019,6
00-0034349,K.Johnson,2019,7
00-0034349,K.Johnson,2019,16
00-0034349,K.Johnson,2020,2
00-0034349,K.Johnson,2020,3
00-0034349,K.Johnson,2020,4
00-0034349,K.Johnson,2020,6
00-0034349,K.Johnson,2020,8
00-0034349,K.Johnson,2020,9
00-0034349,K.Johnson,2020,11
00-0034349,K.Johnson,2020,12
00-0034349,K.Johnson,2020,13
00-0034349,K.Johnson,2020,14
00-0034349,K.Johnson,2020,16
00-0034349,K.Johnson,2020,17
00-0034351,D.Goedert,2018,12
00-0034351,D.Goedert,2018,13
00-0034351,D.Goedert,2018,14
00-0034351,D.Goedert,2018,15
00-0034351,D.Goedert,2018,16
00-0034351,D.Goedert,2018,17
00-0034351,D.Goedert,2018,18
00-0034351,D.Goedert,2019,1
00-0034351,D.Goedert,2019,3
00-0034351,D.Goedert,2019,4
00-0034351,D.Goedert,2019,5
00-0034351,D.Goedert,2019,6
00-0034351,D.Goedert,2019,7
00-0034351,D.Goedert,2019,8
00-0034351,D.Goedert,2019,9
00-0034351,D.Goedert,2019,11
00-0034351,D.Goedert,2019,12
00-0034351,D.Goedert,2019,13
00-0034351,D.Goedert,2019,14
00-0034351,D.Goedert,2019,15
00-0034351,D.Goedert,2019,16
00-0034351,D.Goedert,2019,17
00-0034351,D.Goedert,2019,18
00-0034351,D.Goedert,2020,1
00-0034351,D.Goedert,2020,2
00-0034351,D.Goedert,2020,3
00-0034351,D.Goedert,2020,8
00-0034351,D.Goedert,2020,10
00-0034351,D.Goedert,2020,11
00-0034351,D.Goedert,2020,12
00-0034351,D.Goedert,2020,13
00-0034351,D.Goedert,2020,14
00-0034351,D.Goedert,2020,15
00-0034351,D.Goedert,2020,16
00-0034351,D.Goedert,2021,1
00-0034351,D.Goedert,2021,2
00-0034351,D.Goedert,2021,3
00-0034351,D.Goedert,2021,4
00-0034351,D.Goedert,2021,5
00-0034351,D.Goedert,2021,7
00-0034351,D.Goedert,2021,8
00-0034351,D.Goedert,2021,9
00-0034351,D.Goedert,2021,10
00-0034351,D.Goedert,2021,11
00-0034351,D.Goedert,2021,12
00-0034351,D.Goedert,2021,13
00-0034351,D.Goedert,2021,15
00-0034351,D.Goedert,2021,16
00-0034351,D.Goedert,2021,17
00-0034351,D.Goedert,2021,19
00-0034351,D.Goedert,2022,1
00-0034351,D.Goedert,2022,2
00-0034351,D.Goedert,2022,3
00-0034351,D.Goedert,2022,4
00-0034351,D.Goedert,2022,5
00-0034351,D.Goedert,2022,6
00-0034351,D.Goedert,2022,8
00-0034351,D.Goedert,2022,9
00-0034351,D.Goedert,2022,10
00-0034351,D.Goedert,2022,16
00-0034351,D.Goedert,2022,17
00-0034351,D.Goedert,2022,18
00-0034351,D.Goedert,2022,20
00-0034351,D.Goedert,2022,21
00-0034351,D.Goedert,2022,22
00-0034353,A.Miller,2018,11
00-0034353,A.Miller,2018,12
00-0034353,A.Miller,2018,13
00-0034353,A.Miller,2018,14
00-0034353,A.Miller,2018,16
00-0034353,A.Miller,2018,18
00-0034353,A.Miller,2019,1
00-0034353,A.Miller,2019,2
00-0034353,A.Miller,2019,3
00-0034353,A.Miller,2019,4
00-0034353,A.Miller,2019,5
00-0034353,A.Miller,2019,7
00-0034353,A.Miller,2019,8
00-0034353,A.Miller,2019,9
00-0034353,A.Miller,2019,10
00-0034353,A.Miller,2019,11
00-0034353,A.Miller,2019,12
00-0034353,A.Miller,2019,13
00-0034353,A.Miller,2019,14
00-0034353,A.Miller,2019,15
00-0034353,A.Miller,2019,16
00-0034353,A.Miller,2019,17
00-0034353,A.Miller,2020,1
00-0034353,A.Miller,2020,2
00-0034353,A.Miller,2020,3
00-0034353,A.Miller,2020,4
00-0034353,A.Miller,2020,5
00-0034353,A.Miller,2020,6
00-0034353,A.Miller,2020,7
00-0034353,A.Miller,2020,8
00-0034353,A.Miller,2020,9
00-0034353,A.Miller,2020,10
00-0034353,A.Miller,2020,12
00-0034353,A.Miller,2020,13
00-0034353,A.Miller,2020,14
00-0034353,A.Miller,2020,15
00-0034353,A.Miller,2020,16
00-0034353,A.Miller,2020,17
00-0034353,A.Miller,2020,18
00-0034353,A.Miller,2021,3
00-0034353,A.Miller,2021,4
00-0034353,A.Miller,2021,12
00-0034364,J.Akins,2018,12
00-0034364,J.Akins,2018,13
00-0034364,J.Akins,2018,14
00-0034364,J.Akins,2018,16
00-0034364,J.Akins,2018,17
00-0034364,J.Akins,2018,18
00-0034364,J.Akins,2019,1
00-0034364,J.Akins,2019,2
00-0034364,J.Akins,2019,3
00-0034364,J.Akins,2019,4
00-0034364,J.Akins,2019,5
00-0034364,J.Akins,2019,6
00-0034364,J.Akins,2019,7
00-0034364,J.Akins,2019,8
00-0034364,J.Akins,2019,9
00-0034364,J.Akins,2019,11
00-0034364,J.Akins,2019,12
00-0034364,J.Akins,2019,13
00-0034364,J.Akins,2019,14
00-0034364,J.Akins,2019,15
00-0034364,J.Akins,2019,16
00-0034364,J.Akins,2019,17
00-0034364,J.Akins,2020,1
00-0034364,J.Akins,2020,2
00-0034364,J.Akins,2020,3
00-0034364,J.Akins,2020,4
00-0034364,J.Akins,2020,9
00-0034364,J.Akins,2020,10
00-0034364,J.Akins,2020,11
00-0034364,J.Akins,2020,12
00-0034364,J.Akins,2020,13
00-0034364,J.Akins,2020,14
00-0034364,J.Akins,2020,15
00-0034364,J.Akins,2020,16
00-0034364,J.Akins,2020,17
00-0034364,J.Akins,2021,1
00-0034364,J.Akins,2021,2
00-0034364,J.Akins,2021,3
00-0034364,J.Akins,2021,4
00-0034364,J.Akins,2021,5
00-0034364,J.Akins,2021,6
00-0034364,J.Akins,2021,7
00-0034364,J.Akins,2021,8
00-0034364,J.Akins,2021,9
00-0034364,J.Akins,2021,14
00-0034364,J.Akins,2021,15
00-0034364,J.Akins,2021,16
00-0034364,J.Akins,2022,3
00-0034364,J.Akins,2022,4
00-0034364,J.Akins,2022,5
00-0034364,J.Akins,2022,7
00-0034364,J.Akins,2022,8
00-0034364,J.Akins,2022,9
00-0034364,J.Akins,2022,10
00-0034364,J.Akins,2022,11
00-0034364,J.Akins,2022,12
00-0034364,J.Akins,2022,13
00-0034364,J.Akins,2022,14
00-0034364,J.Akins,2022,15
00-0034364,J.Akins,2022,16
00-0034364,J.Akins,2022,17
00-0034364,J.Akins,2022,18
00-0034365,I.Thomas,2018,16
00-0034365,I.Thomas,2018,17
00-0034365,I.Thomas,2019,1
00-0034365,I.Thomas,2019,8
00-0034365,I.Thomas,2019,11
00-0034365,I.Thomas,2019,12
00-0034365,I.Thomas,2019,13
00-0034365,I.Thomas,2019,14
00-0034365,I.Thomas,2019,15
00-0034365,I.Thomas,2019,16
00-0034365,I.Thomas,2019,17
00-0034365,I.Thomas,2020,1
00-0034365,I.Thomas,2020,3
00-0034365,I.Thomas,2020,4
00-0034365,I.Thomas,2020,5
00-0034365,I.Thomas,2020,6
00-0034365,I.Thomas,2020,7
00-0034365,I.Thomas,2020,8
00-0034365,I.Thomas,2020,9
00-0034365,I.Thomas,2020,10
00-0034365,I.Thomas,2020,12
00-0034365,I.Thomas,2020,14
00-0034365,I.Thomas,2020,15
00-0034365,I.Thomas,2020,17
00-0034365,I.Thomas,2021,1
00-0034365,I.Thomas,2021,2
00-0034365,I.Thomas,2021,4
00-0034365,I.Thomas,2021,5
00-0034365,I.Thomas,2021,6
00-0034365,I.Thomas,2021,7
00-0034365,I.Thomas,2021,8
00-0034365,I.Thomas,2021,9
00-0034365,I.Thomas,2021,11
00-0034365,I.Thomas,2021,12
00-0034365,I.Thomas,2021,14
00-0034365,I.Thomas,2021,15
00-0034365,I.Thomas,2021,16
00-0034365,I.Thomas,2021,17
00-0034365,I.Thomas,2022,1
00-0034365,I.Thomas,2022,2
00-0034365,I.Thomas,2022,3
00-0034365,I.Thomas,2022,4
00-0034365,I.Thomas,2022,5
00-0034365,I.Thomas,2022,6
00-0034365,I.Thomas,2022,7
00-0034365,I.Thomas,2022,8
00-0034365,I.Thomas,2022,11
00-0034365,I.Thomas,2022,12
00-0034365,I.Thomas,2022,14
00-0034365,I.Thomas,2022,16
00-0034365,I.Thomas,2022,17
00-0034366,K.Coutee,2019,4
00-0034366,K.Coutee,2019,5
00-0034366,K.Coutee,2019,6
00-0034366,K.Coutee,2019,7
00-0034366,K.Coutee,2019,11
00-0034366,K.Coutee,2019,14
00-0034366,K.Coutee,2019,17
00-0034366,K.Coutee,2020,2
00-0034366,K.Coutee,2020,11
00-0034366,K.Coutee,2020,12
00-0034366,K.Coutee,2020,13
00-0034366,K.Coutee,2020,14
00-0034366,K.Coutee,2020,15
00-0034366,K.Coutee,2020,16
00-0034366,K.Coutee,2020,17
00-0034366,K.Coutee,2021,7
00-0034366,K.Coutee,2022,10
00-0034367,N.Hines,2018,10
00-0034367,N.Hines,2018,11
00-0034367,N.Hines,2018,12
00-0034367,N.Hines,2018,13
00-0034367,N.Hines,2018,14
00-0034367,N.Hines,2018,15
00-0034367,N.Hines,2018,16
00-0034367,N.Hines,2018,17
00-0034367,N.Hines,2019,1
00-0034367,N.Hines,2019,2
00-0034367,N.Hines,2019,3
00-0034367,N.Hines,2019,4
00-0034367,N.Hines,2019,5
00-0034367,N.Hines,2019,7
00-0034367,N.Hines,2019,8
00-0034367,N.Hines,2019,9
00-0034367,N.Hines,2019,10
00-0034367,N.Hines,2019,11
00-0034367,N.Hines,2019,12
00-0034367,N.Hines,2019,13
00-0034367,N.Hines,2019,14
00-0034367,N.Hines,2019,15
00-0034367,N.Hines,2019,16
00-0034367,N.Hines,2019,17
00-0034367,N.Hines,2020,1
00-0034367,N.Hines,2020,2
00-0034367,N.Hines,2020,3
00-0034367,N.Hines,2020,4
00-0034367,N.Hines,2020,5
00-0034367,N.Hines,2020,6
00-0034367,N.Hines,2020,8
00-0034367,N.Hines,2020,9
00-0034367,N.Hines,2020,10
00-0034367,N.Hines,2020,11
00-0034367,N.Hines,2020,12
00-0034367,N.Hines,2020,13
00-0034367,N.Hines,2020,14
00-0034367,N.Hines,2020,15
00-0034367,N.Hines,2020,16
00-0034367,N.Hines,2020,17
00-0034367,N.Hines,2020,18
00-0034367,N.Hines,2021,1
00-0034367,N.Hines,2021,2
00-0034367,N.Hines,2021,3
00-0034367,N.Hines,2021,4
00-0034367,N.Hines,2021,5
00-0034367,N.Hines,2021,6
00-0034367,N.Hines,2021,7
00-0034367,N.Hines,2021,8
00-0034367,N.Hines,2021,9
00-0034367,N.Hines,2021,10
00-0034367,N.Hines,2021,12
00-0034367,N.Hines,2021,13
00-0034367,N.Hines,2021,15
00-0034367,N.Hines,2021,16
00-0034367,N.Hines,2021,17
00-0034367,N.Hines,2021,18
00-0034367,N.Hines,2022,1
00-0034367,N.Hines,2022,2
00-0034367,N.Hines,2022,3
00-0034367,N.Hines,2022,4
00-0034367,N.Hines,2022,5
00-0034367,N.Hines,2022,7
00-0034367,N.Hines,2022,8
00-0034367,N.Hines,2022,9
00-0034367,N.Hines,2022,10
00-0034367,N.Hines,2022,11
00-0034367,N.Hines,2022,13
00-0034367,N.Hines,2022,14
00-0034367,N.Hines,2022,15
00-0034367,N.Hines,2022,16
00-0034367,N.Hines,2022,19
00-0034367,N.Hines,2022,20
00-0034370,D.Hamilton,2019,1
00-0034370,D.Hamilton,2019,2
00-0034370,D.Hamilton,2019,4
00-0034370,D.Hamilton,2019,6
00-0034370,D.Hamilton,2019,7
00-0034370,D.Hamilton,2019,8
00-0034370,D.Hamilton,2019,12
00-0034370,D.Hamilton,2019,13
00-0034370,D.Hamilton,2019,14
00-0034370,D.Hamilton,2019,15
00-0034370,D.Hamilton,2019,16
00-0034370,D.Hamilton,2019,17
00-0034370,D.Hamilton,2020,1
00-0034370,D.Hamilton,2020,2
00-0034370,D.Hamilton,2020,4
00-0034370,D.Hamilton,2020,6
00-0034370,D.Hamilton,2020,7
00-0034370,D.Hamilton,2020,8
00-0034370,D.Hamilton,2020,9
00-0034370,D.Hamilton,2020,10
00-0034370,D.Hamilton,2020,12
00-0034370,D.Hamilton,2020,14
00-0034370,D.Hamilton,2020,16
00-0034370,D.Hamilton,2020,17
00-0034378,I.Smith,2018,11
00-0034378,I.Smith,2018,12
00-0034378,I.Smith,2018,13
00-0034378,I.Smith,2018,14
00-0034378,I.Smith,2018,15
00-0034378,I.Smith,2019,1
00-0034378,I.Smith,2019,2
00-0034378,I.Smith,2019,4
00-0034378,I.Smith,2019,5
00-0034378,I.Smith,2020,1
00-0034378,I.Smith,2020,3
00-0034378,I.Smith,2020,4
00-0034378,I.Smith,2020,6
00-0034378,I.Smith,2020,7
00-0034378,I.Smith,2020,12
00-0034378,I.Smith,2020,13
00-0034378,I.Smith,2020,14
00-0034378,I.Smith,2020,15
00-0034378,I.Smith,2020,16
00-0034378,I.Smith,2020,17
00-0034383,D.Schultz,2019,6
00-0034383,D.Schultz,2019,16
00-0034383,D.Schultz,2020,1
00-0034383,D.Schultz,2020,2
00-0034383,D.Schultz,2020,3
00-0034383,D.Schultz,2020,4
00-0034383,D.Schultz,2020,5
00-0034383,D.Schultz,2020,6
00-0034383,D.Schultz,2020,7
00-0034383,D.Schultz,2020,8
00-0034383,D.Schultz,2020,9
00-0034383,D.Schultz,2020,11
00-0034383,D.Schultz,2020,12
00-0034383,D.Schultz,2020,13
00-0034383,D.Schultz,2020,14
00-0034383,D.Schultz,2020,15
00-0034383,D.Schultz,2020,16
00-0034383,D.Schultz,2020,17
00-0034383,D.Schultz,2021,1
00-0034383,D.Schultz,2021,2
00-0034383,D.Schultz,2021,3
00-0034383,D.Schultz,2021,4
00-0034383,D.Schultz,2021,5
00-0034383,D.Schultz,2021,6
00-0034383,D.Schultz,2021,8
00-0034383,D.Schultz,2021,9
00-0034383,D.Schultz,2021,10
00-0034383,D.Schultz,2021,11
00-0034383,D.Schultz,2021,12
00-0034383,D.Schultz,2021,13
00-0034383,D.Schultz,2021,14
00-0034383,D.Schultz,2021,15
00-0034383,D.Schultz,2021,16
00-0034383,D.Schultz,2021,17
00-0034383,D.Schultz,2021,18
00-0034383,D.Schultz,2021,19
00-0034383,D.Schultz,2022,1
00-0034383,D.Schultz,2022,2
00-0034383,D.Schultz,2022,4
00-0034383,D.Schultz,2022,5
00-0034383,D.Schultz,2022,7
00-0034383,D.Schultz,2022,8
00-0034383,D.Schultz,2022,10
00-0034383,D.Schultz,2022,11
00-0034383,D.Schultz,2022,12
00-0034383,D.Schultz,2022,13
00-0034383,D.Schultz,2022,14
00-0034383,D.Schultz,2022,15
00-0034383,D.Schultz,2022,16
00-0034383,D.Schultz,2022,17
00-0034383,D.Schultz,2022,18
00-0034383,D.Schultz,2022,19
00-0034383,D.Schultz,2022,20
00-0034386,J.Watson,2019,17
00-0034386,J.Watson,2020,1
00-0034386,J.Watson,2020,2
00-0034386,J.Watson,2020,4
00-0034386,Ju.Watson,2022,1
00-0034386,Ju.Watson,2022,2
00-0034386,Ju.Watson,2022,3
00-0034386,Ju.Watson,2022,4
00-0034386,Ju.Watson,2022,5
00-0034386,Ju.Watson,2022,6
00-0034386,Ju.Watson,2022,7
00-0034386,Ju.Watson,2022,9
00-0034386,Ju.Watson,2022,10
00-0034386,Ju.Watson,2022,11
00-0034386,Ju.Watson,2022,12
00-0034386,Ju.Watson,2022,13
00-0034386,Ju.Watson,2022,14
00-0034386,Ju.Watson,2022,15
00-0034386,Ju.Watson,2022,16
00-0034386,Ju.Watson,2022,17
00-0034386,Ju.Watson,2022,18
00-0034386,Ju.Watson,2022,20
00-0034386,Ju.Watson,2022,22
00-0034400,J.Wilkins,2018,15
00-0034400,J.Wilkins,2018,17
00-0034400,J.Wilkins,2018,19
00-0034400,J.Wilkins,2019,2
00-0034400,J.Wilkins,2019,4
00-0034400,J.Wilkins,2019,7
00-0034400,J.Wilkins,2019,9
00-0034400,J.Wilkins,2019,13
00-0034400,J.Wilkins,2019,15
00-0034400,J.Wilkins,2020,3
00-0034400,J.Wilkins,2020,4
00-0034400,J.Wilkins,2020,6
00-0034400,J.Wilkins,2020,8
00-0034400,J.Wilkins,2020,9
00-0034400,J.Wilkins,2020,10
00-0034400,J.Wilkins,2020,11
00-0034400,J.Wilkins,2020,12
00-0034400,J.Wilkins,2020,13
00-0034400,J.Wilkins,2020,14
00-0034400,J.Wilkins,2022,9
00-0034400,J.Wilkins,2022,16
00-0034400,J.Wilkins,2022,17
00-0034407,R.McCloud,2020,7
00-0034407,R.McCloud,2020,8
00-0034407,R.McCloud,2020,9
00-0034407,R.McCloud,2020,10
00-0034407,R.McCloud,2020,11
00-0034407,R.McCloud,2020,12
00-0034407,R.McCloud,2020,13
00-0034407,R.McCloud,2020,15
00-0034407,R.McCloud,2020,17
00-0034407,R.McCloud,2021,3
00-0034407,R.McCloud,2021,4
00-0034407,R.McCloud,2021,5
00-0034407,R.McCloud,2021,6
00-0034407,R.McCloud,2021,9
00-0034407,R.McCloud,2021,10
00-0034407,R.McCloud,2021,11
00-0034407,R.McCloud,2021,13
00-0034407,R.McCloud,2021,14
00-0034407,R.McCloud,2021,15
00-0034407,R.McCloud,2021,16
00-0034407,R.McCloud,2021,17
00-0034407,R.McCloud,2021,18
00-0034407,R.McCloud,2021,19
00-0034407,R.McCloud,2022,1
00-0034407,R.McCloud,2022,2
00-0034407,R.McCloud,2022,3
00-0034407,R.McCloud,2022,4
00-0034407,R.McCloud,2022,6
00-0034407,R.McCloud,2022,7
00-0034407,R.McCloud,2022,8
00-0034407,R.McCloud,2022,10
00-0034407,R.McCloud,2022,11
00-0034407,R.McCloud,2022,12
00-0034407,R.McCloud,2022,14
00-0034407,R.McCloud,2022,15
00-0034407,R.McCloud,2022,16
00-0034407,R.McCloud,2022,17
00-0034411,R.Gage,2019,6
00-0034411,R.Gage,2019,7
00-0034411,R.Gage,2019,8
00-0034411,R.Gage,2019,10
00-0034411,R.Gage,2019,11
00-0034411,R.Gage,2019,12
00-0034411,R.Gage,2019,13
00-0034411,R.Gage,2019,14
00-0034411,R.Gage,2019,15
00-0034411,R.Gage,2019,16
00-0034411,R.Gage,2019,17
00-0034411,R.Gage,2020,1
00-0034411,R.Gage,2020,2
00-0034411,R.Gage,2020,3
00-0034411,R.Gage,2020,4
00-0034411,R.Gage,2020,5
00-0034411,R.Gage,2020,6
00-0034411,R.Gage,2020,7
00-0034411,R.Gage,2020,8
00-0034411,R.Gage,2020,9
00-0034411,R.Gage,2020,11
00-0034411,R.Gage,2020,12
00-0034411,R.Gage,2020,13
00-0034411,R.Gage,2020,14
00-0034411,R.Gage,2020,15
00-0034411,R.Gage,2020,16
00-0034411,R.Gage,2020,17
00-0034411,R.Gage,2021,1
00-0034411,R.Gage,2021,2
00-0034411,R.Gage,2021,7
00-0034411,R.Gage,2021,9
00-0034411,R.Gage,2021,10
00-0034411,R.Gage,2021,11
00-0034411,R.Gage,2021,12
00-0034411,R.Gage,2021,13
00-0034411,R.Gage,2021,14
00-0034411,R.Gage,2021,15
00-0034411,R.Gage,2021,16
00-0034411,R.Gage,2021,17
00-0034411,R.Gage,2021,18
00-0034411,R.Gage,2022,1
00-0034411,R.Gage,2022,2
00-0034411,R.Gage,2022,3
00-0034411,R.Gage,2022,4
00-0034411,R.Gage,2022,5
00-0034411,R.Gage,2022,6
00-0034411,R.Gage,2022,7
00-0034411,R.Gage,2022,13
00-0034411,R.Gage,2022,14
00-0034411,R.Gage,2022,15
00-0034411,R.Gage,2022,16
00-0034411,R.Gage,2022,17
00-0034411,R.Gage,2022,18
00-0034411,R.Gage,2022,19
00-0034414,B.Scott,2020,3
00-0034414,B.Scott,2020,6
00-0034414,B.Scott,2020,7
00-0034414,B.Scott,2020,8
00-0034414,B.Scott,2020,10
00-0034414,B.Scott,2020,11
00-0034414,B.Scott,2020,12
00-0034414,B.Scott,2020,13
00-0034414,B.Scott,2020,14
00-0034414,B.Scott,2020,15
00-0034414,B.Scott,2020,17
00-0034414,B.Scott,2021,3
00-0034414,B.Scott,2021,7
00-0034414,B.Scott,2021,8
00-0034414,B.Scott,2021,10
00-0034414,B.Scott,2021,11
00-0034414,B.Scott,2021,12
00-0034414,B.Scott,2021,17
00-0034414,B.Scott,2021,19
00-0034414,B.Scott,2022,2
00-0034414,B.Scott,2022,11
00-0034414,B.Scott,2022,13
00-0034414,B.Scott,2022,14
00-0034414,B.Scott,2022,17
00-0034414,B.Scott,2022,22
00-0034418,C.Wilson,2020,9
00-0034418,C.Wilson,2020,11
00-0034418,C.Wilson,2020,17
00-0034418,C.Wilson,2021,1
00-0034418,C.Wilson,2021,2
00-0034418,C.Wilson,2021,3
00-0034418,C.Wilson,2021,4
00-0034418,C.Wilson,2021,5
00-0034418,C.Wilson,2021,6
00-0034418,C.Wilson,2021,8
00-0034418,C.Wilson,2021,9
00-0034418,C.Wilson,2021,11
00-0034418,C.Wilson,2021,12
00-0034418,C.Wilson,2021,14
00-0034418,C.Wilson,2021,16
00-0034418,C.Wilson,2021,17
00-0034418,C.Wilson,2021,18
00-0034418,C.Wilson,2021,19
00-0034418,C.Wilson,2022,1
00-0034418,C.Wilson,2022,2
00-0034418,C.Wilson,2022,5
00-0034418,C.Wilson,2022,8
00-0034418,C.Wilson,2022,9
00-0034418,C.Wilson,2022,10
00-0034418,C.Wilson,2022,12
00-0034418,C.Wilson,2022,14
00-0034418,C.Wilson,2022,15
00-0034418,C.Wilson,2022,19
00-0034419,B.Berrios,2020,4
00-0034419,B.Berrios,2020,5
00-0034419,B.Berrios,2020,6
00-0034419,B.Berrios,2020,7
00-0034419,B.Berrios,2020,8
00-0034419,B.Berrios,2020,9
00-0034419,B.Berrios,2020,13
00-0034419,B.Berrios,2020,14
00-0034419,B.Berrios,2020,15
00-0034419,B.Berrios,2020,16
00-0034419,B.Berrios,2020,17
00-0034419,B.Berrios,2021,1
00-0034419,B.Berrios,2021,2
00-0034419,B.Berrios,2021,3
00-0034419,B.Berrios,2021,4
00-0034419,B.Berrios,2021,5
00-0034419,B.Berrios,2021,8
00-0034419,B.Berrios,2021,9
00-0034419,B.Berrios,2021,10
00-0034419,B.Berrios,2021,11
00-0034419,B.Berrios,2021,12
00-0034419,B.Berrios,2021,13
00-0034419,B.Berrios,2021,14
00-0034419,B.Berrios,2021,15
00-0034419,B.Berrios,2021,16
00-0034419,B.Berrios,2021,17
00-0034419,B.Berrios,2022,1
00-0034419,B.Berrios,2022,3
00-0034419,B.Berrios,2022,4
00-0034419,B.Berrios,2022,5
00-0034419,B.Berrios,2022,6
00-0034419,B.Berrios,2022,7
00-0034419,B.Berrios,2022,8
00-0034419,B.Berrios,2022,9
00-0034419,B.Berrios,2022,11
00-0034419,B.Berrios,2022,12
00-0034419,B.Berrios,2022,13
00-0034419,B.Berrios,2022,14
00-0034419,B.Berrios,2022,15
00-0034419,B.Berrios,2022,17
00-0034420,J.Thomas,2018,12
00-0034420,J.Thomas,2018,13
00-0034420,J.Thomas,2018,14
00-0034420,J.Thomas,2018,15
00-0034420,J.Thomas,2018,16
00-0034420,J.Thomas,2018,17
00-0034420,J.Thomas,2019,17
00-0034420,J.Thomas,2019,19
00-0034420,J.Thomas,2020,4
00-0034420,J.Thomas,2020,11
00-0034426,J.Wims,2019,12
00-0034426,J.Wims,2019,13
00-0034426,J.Wims,2019,14
00-0034426,J.Wims,2019,16
00-0034426,J.Wims,2019,17
00-0034426,J.Wims,2020,1
00-0034426,J.Wims,2020,2
00-0034426,J.Wims,2020,3
00-0034426,J.Wims,2020,7
00-0034426,J.Wims,2020,8
00-0034426,J.Wims,2020,13
00-0034426,J.Wims,2020,15
00-0034426,J.Wims,2020,17
00-0034426,J.Wims,2020,18
00-0034440,J.Jackson,2019,2
00-0034440,J.Jackson,2019,3
00-0034440,J.Jackson,2019,9
00-0034440,J.Jackson,2019,15
00-0034440,J.Jackson,2020,4
00-0034440,J.Jackson,2020,5
00-0034440,J.Jackson,2020,7
00-0034440,J.Jackson,2020,8
00-0034440,J.Jackson,2020,14
00-0034440,J.Jackson,2020,17
00-0034440,J.Jackson,2021,1
00-0034440,J.Jackson,2021,2
00-0034440,J.Jackson,2021,4
00-0034440,J.Jackson,2021,6
00-0034440,J.Jackson,2021,11
00-0034440,J.Jackson,2021,13
00-0034440,J.Jackson,2021,14
00-0034440,J.Jackson,2021,15
00-0034440,J.Jackson,2021,16
00-0034440,J.Jackson,2021,17
00-0034440,J.Jackson,2021,18
00-0034440,J.Jackson,2022,4
00-0034440,J.Jackson,2022,5
00-0034440,J.Jackson,2022,10
00-0034440,J.Jackson,2022,11
00-0034440,J.Jackson,2022,12
00-0034440,J.Jackson,2022,13
00-0034440,J.Jackson,2022,14
00-0034440,J.Jackson,2022,15
00-0034440,J.Jackson,2022,16
00-0034440,J.Jackson,2022,18
00-0034487,T.Sherfield,2019,4
00-0034487,T.Sherfield,2019,5
00-0034487,T.Sherfield,2019,6
00-0034487,T.Sherfield,2019,7
00-0034487,T.Sherfield,2019,8
00-0034487,T.Sherfield,2019,10
00-0034487,T.Sherfield,2020,5
00-0034487,T.Sherfield,2020,17
00-0034487,T.Sherfield,2021,1
00-0034487,T.Sherfield,2021,2
00-0034487,T.Sherfield,2021,4
00-0034487,T.Sherfield,2021,7
00-0034487,T.Sherfield,2021,12
00-0034487,T.Sherfield,2021,13
00-0034487,T.Sherfield,2021,15
00-0034487,T.Sherfield,2021,17
00-0034487,T.Sherfield,2021,18
00-0034487,T.Sherfield,2021,19
00-0034487,T.Sherfield,2022,1
00-0034487,T.Sherfield,2022,2
00-0034487,T.Sherfield,2022,3
00-0034487,T.Sherfield,2022,4
00-0034487,T.Sherfield,2022,5
00-0034487,T.Sherfield,2022,6
00-0034487,T.Sherfield,2022,7
00-0034487,T.Sherfield,2022,8
00-0034487,T.Sherfield,2022,9
00-0034487,T.Sherfield,2022,10
00-0034487,T.Sherfield,2022,12
00-0034487,T.Sherfield,2022,13
00-0034487,T.Sherfield,2022,14
00-0034487,T.Sherfield,2022,15
00-0034487,T.Sherfield,2022,16
00-0034487,T.Sherfield,2022,17
00-0034487,T.Sherfield,2022,19
00-0034510,R.Foster,2018,15
00-0034510,R.Foster,2018,16
00-0034510,R.Foster,2018,17
00-0034510,R.Foster,2019,2
00-0034510,R.Foster,2019,3
00-0034510,R.Foster,2019,8
00-0034510,R.Foster,2019,9
00-0034510,R.Foster,2019,10
00-0034510,R.Foster,2019,12
00-0034510,R.Foster,2019,13
00-0034510,R.Foster,2019,14
00-0034510,R.Foster,2019,16
00-0034510,R.Foster,2019,17
00-0034510,R.Foster,2020,14
00-0034510,R.Foster,2020,15
00-0034510,R.Foster,2020,16
00-0034521,A.Lazard,2019,14
00-0034521,A.Lazard,2019,15
00-0034521,A.Lazard,2019,16
00-0034521,A.Lazard,2019,17
00-0034521,A.Lazard,2019,20
00-0034521,A.Lazard,2020,1
00-0034521,A.Lazard,2020,2
00-0034521,A.Lazard,2020,3
00-0034521,A.Lazard,2020,11
00-0034521,A.Lazard,2020,12
00-0034521,A.Lazard,2020,13
00-0034521,A.Lazard,2020,14
00-0034521,A.Lazard,2020,15
00-0034521,A.Lazard,2020,16
00-0034521,A.Lazard,2020,17
00-0034521,A.Lazard,2020,19
00-0034521,A.Lazard,2020,20
00-0034521,A.Lazard,2021,1
00-0034521,A.Lazard,2021,3
00-0034521,A.Lazard,2021,4
00-0034521,A.Lazard,2021,5
00-0034521,A.Lazard,2021,6
00-0034521,A.Lazard,2021,7
00-0034521,A.Lazard,2021,9
00-0034521,A.Lazard,2021,10
00-0034521,A.Lazard,2021,12
00-0034521,A.Lazard,2021,14
00-0034521,A.Lazard,2021,15
00-0034521,A.Lazard,2021,16
00-0034521,A.Lazard,2021,17
00-0034521,A.Lazard,2021,18
00-0034521,A.Lazard,2021,20
00-0034521,A.Lazard,2022,2
00-0034521,A.Lazard,2022,3
00-0034521,A.Lazard,2022,4
00-0034521,A.Lazard,2022,5
00-0034521,A.Lazard,2022,6
00-0034521,A.Lazard,2022,7
00-0034521,A.Lazard,2022,9
00-0034521,A.Lazard,2022,10
00-0034521,A.Lazard,2022,11
00-0034521,A.Lazard,2022,12
00-0034521,A.Lazard,2022,13
00-0034521,A.Lazard,2022,15
00-0034521,A.Lazard,2022,16
00-0034521,A.Lazard,2022,17
00-0034521,A.Lazard,2022,18
00-0034613,T.Hudson,2020,21
00-0034613,T.Hudson,2022,2
00-0034613,T.Hudson,2022,4
00-0034613,T.Hudson,2022,7
00-0034613,T.Hudson,2022,8
00-0034613,T.Hudson,2022,10
00-0034613,T.Hudson,2022,12
00-0034631,V.Smith,2019,9
00-0034631,V.Smith,2019,10
00-0034631,V.Smith,2019,11
00-0034631,V.Smith,2019,12
00-0034631,V.Smith,2019,13
00-0034631,V.Smith,2019,14
00-0034631,V.Smith,2019,15
00-0034631,V.Smith,2019,16
00-0034631,V.Smith,2019,17
00-0034631,V.Smith,2020,8
00-0034631,V.Smith,2020,17
00-0034631,V.Smith,2021,14
00-0034646,B.Powell,2020,12
00-0034646,B.Powell,2020,13
00-0034646,B.Powell,2020,14
00-0034646,B.Powell,2020,15
00-0034646,B.Powell,2020,16
00-0034646,B.Powell,2022,1
00-0034646,B.Powell,2022,2
00-0034646,B.Powell,2022,3
00-0034646,B.Powell,2022,6
00-0034646,B.Powell,2022,9
00-0034646,B.Powell,2022,10
00-0034646,B.Powell,2022,11
00-0034646,B.Powell,2022,12
00-0034646,B.Powell,2022,13
00-0034646,B.Powell,2022,14
00-0034646,B.Powell,2022,15
00-0034646,B.Powell,2022,16
00-0034646,B.Powell,2022,17
00-0034646,B.Powell,2022,18
00-0034652,C.Batson,2020,9
00-0034652,C.Batson,2020,10
00-0034652,C.Batson,2020,11
00-0034652,C.Batson,2020,13
00-0034652,C.Batson,2020,15
00-0034652,C.Batson,2020,16
00-0034652,C.Batson,2020,18
00-0034652,C.Batson,2021,3
00-0034652,C.Batson,2021,4
00-0034676,J.Washington,2018,14
00-0034676,J.Washington,2018,15
00-0034676,J.Washington,2018,16
00-0034676,J.Washington,2018,17
00-0034676,J.Washington,2019,1
00-0034676,J.Washington,2019,2
00-0034676,J.Washington,2019,3
00-0034676,J.Washington,2019,4
00-0034676,J.Washington,2019,5
00-0034676,J.Washington,2019,8
00-0034676,J.Washington,2019,9
00-0034676,J.Washington,2019,10
00-0034676,J.Washington,2019,11
00-0034676,J.Washington,2019,12
00-0034676,J.Washington,2019,13
00-0034676,J.Washington,2019,14
00-0034676,J.Washington,2019,15
00-0034676,J.Washington,2019,16
00-0034676,J.Washington,2019,17
00-0034676,J.Washington,2020,1
00-0034676,J.Washington,2020,2
00-0034676,J.Washington,2020,3
00-0034676,J.Washington,2020,5
00-0034676,J.Washington,2020,6
00-0034676,J.Washington,2020,7
00-0034676,J.Washington,2020,8
00-0034676,J.Washington,2020,9
00-0034676,J.Washington,2020,10
00-0034676,J.Washington,2020,11
00-0034676,J.Washington,2020,12
00-0034676,J.Washington,2020,13
00-0034676,J.Washington,2020,14
00-0034676,J.Washington,2020,15
00-0034676,J.Washington,2020,16
00-0034676,J.Washington,2020,17
00-0034676,J.Washington,2020,18
00-0034676,J.Washington,2021,1
00-0034676,J.Washington,2021,2
00-0034676,J.Washington,2021,3
00-0034676,J.Washington,2021,4
00-0034676,J.Washington,2021,6
00-0034676,J.Washington,2021,8
00-0034676,J.Washington,2021,9
00-0034676,J.Washington,2021,10
00-0034676,J.Washington,2021,11
00-0034676,J.Washington,2021,12
00-0034676,J.Washington,2021,13
00-0034676,J.Washington,2021,14
00-0034676,J.Washington,2021,15
00-0034676,J.Washington,2021,16
00-0034676,J.Washington,2021,17
00-0034676,J.Washington,2021,19
00-0034676,J.Washington,2022,14
00-0034681,C.Edmonds,2018,17
00-0034681,C.Edmonds,2019,1
00-0034681,C.Edmonds,2019,2
00-0034681,C.Edmonds,2019,3
00-0034681,C.Edmonds,2019,5
00-0034681,C.Edmonds,2019,6
00-0034681,C.Edmonds,2019,7
00-0034681,C.Edmonds,2019,8
00-0034681,C.Edmonds,2019,14
00-0034681,C.Edmonds,2020,1
00-0034681,C.Edmonds,2020,2
00-0034681,C.Edmonds,2020,3
00-0034681,C.Edmonds,2020,4
00-0034681,C.Edmonds,2020,5
00-0034681,C.Edmonds,2020,6
00-0034681,C.Edmonds,2020,7
00-0034681,C.Edmonds,2020,9
00-0034681,C.Edmonds,2020,10
00-0034681,C.Edmonds,2020,11
00-0034681,C.Edmonds,2020,12
00-0034681,C.Edmonds,2020,13
00-0034681,C.Edmonds,2020,14
00-0034681,C.Edmonds,2020,15
00-0034681,C.Edmonds,2020,16
00-0034681,C.Edmonds,2020,17
00-0034681,C.Edmonds,2021,1
00-0034681,C.Edmonds,2021,2
00-0034681,C.Edmonds,2021,3
00-0034681,C.Edmonds,2021,4
00-0034681,C.Edmonds,2021,5
00-0034681,C.Edmonds,2021,6
00-0034681,C.Edmonds,2021,7
00-0034681,C.Edmonds,2021,8
00-0034681,C.Edmonds,2021,15
00-0034681,C.Edmonds,2021,16
00-0034681,C.Edmonds,2021,17
00-0034681,C.Edmonds,2021,19
00-0034681,C.Edmonds,2022,1
00-0034681,C.Edmonds,2022,2
00-0034681,C.Edmonds,2022,3
00-0034681,C.Edmonds,2022,4
00-0034681,C.Edmonds,2022,5
00-0034681,C.Edmonds,2022,6
00-0034681,C.Edmonds,2022,7
00-0034681,C.Edmonds,2022,10
00-0034681,C.Edmonds,2022,16
00-0034681,C.Edmonds,2022,17
00-0034686,A.Tate,2019,6
00-0034686,A.Tate,2019,7
00-0034686,A.Tate,2019,8
00-0034686,A.Tate,2019,10
00-0034686,A.Tate,2019,11
00-0034686,A.Tate,2019,12
00-0034686,A.Tate,2019,13
00-0034686,A.Tate,2019,14
00-0034686,A.Tate,2020,3
00-0034686,A.Tate,2020,4
00-0034686,A.Tate,2020,5
00-0034686,A.Tate,2020,7
00-0034686,A.Tate,2020,8
00-0034686,A.Tate,2020,10
00-0034686,A.Tate,2020,11
00-0034686,A.Tate,2020,12
00-0034686,A.Tate,2021,3
00-0034686,A.Tate,2021,4
00-0034686,A.Tate,2021,5
00-0034686,A.Tate,2021,6
00-0034750,R.Penny,2019,13
00-0034750,R.Penny,2019,14
00-0034750,R.Penny,2021,13
00-0034750,R.Penny,2021,14
00-0034750,R.Penny,2021,15
00-0034750,R.Penny,2021,16
00-0034750,R.Penny,2021,17
00-0034750,R.Penny,2022,1
00-0034750,R.Penny,2022,3
00-0034750,R.Penny,2022,4
00-0034753,M.Andrews,2018,9
00-0034753,M.Andrews,2018,11
00-0034753,M.Andrews,2018,12
00-0034753,M.Andrews,2018,13
00-0034753,M.Andrews,2018,14
00-0034753,M.Andrews,2018,15
00-0034753,M.Andrews,2018,16
00-0034753,M.Andrews,2018,17
00-0034753,M.Andrews,2018,18
00-0034753,M.Andrews,2019,1
00-0034753,M.Andrews,2019,2
00-0034753,M.Andrews,2019,3
00-0034753,M.Andrews,2019,4
00-0034753,M.Andrews,2019,5
00-0034753,M.Andrews,2019,6
00-0034753,M.Andrews,2019,7
00-0034753,M.Andrews,2019,9
00-0034753,M.Andrews,2019,10
00-0034753,M.Andrews,2019,11
00-0034753,M.Andrews,2019,12
00-0034753,M.Andrews,2019,13
00-0034753,M.Andrews,2019,14
00-0034753,M.Andrews,2019,15
00-0034753,M.Andrews,2019,16
00-0034753,M.Andrews,2019,19
00-0034753,M.Andrews,2020,1
00-0034753,M.Andrews,2020,2
00-0034753,M.Andrews,2020,3
00-0034753,M.Andrews,2020,4
00-0034753,M.Andrews,2020,5
00-0034753,M.Andrews,2020,6
00-0034753,M.Andrews,2020,8
00-0034753,M.Andrews,2020,9
00-0034753,M.Andrews,2020,10
00-0034753,M.Andrews,2020,11
00-0034753,M.Andrews,2020,14
00-0034753,M.Andrews,2020,15
00-0034753,M.Andrews,2020,16
00-0034753,M.Andrews,2020,17
00-0034753,M.Andrews,2020,18
00-0034753,M.Andrews,2020,19
00-0034753,M.Andrews,2021,1
00-0034753,M.Andrews,2021,2
00-0034753,M.Andrews,2021,3
00-0034753,M.Andrews,2021,4
00-0034753,M.Andrews,2021,5
00-0034753,M.Andrews,2021,6
00-0034753,M.Andrews,2021,7
00-0034753,M.Andrews,2021,9
00-0034753,M.Andrews,2021,10
00-0034753,M.Andrews,2021,11
00-0034753,M.Andrews,2021,12
00-0034753,M.Andrews,2021,13
00-0034753,M.Andrews,2021,14
00-0034753,M.Andrews,2021,15
00-0034753,M.Andrews,2021,16
00-0034753,M.Andrews,2021,17
00-0034753,M.Andrews,2021,18
00-0034753,M.Andrews,2022,1
00-0034753,M.Andrews,2022,2
00-0034753,M.Andrews,2022,3
00-0034753,M.Andrews,2022,4
00-0034753,M.Andrews,2022,5
00-0034753,M.Andrews,2022,6
00-0034753,M.Andrews,2022,7
00-0034753,M.Andrews,2022,8
00-0034753,M.Andrews,2022,11
00-0034753,M.Andrews,2022,12
00-0034753,M.Andrews,2022,13
00-0034753,M.Andrews,2022,14
00-0034753,M.Andrews,2022,15
00-0034753,M.Andrews,2022,16
00-0034753,M.Andrews,2022,17
00-0034753,M.Andrews,2022,19
00-0034764,M.Gallup,2018,10
00-0034764,M.Gallup,2018,11
00-0034764,M.Gallup,2018,12
00-0034764,M.Gallup,2018,13
00-0034764,M.Gallup,2018,14
00-0034764,M.Gallup,2018,16
00-0034764,M.Gallup,2018,17
00-0034764,M.Gallup,2018,18
00-0034764,M.Gallup,2018,19
00-0034764,M.Gallup,2019,1
00-0034764,M.Gallup,2019,2
00-0034764,M.Gallup,2019,5
00-0034764,M.Gallup,2019,6
00-0034764,M.Gallup,2019,7
00-0034764,M.Gallup,2019,9
00-0034764,M.Gallup,2019,10
00-0034764,M.Gallup,2019,11
00-0034764,M.Gallup,2019,12
00-0034764,M.Gallup,2019,13
00-0034764,M.Gallup,2019,14
00-0034764,M.Gallup,2019,15
00-0034764,M.Gallup,2019,16
00-0034764,M.Gallup,2019,17
00-0034764,M.Gallup,2020,1
00-0034764,M.Gallup,2020,2
00-0034764,M.Gallup,2020,3
00-0034764,M.Gallup,2020,4
00-0034764,M.Gallup,2020,5
00-0034764,M.Gallup,2020,6
00-0034764,M.Gallup,2020,7
00-0034764,M.Gallup,2020,8
00-0034764,M.Gallup,2020,9
00-0034764,M.Gallup,2020,11
00-0034764,M.Gallup,2020,12
00-0034764,M.Gallup,2020,13
00-0034764,M.Gallup,2020,14
00-0034764,M.Gallup,2020,15
00-0034764,M.Gallup,2020,16
00-0034764,M.Gallup,2020,17
00-0034764,M.Gallup,2021,1
00-0034764,M.Gallup,2021,10
00-0034764,M.Gallup,2021,11
00-0034764,M.Gallup,2021,12
00-0034764,M.Gallup,2021,13
00-0034764,M.Gallup,2021,14
00-0034764,M.Gallup,2021,15
00-0034764,M.Gallup,2021,16
00-0034764,M.Gallup,2021,17
00-0034764,M.Gallup,2022,4
00-0034764,M.Gallup,2022,5
00-0034764,M.Gallup,2022,6
00-0034764,M.Gallup,2022,7
00-0034764,M.Gallup,2022,8
00-0034764,M.Gallup,2022,10
00-0034764,M.Gallup,2022,11
00-0034764,M.Gallup,2022,12
00-0034764,M.Gallup,2022,13
00-0034764,M.Gallup,2022,14
00-0034764,M.Gallup,2022,15
00-0034764,M.Gallup,2022,16
00-0034764,M.Gallup,2022,17
00-0034764,M.Gallup,2022,18
00-0034764,M.Gallup,2022,19
00-0034764,M.Gallup,2022,20
00-0034765,T.Smith,2018,13
00-0034765,T.Smith,2018,14
00-0034765,T.Smith,2018,15
00-0034765,T.Smith,2018,16
00-0034765,T.Smith,2018,17
00-0034765,T.Smith,2018,19
00-0034765,T.Smith,2018,20
00-0034765,T.Smith,2019,1
00-0034765,T.Smith,2019,2
00-0034765,T.Smith,2019,10
00-0034765,T.Smith,2019,11
00-0034765,T.Smith,2019,12
00-0034765,T.Smith,2019,13
00-0034765,T.Smith,2019,14
00-0034765,T.Smith,2019,15
00-0034765,T.Smith,2019,16
00-0034765,T.Smith,2019,17
00-0034765,T.Smith,2019,18
00-0034765,T.Smith,2020,1
00-0034765,T.Smith,2020,2
00-0034765,T.Smith,2020,3
00-0034765,T.Smith,2020,4
00-0034765,T.Smith,2020,5
00-0034765,T.Smith,2020,7
00-0034765,T.Smith,2020,8
00-0034765,T.Smith,2020,9
00-0034765,T.Smith,2020,10
00-0034765,T.Smith,2020,12
00-0034765,T.Smith,2020,13
00-0034765,T.Smith,2020,14
00-0034765,T.Smith,2020,15
00-0034765,T.Smith,2020,19
00-0034765,T.Smith,2021,7
00-0034765,T.Smith,2021,8
00-0034765,T.Smith,2021,9
00-0034765,T.Smith,2021,10
00-0034765,T.Smith,2021,11
00-0034765,T.Smith,2021,12
00-0034765,T.Smith,2021,13
00-0034765,T.Smith,2021,14
00-0034765,T.Smith,2021,15
00-0034765,T.Smith,2021,18
00-0034765,T.Smith,2022,3
00-0034765,T.Smith,2022,4
00-0034765,T.Smith,2022,5
00-0034765,T.Smith,2022,6
00-0034765,T.Smith,2022,7
00-0034765,T.Smith,2022,8
00-0034765,T.Smith,2022,9
00-0034765,T.Smith,2022,12
00-0034765,T.Smith,2022,18
00-0034766,C.Herndon,2018,12
00-0034766,C.Herndon,2018,13
00-0034766,C.Herndon,2018,14
00-0034766,C.Herndon,2018,15
00-0034766,C.Herndon,2018,16
00-0034766,C.Herndon,2018,17
00-0034766,C.Herndon,2019,10
00-0034766,C.Herndon,2020,1
00-0034766,C.Herndon,2020,2
00-0034766,C.Herndon,2020,3
00-0034766,C.Herndon,2020,4
00-0034766,C.Herndon,2020,5
00-0034766,C.Herndon,2020,8
00-0034766,C.Herndon,2020,11
00-0034766,C.Herndon,2020,14
00-0034766,C.Herndon,2020,15
00-0034766,C.Herndon,2020,16
00-0034766,C.Herndon,2020,17
00-0034766,C.Herndon,2021,1
00-0034766,C.Herndon,2021,6
00-0034766,C.Herndon,2021,8
00-0034766,C.Herndon,2021,10
00-0034766,C.Herndon,2021,14
00-0034772,A.Callaway,2018,9
00-0034772,A.Callaway,2018,10
00-0034772,A.Callaway,2018,12
00-0034772,A.Callaway,2018,13
00-0034772,A.Callaway,2018,14
00-0034772,A.Callaway,2018,15
00-0034772,A.Callaway,2018,16
00-0034772,A.Callaway,2018,17
00-0034772,A.Callaway,2019,5
00-0034772,A.Callaway,2019,6
00-0034772,A.Callaway,2019,8
00-0034772,A.Callaway,2019,9
00-0034772,A.Callaway,2020,11
00-0034772,A.Callaway,2020,12
00-0034772,A.Callaway,2020,14
00-0034775,C.Kirk,2018,10
00-0034775,C.Kirk,2018,11
00-0034775,C.Kirk,2018,12
00-0034775,C.Kirk,2018,13
00-0034775,C.Kirk,2019,1
00-0034775,C.Kirk,2019,2
00-0034775,C.Kirk,2019,3
00-0034775,C.Kirk,2019,4
00-0034775,C.Kirk,2019,8
00-0034775,C.Kirk,2019,9
00-0034775,C.Kirk,2019,10
00-0034775,C.Kirk,2019,11
00-0034775,C.Kirk,2019,13
00-0034775,C.Kirk,2019,14
00-0034775,C.Kirk,2019,15
00-0034775,C.Kirk,2019,16
00-0034775,C.Kirk,2019,17
00-0034775,C.Kirk,2020,1
00-0034775,C.Kirk,2020,2
00-0034775,C.Kirk,2020,4
00-0034775,C.Kirk,2020,5
00-0034775,C.Kirk,2020,6
00-0034775,C.Kirk,2020,7
00-0034775,C.Kirk,2020,9
00-0034775,C.Kirk,2020,10
00-0034775,C.Kirk,2020,11
00-0034775,C.Kirk,2020,12
00-0034775,C.Kirk,2020,13
00-0034775,C.Kirk,2020,14
00-0034775,C.Kirk,2020,15
00-0034775,C.Kirk,2020,16
00-0034775,C.Kirk,2021,1
00-0034775,C.Kirk,2021,2
00-0034775,C.Kirk,2021,3
00-0034775,C.Kirk,2021,4
00-0034775,C.Kirk,2021,5
00-0034775,C.Kirk,2021,6
00-0034775,C.Kirk,2021,7
00-0034775,C.Kirk,2021,8
00-0034775,C.Kirk,2021,9
00-0034775,C.Kirk,2021,10
00-0034775,C.Kirk,2021,11
00-0034775,C.Kirk,2021,13
00-0034775,C.Kirk,2021,14
00-0034775,C.Kirk,2021,15
00-0034775,C.Kirk,2021,16
00-0034775,C.Kirk,2021,17
00-0034775,C.Kirk,2021,18
00-0034775,C.Kirk,2021,19
00-0034775,C.Kirk,2022,1
00-0034775,C.Kirk,2022,2
00-0034775,C.Kirk,2022,3
00-0034775,C.Kirk,2022,4
00-0034775,C.Kirk,2022,5
00-0034775,C.Kirk,2022,6
00-0034775,C.Kirk,2022,7
00-0034775,C.Kirk,2022,8
00-0034775,C.Kirk,2022,9
00-0034775,C.Kirk,2022,10
00-0034775,C.Kirk,2022,12
00-0034775,C.Kirk,2022,13
00-0034775,C.Kirk,2022,14
00-0034775,C.Kirk,2022,15
00-0034775,C.Kirk,2022,16
00-0034775,C.Kirk,2022,17
00-0034775,C.Kirk,2022,18
00-0034775,C.Kirk,2022,19
00-0034775,C.Kirk,2022,20
00-0034777,D.Chark,2018,11
00-0034777,D.Chark,2018,17
00-0034777,D.Chark,2019,1
00-0034777,D.Chark,2019,2
00-0034777,D.Chark,2019,3
00-0034777,D.Chark,2019,4
00-0034777,D.Chark,2019,5
00-0034777,D.Chark,2019,6
00-0034777,D.Chark Jr.,2019,7
00-0034777,D.Chark Jr.,2019,8
00-0034777,D.Chark Jr.,2019,9
00-0034777,D.Chark Jr.,2019,11
00-0034777,D.Chark Jr.,2019,12
00-0034777,D.Chark Jr.,2019,13
00-0034777,D.Chark Jr.,2019,14
00-0034777,D.Chark Jr.,2019,16
00-0034777,D.Chark Jr.,2019,17
00-0034777,D.Chark,2020,1
00-0034777,D.Chark,2020,2
00-0034777,D.Chark Jr.,2020,4
00-0034777,D.Chark Jr.,2020,5
00-0034777,D.Chark Jr.,2020,6
00-0034777,D.Chark Jr.,2020,7
00-0034777,D.Chark Jr.,2020,9
00-0034777,D.Chark Jr.,2020,10
00-0034777,D.Chark Jr.,2020,11
00-0034777,D.Chark Jr.,2020,13
00-0034777,D.Chark Jr.,2020,14
00-0034777,D.Chark Jr.,2020,15
00-0034777,D.Chark Jr.,2020,16
00-0034777,D.Chark,2021,1
00-0034777,D.Chark,2021,2
00-0034777,D.Chark,2021,3
00-0034777,D.Chark,2022,1
00-0034777,D.Chark,2022,2
00-0034777,D.Chark,2022,3
00-0034777,D.Chark,2022,11
00-0034777,D.Chark,2022,12
00-0034777,D.Chark,2022,13
00-0034777,D.Chark,2022,14
00-0034777,D.Chark,2022,15
00-0034777,D.Chark,2022,16
00-0034777,D.Chark,2022,17
00-0034777,D.Chark,2022,18
00-0034791,N.Chubb,2018,15
00-0034791,N.Chubb,2018,16
00-0034791,N.Chubb,2018,17
00-0034791,N.Chubb,2019,1
00-0034791,N.Chubb,2019,2
00-0034791,N.Chubb,2019,3
00-0034791,N.Chubb,2019,4
00-0034791,N.Chubb,2019,5
00-0034791,N.Chubb,2019,6
00-0034791,N.Chubb,2019,8
00-0034791,N.Chubb,2019,9
00-0034791,N.Chubb,2019,10
00-0034791,N.Chubb,2019,11
00-0034791,N.Chubb,2019,12
00-0034791,N.Chubb,2019,13
00-0034791,N.Chubb,2019,14
00-0034791,N.Chubb,2019,15
00-0034791,N.Chubb,2019,16
00-0034791,N.Chubb,2019,17
00-0034791,N.Chubb,2020,1
00-0034791,N.Chubb,2020,2
00-0034791,N.Chubb,2020,3
00-0034791,N.Chubb,2020,10
00-0034791,N.Chubb,2020,12
00-0034791,N.Chubb,2020,13
00-0034791,N.Chubb,2020,14
00-0034791,N.Chubb,2020,15
00-0034791,N.Chubb,2020,16
00-0034791,N.Chubb,2020,17
00-0034791,N.Chubb,2020,18
00-0034791,N.Chubb,2020,19
00-0034791,N.Chubb,2021,1
00-0034791,N.Chubb,2021,2
00-0034791,N.Chubb,2021,4
00-0034791,N.Chubb,2021,5
00-0034791,N.Chubb,2021,8
00-0034791,N.Chubb,2021,9
00-0034791,N.Chubb,2021,11
00-0034791,N.Chubb,2021,12
00-0034791,N.Chubb,2021,14
00-0034791,N.Chubb,2021,15
00-0034791,N.Chubb,2021,16
00-0034791,N.Chubb,2021,17
00-0034791,N.Chubb,2021,18
00-0034791,N.Chubb,2022,1
00-0034791,N.Chubb,2022,2
00-0034791,N.Chubb,2022,3
00-0034791,N.Chubb,2022,4
00-0034791,N.Chubb,2022,5
00-0034791,N.Chubb,2022,6
00-0034791,N.Chubb,2022,7
00-0034791,N.Chubb,2022,8
00-0034791,N.Chubb,2022,10
00-0034791,N.Chubb,2022,11
00-0034791,N.Chubb,2022,12
00-0034791,N.Chubb,2022,13
00-0034791,N.Chubb,2022,14
00-0034791,N.Chubb,2022,15
00-0034791,N.Chubb,2022,16
00-0034791,N.Chubb,2022,17
00-0034791,N.Chubb,2022,18
00-0034798,D.Smythe,2019,7
00-0034798,D.Smythe,2019,12
00-0034798,D.Smythe,2019,13
00-0034798,D.Smythe,2019,14
00-0034798,D.Smythe,2019,16
00-0034798,D.Smythe,2019,17
00-0034798,D.Smythe,2020,3
00-0034798,D.Smythe,2020,4
00-0034798,D.Smythe,2020,6
00-0034798,D.Smythe,2020,8
00-0034798,D.Smythe,2020,9
00-0034798,D.Smythe,2020,10
00-0034798,D.Smythe,2020,11
00-0034798,D.Smythe,2020,12
00-0034798,D.Smythe,2020,13
00-0034798,D.Smythe,2020,14
00-0034798,D.Smythe,2020,15
00-0034798,D.Smythe,2020,16
00-0034798,D.Smythe,2020,17
00-0034798,D.Smythe,2021,1
00-0034798,D.Smythe,2021,3
00-0034798,D.Smythe,2021,4
00-0034798,D.Smythe,2021,5
00-0034798,D.Smythe,2021,6
00-0034798,D.Smythe,2021,7
00-0034798,D.Smythe,2021,9
00-0034798,D.Smythe,2021,10
00-0034798,D.Smythe,2021,11
00-0034798,D.Smythe,2021,12
00-0034798,D.Smythe,2021,13
00-0034798,D.Smythe,2021,15
00-0034798,D.Smythe,2021,16
00-0034798,D.Smythe,2021,17
00-0034798,D.Smythe,2021,18
00-0034798,D.Smythe,2022,1
00-0034798,D.Smythe,2022,2
00-0034798,D.Smythe,2022,3
00-0034798,D.Smythe,2022,5
00-0034798,D.Smythe,2022,9
00-0034798,D.Smythe,2022,12
00-0034798,D.Smythe,2022,13
00-0034798,D.Smythe,2022,15
00-0034798,D.Smythe,2022,16
00-0034798,D.Smythe,2022,17
00-0034798,D.Smythe,2022,18
00-0034798,D.Smythe,2022,19
00-0034799,K.Ballage,2019,3
00-0034799,K.Ballage,2019,4
00-0034799,K.Ballage,2019,8
00-0034799,K.Ballage,2019,9
00-0034799,K.Ballage,2019,10
00-0034799,K.Ballage,2019,11
00-0034799,K.Ballage,2019,12
00-0034799,K.Ballage,2019,13
00-0034799,K.Ballage,2020,2
00-0034799,K.Ballage,2020,3
00-0034799,K.Ballage,2020,4
00-0034799,K.Ballage,2020,9
00-0034799,K.Ballage,2020,10
00-0034799,K.Ballage,2020,11
00-0034799,K.Ballage,2020,13
00-0034799,K.Ballage,2020,14
00-0034799,K.Ballage,2020,16
00-0034799,K.Ballage,2021,5
00-0034799,K.Ballage,2021,9
00-0034799,K.Ballage,2021,10
00-0034799,K.Ballage,2021,11
00-0034799,K.Ballage,2021,12
00-0034816,R.Jones,2019,5
00-0034816,R.Jones,2019,8
00-0034816,R.Jones,2019,9
00-0034816,R.Jones,2019,10
00-0034816,R.Jones,2019,11
00-0034816,R.Jones,2019,12
00-0034816,R.Jones,2019,14
00-0034816,R.Jones,2019,15
00-0034816,R.Jones,2019,16
00-0034816,R.Jones,2019,17
00-0034816,R.Jones,2020,1
00-0034816,R.Jones,2020,2
00-0034816,R.Jones,2020,3
00-0034816,R.Jones,2020,4
00-0034816,R.Jones,2020,5
00-0034816,R.Jones,2020,6
00-0034816,R.Jones,2020,7
00-0034816,R.Jones,2020,8
00-0034816,R.Jones,2020,9
00-0034816,R.Jones,2020,10
00-0034816,R.Jones,2020,11
00-0034816,R.Jones,2020,12
00-0034816,R.Jones,2020,14
00-0034816,R.Jones,2020,19
00-0034816,R.Jones,2020,21
00-0034816,R.Jones,2021,2
00-0034816,R.Jones,2021,5
00-0034816,R.Jones,2021,6
00-0034816,R.Jones,2021,8
00-0034816,R.Jones,2021,13
00-0034816,R.Jones,2021,15
00-0034816,R.Jones,2021,16
00-0034816,R.Jones,2021,17
00-0034816,R.Jones,2022,12
00-0034827,D.Moore,2018,11
00-0034827,D.Moore,2018,12
00-0034827,D.Moore,2018,13
00-0034827,D.Moore,2018,14
00-0034827,D.Moore,2018,15
00-0034827,D.Moore,2018,16
00-0034827,D.Moore,2018,17
00-0034827,D.Moore,2019,1
00-0034827,D.Moore,2019,2
00-0034827,D.Moore,2019,3
00-0034827,D.Moore,2019,4
00-0034827,D.Moore,2019,5
00-0034827,D.Moore,2019,6
00-0034827,D.Moore,2019,8
00-0034827,D.Moore,2019,9
00-0034827,D.Moore,2019,10
00-0034827,D.Moore,2019,11
00-0034827,D.Moore,2019,12
00-0034827,D.Moore,2019,13
00-0034827,D.Moore,2019,14
00-0034827,D.Moore,2019,15
00-0034827,D.Moore,2019,16
00-0034827,D.Moore,2020,1
00-0034827,D.Moore,2020,2
00-0034827,D.Moore,2020,3
00-0034827,D.Moore,2020,4
00-0034827,D.Moore,2020,5
00-0034827,D.Moore,2020,6
00-0034827,D.Moore,2020,7
00-0034827,D.Moore,2020,8
00-0034827,D.Moore,2020,9
00-0034827,D.Moore,2020,10
00-0034827,D.Moore,2020,11
00-0034827,D.Moore,2020,12
00-0034827,D.Moore,2020,15
00-0034827,D.Moore,2020,16
00-0034827,D.Moore,2020,17
00-0034827,Dj.Moore,2021,1
00-0034827,Dj.Moore,2021,2
00-0034827,Dj.Moore,2021,3
00-0034827,Dj.Moore,2021,4
00-0034827,Dj.Moore,2021,5
00-0034827,Dj.Moore,2021,6
00-0034827,Dj.Moore,2021,7
00-0034827,Dj.Moore,2021,8
00-0034827,Dj.Moore,2021,9
00-0034827,Dj.Moore,2021,10
00-0034827,Dj.Moore,2021,11
00-0034827,Dj.Moore,2021,12
00-0034827,Dj.Moore,2021,14
00-0034827,Dj.Moore,2021,15
00-0034827,Dj.Moore,2021,16
00-0034827,Dj.Moore,2021,17
00-0034827,Dj.Moore,2021,18
00-0034827,D.Moore,2022,1
00-0034827,D.Moore,2022,2
00-0034827,D.Moore,2022,3
00-0034827,D.Moore,2022,4
00-0034827,D.Moore,2022,5
00-0034827,D.Moore,2022,6
00-0034827,D.Moore,2022,7
00-0034827,D.Moore,2022,8
00-0034827,D.Moore,2022,9
00-0034827,D.Moore,2022,10
00-0034827,D.Moore,2022,11
00-0034827,D.Moore,2022,12
00-0034827,D.Moore,2022,14
00-0034827,D.Moore,2022,15
00-0034827,D.Moore,2022,16
00-0034827,D.Moore,2022,17
00-0034827,D.Moore,2022,18
00-0034829,M.Gesicki,2018,10
00-0034829,M.Gesicki,2018,12
00-0034829,M.Gesicki,2018,14
00-0034829,M.Gesicki,2018,15
00-0034829,M.Gesicki,2018,16
00-0034829,M.Gesicki,2018,17
00-0034829,M.Gesicki,2019,1
00-0034829,M.Gesicki,2019,2
00-0034829,M.Gesicki,2019,3
00-0034829,M.Gesicki,2019,6
00-0034829,M.Gesicki,2019,7
00-0034829,M.Gesicki,2019,8
00-0034829,M.Gesicki,2019,9
00-0034829,M.Gesicki,2019,10
00-0034829,M.Gesicki,2019,11
00-0034829,M.Gesicki,2019,12
00-0034829,M.Gesicki,2019,13
00-0034829,M.Gesicki,2019,14
00-0034829,M.Gesicki,2019,15
00-0034829,M.Gesicki,2019,16
00-0034829,M.Gesicki,2019,17
00-0034829,M.Gesicki,2020,1
00-0034829,M.Gesicki,2020,2
00-0034829,M.Gesicki,2020,3
00-0034829,M.Gesicki,2020,4
00-0034829,M.Gesicki,2020,5
00-0034829,M.Gesicki,2020,6
00-0034829,M.Gesicki,2020,8
00-0034829,M.Gesicki,2020,9
00-0034829,M.Gesicki,2020,10
00-0034829,M.Gesicki,2020,11
00-0034829,M.Gesicki,2020,12
00-0034829,M.Gesicki,2020,13
00-0034829,M.Gesicki,2020,14
00-0034829,M.Gesicki,2020,16
00-0034829,M.Gesicki,2020,17
00-0034829,M.Gesicki,2021,1
00-0034829,M.Gesicki,2021,2
00-0034829,M.Gesicki,2021,3
00-0034829,M.Gesicki,2021,4
00-0034829,M.Gesicki,2021,5
00-0034829,M.Gesicki,2021,6
00-0034829,M.Gesicki,2021,7
00-0034829,M.Gesicki,2021,8
00-0034829,M.Gesicki,2021,9
00-0034829,M.Gesicki,2021,10
00-0034829,M.Gesicki,2021,11
00-0034829,M.Gesicki,2021,12
00-0034829,M.Gesicki,2021,13
00-0034829,M.Gesicki,2021,15
00-0034829,M.Gesicki,2021,16
00-0034829,M.Gesicki,2021,17
00-0034829,M.Gesicki,2021,18
00-0034829,M.Gesicki,2022,1
00-0034829,M.Gesicki,2022,2
00-0034829,M.Gesicki,2022,3
00-0034829,M.Gesicki,2022,4
00-0034829,M.Gesicki,2022,5
00-0034829,M.Gesicki,2022,6
00-0034829,M.Gesicki,2022,7
00-0034829,M.Gesicki,2022,8
00-0034829,M.Gesicki,2022,9
00-0034829,M.Gesicki,2022,10
00-0034829,M.Gesicki,2022,12
00-0034829,M.Gesicki,2022,13
00-0034829,M.Gesicki,2022,14
00-0034829,M.Gesicki,2022,15
00-0034829,M.Gesicki,2022,16
00-0034829,M.Gesicki,2022,17
00-0034829,M.Gesicki,2022,18
00-0034829,M.Gesicki,2022,19
00-0034830,H.Hurst,2018,17
00-0034830,H.Hurst,2018,18
00-0034830,H.Hurst,2019,1
00-0034830,H.Hurst,2019,2
00-0034830,H.Hurst,2019,3
00-0034830,H.Hurst,2019,4
00-0034830,H.Hurst,2019,5
00-0034830,H.Hurst,2019,6
00-0034830,H.Hurst,2019,7
00-0034830,H.Hurst,2019,9
00-0034830,H.Hurst,2019,10
00-0034830,H.Hurst,2019,11
00-0034830,H.Hurst,2019,12
00-0034830,H.Hurst,2019,13
00-0034830,H.Hurst,2019,14
00-0034830,H.Hurst,2019,15
00-0034830,H.Hurst,2019,16
00-0034830,H.Hurst,2019,17
00-0034830,H.Hurst,2019,19
00-0034830,H.Hurst,2020,1
00-0034830,H.Hurst,2020,2
00-0034830,H.Hurst,2020,3
00-0034830,H.Hurst,2020,4
00-0034830,H.Hurst,2020,5
00-0034830,H.Hurst,2020,6
00-0034830,H.Hurst,2020,7
00-0034830,H.Hurst,2020,8
00-0034830,H.Hurst,2020,9
00-0034830,H.Hurst,2020,11
00-0034830,H.Hurst,2020,12
00-0034830,H.Hurst,2020,13
00-0034830,H.Hurst,2020,14
00-0034830,H.Hurst,2020,15
00-0034830,H.Hurst,2020,16
00-0034830,H.Hurst,2020,17
00-0034830,H.Hurst,2021,1
00-0034830,H.Hurst,2021,2
00-0034830,H.Hurst,2021,3
00-0034830,H.Hurst,2021,4
00-0034830,H.Hurst,2021,5
00-0034830,H.Hurst,2021,7
00-0034830,H.Hurst,2021,8
00-0034830,H.Hurst,2021,9
00-0034830,H.Hurst,2021,14
00-0034830,H.Hurst,2021,15
00-0034830,H.Hurst,2021,16
00-0034830,H.Hurst,2021,18
00-0034830,H.Hurst,2022,1
00-0034830,H.Hurst,2022,2
00-0034830,H.Hurst,2022,3
00-0034830,H.Hurst,2022,4
00-0034830,H.Hurst,2022,5
00-0034830,H.Hurst,2022,6
00-0034830,H.Hurst,2022,7
00-0034830,H.Hurst,2022,8
00-0034830,H.Hurst,2022,9
00-0034830,H.Hurst,2022,11
00-0034830,H.Hurst,2022,12
00-0034830,H.Hurst,2022,13
00-0034830,H.Hurst,2022,18
00-0034830,H.Hurst,2022,19
00-0034830,H.Hurst,2022,20
00-0034830,H.Hurst,2022,21
00-0034837,C.Ridley,2018,10
00-0034837,C.Ridley,2018,11
00-0034837,C.Ridley,2018,12
00-0034837,C.Ridley,2018,13
00-0034837,C.Ridley,2018,14
00-0034837,C.Ridley,2018,15
00-0034837,C.Ridley,2018,16
00-0034837,C.Ridley,2018,17
00-0034837,C.Ridley,2019,1
00-0034837,C.Ridley,2019,2
00-0034837,C.Ridley,2019,3
00-0034837,C.Ridley,2019,4
00-0034837,C.Ridley,2019,5
00-0034837,C.Ridley,2019,6
00-0034837,C.Ridley,2019,7
00-0034837,C.Ridley,2019,8
00-0034837,C.Ridley,2019,10
00-0034837,C.Ridley,2019,11
00-0034837,C.Ridley,2019,12
00-0034837,C.Ridley,2019,13
00-0034837,C.Ridley,2019,14
00-0034837,C.Ridley,2020,1
00-0034837,C.Ridley,2020,2
00-0034837,C.Ridley,2020,3
00-0034837,C.Ridley,2020,4
00-0034837,C.Ridley,2020,5
00-0034837,C.Ridley,2020,6
00-0034837,C.Ridley,2020,7
00-0034837,C.Ridley,2020,8
00-0034837,C.Ridley,2020,11
00-0034837,C.Ridley,2020,12
00-0034837,C.Ridley,2020,13
00-0034837,C.Ridley,2020,14
00-0034837,C.Ridley,2020,15
00-0034837,C.Ridley,2020,16
00-0034837,C.Ridley,2020,17
00-0034837,C.Ridley,2021,1
00-0034837,C.Ridley,2021,2
00-0034837,C.Ridley,2021,3
00-0034837,C.Ridley,2021,4
00-0034837,C.Ridley,2021,7
00-0034838,R.Freeman,2019,1
00-0034838,R.Freeman,2019,2
00-0034838,R.Freeman,2019,3
00-0034838,R.Freeman,2019,4
00-0034838,R.Freeman,2019,5
00-0034838,R.Freeman,2019,6
00-0034838,R.Freeman,2019,7
00-0034838,R.Freeman,2019,8
00-0034838,R.Freeman,2019,9
00-0034838,R.Freeman,2019,11
00-0034838,R.Freeman,2019,12
00-0034838,R.Freeman,2019,13
00-0034838,R.Freeman,2019,14
00-0034838,R.Freeman,2019,15
00-0034838,R.Freeman,2019,16
00-0034838,R.Freeman,2019,17
00-0034838,R.Freeman,2020,1
00-0034838,R.Freeman,2020,3
00-0034838,R.Freeman,2020,4
00-0034838,R.Freeman,2020,6
00-0034838,R.Freeman,2020,7
00-0034838,R.Freeman,2020,10
00-0034838,R.Freeman,2020,16
00-0034838,R.Freeman,2020,17
00-0034838,R.Freeman,2021,3
00-0034838,R.Freeman,2021,5
00-0034838,R.Freeman,2021,7
00-0034838,R.Freeman,2021,8
00-0034838,R.Freeman,2021,13
00-0034838,R.Freeman,2021,14
00-0034838,R.Freeman,2021,17
00-0034838,R.Freeman,2022,15
00-0034838,R.Freeman,2022,16
00-0034838,R.Freeman,2022,17
00-0034838,R.Freeman,2022,18
00-0034844,S.Barkley,2018,10
00-0034844,S.Barkley,2018,11
00-0034844,S.Barkley,2018,12
00-0034844,S.Barkley,2018,13
00-0034844,S.Barkley,2018,14
00-0034844,S.Barkley,2018,15
00-0034844,S.Barkley,2018,16
00-0034844,S.Barkley,2018,17
00-0034844,S.Barkley,2019,1
00-0034844,S.Barkley,2019,2
00-0034844,S.Barkley,2019,3
00-0034844,S.Barkley,2019,7
00-0034844,S.Barkley,2019,8
00-0034844,S.Barkley,2019,9
00-0034844,S.Barkley,2019,10
00-0034844,S.Barkley,2019,12
00-0034844,S.Barkley,2019,13
00-0034844,S.Barkley,2019,14
00-0034844,S.Barkley,2019,15
00-0034844,S.Barkley,2019,16
00-0034844,S.Barkley,2019,17
00-0034844,S.Barkley,2020,1
00-0034844,S.Barkley,2021,1
00-0034844,S.Barkley,2021,2
00-0034844,S.Barkley,2021,3
00-0034844,S.Barkley,2021,4
00-0034844,S.Barkley,2021,5
00-0034844,S.Barkley,2021,11
00-0034844,S.Barkley,2021,12
00-0034844,S.Barkley,2021,13
00-0034844,S.Barkley,2021,14
00-0034844,S.Barkley,2021,15
00-0034844,S.Barkley,2021,16
00-0034844,S.Barkley,2021,17
00-0034844,S.Barkley,2021,18
00-0034844,S.Barkley,2022,1
00-0034844,S.Barkley,2022,2
00-0034844,S.Barkley,2022,3
00-0034844,S.Barkley,2022,4
00-0034844,S.Barkley,2022,5
00-0034844,S.Barkley,2022,6
00-0034844,S.Barkley,2022,7
00-0034844,S.Barkley,2022,8
00-0034844,S.Barkley,2022,10
00-0034844,S.Barkley,2022,11
00-0034844,S.Barkley,2022,12
00-0034844,S.Barkley,2022,13
00-0034844,S.Barkley,2022,14
00-0034844,S.Barkley,2022,15
00-0034844,S.Barkley,2022,16
00-0034844,S.Barkley,2022,17
00-0034844,S.Barkley,2022,19
00-0034844,S.Barkley,2022,20
00-0034845,S.Michel,2018,21
00-0034845,S.Michel,2019,3
00-0034845,S.Michel,2019,5
00-0034845,S.Michel,2019,6
00-0034845,S.Michel,2019,7
00-0034845,S.Michel,2019,9
00-0034845,S.Michel,2019,11
00-0034845,S.Michel,2019,14
00-0034845,S.Michel,2019,15
00-0034845,S.Michel,2019,16
00-0034845,S.Michel,2019,18
00-0034845,S.Michel,2020,2
00-0034845,S.Michel,2020,3
00-0034845,S.Michel,2020,13
00-0034845,S.Michel,2020,14
00-0034845,S.Michel,2020,15
00-0034845,S.Michel,2020,17
00-0034845,S.Michel,2021,3
00-0034845,S.Michel,2021,5
00-0034845,S.Michel,2021,8
00-0034845,S.Michel,2021,9
00-0034845,S.Michel,2021,10
00-0034845,S.Michel,2021,12
00-0034845,S.Michel,2021,13
00-0034845,S.Michel,2021,14
00-0034845,S.Michel,2021,15
00-0034845,S.Michel,2021,16
00-0034845,S.Michel,2021,17
00-0034845,S.Michel,2021,18
00-0034845,S.Michel,2021,20
00-0034845,S.Michel,2021,21
00-0034845,S.Michel,2022,2
00-0034845,S.Michel,2022,3
00-0034845,S.Michel,2022,4
00-0034845,S.Michel,2022,6
00-0034845,S.Michel,2022,7
00-0034845,S.Michel,2022,9
00-0034854,K.Hodge,2019,16
00-0034854,K.Hodge,2019,17
00-0034854,K.Hodge,2020,1
00-0034854,K.Hodge,2020,2
00-0034854,K.Hodge,2020,3
00-0034854,K.Hodge,2020,10
00-0034854,K.Hodge,2020,11
00-0034854,K.Hodge,2020,12
00-0034854,K.Hodge,2020,17
00-0034854,K.Hodge,2021,3
00-0034854,K.Hodge,2021,4
00-0034854,K.Hodge,2021,5
00-0034854,K.Hodge,2021,6
00-0034854,K.Hodge,2021,7
00-0034854,K.Hodge,2021,8
00-0034854,K.Hodge,2021,13
00-0034854,K.Hodge,2021,14
00-0034854,K.Hodge,2021,16
00-0034854,K.Hodge,2021,17
00-0034854,K.Hodge,2022,1
00-0034854,K.Hodge,2022,2
00-0034854,K.Hodge,2022,4
00-0034854,K.Hodge,2022,5
00-0034854,K.Hodge,2022,9
00-0034854,K.Hodge,2022,10
00-0034854,K.Hodge,2022,11
00-0034854,K.Hodge,2022,13
00-0034854,K.Hodge,2022,17
00-0034860,D.Pettis,2018,16
00-0034860,D.Pettis,2019,1
00-0034860,D.Pettis,2019,3
00-0034860,D.Pettis,2019,5
00-0034860,D.Pettis,2019,6
00-0034860,D.Pettis,2019,7
00-0034860,D.Pettis,2019,8
00-0034860,D.Pettis,2019,9
00-0034860,D.Pettis,2019,10
00-0034860,D.Pettis,2020,1
00-0034860,D.Pettis,2020,16
00-0034860,D.Pettis,2020,17
00-0034860,D.Pettis,2021,6
00-0034860,D.Pettis,2021,7
00-0034860,D.Pettis,2022,1
00-0034860,D.Pettis,2022,4
00-0034860,D.Pettis,2022,5
00-0034860,D.Pettis,2022,6
00-0034860,D.Pettis,2022,7
00-0034860,D.Pettis,2022,8
00-0034860,D.Pettis,2022,9
00-0034860,D.Pettis,2022,10
00-0034860,D.Pettis,2022,12
00-0034860,D.Pettis,2022,13
00-0034860,D.Pettis,2022,15
00-0034860,D.Pettis,2022,16
00-0034860,D.Pettis,2022,17
00-0034860,D.Pettis,2022,18
00-0034867,M.Turner,2019,12
00-0034867,M.Turner,2019,14
00-0034867,M.Turner,2019,15
00-0034867,M.Turner,2019,16
00-0034867,M.Turner,2019,19
00-0034867,M.Turner,2021,6
00-0034867,M.Turner,2021,9
00-0034867,M.Turner,2021,10
00-0034867,M.Turner,2021,11
00-0034867,M.Turner,2021,13
00-0034867,M.Turner,2021,15
00-0034867,M.Turner,2021,16
00-0034867,M.Turner,2021,19
00-0034928,S.Sims,2019,14
00-0034928,S.Sims,2019,15
00-0034928,S.Sims,2019,16
00-0034928,S.Sims,2019,17
00-0034928,S.Sims,2020,1
00-0034928,S.Sims,2020,2
00-0034928,S.Sims,2020,9
00-0034928,S.Sims,2020,10
00-0034928,S.Sims,2020,11
00-0034928,S.Sims,2020,12
00-0034928,S.Sims,2020,13
00-0034928,S.Sims,2020,14
00-0034928,S.Sims,2020,15
00-0034928,S.Sims,2020,16
00-0034928,S.Sims,2020,17
00-0034928,S.Sims,2020,18
00-0034928,S.Sims,2022,8
00-0034928,S.Sims,2022,10
00-0034928,S.Sims,2022,11
00-0034928,S.Sims,2022,12
00-0034928,S.Sims,2022,13
00-0034928,S.Sims,2022,14
00-0034928,S.Sims,2022,15
00-0034928,S.Sims,2022,16
00-0034928,S.Sims,2022,17
00-0034959,A.Beck,2019,17
00-0034959,A.Beck,2022,1
00-0034959,A.Beck,2022,5
00-0034959,A.Beck,2022,6
00-0034959,A.Beck,2022,7
00-0034959,A.Beck,2022,15
00-0034959,A.Beck,2022,17
00-0034959,A.Beck,2022,18
00-0034960,J.Meyers,2019,13
00-0034960,J.Meyers,2019,14
00-0034960,J.Meyers,2019,16
00-0034960,J.Meyers,2020,2
00-0034960,J.Meyers,2020,7
00-0034960,J.Meyers,2020,8
00-0034960,J.Meyers,2020,9
00-0034960,J.Meyers,2020,10
00-0034960,J.Meyers,2020,11
00-0034960,J.Meyers,2020,12
00-0034960,J.Meyers,2020,13
00-0034960,J.Meyers,2020,14
00-0034960,J.Meyers,2020,15
00-0034960,J.Meyers,2020,16
00-0034960,J.Meyers,2020,17
00-0034960,J.Meyers,2021,1
00-0034960,J.Meyers,2021,2
00-0034960,J.Meyers,2021,3
00-0034960,J.Meyers,2021,4
00-0034960,J.Meyers,2021,5
00-0034960,J.Meyers,2021,6
00-0034960,J.Meyers,2021,7
00-0034960,J.Meyers,2021,8
00-0034960,J.Meyers,2021,9
00-0034960,J.Meyers,2021,10
00-0034960,J.Meyers,2021,11
00-0034960,J.Meyers,2021,12
00-0034960,J.Meyers,2021,15
00-0034960,J.Meyers,2021,16
00-0034960,J.Meyers,2021,17
00-0034960,J.Meyers,2021,18
00-0034960,J.Meyers,2021,19
00-0034960,J.Meyers,2022,1
00-0034960,J.Meyers,2022,2
00-0034960,J.Meyers,2022,5
00-0034960,J.Meyers,2022,6
00-0034960,J.Meyers,2022,7
00-0034960,J.Meyers,2022,8
00-0034960,J.Meyers,2022,9
00-0034960,J.Meyers,2022,11
00-0034960,J.Meyers,2022,12
00-0034960,J.Meyers,2022,13
00-0034960,J.Meyers,2022,15
00-0034960,J.Meyers,2022,16
00-0034960,J.Meyers,2022,17
00-0034960,J.Meyers,2022,18
00-0034970,I.Smith,2019,11
00-0034970,I.Smith,2019,13
00-0034970,I.Smith,2019,14
00-0034970,I.Smith,2019,15
00-0034970,I.Smith,2019,16
00-0034970,I.Smith,2019,17
00-0034970,I.Smith,2019,19
00-0034970,I.Smith,2020,1
00-0034970,I.Smith,2020,2
00-0034970,I.Smith,2020,4
00-0034970,I.Smith,2020,5
00-0034970,I.Smith,2020,6
00-0034970,I.Smith,2020,8
00-0034970,I.Smith,2020,9
00-0034970,I.Smith,2020,11
00-0034970,I.Smith,2020,14
00-0034970,I.Smith,2020,15
00-0034970,I.Smith,2020,16
00-0034970,I.Smith,2020,17
00-0034970,I.Smith,2022,1
00-0034970,I.Smith,2022,2
00-0034970,I.Smith,2022,3
00-0034970,I.Smith,2022,4
00-0034970,I.Smith,2022,5
00-0034970,I.Smith,2022,6
00-0034970,I.Smith,2022,8
00-0034970,I.Smith,2022,18
00-0034970,I.Smith,2022,19
00-0034972,A.Mattison,2020,2
00-0034972,A.Mattison,2020,5
00-0034972,A.Mattison,2020,6
00-0034972,A.Mattison,2020,15
00-0034972,A.Mattison,2020,17
00-0034972,A.Mattison,2021,1
00-0034972,A.Mattison,2021,2
00-0034972,A.Mattison,2021,3
00-0034972,A.Mattison,2021,5
00-0034972,A.Mattison,2021,8
00-0034972,A.Mattison,2021,9
00-0034972,A.Mattison,2021,10
00-0034972,A.Mattison,2021,11
00-0034972,A.Mattison,2021,12
00-0034972,A.Mattison,2021,13
00-0034972,A.Mattison,2021,14
00-0034972,A.Mattison,2021,16
00-0034972,A.Mattison,2021,17
00-0034972,A.Mattison,2021,18
00-0034972,A.Mattison,2022,2
00-0034972,A.Mattison,2022,3
00-0034972,A.Mattison,2022,4
00-0034972,A.Mattison,2022,5
00-0034972,A.Mattison,2022,9
00-0034972,A.Mattison,2022,10
00-0034972,A.Mattison,2022,11
00-0034972,A.Mattison,2022,13
00-0034972,A.Mattison,2022,17
00-0034972,A.Mattison,2022,18
00-0034972,A.Mattison,2022,19
00-0034975,J.Hill,2020,10
00-0034975,J.Hill,2020,12
00-0034975,J.Hill,2020,13
00-0034975,J.Hill,2020,15
00-0034975,J.Hill,2020,19
00-0034975,J.Hill,2022,1
00-0034975,J.Hill,2022,4
00-0034975,J.Hill,2022,9
00-0034975,J.Hill,2022,11
00-0034975,J.Hill,2022,13
00-0034975,J.Hill,2022,15
00-0034975,J.Hill,2022,16
00-0034975,J.Hill,2022,19
00-0034981,F.Moreau,2019,12
00-0034981,F.Moreau,2019,13
00-0034981,F.Moreau,2019,14
00-0034981,F.Moreau,2020,2
00-0034981,F.Moreau,2020,3
00-0034981,F.Moreau,2020,4
00-0034981,F.Moreau,2020,8
00-0034981,F.Moreau,2020,14
00-0034981,F.Moreau,2020,15
00-0034981,F.Moreau,2020,17
00-0034981,F.Moreau,2021,2
00-0034981,F.Moreau,2021,3
00-0034981,F.Moreau,2021,6
00-0034981,F.Moreau,2021,7
00-0034981,F.Moreau,2021,11
00-0034981,F.Moreau,2021,12
00-0034981,F.Moreau,2021,13
00-0034981,F.Moreau,2021,14
00-0034981,F.Moreau,2021,15
00-0034981,F.Moreau,2021,16
00-0034981,F.Moreau,2021,17
00-0034981,F.Moreau,2021,18
00-0034981,F.Moreau,2021,19
00-0034981,F.Moreau,2022,2
00-0034981,F.Moreau,2022,3
00-0034981,F.Moreau,2022,7
00-0034981,F.Moreau,2022,8
00-0034981,F.Moreau,2022,9
00-0034981,F.Moreau,2022,10
00-0034981,F.Moreau,2022,11
00-0034981,F.Moreau,2022,12
00-0034981,F.Moreau,2022,13
00-0034981,F.Moreau,2022,14
00-0034981,F.Moreau,2022,15
00-0034981,F.Moreau,2022,16
00-0034981,F.Moreau,2022,17
00-0034981,F.Moreau,2022,18
00-0034983,H.Renfrow,2019,10
00-0034983,H.Renfrow,2019,11
00-0034983,H.Renfrow,2019,12
00-0034983,H.Renfrow,2019,16
00-0034983,H.Renfrow,2019,17
00-0034983,H.Renfrow,2020,1
00-0034983,H.Renfrow,2020,2
00-0034983,H.Renfrow,2020,3
00-0034983,H.Renfrow,2020,4
00-0034983,H.Renfrow,2020,5
00-0034983,H.Renfrow,2020,7
00-0034983,H.Renfrow,2020,8
00-0034983,H.Renfrow,2020,9
00-0034983,H.Renfrow,2020,10
00-0034983,H.Renfrow,2020,11
00-0034983,H.Renfrow,2020,12
00-0034983,H.Renfrow,2020,13
00-0034983,H.Renfrow,2020,14
00-0034983,H.Renfrow,2020,15
00-0034983,H.Renfrow,2020,16
00-0034983,H.Renfrow,2020,17
00-0034983,H.Renfrow,2021,1
00-0034983,H.Renfrow,2021,2
00-0034983,H.Renfrow,2021,3
00-0034983,H.Renfrow,2021,4
00-0034983,H.Renfrow,2021,5
00-0034983,H.Renfrow,2021,6
00-0034983,H.Renfrow,2021,7
00-0034983,H.Renfrow,2021,9
00-0034983,H.Renfrow,2021,10
00-0034983,H.Renfrow,2021,11
00-0034983,H.Renfrow,2021,12
00-0034983,H.Renfrow,2021,13
00-0034983,H.Renfrow,2021,14
00-0034983,H.Renfrow,2021,15
00-0034983,H.Renfrow,2021,16
00-0034983,H.Renfrow,2021,17
00-0034983,H.Renfrow,2021,18
00-0034983,H.Renfrow,2021,19
00-0034983,H.Renfrow,2022,1
00-0034983,H.Renfrow,2022,2
00-0034983,H.Renfrow,2022,5
00-0034983,H.Renfrow,2022,7
00-0034983,H.Renfrow,2022,8
00-0034983,H.Renfrow,2022,9
00-0034983,H.Renfrow,2022,15
00-0034983,H.Renfrow,2022,16
00-0034983,H.Renfrow,2022,17
00-0034983,H.Renfrow,2022,18
00-0034988,K.Smith,2020,2
00-0034988,K.Smith,2020,3
00-0034988,K.Smith,2020,4
00-0034988,K.Smith,2020,5
00-0034988,K.Smith,2020,6
00-0034988,K.Smith,2020,8
00-0034988,K.Smith,2020,9
00-0034988,K.Smith,2020,10
00-0034988,K.Smith,2020,13
00-0034988,K.Smith,2020,14
00-0034988,K.Smith,2020,15
00-0034988,K.Smith,2020,17
00-0034988,K.Smith,2021,2
00-0034988,K.Smith,2021,3
00-0035006,O.Johnson,2019,13
00-0035006,O.Johnson,2019,14
00-0035006,O.Johnson,2019,15
00-0035006,O.Johnson,2019,16
00-0035006,O.Johnson,2019,17
00-0035006,O.Johnson,2019,18
00-0035006,O.Johnson,2020,1
00-0035006,O.Johnson,2020,2
00-0035006,O.Johnson,2020,4
00-0035006,O.Johnson,2020,5
00-0035006,O.Johnson,2020,10
00-0035006,O.Johnson,2020,11
00-0035006,O.Johnson,2020,12
00-0035006,O.Johnson,2020,16
00-0035021,A.Dulin,2021,2
00-0035021,A.Dulin,2021,4
00-0035021,A.Dulin,2021,5
00-0035021,A.Dulin,2021,6
00-0035021,A.Dulin,2021,7
00-0035021,A.Dulin,2021,8
00-0035021,A.Dulin,2021,9
00-0035021,A.Dulin,2021,10
00-0035021,A.Dulin,2021,12
00-0035021,A.Dulin,2021,13
00-0035021,A.Dulin,2021,16
00-0035021,A.Dulin,2021,17
00-0035021,A.Dulin,2022,1
00-0035021,A.Dulin,2022,2
00-0035021,A.Dulin,2022,3
00-0035021,A.Dulin,2022,4
00-0035021,A.Dulin,2022,5
00-0035021,A.Dulin,2022,13
00-0035021,A.Dulin,2022,15
00-0035099,K.Blasingame,2020,12
00-0035099,K.Blasingame,2021,16
00-0035099,K.Blasingame,2021,18
00-0035099,K.Blasingame,2021,20
00-0035099,K.Blasingame,2022,12
00-0035125,A.Ingold,2020,9
00-0035125,A.Ingold,2020,11
00-0035125,A.Ingold,2020,13
00-0035125,A.Ingold,2020,14
00-0035125,A.Ingold,2020,15
00-0035125,A.Ingold,2021,1
00-0035125,A.Ingold,2021,2
00-0035125,A.Ingold,2021,3
00-0035125,A.Ingold,2021,6
00-0035125,A.Ingold,2021,7
00-0035125,A.Ingold,2021,9
00-0035125,A.Ingold,2021,10
00-0035125,A.Ingold,2022,1
00-0035125,A.Ingold,2022,2
00-0035125,A.Ingold,2022,3
00-0035125,A.Ingold,2022,6
00-0035125,A.Ingold,2022,8
00-0035125,A.Ingold,2022,10
00-0035125,A.Ingold,2022,12
00-0035125,A.Ingold,2022,13
00-0035125,A.Ingold,2022,14
00-0035125,A.Ingold,2022,15
00-0035125,A.Ingold,2022,16
00-0035125,A.Ingold,2022,17
00-0035140,M.Hardman,2019,10
00-0035140,M.Hardman,2019,11
00-0035140,M.Hardman,2019,14
00-0035140,M.Hardman,2019,15
00-0035140,M.Hardman,2019,17
00-0035140,M.Hardman,2019,19
00-0035140,M.Hardman,2019,20
00-0035140,M.Hardman,2019,21
00-0035140,M.Hardman,2020,1
00-0035140,M.Hardman,2020,2
00-0035140,M.Hardman,2020,3
00-0035140,M.Hardman,2020,4
00-0035140,M.Hardman,2020,5
00-0035140,M.Hardman,2020,6
00-0035140,M.Hardman,2020,7
00-0035140,M.Hardman,2020,8
00-0035140,M.Hardman,2020,9
00-0035140,M.Hardman,2020,11
00-0035140,M.Hardman,2020,12
00-0035140,M.Hardman,2020,13
00-0035140,M.Hardman,2020,14
00-0035140,M.Hardman,2020,15
00-0035140,M.Hardman,2020,16
00-0035140,M.Hardman,2020,17
00-0035140,M.Hardman,2020,19
00-0035140,M.Hardman,2020,20
00-0035140,M.Hardman,2020,21
00-0035140,M.Hardman,2021,1
00-0035140,M.Hardman,2021,2
00-0035140,M.Hardman,2021,3
00-0035140,M.Hardman,2021,4
00-0035140,M.Hardman,2021,5
00-0035140,M.Hardman,2021,6
00-0035140,M.Hardman,2021,7
00-0035140,M.Hardman,2021,8
00-0035140,M.Hardman,2021,9
00-0035140,M.Hardman,2021,10
00-0035140,M.Hardman,2021,11
00-0035140,M.Hardman,2021,13
00-0035140,M.Hardman,2021,14
00-0035140,M.Hardman,2021,15
00-0035140,M.Hardman,2021,16
00-0035140,M.Hardman,2021,17
00-0035140,M.Hardman,2021,18
00-0035140,M.Hardman,2021,19
00-0035140,M.Hardman,2021,20
00-0035140,M.Hardman,2021,21
00-0035140,M.Hardman,2022,1
00-0035140,M.Hardman,2022,2
00-0035140,M.Hardman,2022,3
00-0035140,M.Hardman,2022,4
00-0035140,M.Hardman,2022,5
00-0035140,M.Hardman,2022,6
00-0035140,M.Hardman,2022,7
00-0035140,M.Hardman,2022,9
00-0035140,M.Hardman,2022,21
00-0035208,O.Zaccheaus,2020,9
00-0035208,O.Zaccheaus,2020,11
00-0035208,O.Zaccheaus,2020,12
00-0035208,O.Zaccheaus,2021,2
00-0035208,O.Zaccheaus,2021,3
00-0035208,O.Zaccheaus,2021,4
00-0035208,O.Zaccheaus,2021,5
00-0035208,O.Zaccheaus,2021,7
00-0035208,O.Zaccheaus,2021,8
00-0035208,O.Zaccheaus,2021,9
00-0035208,O.Zaccheaus,2021,10
00-0035208,O.Zaccheaus,2021,11
00-0035208,O.Zaccheaus,2021,12
00-0035208,O.Zaccheaus,2021,13
00-0035208,O.Zaccheaus,2021,15
00-0035208,O.Zaccheaus,2021,16
00-0035208,O.Zaccheaus,2021,17
00-0035208,O.Zaccheaus,2021,18
00-0035208,O.Zaccheaus,2022,1
00-0035208,O.Zaccheaus,2022,2
00-0035208,O.Zaccheaus,2022,3
00-0035208,O.Zaccheaus,2022,4
00-0035208,O.Zaccheaus,2022,5
00-0035208,O.Zaccheaus,2022,6
00-0035208,O.Zaccheaus,2022,7
00-0035208,O.Zaccheaus,2022,8
00-0035208,O.Zaccheaus,2022,9
00-0035208,O.Zaccheaus,2022,10
00-0035208,O.Zaccheaus,2022,11
00-0035208,O.Zaccheaus,2022,12
00-0035208,O.Zaccheaus,2022,13
00-0035208,O.Zaccheaus,2022,15
00-0035208,O.Zaccheaus,2022,16
00-0035208,O.Zaccheaus,2022,18
00-0035215,D.Harris,2020,3
00-0035215,D.Harris,2020,4
00-0035215,D.Harris,2020,7
00-0035215,D.Harris,2020,8
00-0035215,D.Harris,2020,9
00-0035215,D.Harris,2020,10
00-0035215,D.Harris,2020,11
00-0035215,D.Harris,2020,18
00-0035215,D.Harris,2020,19
00-0035215,D.Harris,2021,1
00-0035215,D.Harris,2021,2
00-0035215,D.Harris,2021,3
00-0035215,D.Harris,2021,4
00-0035215,D.Harris,2021,5
00-0035215,D.Harris,2021,8
00-0035215,D.Harris,2021,9
00-0035215,D.Harris,2021,10
00-0035215,D.Harris,2021,11
00-0035215,D.Harris,2021,12
00-0035215,D.Harris,2021,13
00-0035215,D.Harris,2021,17
00-0035215,D.Harris,2021,18
00-0035215,D.Harty,2022,1
00-0035215,D.Harty,2022,2
00-0035216,D.Johnson,2019,10
00-0035216,D.Johnson,2019,11
00-0035216,D.Johnson,2019,12
00-0035216,D.Johnson,2019,13
00-0035216,D.Johnson,2019,14
00-0035216,D.Johnson,2019,15
00-0035216,D.Johnson,2019,16
00-0035216,D.Johnson,2019,17
00-0035216,D.Johnson,2020,1
00-0035216,D.Johnson,2020,2
00-0035216,D.Johnson,2020,3
00-0035216,D.Johnson,2020,5
00-0035216,D.Johnson,2020,7
00-0035216,D.Johnson,2020,8
00-0035216,D.Johnson,2020,9
00-0035216,D.Johnson,2020,10
00-0035216,D.Johnson,2020,11
00-0035216,D.Johnson,2020,12
00-0035216,D.Johnson,2020,13
00-0035216,Di.Johnson,2020,14
00-0035216,Di.Johnson,2020,15
00-0035216,Di.Johnson,2020,16
00-0035216,Di.Johnson,2020,17
00-0035216,Di.Johnson,2020,18
00-0035216,D.Johnson,2021,1
00-0035216,D.Johnson,2021,2
00-0035216,D.Johnson,2021,4
00-0035216,D.Johnson,2021,5
00-0035216,D.Johnson,2021,6
00-0035216,D.Johnson,2021,8
00-0035216,D.Johnson,2021,9
00-0035216,D.Johnson,2021,10
00-0035216,D.Johnson,2021,11
00-0035216,D.Johnson,2021,12
00-0035216,D.Johnson,2021,13
00-0035216,D.Johnson,2021,14
00-0035216,D.Johnson,2021,15
00-0035216,D.Johnson,2021,16
00-0035216,D.Johnson,2021,17
00-0035216,D.Johnson,2021,18
00-0035216,D.Johnson,2021,19
00-0035216,D.Johnson,2022,1
00-0035216,D.Johnson,2022,2
00-0035216,D.Johnson,2022,3
00-0035216,D.Johnson,2022,4
00-0035216,D.Johnson,2022,5
00-0035216,D.Johnson,2022,6
00-0035216,D.Johnson,2022,7
00-0035216,D.Johnson,2022,8
00-0035216,D.Johnson,2022,10
00-0035216,D.Johnson,2022,11
00-0035216,D.Johnson,2022,12
00-0035216,D.Johnson,2022,13
00-0035216,D.Johnson,2022,14
00-0035216,D.Johnson,2022,15
00-0035216,D.Johnson,2022,16
00-0035216,D.Johnson,2022,17
00-0035216,D.Johnson,2022,18
00-0035217,B.Snell,2020,13
00-0035217,B.Snell,2020,15
00-0035217,B.Snell,2020,18
00-0035217,B.Snell,2021,4
00-0035217,B.Snell,2021,5
00-0035217,B.Snell,2021,8
00-0035217,B.Snell,2021,16
00-0035217,B.Snell,2021,19
00-0035217,B.Snell,2022,12
00-0035217,B.Snell,2022,13
00-0035222,Z.Gentry,2021,16
00-0035222,Z.Gentry,2021,17
00-0035222,Z.Gentry,2021,18
00-0035222,Z.Gentry,2021,19
00-0035222,Z.Gentry,2022,1
00-0035222,Z.Gentry,2022,4
00-0035222,Z.Gentry,2022,5
00-0035222,Z.Gentry,2022,6
00-0035222,Z.Gentry,2022,7
00-0035222,Z.Gentry,2022,8
00-0035222,Z.Gentry,2022,10
00-0035222,Z.Gentry,2022,11
00-0035222,Z.Gentry,2022,12
00-0035222,Z.Gentry,2022,13
00-0035222,Z.Gentry,2022,14
00-0035222,Z.Gentry,2022,15
00-0035222,Z.Gentry,2022,16
00-0035222,Z.Gentry,2022,18
00-0035229,T.Hockenson,2019,10
00-0035229,T.Hockenson,2019,11
00-0035229,T.Hockenson,2019,12
00-0035229,T.Hockenson,2019,13
00-0035229,T.Hockenson,2020,1
00-0035229,T.Hockenson,2020,2
00-0035229,T.Hockenson,2020,3
00-0035229,T.Hockenson,2020,4
00-0035229,T.Hockenson,2020,6
00-0035229,T.Hockenson,2020,7
00-0035229,T.Hockenson,2020,8
00-0035229,T.Hockenson,2020,9
00-0035229,T.Hockenson,2020,10
00-0035229,T.Hockenson,2020,11
00-0035229,T.Hockenson,2020,12
00-0035229,T.Hockenson,2020,13
00-0035229,T.Hockenson,2020,14
00-0035229,T.Hockenson,2020,15
00-0035229,T.Hockenson,2020,16
00-0035229,T.Hockenson,2020,17
00-0035229,T.Hockenson,2021,1
00-0035229,T.Hockenson,2021,2
00-0035229,T.Hockenson,2021,3
00-0035229,T.Hockenson,2021,4
00-0035229,T.Hockenson,2021,5
00-0035229,T.Hockenson,2021,6
00-0035229,T.Hockenson,2021,7
00-0035229,T.Hockenson,2021,8
00-0035229,T.Hockenson,2021,10
00-0035229,T.Hockenson,2021,11
00-0035229,T.Hockenson,2021,12
00-0035229,T.Hockenson,2021,13
00-0035229,T.Hockenson,2022,1
00-0035229,T.Hockenson,2022,2
00-0035229,T.Hockenson,2022,3
00-0035229,T.Hockenson,2022,4
00-0035229,T.Hockenson,2022,5
00-0035229,T.Hockenson,2022,7
00-0035229,T.Hockenson,2022,8
00-0035229,T.Hockenson,2022,9
00-0035229,T.Hockenson,2022,10
00-0035229,T.Hockenson,2022,11
00-0035229,T.Hockenson,2022,12
00-0035229,T.Hockenson,2022,13
00-0035229,T.Hockenson,2022,14
00-0035229,T.Hockenson,2022,15
00-0035229,T.Hockenson,2022,16
00-0035229,T.Hockenson,2022,17
00-0035229,T.Hockenson,2022,18
00-0035229,T.Hockenson,2022,19
00-0035243,M.Sanders,2019,11
00-0035243,M.Sanders,2019,12
00-0035243,M.Sanders,2019,13
00-0035243,M.Sanders,2019,14
00-0035243,M.Sanders,2019,15
00-0035243,M.Sanders,2019,16
00-0035243,M.Sanders,2019,17
00-0035243,M.Sanders,2019,18
00-0035243,M.Sanders,2020,2
00-0035243,M.Sanders,2020,3
00-0035243,M.Sanders,2020,4
00-0035243,M.Sanders,2020,5
00-0035243,M.Sanders,2020,6
00-0035243,M.Sanders,2020,10
00-0035243,M.Sanders,2020,11
00-0035243,M.Sanders,2020,12
00-0035243,M.Sanders,2020,13
00-0035243,M.Sanders,2020,14
00-0035243,M.Sanders,2020,15
00-0035243,M.Sanders,2020,16
00-0035243,M.Sanders,2021,1
00-0035243,M.Sanders,2021,2
00-0035243,M.Sanders,2021,3
00-0035243,M.Sanders,2021,4
00-0035243,M.Sanders,2021,5
00-0035243,M.Sanders,2021,6
00-0035243,M.Sanders,2021,7
00-0035243,M.Sanders,2021,11
00-0035243,M.Sanders,2021,12
00-0035243,M.Sanders,2021,13
00-0035243,M.Sanders,2021,15
00-0035243,M.Sanders,2021,16
00-0035243,M.Sanders,2021,19
00-0035243,M.Sanders,2022,1
00-0035243,M.Sanders,2022,2
00-0035243,M.Sanders,2022,3
00-0035243,M.Sanders,2022,4
00-0035243,M.Sanders,2022,5
00-0035243,M.Sanders,2022,6
00-0035243,M.Sanders,2022,10
00-0035243,M.Sanders,2022,11
00-0035243,M.Sanders,2022,12
00-0035243,M.Sanders,2022,13
00-0035243,M.Sanders,2022,14
00-0035243,M.Sanders,2022,15
00-0035243,M.Sanders,2022,16
00-0035243,M.Sanders,2022,18
00-0035243,M.Sanders,2022,21
00-0035243,M.Sanders,2022,22
00-0035246,J.Arcega-Whiteside,2020,2
00-0035246,J.Arcega-Whiteside,2020,5
00-0035246,J.Arcega-Whiteside,2020,6
00-0035246,J.Arcega-Whiteside,2020,7
00-0035246,J.Arcega-Whiteside,2020,17
00-0035246,J.Arcega-Whiteside,2021,11
00-0035246,J.Arcega-Whiteside,2021,12
00-0035246,J.Arcega-Whiteside,2021,18
00-0035249,J.Oliver,2021,6
00-0035249,J.Oliver,2021,7
00-0035249,J.Oliver,2021,10
00-0035249,J.Oliver,2021,14
00-0035249,J.Oliver,2021,18
00-0035249,J.Oliver,2022,3
00-0035249,J.Oliver,2022,5
00-0035249,J.Oliver,2022,6
00-0035249,J.Oliver,2022,7
00-0035249,J.Oliver,2022,8
00-0035249,J.Oliver,2022,9
00-0035249,J.Oliver,2022,11
00-0035249,J.Oliver,2022,12
00-0035249,J.Oliver,2022,15
00-0035249,J.Oliver,2022,16
00-0035249,J.Oliver,2022,17
00-0035249,J.Oliver,2022,18
00-0035249,J.Oliver,2022,19
00-0035250,D.Singletary,2019,15
00-0035250,D.Singletary,2019,16
00-0035250,D.Singletary,2019,18
00-0035250,D.Singletary,2020,1
00-0035250,D.Singletary,2020,2
00-0035250,D.Singletary,2020,3
00-0035250,D.Singletary,2020,4
00-0035250,D.Singletary,2020,5
00-0035250,D.Singletary,2020,6
00-0035250,D.Singletary,2020,7
00-0035250,D.Singletary,2020,8
00-0035250,D.Singletary,2020,9
00-0035250,D.Singletary,2020,10
00-0035250,D.Singletary,2020,12
00-0035250,D.Singletary,2020,13
00-0035250,D.Singletary,2020,14
00-0035250,D.Singletary,2020,15
00-0035250,D.Singletary,2020,16
00-0035250,D.Singletary,2020,17
00-0035250,D.Singletary,2020,18
00-0035250,D.Singletary,2020,19
00-0035250,D.Singletary,2020,20
00-0035250,D.Singletary,2021,1
00-0035250,D.Singletary,2021,2
00-0035250,D.Singletary,2021,3
00-0035250,D.Singletary,2021,4
00-0035250,D.Singletary,2021,5
00-0035250,D.Singletary,2021,6
00-0035250,D.Singletary,2021,8
00-0035250,D.Singletary,2021,9
00-0035250,D.Singletary,2021,10
00-0035250,D.Singletary,2021,11
00-0035250,D.Singletary,2021,12
00-0035250,D.Singletary,2021,14
00-0035250,D.Singletary,2021,15
00-0035250,D.Singletary,2021,16
00-0035250,D.Singletary,2021,17
00-0035250,D.Singletary,2021,18
00-0035250,D.Singletary,2021,19
00-0035250,D.Singletary,2021,20
00-0035250,D.Singletary,2022,1
00-0035250,D.Singletary,2022,2
00-0035250,D.Singletary,2022,3
00-0035250,D.Singletary,2022,4
00-0035250,D.Singletary,2022,5
00-0035250,D.Singletary,2022,6
00-0035250,D.Singletary,2022,8
00-0035250,D.Singletary,2022,9
00-0035250,D.Singletary,2022,10
00-0035250,D.Singletary,2022,11
00-0035250,D.Singletary,2022,12
00-0035250,D.Singletary,2022,13
00-0035250,D.Singletary,2022,14
00-0035250,D.Singletary,2022,15
00-0035250,D.Singletary,2022,16
00-0035250,D.Singletary,2022,18
00-0035250,D.Singletary,2022,20
00-0035259,T.Wesco,2021,15
00-0035259,T.Wesco,2022,4
00-0035259,T.Wesco,2022,9
00-0035259,T.Wesco,2022,10
00-0035259,T.Wesco,2022,12
00-0035261,T.Pollard,2020,1
00-0035261,T.Pollard,2020,2
00-0035261,T.Pollard,2020,3
00-0035261,T.Pollard,2020,4
00-0035261,T.Pollard,2020,5
00-0035261,T.Pollard,2020,6
00-0035261,T.Pollard,2020,7
00-0035261,T.Pollard,2020,8
00-0035261,T.Pollard,2020,9
00-0035261,T.Pollard,2020,12
00-0035261,T.Pollard,2020,13
00-0035261,T.Pollard,2020,14
00-0035261,T.Pollard,2020,15
00-0035261,T.Pollard,2020,16
00-0035261,T.Pollard,2020,17
00-0035261,T.Pollard,2021,1
00-0035261,T.Pollard,2021,2
00-0035261,T.Pollard,2021,3
00-0035261,T.Pollard,2021,5
00-0035261,T.Pollard,2021,6
00-0035261,T.Pollard,2021,8
00-0035261,T.Pollard,2021,9
00-0035261,T.Pollard,2021,10
00-0035261,T.Pollard,2021,11
00-0035261,T.Pollard,2021,12
00-0035261,T.Pollard,2021,13
00-0035261,T.Pollard,2021,15
00-0035261,T.Pollard,2021,16
00-0035261,T.Pollard,2021,17
00-0035261,T.Pollard,2021,19
00-0035261,T.Pollard,2022,1
00-0035261,T.Pollard,2022,2
00-0035261,T.Pollard,2022,3
00-0035261,T.Pollard,2022,4
00-0035261,T.Pollard,2022,6
00-0035261,T.Pollard,2022,7
00-0035261,T.Pollard,2022,8
00-0035261,T.Pollard,2022,10
00-0035261,T.Pollard,2022,11
00-0035261,T.Pollard,2022,12
00-0035261,T.Pollard,2022,13
00-0035261,T.Pollard,2022,14
00-0035261,T.Pollard,2022,15
00-0035261,T.Pollard,2022,16
00-0035261,T.Pollard,2022,18
00-0035261,T.Pollard,2022,19
00-0035261,T.Pollard,2022,20
00-0035287,K.Johnson,2019,10
00-0035287,K.Johnson,2019,11
00-0035287,K.Johnson,2020,3
00-0035287,K.Johnson,2020,5
00-0035287,K.Johnson,2020,12
00-0035287,K.Johnson,2020,13
00-0035287,K.Johnson,2020,14
00-0035287,K.Johnson,2020,15
00-0035287,K.Johnson,2020,16
00-0035287,K.Johnson,2020,17
00-0035298,S.Miller,2019,15
00-0035298,S.Miller,2020,1
00-0035298,S.Miller,2020,2
00-0035298,S.Miller,2020,3
00-0035298,S.Miller,2020,4
00-0035298,S.Miller,2020,6
00-0035298,S.Miller,2020,7
00-0035298,S.Miller,2020,8
00-0035298,S.Miller,2020,9
00-0035298,S.Miller,2020,10
00-0035298,S.Miller,2020,12
00-0035298,S.Miller,2020,14
00-0035298,S.Miller,2020,15
00-0035298,S.Miller,2020,16
00-0035298,S.Miller,2020,17
00-0035298,S.Miller,2020,18
00-0035298,S.Miller,2020,19
00-0035298,S.Miller,2020,20
00-0035298,S.Miller,2021,3
00-0035298,S.Miller,2021,12
00-0035298,S.Miller,2021,15
00-0035298,S.Miller,2021,16
00-0035298,S.Miller,2021,18
00-0035298,S.Miller,2021,19
00-0035298,S.Miller,2021,20
00-0035298,S.Miller,2022,2
00-0035298,S.Miller,2022,3
00-0035298,S.Miller,2022,5
00-0035298,S.Miller,2022,7
00-0035298,S.Miller,2022,8
00-0035298,S.Miller,2022,9
00-0035298,S.Miller,2022,10
00-0035298,S.Miller,2022,13
00-0035298,S.Miller,2022,14
00-0035298,S.Miller,2022,16
00-0035298,S.Miller,2022,18
00-0035311,M.Gaskin,2020,2
00-0035311,M.Gaskin,2020,3
00-0035311,M.Gaskin,2020,4
00-0035311,M.Gaskin,2020,5
00-0035311,M.Gaskin,2020,6
00-0035311,M.Gaskin,2020,8
00-0035311,M.Gaskin,2020,13
00-0035311,M.Gaskin,2020,16
00-0035311,M.Gaskin,2020,17
00-0035311,M.Gaskin,2021,1
00-0035311,M.Gaskin,2021,2
00-0035311,M.Gaskin,2021,3
00-0035311,M.Gaskin,2021,5
00-0035311,M.Gaskin,2021,6
00-0035311,M.Gaskin,2021,7
00-0035311,M.Gaskin,2021,8
00-0035311,M.Gaskin,2021,9
00-0035311,M.Gaskin,2021,10
00-0035311,M.Gaskin,2021,11
00-0035311,M.Gaskin,2021,12
00-0035311,M.Gaskin,2021,13
00-0035311,M.Gaskin,2021,16
00-0035311,M.Gaskin,2021,17
00-0035311,M.Gaskin,2021,18
00-0035311,M.Gaskin,2022,5
00-0035311,M.Gaskin,2022,12
00-0035329,D.Parham Jr.,2020,16
00-0035329,D.Parham Jr.,2020,17
00-0035329,D.Parham,2021,1
00-0035329,D.Parham,2021,3
00-0035329,D.Parham,2021,4
00-0035329,D.Parham,2021,5
00-0035329,D.Parham,2021,6
00-0035329,D.Parham,2021,9
00-0035329,D.Parham,2021,10
00-0035329,D.Parham,2021,11
00-0035329,D.Parham,2021,12
00-0035329,D.Parham,2021,13
00-0035329,D.Parham,2021,14
00-0035329,D.Parham,2021,15
00-0035329,D.Parham,2022,5
00-0035329,D.Parham,2022,6
00-0035329,D.Parham,2022,15
00-0035329,D.Parham,2022,16
00-0035329,D.Parham,2022,17
00-0035329,D.Parham,2022,18
00-0035329,D.Parham,2022,19
00-0035341,T.Irwin,2022,14
00-0035341,T.Irwin,2022,15
00-0035341,T.Irwin,2022,16
00-0035341,T.Irwin,2022,18
00-0035341,T.Irwin,2022,20
00-0035341,T.Irwin,2022,21
00-0035342,P.Laird,2020,1
00-0035342,P.Laird,2020,6
00-0035342,P.Laird,2020,9
00-0035342,P.Laird,2020,11
00-0035342,P.Laird,2020,13
00-0035342,P.Laird,2020,14
00-0035342,P.Laird,2020,15
00-0035342,P.Laird,2021,8
00-0035342,P.Laird,2021,10
00-0035342,P.Laird,2021,11
00-0035350,P.Williams,2020,1
00-0035350,P.Williams,2020,2
00-0035350,P.Williams,2020,3
00-0035350,P.Williams,2020,4
00-0035350,P.Williams,2020,5
00-0035350,P.Williams,2020,6
00-0035350,P.Williams,2020,8
00-0035350,P.Williams,2020,9
00-0035350,P.Williams,2021,2
00-0035350,P.Williams,2021,5
00-0035350,P.Williams,2021,7
00-0035350,P.Williams,2021,10
00-0035350,P.Williams,2021,11
00-0035350,P.Williams,2021,12
00-0035406,L.Humphrey,2021,16
00-0035406,L.Humphrey,2021,17
00-0035406,L.Humphrey,2021,18
00-0035406,L.Humphrey,2022,2
00-0035406,L.Humphrey,2022,3
00-0035406,L.Humphrey,2022,4
00-0035414,J.Guyton,2020,9
00-0035414,J.Guyton,2020,10
00-0035414,J.Guyton,2020,11
00-0035414,J.Guyton,2020,12
00-0035414,J.Guyton,2020,13
00-0035414,J.Guyton,2020,14
00-0035414,J.Guyton,2020,15
00-0035414,J.Guyton,2020,16
00-0035414,J.Guyton,2020,17
00-0035414,J.Guyton,2021,1
00-0035414,J.Guyton,2021,2
00-0035414,J.Guyton,2021,3
00-0035414,J.Guyton,2021,4
00-0035414,J.Guyton,2021,5
00-0035414,J.Guyton,2021,6
00-0035414,J.Guyton,2021,8
00-0035414,J.Guyton,2021,9
00-0035414,J.Guyton,2021,10
00-0035414,J.Guyton,2021,11
00-0035414,J.Guyton,2021,12
00-0035414,J.Guyton,2021,13
00-0035414,J.Guyton,2021,14
00-0035414,J.Guyton,2021,15
00-0035414,J.Guyton,2021,17
00-0035414,J.Guyton,2021,18
00-0035414,J.Guyton,2022,1
00-0035414,J.Guyton,2022,3
00-0035500,G.Dortch,2022,9
00-0035500,G.Dortch,2022,11
00-0035500,G.Dortch,2022,16
00-0035500,G.Dortch,2022,17
00-0035500,G.Dortch,2022,18
00-0035510,J.Smith,2020,14
00-0035510,J.Smith,2021,1
00-0035510,J.Smith,2021,2
00-0035510,J.Smith,2021,3
00-0035510,J.Smith,2021,8
00-0035510,J.Smith,2021,9
00-0035510,J.Smith,2021,16
00-0035510,J.Smith,2021,17
00-0035510,J.Smith,2021,18
00-0035510,J.Smith,2022,2
00-0035510,J.Smith,2022,4
00-0035510,J.Smith,2022,5
00-0035510,J.Smith,2022,7
00-0035510,J.Smith,2022,8
00-0035510,J.Smith,2022,9
00-0035510,J.Smith,2022,15
00-0035527,A.Isabella,2020,3
00-0035527,A.Isabella,2020,4
00-0035527,A.Isabella,2020,5
00-0035527,A.Isabella,2020,6
00-0035527,A.Isabella,2020,7
00-0035527,A.Isabella,2020,9
00-0035527,A.Isabella,2020,10
00-0035527,A.Isabella,2020,11
00-0035527,A.Isabella,2020,12
00-0035527,A.Isabella,2020,13
00-0035527,A.Isabella,2021,15
00-0035527,A.Isabella,2022,1
00-0035527,A.Isabella,2022,3
00-0035535,D.Slayton,2019,12
00-0035535,D.Slayton,2019,13
00-0035535,D.Slayton,2019,14
00-0035535,D.Slayton,2019,15
00-0035535,D.Slayton,2019,16
00-0035535,D.Slayton,2019,17
00-0035535,D.Slayton,2020,1
00-0035535,D.Slayton,2020,2
00-0035535,D.Slayton,2020,3
00-0035535,D.Slayton,2020,4
00-0035535,D.Slayton,2020,5
00-0035535,D.Slayton,2020,6
00-0035535,D.Slayton,2020,7
00-0035535,D.Slayton,2020,8
00-0035535,D.Slayton,2020,9
00-0035535,D.Slayton,2020,10
00-0035535,D.Slayton,2020,12
00-0035535,D.Slayton,2020,13
00-0035535,D.Slayton,2020,14
00-0035535,D.Slayton,2020,15
00-0035535,D.Slayton,2020,16
00-0035535,D.Slayton,2020,17
00-0035535,D.Slayton,2021,1
00-0035535,D.Slayton,2021,2
00-0035535,D.Slayton,2021,3
00-0035535,D.Slayton,2021,7
00-0035535,D.Slayton,2021,8
00-0035535,D.Slayton,2021,9
00-0035535,D.Slayton,2021,11
00-0035535,D.Slayton,2021,12
00-0035535,D.Slayton,2021,13
00-0035535,D.Slayton,2021,14
00-0035535,D.Slayton,2021,15
00-0035535,D.Slayton,2021,16
00-0035535,D.Slayton,2021,18
00-0035535,D.Slayton,2022,4
00-0035535,D.Slayton,2022,5
00-0035535,D.Slayton,2022,6
00-0035535,D.Slayton,2022,7
00-0035535,D.Slayton,2022,8
00-0035535,D.Slayton,2022,10
00-0035535,D.Slayton,2022,11
00-0035535,D.Slayton,2022,12
00-0035535,D.Slayton,2022,13
00-0035535,D.Slayton,2022,14
00-0035535,D.Slayton,2022,15
00-0035535,D.Slayton,2022,16
00-0035535,D.Slayton,2022,17
00-0035535,D.Slayton,2022,19
00-0035535,D.Slayton,2022,20
00-0035537,T.Johnson,2019,12
00-0035537,T.Johnson,2019,13
00-0035537,T.Johnson,2019,14
00-0035537,T.Johnson,2019,15
00-0035537,T.Johnson,2019,17
00-0035537,T.Johnson,2020,2
00-0035537,T.Johnson,2020,6
00-0035537,T.Johnson,2020,8
00-0035537,T.Johnson,2020,11
00-0035537,T.Johnson,2020,12
00-0035537,T.Johnson,2020,13
00-0035537,T.Johnson,2020,15
00-0035537,T.Johnson,2020,17
00-0035537,T.Johnson,2021,1
00-0035537,T.Johnson,2021,3
00-0035537,T.Johnson,2021,4
00-0035537,T.Johnson,2021,5
00-0035537,T.Johnson,2021,7
00-0035537,T.Johnson,2021,8
00-0035537,T.Johnson,2021,9
00-0035537,T.Johnson,2021,10
00-0035537,T.Johnson,2021,11
00-0035537,T.Johnson,2021,12
00-0035537,T.Johnson,2021,13
00-0035537,T.Johnson,2021,14
00-0035537,T.Johnson,2021,17
00-0035537,Ty.Johnson,2021,18
00-0035537,T.Johnson,2022,2
00-0035537,T.Johnson,2022,7
00-0035537,T.Johnson,2022,8
00-0035537,T.Johnson,2022,11
00-0035537,T.Johnson,2022,12
00-0035537,T.Johnson,2022,13
00-0035537,T.Johnson,2022,17
00-0035537,T.Johnson,2022,18
00-0035547,J.Fortson,2022,10
00-0035547,J.Fortson,2022,11
00-0035547,J.Fortson,2022,12
00-0035547,J.Fortson,2022,13
00-0035547,J.Fortson,2022,15
00-0035547,J.Fortson,2022,22
00-0035567,C.Reynolds,2022,5
00-0035567,C.Reynolds,2022,7
00-0035567,C.Reynolds,2022,8
00-0035594,T.Homer,2020,10
00-0035594,T.Homer,2021,2
00-0035594,T.Homer,2021,3
00-0035594,T.Homer,2021,5
00-0035594,T.Homer,2021,6
00-0035594,T.Homer,2021,8
00-0035594,T.Homer,2021,10
00-0035594,T.Homer,2021,13
00-0035594,T.Homer,2021,18
00-0035594,T.Homer,2022,2
00-0035594,T.Homer,2022,8
00-0035594,T.Homer,2022,9
00-0035594,T.Homer,2022,12
00-0035594,T.Homer,2022,14
00-0035594,T.Homer,2022,15
00-0035624,N.Harry,2020,1
00-0035624,N.Harry,2020,2
00-0035624,N.Harry,2020,3
00-0035624,N.Harry,2020,4
00-0035624,N.Harry,2020,6
00-0035624,N.Harry,2020,7
00-0035624,N.Harry,2020,11
00-0035624,N.Harry,2020,12
00-0035624,N.Harry,2020,13
00-0035624,N.Harry,2020,14
00-0035624,N.Harry,2020,15
00-0035624,N.Harry,2020,16
00-0035624,N.Harry,2020,17
00-0035624,N.Harry,2021,4
00-0035624,N.Harry,2021,5
00-0035624,N.Harry,2021,7
00-0035624,N.Harry,2021,8
00-0035624,N.Harry,2021,10
00-0035624,N.Harry,2021,11
00-0035624,N.Harry,2021,15
00-0035624,N.Harry,2021,16
00-0035624,N.Harry,2021,18
00-0035624,N.Harry,2022,7
00-0035624,N.Harry,2022,8
00-0035624,N.Harry,2022,9
00-0035624,N.Harry,2022,13
00-0035624,N.Harry,2022,17
00-0035624,N.Harry,2022,18
00-0035628,D.Johnson,2021,7
00-0035628,D.Johnson,2021,8
00-0035628,D.Johnson,2021,10
00-0035628,D.Johnson,2021,14
00-0035628,D.Johnson,2021,15
00-0035628,D.Johnson,2021,16
00-0035628,D.Johnson,2021,17
00-0035628,D.Johnson,2021,18
00-0035628,D.Johnson,2022,6
00-0035628,D.Johnson,2022,10
00-0035631,D.Sample,2020,5
00-0035631,D.Sample,2020,6
00-0035631,D.Sample,2020,7
00-0035631,D.Sample,2020,8
00-0035631,D.Sample,2020,10
00-0035631,D.Sample,2020,11
00-0035631,D.Sample,2020,12
00-0035631,D.Sample,2020,13
00-0035631,D.Sample,2020,14
00-0035631,D.Sample,2020,15
00-0035631,D.Sample,2020,16
00-0035631,D.Sample,2020,17
00-0035631,D.Sample,2021,5
00-0035631,D.Sample,2021,6
00-0035631,D.Sample,2021,9
00-0035631,D.Sample,2021,11
00-0035631,D.Sample,2021,14
00-0035631,D.Sample,2021,15
00-0035631,D.Sample,2021,16
00-0035631,D.Sample,2021,18
00-0035631,D.Sample,2021,21
00-0035631,D.Sample,2022,1
00-0035631,D.Sample,2022,2
00-0035639,P.Campbell,2021,1
00-0035639,P.Campbell,2021,3
00-0035639,P.Campbell,2021,4
00-0035639,P.Campbell,2021,5
00-0035639,P.Campbell,2021,6
00-0035639,P.Campbell,2021,18
00-0035639,P.Campbell,2022,1
00-0035639,P.Campbell,2022,2
00-0035639,P.Campbell,2022,3
00-0035639,P.Campbell,2022,4
00-0035639,P.Campbell,2022,5
00-0035639,P.Campbell,2022,6
00-0035639,P.Campbell,2022,7
00-0035639,P.Campbell,2022,8
00-0035639,P.Campbell,2022,9
00-0035639,P.Campbell,2022,10
00-0035639,P.Campbell,2022,11
00-0035639,P.Campbell,2022,12
00-0035639,P.Campbell,2022,13
00-0035639,P.Campbell,2022,15
00-0035639,P.Campbell,2022,16
00-0035639,P.Campbell,2022,17
00-0035639,P.Campbell,2022,18
00-0035640,DK.Metcalf,2019,9
00-0035640,DK.Metcalf,2019,10
00-0035640,DK.Metcalf,2019,12
00-0035640,DK.Metcalf,2019,13
00-0035640,DK.Metcalf,2019,14
00-0035640,DK.Metcalf,2019,15
00-0035640,DK.Metcalf,2019,16
00-0035640,DK.Metcalf,2019,17
00-0035640,DK.Metcalf,2019,18
00-0035640,DK.Metcalf,2019,19
00-0035640,D.Metcalf,2020,1
00-0035640,D.Metcalf,2020,2
00-0035640,D.Metcalf,2020,3
00-0035640,D.Metcalf,2020,4
00-0035640,D.Metcalf,2020,5
00-0035640,D.Metcalf,2020,7
00-0035640,D.Metcalf,2020,8
00-0035640,D.Metcalf,2020,9
00-0035640,D.Metcalf,2020,10
00-0035640,D.Metcalf,2020,11
00-0035640,D.Metcalf,2020,12
00-0035640,D.Metcalf,2020,13
00-0035640,D.Metcalf,2020,14
00-0035640,D.Metcalf,2020,15
00-0035640,D.Metcalf,2020,16
00-0035640,D.Metcalf,2020,17
00-0035640,D.Metcalf,2020,18
00-0035640,D.Metcalf,2021,1
00-0035640,D.Metcalf,2021,2
00-0035640,D.Metcalf,2021,3
00-0035640,D.Metcalf,2021,4
00-0035640,D.Metcalf,2021,5
00-0035640,D.Metcalf,2021,6
00-0035640,D.Metcalf,2021,7
00-0035640,D.Metcalf,2021,8
00-0035640,D.Metcalf,2021,10
00-0035640,D.Metcalf,2021,11
00-0035640,D.Metcalf,2021,12
00-0035640,D.Metcalf,2021,13
00-0035640,D.Metcalf,2021,14
00-0035640,D.Metcalf,2021,15
00-0035640,D.Metcalf,2021,16
00-0035640,D.Metcalf,2021,17
00-0035640,D.Metcalf,2021,18
00-0035640,D.Metcalf,2022,1
00-0035640,D.Metcalf,2022,2
00-0035640,D.Metcalf,2022,3
00-0035640,D.Metcalf,2022,4
00-0035640,D.Metcalf,2022,5
00-0035640,D.Metcalf,2022,6
00-0035640,D.Metcalf,2022,7
00-0035640,D.Metcalf,2022,8
00-0035640,D.Metcalf,2022,9
00-0035640,D.Metcalf,2022,10
00-0035640,D.Metcalf,2022,12
00-0035640,D.Metcalf,2022,13
00-0035640,D.Metcalf,2022,14
00-0035640,D.Metcalf,2022,15
00-0035640,D.Metcalf,2022,16
00-0035640,D.Metcalf,2022,17
00-0035640,D.Metcalf,2022,18
00-0035640,D.Metcalf,2022,19
00-0035644,N.Fant,2019,9
00-0035644,N.Fant,2019,11
00-0035644,N.Fant,2019,12
00-0035644,N.Fant,2019,13
00-0035644,N.Fant,2019,14
00-0035644,N.Fant,2019,15
00-0035644,N.Fant,2019,16
00-0035644,N.Fant,2019,17
00-0035644,N.Fant,2020,1
00-0035644,N.Fant,2020,2
00-0035644,N.Fant,2020,3
00-0035644,N.Fant,2020,4
00-0035644,N.Fant,2020,7
00-0035644,N.Fant,2020,8
00-0035644,N.Fant,2020,9
00-0035644,N.Fant,2020,10
00-0035644,N.Fant,2020,11
00-0035644,N.Fant,2020,12
00-0035644,N.Fant,2020,13
00-0035644,N.Fant,2020,15
00-0035644,N.Fant,2020,16
00-0035644,N.Fant,2020,17
00-0035644,N.Fant,2021,1
00-0035644,N.Fant,2021,2
00-0035644,N.Fant,2021,3
00-0035644,N.Fant,2021,4
00-0035644,N.Fant,2021,5
00-0035644,N.Fant,2021,6
00-0035644,N.Fant,2021,7
00-0035644,N.Fant,2021,8
00-0035644,N.Fant,2021,10
00-0035644,N.Fant,2021,12
00-0035644,N.Fant,2021,13
00-0035644,N.Fant,2021,14
00-0035644,N.Fant,2021,15
00-0035644,N.Fant,2021,16
00-0035644,N.Fant,2021,17
00-0035644,N.Fant,2021,18
00-0035644,N.Fant,2022,1
00-0035644,N.Fant,2022,2
00-0035644,N.Fant,2022,3
00-0035644,N.Fant,2022,4
00-0035644,N.Fant,2022,5
00-0035644,N.Fant,2022,6
00-0035644,N.Fant,2022,7
00-0035644,N.Fant,2022,8
00-0035644,N.Fant,2022,9
00-0035644,N.Fant,2022,10
00-0035644,N.Fant,2022,12
00-0035644,N.Fant,2022,13
00-0035644,N.Fant,2022,14
00-0035644,N.Fant,2022,15
00-0035644,N.Fant,2022,16
00-0035644,N.Fant,2022,17
00-0035644,N.Fant,2022,18
00-0035644,N.Fant,2022,19
00-0035657,D.Harris,2021,4
00-0035657,D.Harris,2021,6
00-0035657,D.Harris,2021,7
00-0035657,D.Harris,2021,8
00-0035657,D.Harris,2021,9
00-0035657,D.Harris,2021,11
00-0035657,D.Harris,2021,12
00-0035657,D.Harris,2021,16
00-0035657,D.Harris,2021,17
00-0035657,D.Harris,2021,18
00-0035657,D.Harris,2021,19
00-0035657,D.Harris,2022,1
00-0035657,D.Harris,2022,2
00-0035657,D.Harris,2022,3
00-0035657,D.Harris,2022,4
00-0035657,D.Harris,2022,5
00-0035657,D.Harris,2022,7
00-0035657,D.Harris,2022,8
00-0035657,D.Harris,2022,11
00-0035657,D.Harris,2022,17
00-0035657,D.Harris,2022,18
00-0035659,T.McLaurin,2019,11
00-0035659,T.McLaurin,2019,12
00-0035659,T.McLaurin,2019,13
00-0035659,T.McLaurin,2019,14
00-0035659,T.McLaurin,2019,15
00-0035659,T.McLaurin,2019,16
00-0035659,T.McLaurin,2020,1
00-0035659,T.McLaurin,2020,2
00-0035659,T.McLaurin,2020,3
00-0035659,T.McLaurin,2020,4
00-0035659,T.McLaurin,2020,5
00-0035659,T.McLaurin,2020,6
00-0035659,T.McLaurin,2020,7
00-0035659,T.McLaurin,2020,9
00-0035659,T.McLaurin,2020,10
00-0035659,T.McLaurin,2020,11
00-0035659,T.McLaurin,2020,12
00-0035659,T.McLaurin,2020,13
00-0035659,T.McLaurin,2020,14
00-0035659,T.McLaurin,2020,15
00-0035659,T.McLaurin,2020,17
00-0035659,T.McLaurin,2020,18
00-0035659,T.McLaurin,2021,1
00-0035659,T.McLaurin,2021,2
00-0035659,T.McLaurin,2021,3
00-0035659,T.McLaurin,2021,4
00-0035659,T.McLaurin,2021,5
00-0035659,T.McLaurin,2021,6
00-0035659,T.McLaurin,2021,7
00-0035659,T.McLaurin,2021,8
00-0035659,T.McLaurin,2021,10
00-0035659,T.McLaurin,2021,11
00-0035659,T.McLaurin,2021,12
00-0035659,T.McLaurin,2021,13
00-0035659,T.McLaurin,2021,14
00-0035659,T.McLaurin,2021,15
00-0035659,T.McLaurin,2021,16
00-0035659,T.McLaurin,2021,17
00-0035659,T.McLaurin,2021,18
00-0035659,T.McLaurin,2022,1
00-0035659,T.McLaurin,2022,2
00-0035659,T.McLaurin,2022,3
00-0035659,T.McLaurin,2022,4
00-0035659,T.McLaurin,2022,5
00-0035659,T.McLaurin,2022,6
00-0035659,T.McLaurin,2022,7
00-0035659,T.McLaurin,2022,8
00-0035659,T.McLaurin,2022,9
00-0035659,T.McLaurin,2022,10
00-0035659,T.McLaurin,2022,11
00-0035659,T.McLaurin,2022,12
00-0035659,T.McLaurin,2022,13
00-0035659,T.McLaurin,2022,15
00-0035659,T.McLaurin,2022,16
00-0035659,T.McLaurin,2022,17
00-0035659,T.McLaurin,2022,18
00-0035662,M.Brown,2019,12
00-0035662,M.Brown,2019,13
00-0035662,M.Brown,2019,14
00-0035662,M.Brown,2019,15
00-0035662,M.Brown,2019,16
00-0035662,M.Brown,2019,17
00-0035662,M.Brown,2019,19
00-0035662,M.Brown,2020,1
00-0035662,M.Brown,2020,2
00-0035662,M.Brown,2020,3
00-0035662,M.Brown,2020,4
00-0035662,M.Brown,2020,5
00-0035662,M.Brown,2020,6
00-0035662,M.Brown,2020,8
00-0035662,M.Brown,2020,9
00-0035662,M.Brown,2020,10
00-0035662,M.Brown,2020,11
00-0035662,M.Brown,2020,12
00-0035662,M.Brown,2020,13
00-0035662,M.Brown,2020,14
00-0035662,M.Brown,2020,15
00-0035662,M.Brown,2020,16
00-0035662,M.Brown,2020,17
00-0035662,M.Brown,2020,18
00-0035662,M.Brown,2020,19
00-0035662,M.Brown,2021,1
00-0035662,M.Brown,2021,2
00-0035662,M.Brown,2021,3
00-0035662,M.Brown,2021,4
00-0035662,M.Brown,2021,5
00-0035662,M.Brown,2021,6
00-0035662,M.Brown,2021,7
00-0035662,M.Brown,2021,9
00-0035662,M.Brown,2021,10
00-0035662,M.Brown,2021,12
00-0035662,M.Brown,2021,13
00-0035662,M.Brown,2021,14
00-0035662,M.Brown,2021,15
00-0035662,M.Brown,2021,16
00-0035662,M.Brown,2021,17
00-0035662,M.Brown,2021,18
00-0035662,M.Brown,2022,1
00-0035662,M.Brown,2022,2
00-0035662,M.Brown,2022,3
00-0035662,M.Brown,2022,4
00-0035662,M.Brown,2022,5
00-0035662,M.Brown,2022,6
00-0035662,M.Brown,2022,12
00-0035662,M.Brown,2022,14
00-0035662,M.Brown,2022,15
00-0035662,M.Brown,2022,16
00-0035662,M.Brown,2022,17
00-0035662,M.Brown,2022,18
00-0035664,D.Henderson,2020,8
00-0035664,D.Henderson,2020,10
00-0035664,D.Henderson,2020,11
00-0035664,D.Henderson,2020,12
00-0035664,D.Henderson,2020,13
00-0035664,D.Henderson,2020,15
00-0035664,D.Henderson,2021,1
00-0035664,D.Henderson,2021,2
00-0035664,D.Henderson,2021,4
00-0035664,D.Henderson,2021,5
00-0035664,D.Henderson,2021,6
00-0035664,D.Henderson,2021,7
00-0035664,D.Henderson,2021,8
00-0035664,D.Henderson,2021,9
00-0035664,D.Henderson,2021,10
00-0035664,D.Henderson,2021,12
00-0035664,D.Henderson,2021,15
00-0035664,D.Henderson,2021,22
00-0035664,D.Henderson,2022,1
00-0035664,D.Henderson,2022,3
00-0035664,D.Henderson,2022,4
00-0035664,D.Henderson,2022,5
00-0035664,D.Henderson,2022,6
00-0035664,D.Henderson,2022,8
00-0035664,D.Henderson,2022,9
00-0035664,D.Henderson,2022,10
00-0035676,A.Brown,2019,9
00-0035676,A.Brown,2019,10
00-0035676,A.Brown,2019,12
00-0035676,A.Brown,2019,13
00-0035676,A.Brown,2019,14
00-0035676,A.Brown,2019,15
00-0035676,A.Brown,2019,16
00-0035676,A.Brown,2019,17
00-0035676,A.Brown,2019,18
00-0035676,A.Brown,2019,19
00-0035676,A.Brown,2019,20
00-0035676,A.Brown,2020,1
00-0035676,A.Brown,2020,5
00-0035676,A.Brown,2020,6
00-0035676,A.Brown,2020,7
00-0035676,A.Brown,2020,8
00-0035676,A.Brown,2020,9
00-0035676,A.Brown,2020,10
00-0035676,A.Brown,2020,11
00-0035676,A.Brown,2020,12
00-0035676,A.Brown,2020,13
00-0035676,A.Brown,2020,14
00-0035676,A.Brown,2020,15
00-0035676,A.Brown,2020,16
00-0035676,A.Brown,2020,17
00-0035676,A.Brown,2020,18
00-0035676,A.Brown,2021,1
00-0035676,A.Brown,2021,2
00-0035676,A.Brown,2021,3
00-0035676,A.Brown,2021,5
00-0035676,A.Brown,2021,6
00-0035676,A.Brown,2021,7
00-0035676,A.Brown,2021,8
00-0035676,A.Brown,2021,9
00-0035676,A.Brown,2021,10
00-0035676,A.Brown,2021,11
00-0035676,A.Brown,2021,16
00-0035676,A.Brown,2021,17
00-0035676,A.Brown,2021,18
00-0035676,A.Brown,2021,20
00-0035676,A.Brown,2022,1
00-0035676,A.Brown,2022,2
00-0035676,A.Brown,2022,3
00-0035676,A.Brown,2022,4
00-0035676,A.Brown,2022,5
00-0035676,A.Brown,2022,6
00-0035676,A.Brown,2022,8
00-0035676,A.Brown,2022,9
00-0035676,A.Brown,2022,10
00-0035676,A.Brown,2022,11
00-0035676,A.Brown,2022,12
00-0035676,A.Brown,2022,13
00-0035676,A.Brown,2022,14
00-0035676,A.Brown,2022,15
00-0035676,A.Brown,2022,16
00-0035676,A.Brown,2022,17
00-0035676,A.Brown,2022,18
00-0035676,A.Brown,2022,20
00-0035676,A.Brown,2022,21
00-0035676,A.Brown,2022,22
00-0035685,D.Montgomery,2019,11
00-0035685,D.Montgomery,2019,12
00-0035685,D.Montgomery,2019,13
00-0035685,D.Montgomery,2019,14
00-0035685,D.Montgomery,2019,15
00-0035685,D.Montgomery,2019,16
00-0035685,D.Montgomery,2020,1
00-0035685,D.Montgomery,2020,2
00-0035685,D.Montgomery,2020,3
00-0035685,D.Montgomery,2020,4
00-0035685,D.Montgomery,2020,5
00-0035685,D.Montgomery,2020,6
00-0035685,D.Montgomery,2020,7
00-0035685,D.Montgomery,2020,8
00-0035685,D.Montgomery,2020,9
00-0035685,D.Montgomery,2020,12
00-0035685,D.Montgomery,2020,13
00-0035685,D.Montgomery,2020,14
00-0035685,D.Montgomery,2020,15
00-0035685,D.Montgomery,2020,16
00-0035685,D.Montgomery,2020,17
00-0035685,D.Montgomery,2020,18
00-0035685,D.Montgomery,2021,1
00-0035685,D.Montgomery,2021,2
00-0035685,D.Montgomery,2021,3
00-0035685,D.Montgomery,2021,9
00-0035685,D.Montgomery,2021,11
00-0035685,D.Montgomery,2021,12
00-0035685,D.Montgomery,2021,13
00-0035685,D.Montgomery,2021,14
00-0035685,D.Montgomery,2021,15
00-0035685,D.Montgomery,2021,16
00-0035685,D.Montgomery,2021,17
00-0035685,D.Montgomery,2021,18
00-0035685,D.Montgomery,2022,1
00-0035685,D.Montgomery,2022,2
00-0035685,D.Montgomery,2022,5
00-0035685,D.Montgomery,2022,6
00-0035685,D.Montgomery,2022,8
00-0035685,D.Montgomery,2022,9
00-0035685,D.Montgomery,2022,10
00-0035685,D.Montgomery,2022,11
00-0035685,D.Montgomery,2022,12
00-0035685,D.Montgomery,2022,13
00-0035685,D.Montgomery,2022,15
00-0035685,D.Montgomery,2022,16
00-0035685,D.Montgomery,2022,17
00-0035689,D.Knox,2019,10
00-0035689,D.Knox,2019,11
00-0035689,D.Knox,2019,12
00-0035689,D.Knox,2019,13
00-0035689,D.Knox,2019,14
00-0035689,D.Knox,2019,15
00-0035689,D.Knox,2019,16
00-0035689,D.Knox,2019,18
00-0035689,D.Knox,2020,1
00-0035689,D.Knox,2020,2
00-0035689,D.Knox,2020,4
00-0035689,D.Knox,2020,5
00-0035689,D.Knox,2020,10
00-0035689,D.Knox,2020,12
00-0035689,D.Knox,2020,13
00-0035689,D.Knox,2020,14
00-0035689,D.Knox,2020,15
00-0035689,D.Knox,2020,16
00-0035689,D.Knox,2020,17
00-0035689,D.Knox,2020,18
00-0035689,D.Knox,2020,19
00-0035689,D.Knox,2020,20
00-0035689,D.Knox,2021,1
00-0035689,D.Knox,2021,2
00-0035689,D.Knox,2021,3
00-0035689,D.Knox,2021,4
00-0035689,D.Knox,2021,5
00-0035689,D.Knox,2021,6
00-0035689,D.Knox,2021,10
00-0035689,D.Knox,2021,11
00-0035689,D.Knox,2021,12
00-0035689,D.Knox,2021,13
00-0035689,D.Knox,2021,14
00-0035689,D.Knox,2021,15
00-0035689,D.Knox,2021,16
00-0035689,D.Knox,2021,17
00-0035689,D.Knox,2021,18
00-0035689,D.Knox,2021,19
00-0035689,D.Knox,2021,20
00-0035689,D.Knox,2022,1
00-0035689,D.Knox,2022,2
00-0035689,D.Knox,2022,3
00-0035689,D.Knox,2022,4
00-0035689,D.Knox,2022,6
00-0035689,D.Knox,2022,8
00-0035689,D.Knox,2022,9
00-0035689,D.Knox,2022,10
00-0035689,D.Knox,2022,11
00-0035689,D.Knox,2022,12
00-0035689,D.Knox,2022,13
00-0035689,D.Knox,2022,14
00-0035689,D.Knox,2022,15
00-0035689,D.Knox,2022,16
00-0035689,D.Knox,2022,18
00-0035689,D.Knox,2022,19
00-0035689,D.Knox,2022,20
00-0035700,J.Jacobs,2019,11
00-0035700,J.Jacobs,2019,12
00-0035700,J.Jacobs,2019,15
00-0035700,J.Jacobs,2020,1
00-0035700,J.Jacobs,2020,2
00-0035700,J.Jacobs,2020,3
00-0035700,J.Jacobs,2020,4
00-0035700,J.Jacobs,2020,5
00-0035700,J.Jacobs,2020,7
00-0035700,J.Jacobs,2020,8
00-0035700,J.Jacobs,2020,9
00-0035700,J.Jacobs,2020,10
00-0035700,J.Jacobs,2020,11
00-0035700,J.Jacobs,2020,12
00-0035700,J.Jacobs,2020,14
00-0035700,J.Jacobs,2020,15
00-0035700,J.Jacobs,2020,16
00-0035700,J.Jacobs,2020,17
00-0035700,J.Jacobs,2021,1
00-0035700,J.Jacobs,2021,4
00-0035700,J.Jacobs,2021,5
00-0035700,J.Jacobs,2021,6
00-0035700,J.Jacobs,2021,7
00-0035700,J.Jacobs,2021,9
00-0035700,J.Jacobs,2021,10
00-0035700,J.Jacobs,2021,11
00-0035700,J.Jacobs,2021,12
00-0035700,J.Jacobs,2021,13
00-0035700,J.Jacobs,2021,14
00-0035700,J.Jacobs,2021,15
00-0035700,J.Jacobs,2021,16
00-0035700,J.Jacobs,2021,17
00-0035700,J.Jacobs,2021,18
00-0035700,J.Jacobs,2021,19
00-0035700,J.Jacobs,2022,1
00-0035700,J.Jacobs,2022,2
00-0035700,J.Jacobs,2022,3
00-0035700,J.Jacobs,2022,4
00-0035700,J.Jacobs,2022,5
00-0035700,J.Jacobs,2022,7
00-0035700,J.Jacobs,2022,8
00-0035700,J.Jacobs,2022,9
00-0035700,J.Jacobs,2022,10
00-0035700,J.Jacobs,2022,11
00-0035700,J.Jacobs,2022,12
00-0035700,J.Jacobs,2022,13
00-0035700,J.Jacobs,2022,14
00-0035700,J.Jacobs,2022,15
00-0035700,J.Jacobs,2022,16
00-0035700,J.Jacobs,2022,17
00-0035700,J.Jacobs,2022,18
00-0035703,M.Boykin,2019,12
00-0035703,M.Boykin,2019,15
00-0035703,M.Boykin,2019,16
00-0035703,M.Boykin,2019,17
00-0035703,M.Boykin,2019,19
00-0035703,M.Boykin,2020,1
00-0035703,M.Boykin,2020,2
00-0035703,M.Boykin,2020,3
00-0035703,M.Boykin,2020,4
00-0035703,M.Boykin,2020,5
00-0035703,M.Boykin,2020,6
00-0035703,M.Boykin,2020,8
00-0035703,M.Boykin,2020,9
00-0035703,M.Boykin,2020,13
00-0035703,M.Boykin,2020,14
00-0035703,M.Boykin,2020,15
00-0035703,M.Boykin,2020,16
00-0035703,M.Boykin,2020,17
00-0035703,M.Boykin,2020,18
00-0035703,M.Boykin,2020,19
00-0035703,M.Boykin,2021,6
00-0035703,M.Boykin,2022,1
00-0035703,M.Boykin,2022,5
00-0035703,M.Boykin,2022,15
00-0035719,D.Samuel,2019,11
00-0035719,D.Samuel,2019,12
00-0035719,D.Samuel,2019,13
00-0035719,D.Samuel,2019,14
00-0035719,D.Samuel,2019,15
00-0035719,D.Samuel,2019,16
00-0035719,D.Samuel,2019,17
00-0035719,D.Samuel,2019,19
00-0035719,D.Samuel,2019,20
00-0035719,D.Samuel,2019,21
00-0035719,D.Samuel,2020,4
00-0035719,D.Samuel,2020,5
00-0035719,D.Samuel,2020,6
00-0035719,D.Samuel,2020,7
00-0035719,D.Samuel,2020,12
00-0035719,D.Samuel,2020,13
00-0035719,D.Samuel,2021,1
00-0035719,D.Samuel,2021,2
00-0035719,D.Samuel,2021,3
00-0035719,D.Samuel,2021,4
00-0035719,D.Samuel,2021,5
00-0035719,D.Samuel,2021,7
00-0035719,D.Samuel,2021,8
00-0035719,D.Samuel,2021,9
00-0035719,D.Samuel,2021,10
00-0035719,D.Samuel,2021,11
00-0035719,D.Samuel,2021,12
00-0035719,D.Samuel,2021,14
00-0035719,D.Samuel,2021,15
00-0035719,D.Samuel,2021,16
00-0035719,D.Samuel,2021,17
00-0035719,D.Samuel,2021,18
00-0035719,D.Samuel,2021,19
00-0035719,D.Samuel,2021,20
00-0035719,D.Samuel,2021,21
00-0035719,D.Samuel,2022,1
00-0035719,D.Samuel,2022,2
00-0035719,D.Samuel,2022,3
00-0035719,D.Samuel,2022,4
00-0035719,D.Samuel,2022,5
00-0035719,D.Samuel,2022,6
00-0035719,D.Samuel,2022,7
00-0035719,D.Samuel,2022,10
00-0035719,D.Samuel,2022,11
00-0035719,D.Samuel,2022,12
00-0035719,D.Samuel,2022,13
00-0035719,D.Samuel,2022,14
00-0035719,D.Samuel,2022,18
00-0035719,D.Samuel,2022,19
00-0035719,D.Samuel,2022,20
00-0035719,D.Samuel,2022,21
00-0035726,J.Johnson,2021,7
00-0035726,J.Johnson,2021,8
00-0035726,Jak.Johnson,2021,16
00-0035726,Jak.Johnson,2021,19
00-0035726,J.Johnson,2022,1
00-0035726,J.Johnson,2022,5
00-0035726,J.Johnson,2022,11
00-0035726,J.Johnson,2022,12
00-0035726,J.Johnson,2022,14
00-0035726,J.Johnson,2022,18
00-0035771,M.Wilcox,2022,15
00-0035771,M.Wilcox,2022,16
00-0035771,M.Wilcox,2022,20
00-0035771,M.Wilcox,2022,21
00-0035806,J.Hasty,2021,7
00-0035806,J.Hasty,2021,8
00-0035806,J.Hasty,2021,9
00-0035806,J.Hasty,2021,14
00-0035806,J.Hasty,2021,15
00-0035806,J.Hasty,2021,16
00-0035806,J.Hasty,2021,17
00-0035806,J.Hasty,2021,18
00-0035806,J.Hasty,2021,21
00-0035806,J.Hasty,2022,3
00-0035806,J.Hasty,2022,4
00-0035806,J.Hasty,2022,8
00-0035806,J.Hasty,2022,9
00-0035806,J.Hasty,2022,10
00-0035806,J.Hasty,2022,12
00-0035806,J.Hasty,2022,15
00-0035806,J.Hasty,2022,16
00-0035806,J.Hasty,2022,17
00-0035806,J.Hasty,2022,18
00-0035806,J.Hasty,2022,20
00-0035831,J.Robinson,2020,10
00-0035831,J.Robinson,2020,11
00-0035831,J.Robinson,2020,12
00-0035831,J.Robinson,2020,13
00-0035831,J.Robinson,2020,14
00-0035831,J.Robinson,2020,15
00-0035831,J.Robinson,2021,1
00-0035831,J.Robinson,2021,2
00-0035831,J.Robinson,2021,3
00-0035831,J.Robinson,2021,4
00-0035831,J.Robinson,2021,5
00-0035831,J.Robinson,2021,6
00-0035831,J.Robinson,2021,8
00-0035831,J.Robinson,2021,10
00-0035831,J.Robinson,2021,11
00-0035831,J.Robinson,2021,12
00-0035831,J.Robinson,2021,13
00-0035831,J.Robinson,2021,15
00-0035831,J.Robinson,2022,1
00-0035831,J.Robinson,2022,2
00-0035831,J.Robinson,2022,3
00-0035831,J.Robinson,2022,5
00-0035831,J.Robinson,2022,6
00-0035831,J.Robinson,2022,7
00-0035831,J.Robinson,2022,8
00-0035831,J.Robinson,2022,9
00-0035864,K.Hinton,2021,15
00-0035864,K.Hinton,2021,17
00-0035864,K.Hinton,2022,2
00-0035864,K.Hinton,2022,3
00-0035864,K.Hinton,2022,4
00-0035864,K.Hinton,2022,6
00-0035864,K.Hinton,2022,7
00-0035864,K.Hinton,2022,10
00-0035864,K.Hinton,2022,11
00-0035864,K.Hinton,2022,12
00-0035864,K.Hinton,2022,13
00-0035864,K.Hinton,2022,14
00-0035864,K.Hinton,2022,17
00-0036020,S.Ahmed,2021,5
00-0036020,S.Ahmed,2021,6
00-0036020,S.Ahmed,2021,7
00-0036020,S.Ahmed,2021,8
00-0036020,S.Ahmed,2021,10
00-0036020,S.Ahmed,2021,12
00-0036020,S.Ahmed,2022,17
00-0036020,S.Ahmed,2022,19
00-0036040,J.Johnson,2021,4
00-0036040,J.Johnson,2021,5
00-0036040,J.Johnson,2021,7
00-0036040,J.Johnson,2021,8
00-0036040,J.Johnson,2021,10
00-0036040,J.Johnson,2021,13
00-0036040,J.Johnson,2021,14
00-0036040,J.Johnson,2021,17
00-0036040,J.Johnson,2021,18
00-0036040,J.Johnson,2022,1
00-0036040,J.Johnson,2022,2
00-0036040,J.Johnson,2022,3
00-0036040,J.Johnson,2022,4
00-0036040,J.Johnson,2022,5
00-0036040,J.Johnson,2022,6
00-0036040,J.Johnson,2022,7
00-0036040,J.Johnson,2022,8
00-0036040,J.Johnson,2022,9
00-0036040,J.Johnson,2022,10
00-0036040,J.Johnson,2022,11
00-0036040,J.Johnson,2022,12
00-0036040,J.Johnson,2022,15
00-0036040,J.Johnson,2022,16
00-0036040,J.Johnson,2022,17
00-0036040,J.Johnson,2022,18
00-0036133,J.Proche,2021,15
00-0036133,J.Proche,2021,16
00-0036133,J.Proche,2022,5
00-0036133,J.Proche,2022,8
00-0036133,J.Proche,2022,9
00-0036133,J.Proche,2022,11
00-0036133,J.Proche,2022,13
00-0036133,J.Proche,2022,15
00-0036133,J.Proche,2022,18
00-0036158,J.Dobbins,2020,11
00-0036158,J.Dobbins,2020,15
00-0036158,J.Dobbins,2020,16
00-0036158,J.Dobbins,2020,18
00-0036158,J.Dobbins,2020,19
00-0036158,J.Dobbins,2022,3
00-0036158,J.Dobbins,2022,4
00-0036158,J.Dobbins,2022,15
00-0036158,J.Dobbins,2022,16
00-0036158,J.Dobbins,2022,19
00-0036165,I.Hodgins,2022,17
00-0036165,I.Hodgins,2022,19
00-0036165,I.Hodgins,2022,20
00-0036182,N.Westbrook-Ikhine,2020,18
00-0036182,N.Westbrook-Ikhine,2021,1
00-0036182,N.Westbrook-Ikhine,2021,2
00-0036182,N.Westbrook-Ikhine,2021,3
00-0036182,N.Westbrook-Ikhine,2021,4
00-0036182,N.Westbrook-Ikhine,2021,6
00-0036182,N.Westbrook-Ikhine,2021,8
00-0036182,N.Westbrook-Ikhine,2021,9
00-0036182,N.Westbrook-Ikhine,2021,10
00-0036182,N.Westbrook-Ikhine,2021,11
00-0036182,N.Westbrook-Ikhine,2021,12
00-0036182,N.Westbrook-Ikhine,2021,14
00-0036182,N.Westbrook-Ikhine,2021,15
00-0036182,N.Westbrook-Ikhine,2021,16
00-0036182,N.Westbrook-Ikhine,2021,17
00-0036182,N.Westbrook-Ikhine,2021,18
00-0036182,N.Westbrook-Ikhine,2021,20
00-0036182,N.Westbrook-Ikhine,2022,1
00-0036182,N.Westbrook-Ikhine,2022,2
00-0036182,N.Westbrook-Ikhine,2022,3
00-0036182,N.Westbrook-Ikhine,2022,5
00-0036182,N.Westbrook-Ikhine,2022,7
00-0036182,N.Westbrook-Ikhine,2022,9
00-0036182,N.Westbrook-Ikhine,2022,10
00-0036182,N.Westbrook-Ikhine,2022,11
00-0036182,N.Westbrook-Ikhine,2022,12
00-0036182,N.Westbrook-Ikhine,2022,13
00-0036182,N.Westbrook-Ikhine,2022,14
00-0036182,N.Westbrook-Ikhine,2022,15
00-0036182,N.Westbrook-Ikhine,2022,16
00-0036182,N.Westbrook-Ikhine,2022,17
00-0036182,N.Westbrook-Ikhine,2022,18
00-0036196,G.Davis,2020,9
00-0036196,G.Davis,2020,10
00-0036196,G.Davis,2020,12
00-0036196,G.Davis,2020,13
00-0036196,G.Davis,2020,14
00-0036196,G.Davis,2020,15
00-0036196,G.Davis,2020,16
00-0036196,G.Davis,2020,17
00-0036196,G.Davis,2020,18
00-0036196,G.Davis,2020,19
00-0036196,G.Davis,2020,20
00-0036196,G.Davis,2021,1
00-0036196,G.Davis,2021,3
00-0036196,G.Davis,2021,4
00-0036196,G.Davis,2021,5
00-0036196,G.Davis,2021,6
00-0036196,G.Davis,2021,8
00-0036196,G.Davis,2021,9
00-0036196,G.Davis,2021,10
00-0036196,G.Davis,2021,11
00-0036196,G.Davis,2021,12
00-0036196,G.Davis,2021,13
00-0036196,G.Davis,2021,14
00-0036196,G.Davis,2021,15
00-0036196,G.Davis,2021,17
00-0036196,G.Davis,2021,18
00-0036196,G.Davis,2021,19
00-0036196,G.Davis,2021,20
00-0036196,G.Davis,2022,1
00-0036196,G.Davis,2022,3
00-0036196,G.Davis,2022,4
00-0036196,G.Davis,2022,5
00-0036196,G.Davis,2022,6
00-0036196,G.Davis,2022,8
00-0036196,G.Davis,2022,9
00-0036196,G.Davis,2022,10
00-0036196,G.Davis,2022,11
00-0036196,G.Davis,2022,12
00-0036196,G.Davis,2022,13
00-0036196,G.Davis,2022,14
00-0036196,G.Davis,2022,15
00-0036196,G.Davis,2022,16
00-0036196,G.Davis,2022,18
00-0036196,G.Davis,2022,19
00-0036196,G.Davis,2022,20
00-0036219,M.Callaway,2021,2
00-0036219,M.Callaway,2021,3
00-0036219,M.Callaway,2021,4
00-0036219,M.Callaway,2021,5
00-0036219,M.Callaway,2021,7
00-0036219,M.Callaway,2021,8
00-0036219,M.Callaway,2021,9
00-0036219,M.Callaway,2021,10
00-0036219,M.Callaway,2021,11
00-0036219,M.Callaway,2021,12
00-0036219,M.Callaway,2021,13
00-0036219,M.Callaway,2021,14
00-0036219,M.Callaway,2021,15
00-0036219,M.Callaway,2021,16
00-0036219,M.Callaway,2021,17
00-0036219,M.Callaway,2021,18
00-0036219,M.Callaway,2022,3
00-0036219,M.Callaway,2022,4
00-0036219,M.Callaway,2022,5
00-0036219,M.Callaway,2022,6
00-0036219,M.Callaway,2022,7
00-0036219,M.Callaway,2022,8
00-0036219,M.Callaway,2022,9
00-0036219,M.Callaway,2022,11
00-0036219,M.Callaway,2022,13
00-0036219,M.Callaway,2022,18
00-0036223,J.Taylor,2020,10
00-0036223,J.Taylor,2020,11
00-0036223,J.Taylor,2020,13
00-0036223,J.Taylor,2020,14
00-0036223,J.Taylor,2020,15
00-0036223,J.Taylor,2020,17
00-0036223,J.Taylor,2020,18
00-0036223,J.Taylor,2021,1
00-0036223,J.Taylor,2021,2
00-0036223,J.Taylor,2021,3
00-0036223,J.Taylor,2021,4
00-0036223,J.Taylor,2021,5
00-0036223,J.Taylor,2021,6
00-0036223,J.Taylor,2021,7
00-0036223,J.Taylor,2021,8
00-0036223,J.Taylor,2021,9
00-0036223,J.Taylor,2021,10
00-0036223,J.Taylor,2021,11
00-0036223,J.Taylor,2021,12
00-0036223,J.Taylor,2021,16
00-0036223,J.Taylor,2021,17
00-0036223,J.Taylor,2021,18
00-0036223,J.Taylor,2022,1
00-0036223,J.Taylor,2022,2
00-0036223,J.Taylor,2022,3
00-0036223,J.Taylor,2022,4
00-0036223,J.Taylor,2022,7
00-0036223,J.Taylor,2022,8
00-0036223,J.Taylor,2022,10
00-0036223,J.Taylor,2022,11
00-0036223,J.Taylor,2022,12
00-0036223,J.Taylor,2022,13
00-0036223,J.Taylor,2022,15
00-0036232,H.Bryant,2020,12
00-0036232,H.Bryant,2020,14
00-0036232,H.Bryant,2020,15
00-0036232,H.Bryant,2020,16
00-0036232,H.Bryant,2020,19
00-0036232,H.Bryant,2021,1
00-0036232,H.Bryant,2021,2
00-0036232,H.Bryant,2021,3
00-0036232,H.Bryant,2021,4
00-0036232,H.Bryant,2021,7
00-0036232,H.Bryant,2021,8
00-0036232,H.Bryant,2021,9
00-0036232,H.Bryant,2021,10
00-0036232,H.Bryant,2021,12
00-0036232,H.Bryant,2021,15
00-0036232,H.Bryant,2021,16
00-0036232,H.Bryant,2021,17
00-0036232,H.Bryant,2021,18
00-0036232,H.Bryant,2022,1
00-0036232,H.Bryant,2022,2
00-0036232,H.Bryant,2022,4
00-0036232,H.Bryant,2022,5
00-0036232,H.Bryant,2022,6
00-0036232,H.Bryant,2022,7
00-0036232,H.Bryant,2022,10
00-0036232,H.Bryant,2022,11
00-0036232,H.Bryant,2022,12
00-0036232,H.Bryant,2022,13
00-0036232,H.Bryant,2022,14
00-0036232,H.Bryant,2022,15
00-0036232,H.Bryant,2022,17
00-0036232,H.Bryant,2022,18
00-0036233,D.Peoples-Jones,2020,19
00-0036233,D.Peoples-Jones,2021,1
00-0036233,D.Peoples-Jones,2021,2
00-0036233,D.Peoples-Jones,2021,3
00-0036233,D.Peoples-Jones,2021,5
00-0036233,D.Peoples-Jones,2021,6
00-0036233,D.Peoples-Jones,2021,9
00-0036233,D.Peoples-Jones,2021,10
00-0036233,D.Peoples-Jones,2021,12
00-0036233,D.Peoples-Jones,2021,14
00-0036233,D.Peoples-Jones,2021,15
00-0036233,D.Peoples-Jones,2021,16
00-0036233,D.Peoples-Jones,2021,17
00-0036233,D.Peoples-Jones,2021,18
00-0036233,D.Peoples-Jones,2022,1
00-0036233,D.Peoples-Jones,2022,2
00-0036233,D.Peoples-Jones,2022,3
00-0036233,D.Peoples-Jones,2022,4
00-0036233,D.Peoples-Jones,2022,5
00-0036233,D.Peoples-Jones,2022,6
00-0036233,D.Peoples-Jones,2022,7
00-0036233,D.Peoples-Jones,2022,8
00-0036233,D.Peoples-Jones,2022,10
00-0036233,D.Peoples-Jones,2022,11
00-0036233,D.Peoples-Jones,2022,12
00-0036233,D.Peoples-Jones,2022,13
00-0036233,D.Peoples-Jones,2022,14
00-0036233,D.Peoples-Jones,2022,15
00-0036233,D.Peoples-Jones,2022,16
00-0036233,D.Peoples-Jones,2022,17
00-0036233,D.Peoples-Jones,2022,18
00-0036244,C.Parkinson,2022,4
00-0036244,C.Parkinson,2022,6
00-0036244,C.Parkinson,2022,7
00-0036244,C.Parkinson,2022,8
00-0036244,C.Parkinson,2022,9
00-0036244,C.Parkinson,2022,10
00-0036244,C.Parkinson,2022,13
00-0036244,C.Parkinson,2022,14
00-0036244,C.Parkinson,2022,15
00-0036244,C.Parkinson,2022,16
00-0036244,C.Parkinson,2022,17
00-0036244,C.Parkinson,2022,18
00-0036244,C.Parkinson,2022,19
00-0036247,F.Swain,2020,13
00-0036247,F.Swain,2020,14
00-0036247,F.Swain,2020,15
00-0036247,F.Swain,2020,17
00-0036247,F.Swain,2020,18
00-0036247,F.Swain,2021,1
00-0036247,F.Swain,2021,2
00-0036247,F.Swain,2021,3
00-0036247,F.Swain,2021,4
00-0036247,F.Swain,2021,5
00-0036247,F.Swain,2021,6
00-0036247,F.Swain,2021,7
00-0036247,F.Swain,2021,10
00-0036247,F.Swain,2021,11
00-0036247,F.Swain,2021,12
00-0036247,F.Swain,2021,13
00-0036247,F.Swain,2021,14
00-0036247,F.Swain,2021,15
00-0036247,F.Swain,2021,16
00-0036247,F.Swain,2021,17
00-0036247,F.Swain,2021,18
00-0036247,F.Swain,2022,15
00-0036247,F.Swain,2022,16
00-0036247,F.Swain,2022,18
00-0036251,Z.Moss,2020,16
00-0036251,Z.Moss,2020,17
00-0036251,Z.Moss,2020,18
00-0036251,Z.Moss,2021,2
00-0036251,Z.Moss,2021,3
00-0036251,Z.Moss,2021,4
00-0036251,Z.Moss,2021,5
00-0036251,Z.Moss,2021,6
00-0036251,Z.Moss,2021,8
00-0036251,Z.Moss,2021,9
00-0036251,Z.Moss,2021,11
00-0036251,Z.Moss,2021,13
00-0036251,Z.Moss,2021,16
00-0036251,Z.Moss,2021,18
00-0036251,Z.Moss,2022,1
00-0036251,Z.Moss,2022,2
00-0036251,Z.Moss,2022,3
00-0036251,Z.Moss,2022,15
00-0036251,Z.Moss,2022,16
00-0036251,Z.Moss,2022,18
00-0036252,M.Pittman,2020,13
00-0036252,M.Pittman,2020,14
00-0036252,M.Pittman,2020,15
00-0036252,M.Pittman,2020,16
00-0036252,M.Pittman,2020,17
00-0036252,M.Pittman,2020,18
00-0036252,M.Pittman,2021,1
00-0036252,M.Pittman,2021,2
00-0036252,M.Pittman,2021,3
00-0036252,M.Pittman,2021,4
00-0036252,M.Pittman,2021,5
00-0036252,M.Pittman,2021,6
00-0036252,M.Pittman,2021,7
00-0036252,M.Pittman,2021,8
00-0036252,M.Pittman,2021,9
00-0036252,M.Pittman,2021,10
00-0036252,M.Pittman,2021,11
00-0036252,M.Pittman,2021,12
00-0036252,M.Pittman,2021,13
00-0036252,M.Pittman,2021,15
00-0036252,M.Pittman,2021,16
00-0036252,M.Pittman,2021,17
00-0036252,M.Pittman,2021,18
00-0036252,M.Pittman,2022,1
00-0036252,M.Pittman,2022,3
00-0036252,M.Pittman,2022,4
00-0036252,M.Pittman,2022,5
00-0036252,M.Pittman,2022,6
00-0036252,M.Pittman,2022,7
00-0036252,M.Pittman,2022,8
00-0036252,M.Pittman,2022,9
00-0036252,M.Pittman,2022,10
00-0036252,M.Pittman,2022,11
00-0036252,M.Pittman,2022,12
00-0036252,M.Pittman,2022,13
00-0036252,M.Pittman,2022,15
00-0036252,M.Pittman,2022,16
00-0036252,M.Pittman,2022,17
00-0036252,M.Pittman,2022,18
00-0036254,C.Johnson,2020,14
00-0036254,C.Johnson,2020,15
00-0036254,C.Johnson,2021,3
00-0036254,C.Johnson,2021,5
00-0036254,C.Johnson,2021,6
00-0036254,C.Johnson,2021,7
00-0036254,C.Johnson,2021,8
00-0036254,C.Johnson,2021,11
00-0036254,C.Johnson,2021,15
00-0036255,D.Mims,2020,17
00-0036255,D.Mims,2021,1
00-0036255,D.Mims,2021,5
00-0036255,D.Mims,2021,7
00-0036255,D.Mims,2021,8
00-0036255,D.Mims,2021,9
00-0036255,D.Mims,2021,13
00-0036255,D.Mims,2021,14
00-0036255,D.Mims,2021,15
00-0036255,D.Mims,2021,16
00-0036255,D.Mims,2021,18
00-0036255,D.Mims,2022,7
00-0036255,D.Mims,2022,8
00-0036255,D.Mims,2022,9
00-0036255,D.Mims,2022,11
00-0036255,D.Mims,2022,12
00-0036255,D.Mims,2022,13
00-0036255,D.Mims,2022,14
00-0036255,D.Mims,2022,15
00-0036255,D.Mims,2022,17
00-0036259,J.Jennings,2021,14
00-0036259,J.Jennings,2021,15
00-0036259,J.Jennings,2021,16
00-0036259,J.Jennings,2021,17
00-0036259,J.Jennings,2021,18
00-0036259,J.Jennings,2021,19
00-0036259,J.Jennings,2021,20
00-0036259,J.Jennings,2021,21
00-0036259,J.Jennings,2022,1
00-0036259,J.Jennings,2022,2
00-0036259,J.Jennings,2022,3
00-0036259,J.Jennings,2022,4
00-0036259,J.Jennings,2022,5
00-0036259,J.Jennings,2022,6
00-0036259,J.Jennings,2022,7
00-0036259,J.Jennings,2022,10
00-0036259,J.Jennings,2022,11
00-0036259,J.Jennings,2022,12
00-0036259,J.Jennings,2022,13
00-0036259,J.Jennings,2022,14
00-0036259,J.Jennings,2022,15
00-0036259,J.Jennings,2022,16
00-0036259,J.Jennings,2022,17
00-0036259,J.Jennings,2022,18
00-0036259,J.Jennings,2022,19
00-0036259,J.Jennings,2022,20
00-0036261,B.Aiyuk,2020,13
00-0036261,B.Aiyuk,2020,14
00-0036261,B.Aiyuk,2020,15
00-0036261,B.Aiyuk,2020,16
00-0036261,B.Aiyuk,2021,2
00-0036261,B.Aiyuk,2021,3
00-0036261,B.Aiyuk,2021,4
00-0036261,B.Aiyuk,2021,5
00-0036261,B.Aiyuk,2021,7
00-0036261,B.Aiyuk,2021,8
00-0036261,B.Aiyuk,2021,9
00-0036261,B.Aiyuk,2021,10
00-0036261,B.Aiyuk,2021,11
00-0036261,B.Aiyuk,2021,12
00-0036261,B.Aiyuk,2021,13
00-0036261,B.Aiyuk,2021,14
00-0036261,B.Aiyuk,2021,15
00-0036261,B.Aiyuk,2021,16
00-0036261,B.Aiyuk,2021,17
00-0036261,B.Aiyuk,2021,18
00-0036261,B.Aiyuk,2021,19
00-0036261,B.Aiyuk,2021,20
00-0036261,B.Aiyuk,2021,21
00-0036261,B.Aiyuk,2022,1
00-0036261,B.Aiyuk,2022,2
00-0036261,B.Aiyuk,2022,3
00-0036261,B.Aiyuk,2022,4
00-0036261,B.Aiyuk,2022,5
00-0036261,B.Aiyuk,2022,6
00-0036261,B.Aiyuk,2022,7
00-0036261,B.Aiyuk,2022,8
00-0036261,B.Aiyuk,2022,10
00-0036261,B.Aiyuk,2022,11
00-0036261,B.Aiyuk,2022,12
00-0036261,B.Aiyuk,2022,13
00-0036261,B.Aiyuk,2022,14
00-0036261,B.Aiyuk,2022,15
00-0036261,B.Aiyuk,2022,16
00-0036261,B.Aiyuk,2022,17
00-0036261,B.Aiyuk,2022,18
00-0036261,B.Aiyuk,2022,19
00-0036261,B.Aiyuk,2022,20
00-0036261,B.Aiyuk,2022,21
00-0036265,A.Dillon,2021,7
00-0036265,A.Dillon,2021,9
00-0036265,A.Dillon,2021,10
00-0036265,A.Dillon,2021,11
00-0036265,A.Dillon,2021,12
00-0036265,A.Dillon,2021,15
00-0036265,A.Dillon,2021,16
00-0036265,A.Dillon,2021,17
00-0036265,A.Dillon,2021,18
00-0036265,A.Dillon,2022,1
00-0036265,A.Dillon,2022,2
00-0036265,A.Dillon,2022,3
00-0036265,A.Dillon,2022,4
00-0036265,A.Dillon,2022,6
00-0036265,A.Dillon,2022,8
00-0036265,A.Dillon,2022,9
00-0036265,A.Dillon,2022,11
00-0036265,A.Dillon,2022,12
00-0036265,A.Dillon,2022,13
00-0036265,A.Dillon,2022,15
00-0036265,A.Dillon,2022,16
00-0036265,A.Dillon,2022,17
00-0036265,A.Dillon,2022,18
00-0036268,L.Shenault Jr.,2020,12
00-0036268,L.Shenault Jr.,2020,13
00-0036268,L.Shenault Jr.,2020,14
00-0036268,L.Shenault Jr.,2020,15
00-0036268,L.Shenault Jr.,2020,16
00-0036268,L.Shenault Jr.,2020,17
00-0036268,L.Shenault,2021,1
00-0036268,L.Shenault,2021,2
00-0036268,L.Shenault,2021,3
00-0036268,L.Shenault,2021,4
00-0036268,L.Shenault,2021,5
00-0036268,L.Shenault,2021,6
00-0036268,L.Shenault,2021,8
00-0036268,L.Shenault,2021,9
00-0036268,L.Shenault,2021,10
00-0036268,L.Shenault,2021,11
00-0036268,L.Shenault,2021,12
00-0036268,L.Shenault,2021,13
00-0036268,L.Shenault,2021,14
00-0036268,L.Shenault,2021,15
00-0036268,L.Shenault,2021,17
00-0036268,L.Shenault,2021,18
00-0036268,L.Shenault,2022,3
00-0036268,L.Shenault,2022,7
00-0036268,L.Shenault,2022,8
00-0036268,L.Shenault,2022,9
00-0036268,L.Shenault,2022,10
00-0036268,L.Shenault,2022,11
00-0036268,L.Shenault,2022,12
00-0036268,L.Shenault,2022,14
00-0036268,L.Shenault,2022,15
00-0036268,L.Shenault,2022,16
00-0036268,L.Shenault,2022,17
00-0036268,L.Shenault,2022,18
00-0036271,Q.Watkins,2021,5
00-0036271,Q.Watkins,2021,6
00-0036271,Q.Watkins,2021,7
00-0036271,Q.Watkins,2021,8
00-0036271,Q.Watkins,2021,9
00-0036271,Q.Watkins,2021,10
00-0036271,Q.Watkins,2021,11
00-0036271,Q.Watkins,2021,12
00-0036271,Q.Watkins,2021,13
00-0036271,Q.Watkins,2021,15
00-0036271,Q.Watkins,2021,16
00-0036271,Q.Watkins,2021,17
00-0036271,Q.Watkins,2021,18
00-0036271,Q.Watkins,2021,19
00-0036271,Q.Watkins,2022,2
00-0036271,Q.Watkins,2022,3
00-0036271,Q.Watkins,2022,4
00-0036271,Q.Watkins,2022,5
00-0036271,Q.Watkins,2022,6
00-0036271,Q.Watkins,2022,8
00-0036271,Q.Watkins,2022,9
00-0036271,Q.Watkins,2022,10
00-0036271,Q.Watkins,2022,11
00-0036271,Q.Watkins,2022,12
00-0036271,Q.Watkins,2022,13
00-0036271,Q.Watkins,2022,14
00-0036271,Q.Watkins,2022,15
00-0036271,Q.Watkins,2022,16
00-0036271,Q.Watkins,2022,17
00-0036271,Q.Watkins,2022,18
00-0036271,Q.Watkins,2022,21
00-0036271,Q.Watkins,2022,22
00-0036275,D.Swift,2020,10
00-0036275,D.Swift,2020,14
00-0036275,D.Swift,2020,15
00-0036275,D.Swift,2020,16
00-0036275,D.Swift,2020,17
00-0036275,D.Swift,2021,1
00-0036275,D.Swift,2021,2
00-0036275,D.Swift,2021,3
00-0036275,D.Swift,2021,4
00-0036275,D.Swift,2021,5
00-0036275,D.Swift,2021,6
00-0036275,D.Swift,2021,7
00-0036275,D.Swift,2021,8
00-0036275,D.Swift,2021,10
00-0036275,D.Swift,2021,11
00-0036275,D.Swift,2021,12
00-0036275,D.Swift,2021,17
00-0036275,D.Swift,2021,18
00-0036275,D.Swift,2022,1
00-0036275,D.Swift,2022,2
00-0036275,D.Swift,2022,3
00-0036275,D.Swift,2022,8
00-0036275,D.Swift,2022,9
00-0036275,D.Swift,2022,10
00-0036275,D.Swift,2022,11
00-0036275,D.Swift,2022,12
00-0036275,D.Swift,2022,13
00-0036275,D.Swift,2022,14
00-0036275,D.Swift,2022,15
00-0036275,D.Swift,2022,16
00-0036275,D.Swift,2022,17
00-0036275,D.Swift,2022,18
00-0036277,Q.Cephus,2020,15
00-0036277,Q.Cephus,2020,16
00-0036277,Q.Cephus,2020,17
00-0036277,Q.Cephus,2021,1
00-0036277,Q.Cephus,2021,2
00-0036277,Q.Cephus,2021,3
00-0036277,Q.Cephus,2021,4
00-0036277,Q.Cephus,2021,5
00-0036277,Q.Cephus,2022,4
00-0036290,C.Kmet,2020,12
00-0036290,C.Kmet,2020,13
00-0036290,C.Kmet,2020,14
00-0036290,C.Kmet,2020,15
00-0036290,C.Kmet,2020,16
00-0036290,C.Kmet,2020,17
00-0036290,C.Kmet,2020,18
00-0036290,C.Kmet,2021,1
00-0036290,C.Kmet,2021,2
00-0036290,C.Kmet,2021,3
00-0036290,C.Kmet,2021,4
00-0036290,C.Kmet,2021,5
00-0036290,C.Kmet,2021,6
00-0036290,C.Kmet,2021,7
00-0036290,C.Kmet,2021,8
00-0036290,C.Kmet,2021,9
00-0036290,C.Kmet,2021,11
00-0036290,C.Kmet,2021,12
00-0036290,C.Kmet,2021,13
00-0036290,C.Kmet,2021,14
00-0036290,C.Kmet,2021,15
00-0036290,C.Kmet,2021,16
00-0036290,C.Kmet,2021,17
00-0036290,C.Kmet,2021,18
00-0036290,C.Kmet,2022,1
00-0036290,C.Kmet,2022,2
00-0036290,C.Kmet,2022,3
00-0036290,C.Kmet,2022,4
00-0036290,C.Kmet,2022,5
00-0036290,C.Kmet,2022,6
00-0036290,C.Kmet,2022,7
00-0036290,C.Kmet,2022,8
00-0036290,C.Kmet,2022,9
00-0036290,C.Kmet,2022,10
00-0036290,C.Kmet,2022,11
00-0036290,C.Kmet,2022,12
00-0036290,C.Kmet,2022,13
00-0036290,C.Kmet,2022,15
00-0036290,C.Kmet,2022,16
00-0036290,C.Kmet,2022,17
00-0036290,C.Kmet,2022,18
00-0036309,D.Mooney,2020,9
00-0036309,D.Mooney,2020,10
00-0036309,D.Mooney,2020,12
00-0036309,D.Mooney,2020,13
00-0036309,D.Mooney,2020,14
00-0036309,D.Mooney,2020,15
00-0036309,D.Mooney,2020,16
00-0036309,D.Mooney,2020,17
00-0036309,D.Mooney,2021,1
00-0036309,D.Mooney,2021,2
00-0036309,D.Mooney,2021,3
00-0036309,D.Mooney,2021,4
00-0036309,D.Mooney,2021,5
00-0036309,D.Mooney,2021,6
00-0036309,D.Mooney,2021,7
00-0036309,D.Mooney,2021,8
00-0036309,D.Mooney,2021,9
00-0036309,D.Mooney,2021,11
00-0036309,D.Mooney,2021,12
00-0036309,D.Mooney,2021,13
00-0036309,D.Mooney,2021,14
00-0036309,D.Mooney,2021,15
00-0036309,D.Mooney,2021,16
00-0036309,D.Mooney,2021,17
00-0036309,D.Mooney,2021,18
00-0036309,D.Mooney,2022,1
00-0036309,D.Mooney,2022,2
00-0036309,D.Mooney,2022,3
00-0036309,D.Mooney,2022,4
00-0036309,D.Mooney,2022,5
00-0036309,D.Mooney,2022,6
00-0036309,D.Mooney,2022,7
00-0036309,D.Mooney,2022,8
00-0036309,D.Mooney,2022,9
00-0036309,D.Mooney,2022,10
00-0036309,D.Mooney,2022,11
00-0036322,J.Jefferson,2020,10
00-0036322,J.Jefferson,2020,11
00-0036322,J.Jefferson,2020,12
00-0036322,J.Jefferson,2020,13
00-0036322,J.Jefferson,2020,14
00-0036322,J.Jefferson,2020,15
00-0036322,J.Jefferson,2020,16
00-0036322,J.Jefferson,2020,17
00-0036322,J.Jefferson,2021,1
00-0036322,J.Jefferson,2021,2
00-0036322,J.Jefferson,2021,3
00-0036322,J.Jefferson,2021,4
00-0036322,J.Jefferson,2021,5
00-0036322,J.Jefferson,2021,6
00-0036322,J.Jefferson,2021,8
00-0036322,J.Jefferson,2021,9
00-0036322,J.Jefferson,2021,10
00-0036322,J.Jefferson,2021,11
00-0036322,J.Jefferson,2021,12
00-0036322,J.Jefferson,2021,13
00-0036322,J.Jefferson,2021,14
00-0036322,J.Jefferson,2021,15
00-0036322,J.Jefferson,2021,16
00-0036322,J.Jefferson,2021,17
00-0036322,J.Jefferson,2021,18
00-0036322,J.Jefferson,2022,1
00-0036322,J.Jefferson,2022,2
00-0036322,J.Jefferson,2022,3
00-0036322,J.Jefferson,2022,4
00-0036322,J.Jefferson,2022,5
00-0036322,J.Jefferson,2022,6
00-0036322,J.Jefferson,2022,8
00-0036322,J.Jefferson,2022,9
00-0036322,J.Jefferson,2022,10
00-0036322,J.Jefferson,2022,11
00-0036322,J.Jefferson,2022,12
00-0036322,J.Jefferson,2022,13
00-0036322,J.Jefferson,2022,14
00-0036322,J.Jefferson,2022,15
00-0036322,J.Jefferson,2022,16
00-0036322,J.Jefferson,2022,17
00-0036322,J.Jefferson,2022,18
00-0036322,J.Jefferson,2022,19
00-0036326,C.Claypool,2020,10
00-0036326,C.Claypool,2020,11
00-0036326,C.Claypool,2020,12
00-0036326,C.Claypool,2020,13
00-0036326,C.Claypool,2020,14
00-0036326,C.Claypool,2020,15
00-0036326,C.Claypool,2020,16
00-0036326,C.Claypool,2020,17
00-0036326,C.Claypool,2020,18
00-0036326,C.Claypool,2021,1
00-0036326,C.Claypool,2021,2
00-0036326,C.Claypool,2021,3
00-0036326,C.Claypool,2021,5
00-0036326,C.Claypool,2021,6
00-0036326,C.Claypool,2021,8
00-0036326,C.Claypool,2021,9
00-0036326,C.Claypool,2021,11
00-0036326,C.Claypool,2021,12
00-0036326,C.Claypool,2021,13
00-0036326,C.Claypool,2021,14
00-0036326,C.Claypool,2021,15
00-0036326,C.Claypool,2021,16
00-0036326,C.Claypool,2021,17
00-0036326,C.Claypool,2021,18
00-0036326,C.Claypool,2021,19
00-0036326,C.Claypool,2022,1
00-0036326,C.Claypool,2022,2
00-0036326,C.Claypool,2022,3
00-0036326,C.Claypool,2022,4
00-0036326,C.Claypool,2022,5
00-0036326,C.Claypool,2022,6
00-0036326,C.Claypool,2022,7
00-0036326,C.Claypool,2022,8
00-0036326,C.Claypool,2022,9
00-0036326,C.Claypool,2022,10
00-0036326,C.Claypool,2022,11
00-0036326,C.Claypool,2022,12
00-0036326,C.Claypool,2022,13
00-0036326,C.Claypool,2022,17
00-0036326,C.Claypool,2022,18
00-0036328,A.Gibson,2020,10
00-0036328,A.Gibson,2020,11
00-0036328,A.Gibson,2020,12
00-0036328,A.Gibson,2020,16
00-0036328,A.Gibson,2020,17
00-0036328,A.Gibson,2020,18
00-0036328,A.Gibson,2021,1
00-0036328,A.Gibson,2021,2
00-0036328,A.Gibson,2021,3
00-0036328,A.Gibson,2021,4
00-0036328,A.Gibson,2021,5
00-0036328,A.Gibson,2021,6
00-0036328,A.Gibson,2021,7
00-0036328,A.Gibson,2021,8
00-0036328,A.Gibson,2021,10
00-0036328,A.Gibson,2021,12
00-0036328,A.Gibson,2021,13
00-0036328,A.Gibson,2021,14
00-0036328,A.Gibson,2021,15
00-0036328,A.Gibson,2021,16
00-0036328,A.Gibson,2021,18
00-0036328,A.Gibson,2022,1
00-0036328,A.Gibson,2022,2
00-0036328,A.Gibson,2022,3
00-0036328,A.Gibson,2022,4
00-0036328,A.Gibson,2022,5
00-0036328,A.Gibson,2022,6
00-0036328,A.Gibson,2022,7
00-0036328,A.Gibson,2022,8
00-0036328,A.Gibson,2022,9
00-0036328,A.Gibson,2022,10
00-0036328,A.Gibson,2022,11
00-0036328,A.Gibson,2022,12
00-0036328,A.Gibson,2022,13
00-0036328,A.Gibson,2022,15
00-0036328,A.Gibson,2022,16
00-0036331,D.Duvernay,2020,11
00-0036331,D.Duvernay,2020,12
00-0036331,D.Duvernay,2020,13
00-0036331,D.Duvernay,2020,16
00-0036331,D.Duvernay,2020,17
00-0036331,D.Duvernay,2021,1
00-0036331,D.Duvernay,2021,3
00-0036331,D.Duvernay,2021,4
00-0036331,D.Duvernay,2021,5
00-0036331,D.Duvernay,2021,6
00-0036331,D.Duvernay,2021,7
00-0036331,D.Duvernay,2021,9
00-0036331,D.Duvernay,2021,10
00-0036331,D.Duvernay,2021,11
00-0036331,D.Duvernay,2021,12
00-0036331,D.Duvernay,2021,13
00-0036331,D.Duvernay,2021,14
00-0036331,D.Duvernay,2021,15
00-0036331,D.Duvernay,2021,17
00-0036331,D.Duvernay,2022,1
00-0036331,D.Duvernay,2022,2
00-0036331,D.Duvernay,2022,3
00-0036331,D.Duvernay,2022,4
00-0036331,D.Duvernay,2022,5
00-0036331,D.Duvernay,2022,6
00-0036331,D.Duvernay,2022,7
00-0036331,D.Duvernay,2022,8
00-0036331,D.Duvernay,2022,9
00-0036331,D.Duvernay,2022,11
00-0036331,D.Duvernay,2022,12
00-0036331,D.Duvernay,2022,13
00-0036331,D.Duvernay,2022,14
00-0036331,D.Duvernay,2022,15
00-0036332,J.Deguara,2021,14
00-0036332,J.Deguara,2021,15
00-0036332,J.Deguara,2021,16
00-0036332,J.Deguara,2021,17
00-0036332,J.Deguara,2021,18
00-0036332,J.Deguara,2021,20
00-0036332,J.Deguara,2022,1
00-0036332,J.Deguara,2022,4
00-0036332,J.Deguara,2022,5
00-0036332,J.Deguara,2022,6
00-0036332,J.Deguara,2022,8
00-0036332,J.Deguara,2022,9
00-0036332,J.Deguara,2022,13
00-0036332,J.Deguara,2022,16
00-0036332,J.Deguara,2022,17
00-0036345,K.Osborn,2021,10
00-0036345,K.Osborn,2021,11
00-0036345,K.Osborn,2021,12
00-0036345,K.Osborn,2021,13
00-0036345,K.Osborn,2021,14
00-0036345,K.Osborn,2021,15
00-0036345,K.Osborn,2021,16
00-0036345,K.Osborn,2021,17
00-0036345,K.Osborn,2021,18
00-0036345,K.Osborn,2022,1
00-0036345,K.Osborn,2022,2
00-0036345,K.Osborn,2022,3
00-0036345,K.Osborn,2022,4
00-0036345,K.Osborn,2022,5
00-0036345,K.Osborn,2022,6
00-0036345,K.Osborn,2022,8
00-0036345,K.Osborn,2022,9
00-0036345,K.Osborn,2022,10
00-0036345,K.Osborn,2022,11
00-0036345,K.Osborn,2022,12
00-0036345,K.Osborn,2022,13
00-0036345,K.Osborn,2022,14
00-0036345,K.Osborn,2022,15
00-0036345,K.Osborn,2022,16
00-0036345,K.Osborn,2022,17
00-0036345,K.Osborn,2022,18
00-0036345,K.Osborn,2022,19
00-0036357,H.Ruggs,2020,12
00-0036357,H.Ruggs,2020,13
00-0036357,H.Ruggs,2020,14
00-0036357,H.Ruggs,2020,16
00-0036357,H.Ruggs,2020,17
00-0036357,H.Ruggs,2021,1
00-0036357,H.Ruggs,2021,2
00-0036357,H.Ruggs,2021,3
00-0036357,H.Ruggs,2021,4
00-0036357,H.Ruggs,2021,5
00-0036357,H.Ruggs,2021,6
00-0036357,H.Ruggs,2021,7
00-0036358,C.Lamb,2020,9
00-0036358,C.Lamb,2020,11
00-0036358,C.Lamb,2020,12
00-0036358,C.Lamb,2020,13
00-0036358,C.Lamb,2020,14
00-0036358,C.Lamb,2020,15
00-0036358,C.Lamb,2020,16
00-0036358,C.Lamb,2020,17
00-0036358,C.Lamb,2021,1
00-0036358,C.Lamb,2021,2
00-0036358,C.Lamb,2021,3
00-0036358,C.Lamb,2021,4
00-0036358,C.Lamb,2021,5
00-0036358,C.Lamb,2021,6
00-0036358,C.Lamb,2021,8
00-0036358,C.Lamb,2021,9
00-0036358,C.Lamb,2021,10
00-0036358,C.Lamb,2021,11
00-0036358,C.Lamb,2021,13
00-0036358,C.Lamb,2021,14
00-0036358,C.Lamb,2021,15
00-0036358,C.Lamb,2021,16
00-0036358,C.Lamb,2021,17
00-0036358,C.Lamb,2021,18
00-0036358,C.Lamb,2021,19
00-0036358,C.Lamb,2022,1
00-0036358,C.Lamb,2022,2
00-0036358,C.Lamb,2022,3
00-0036358,C.Lamb,2022,4
00-0036358,C.Lamb,2022,5
00-0036358,C.Lamb,2022,6
00-0036358,C.Lamb,2022,7
00-0036358,C.Lamb,2022,8
00-0036358,C.Lamb,2022,10
00-0036358,C.Lamb,2022,11
00-0036358,C.Lamb,2022,12
00-0036358,C.Lamb,2022,13
00-0036358,C.Lamb,2022,14
00-0036358,C.Lamb,2022,15
00-0036358,C.Lamb,2022,16
00-0036358,C.Lamb,2022,17
00-0036358,C.Lamb,2022,18
00-0036358,C.Lamb,2022,19
00-0036358,C.Lamb,2022,20
00-0036360,C.Edwards-Helaire,2020,9
00-0036360,C.Edwards-Helaire,2020,11
00-0036360,C.Edwards-Helaire,2020,12
00-0036360,C.Edwards-Helaire,2020,14
00-0036360,C.Edwards-Helaire,2020,15
00-0036360,C.Edwards-Helaire,2020,20
00-0036360,C.Edwards-Helaire,2020,21
00-0036360,C.Edwards-Helaire,2021,1
00-0036360,C.Edwards-Helaire,2021,3
00-0036360,C.Edwards-Helaire,2021,4
00-0036360,C.Edwards-Helaire,2021,5
00-0036360,C.Edwards-Helaire,2021,11
00-0036360,C.Edwards-Helaire,2021,13
00-0036360,C.Edwards-Helaire,2021,14
00-0036360,C.Edwards-Helaire,2021,15
00-0036360,C.Edwards-Helaire,2021,16
00-0036360,C.Edwards-Helaire,2021,20
00-0036360,C.Edwards-Helaire,2021,21
00-0036360,C.Edwards-Helaire,2022,1
00-0036360,C.Edwards-Helaire,2022,2
00-0036360,C.Edwards-Helaire,2022,3
00-0036360,C.Edwards-Helaire,2022,4
00-0036360,C.Edwards-Helaire,2022,5
00-0036360,C.Edwards-Helaire,2022,7
00-0036360,C.Edwards-Helaire,2022,9
00-0036360,C.Edwards-Helaire,2022,10
00-0036365,B.Edwards,2020,17
00-0036365,B.Edwards,2021,1
00-0036365,B.Edwards,2021,2
00-0036365,B.Edwards,2021,3
00-0036365,B.Edwards,2021,4
00-0036365,B.Edwards,2021,5
00-0036365,B.Edwards,2021,6
00-0036365,B.Edwards,2021,7
00-0036365,B.Edwards,2021,9
00-0036365,B.Edwards,2021,10
00-0036365,B.Edwards,2021,12
00-0036365,B.Edwards,2021,13
00-0036365,B.Edwards,2021,14
00-0036365,B.Edwards,2021,15
00-0036365,B.Edwards,2021,17
00-0036365,B.Edwards,2021,18
00-0036365,B.Edwards,2021,19
00-0036365,B.Edwards,2022,1
00-0036365,B.Edwards,2022,2
00-0036365,B.Edwards,2022,5
00-0036365,B.Edwards,2022,8
00-0036370,J.Kelley,2020,13
00-0036370,J.Kelley,2021,9
00-0036370,J.Kelley,2021,12
00-0036370,J.Kelley,2021,14
00-0036370,J.Kelley,2021,16
00-0036370,J.Kelley,2022,1
00-0036370,J.Kelley,2022,2
00-0036370,J.Kelley,2022,3
00-0036370,J.Kelley,2022,4
00-0036370,J.Kelley,2022,5
00-0036370,J.Kelley,2022,12
00-0036370,J.Kelley,2022,13
00-0036370,J.Kelley,2022,14
00-0036370,J.Kelley,2022,15
00-0036370,J.Kelley,2022,16
00-0036370,J.Kelley,2022,17
00-0036370,J.Kelley,2022,18
00-0036370,J.Kelley,2022,19
00-0036387,J.Reagor,2020,15
00-0036387,J.Reagor,2020,16
00-0036387,J.Reagor,2020,17
00-0036387,J.Reagor,2021,1
00-0036387,J.Reagor,2021,2
00-0036387,J.Reagor,2021,3
00-0036387,J.Reagor,2021,4
00-0036387,J.Reagor,2021,5
00-0036387,J.Reagor,2021,6
00-0036387,J.Reagor,2021,7
00-0036387,J.Reagor,2021,8
00-0036387,J.Reagor,2021,9
00-0036387,J.Reagor,2021,10
00-0036387,J.Reagor,2021,11
00-0036387,J.Reagor,2021,12
00-0036387,J.Reagor,2021,13
00-0036387,J.Reagor,2021,15
00-0036387,J.Reagor,2021,16
00-0036387,J.Reagor,2021,17
00-0036387,J.Reagor,2021,18
00-0036387,J.Reagor,2021,19
00-0036387,J.Reagor,2022,2
00-0036387,J.Reagor,2022,3
00-0036387,J.Reagor,2022,4
00-0036387,J.Reagor,2022,5
00-0036387,J.Reagor,2022,11
00-0036387,J.Reagor,2022,12
00-0036387,J.Reagor,2022,13
00-0036387,J.Reagor,2022,14
00-0036387,J.Reagor,2022,15
00-0036387,J.Reagor,2022,18
00-0036407,J.Jeudy,2020,10
00-0036407,J.Jeudy,2020,11
00-0036407,J.Jeudy,2020,12
00-0036407,J.Jeudy,2020,13
00-0036407,J.Jeudy,2020,14
00-0036407,J.Jeudy,2020,15
00-0036407,J.Jeudy,2020,16
00-0036407,J.Jeudy,2020,17
00-0036407,J.Jeudy,2021,1
00-0036407,J.Jeudy,2021,8
00-0036407,J.Jeudy,2021,9
00-0036407,J.Jeudy,2021,10
00-0036407,J.Jeudy,2021,12
00-0036407,J.Jeudy,2021,13
00-0036407,J.Jeudy,2021,14
00-0036407,J.Jeudy,2021,15
00-0036407,J.Jeudy,2021,16
00-0036407,J.Jeudy,2021,18
00-0036407,J.Jeudy,2022,1
00-0036407,J.Jeudy,2022,2
00-0036407,J.Jeudy,2022,3
00-0036407,J.Jeudy,2022,4
00-0036407,J.Jeudy,2022,5
00-0036407,J.Jeudy,2022,6
00-0036407,J.Jeudy,2022,7
00-0036407,J.Jeudy,2022,8
00-0036407,J.Jeudy,2022,10
00-0036407,J.Jeudy,2022,13
00-0036407,J.Jeudy,2022,14
00-0036407,J.Jeudy,2022,15
00-0036407,J.Jeudy,2022,16
00-0036407,J.Jeudy,2022,17
00-0036407,J.Jeudy,2022,18
00-0036410,T.Higgins,2020,11
00-0036410,T.Higgins,2020,12
00-0036410,T.Higgins,2020,13
00-0036410,T.Higgins,2020,14
00-0036410,T.Higgins,2020,15
00-0036410,T.Higgins,2020,16
00-0036410,T.Higgins,2020,17
00-0036410,T.Higgins,2021,1
00-0036410,T.Higgins,2021,2
00-0036410,T.Higgins,2021,5
00-0036410,T.Higgins,2021,6
00-0036410,T.Higgins,2021,7
00-0036410,T.Higgins,2021,8
00-0036410,T.Higgins,2021,9
00-0036410,T.Higgins,2021,11
00-0036410,T.Higgins,2021,12
00-0036410,T.Higgins,2021,13
00-0036410,T.Higgins,2021,14
00-0036410,T.Higgins,2021,15
00-0036410,T.Higgins,2021,16
00-0036410,T.Higgins,2021,17
00-0036410,T.Higgins,2021,19
00-0036410,T.Higgins,2021,20
00-0036410,T.Higgins,2021,21
00-0036410,T.Higgins,2021,22
00-0036410,T.Higgins,2022,1
00-0036410,T.Higgins,2022,2
00-0036410,T.Higgins,2022,3
00-0036410,T.Higgins,2022,4
00-0036410,T.Higgins,2022,6
00-0036410,T.Higgins,2022,7
00-0036410,T.Higgins,2022,8
00-0036410,T.Higgins,2022,9
00-0036410,T.Higgins,2022,11
00-0036410,T.Higgins,2022,12
00-0036410,T.Higgins,2022,13
00-0036410,T.Higgins,2022,15
00-0036410,T.Higgins,2022,16
00-0036410,T.Higgins,2022,18
00-0036410,T.Higgins,2022,19
00-0036410,T.Higgins,2022,20
00-0036410,T.Higgins,2022,21
00-0036412,K.Hamler,2020,14
00-0036412,K.Hamler,2020,15
00-0036412,K.Hamler,2021,1
00-0036412,K.Hamler,2021,2
00-0036412,K.Hamler,2021,3
00-0036412,K.Hamler,2022,1
00-0036412,K.Hamler,2022,4
00-0036412,K.Hamler,2022,5
00-0036412,K.Hamler,2022,6
00-0036412,K.Hamler,2022,7
00-0036412,K.Hamler,2022,8
00-0036414,C.Akers,2020,19
00-0036414,C.Akers,2021,18
00-0036414,C.Akers,2021,19
00-0036414,C.Akers,2021,20
00-0036414,C.Akers,2021,21
00-0036414,C.Akers,2021,22
00-0036414,C.Akers,2022,2
00-0036414,C.Akers,2022,4
00-0036414,C.Akers,2022,5
00-0036414,C.Akers,2022,10
00-0036414,C.Akers,2022,13
00-0036414,C.Akers,2022,14
00-0036414,C.Akers,2022,15
00-0036414,C.Akers,2022,16
00-0036414,C.Akers,2022,17
00-0036414,C.Akers,2022,18
00-0036415,V.Jefferson,2020,11
00-0036415,V.Jefferson,2020,13
00-0036415,V.Jefferson,2020,15
00-0036415,V.Jefferson,2020,16
00-0036415,V.Jefferson,2020,17
00-0036415,V.Jefferson,2020,19
00-0036415,V.Jefferson,2021,1
00-0036415,V.Jefferson,2021,2
00-0036415,V.Jefferson,2021,3
00-0036415,V.Jefferson,2021,4
00-0036415,V.Jefferson,2021,5
00-0036415,V.Jefferson,2021,6
00-0036415,V.Jefferson,2021,7
00-0036415,V.Jefferson,2021,8
00-0036415,V.Jefferson,2021,9
00-0036415,V.Jefferson,2021,10
00-0036415,V.Jefferson,2021,12
00-0036415,V.Jefferson,2021,13
00-0036415,V.Jefferson,2021,14
00-0036415,V.Jefferson,2021,15
00-0036415,V.Jefferson,2021,16
00-0036415,V.Jefferson,2021,17
00-0036415,V.Jefferson,2021,18
00-0036415,V.Jefferson,2021,19
00-0036415,V.Jefferson,2021,20
00-0036415,V.Jefferson,2021,21
00-0036415,V.Jefferson,2021,22
00-0036415,V.Jefferson,2022,9
00-0036415,V.Jefferson,2022,10
00-0036415,V.Jefferson,2022,11
00-0036415,V.Jefferson,2022,12
00-0036415,V.Jefferson,2022,13
00-0036415,V.Jefferson,2022,14
00-0036415,V.Jefferson,2022,15
00-0036415,V.Jefferson,2022,16
00-0036415,V.Jefferson,2022,17
00-0036415,V.Jefferson,2022,18
00-0036422,A.Trautman,2020,16
00-0036422,A.Trautman,2020,17
00-0036422,A.Trautman,2020,18
00-0036422,A.Trautman,2021,1
00-0036422,A.Trautman,2021,3
00-0036422,A.Trautman,2021,4
00-0036422,A.Trautman,2021,5
00-0036422,A.Trautman,2021,7
00-0036422,A.Trautman,2021,8
00-0036422,A.Trautman,2021,9
00-0036422,A.Trautman,2021,10
00-0036422,A.Trautman,2021,11
00-0036422,A.Trautman,2021,15
00-0036422,A.Trautman,2021,18
00-0036422,A.Trautman,2022,3
00-0036422,A.Trautman,2022,4
00-0036422,A.Trautman,2022,5
00-0036422,A.Trautman,2022,6
00-0036422,A.Trautman,2022,9
00-0036422,A.Trautman,2022,10
00-0036422,A.Trautman,2022,11
00-0036422,A.Trautman,2022,12
00-0036422,A.Trautman,2022,13
00-0036422,A.Trautman,2022,15
00-0036422,A.Trautman,2022,17
00-0036422,A.Trautman,2022,18
00-0036423,A.Okwuegbunam,2021,8
00-0036423,A.Okwuegbunam,2021,9
00-0036423,A.Okwuegbunam,2021,10
00-0036423,A.Okwuegbunam,2021,12
00-0036423,A.Okwuegbunam,2021,13
00-0036423,A.Okwuegbunam,2021,14
00-0036423,A.Okwuegbunam,2021,15
00-0036423,A.Okwuegbunam,2021,16
00-0036423,A.Okwuegbunam,2021,17
00-0036423,A.Okwuegbunam,2022,1
00-0036423,A.Okwuegbunam,2022,2
00-0036423,A.Okwuegbunam,2022,3
00-0036423,A.Okwuegbunam,2022,5
00-0036423,A.Okwuegbunam,2022,17
00-0036423,A.Okwuegbunam,2022,18
00-0036425,D.Dallas,2021,5
00-0036425,D.Dallas,2021,6
00-0036425,D.Dallas,2021,11
00-0036425,D.Dallas,2021,12
00-0036425,D.Dallas,2021,15
00-0036425,D.Dallas,2021,16
00-0036425,D.Dallas,2022,3
00-0036425,D.Dallas,2022,5
00-0036425,D.Dallas,2022,7
00-0036425,D.Dallas,2022,12
00-0036425,D.Dallas,2022,13
00-0036425,D.Dallas,2022,16
00-0036425,D.Dallas,2022,17
00-0036425,D.Dallas,2022,18
00-0036427,T.Johnson,2020,16
00-0036427,T.Johnson,2020,17
00-0036427,T.Johnson,2020,19
00-0036427,T.Johnson,2020,20
00-0036427,T.Johnson,2020,21
00-0036427,T.Johnson,2021,1
00-0036427,T.Johnson,2021,2
00-0036427,T.Johnson,2021,3
00-0036427,T.Johnson,2021,4
00-0036427,T.Johnson,2021,5
00-0036427,T.Johnson,2021,7
00-0036427,T.Johnson,2021,8
00-0036427,T.Johnson,2021,10
00-0036427,T.Johnson,2021,11
00-0036427,T.Johnson,2021,12
00-0036427,T.Johnson,2021,13
00-0036427,T.Johnson,2021,14
00-0036427,T.Johnson,2021,15
00-0036427,T.Johnson,2021,16
00-0036427,T.Johnson,2021,17
00-0036427,T.Johnson,2021,18
00-0036427,T.Johnson,2021,19
00-0036427,T.Johnson,2021,20
00-0036429,C.Woerner,2022,4
00-0036429,C.Woerner,2022,6
00-0036450,K.Vaughn,2021,17
00-0036450,K.Vaughn,2021,18
00-0036450,K.Vaughn,2021,19
00-0036450,K.Vaughn,2022,9
00-0036450,K.Vaughn,2022,10
00-0036450,K.Vaughn,2022,18
00-0036550,R.Bateman,2021,15
00-0036550,R.Bateman,2021,16
00-0036550,R.Bateman,2021,17
00-0036550,R.Bateman,2021,18
00-0036550,R.Bateman,2022,1
00-0036550,R.Bateman,2022,2
00-0036550,R.Bateman,2022,3
00-0036550,R.Bateman,2022,4
00-0036550,R.Bateman,2022,7
00-0036550,R.Bateman,2022,8
00-0036554,N.Collins,2021,13
00-0036554,N.Collins,2021,14
00-0036554,N.Collins,2021,15
00-0036554,N.Collins,2021,16
00-0036554,N.Collins,2021,17
00-0036554,N.Collins,2021,18
00-0036554,N.Collins,2022,1
00-0036554,N.Collins,2022,2
00-0036554,N.Collins,2022,3
00-0036554,N.Collins,2022,4
00-0036554,N.Collins,2022,5
00-0036554,N.Collins,2022,7
00-0036554,N.Collins,2022,10
00-0036554,N.Collins,2022,11
00-0036554,N.Collins,2022,12
00-0036554,N.Collins,2022,13
00-0036555,C.Hubbard,2021,9
00-0036555,C.Hubbard,2021,12
00-0036555,C.Hubbard,2021,15
00-0036555,C.Hubbard,2021,16
00-0036555,C.Hubbard,2021,17
00-0036555,C.Hubbard,2021,18
00-0036555,C.Hubbard,2022,6
00-0036555,C.Hubbard,2022,7
00-0036555,C.Hubbard,2022,11
00-0036555,C.Hubbard,2022,14
00-0036555,C.Hubbard,2022,15
00-0036555,C.Hubbard,2022,17
00-0036555,C.Hubbard,2022,18
00-0036556,B.Jordan,2022,1
00-0036556,B.Jordan,2022,2
00-0036556,B.Jordan,2022,7
00-0036556,B.Jordan,2022,8
00-0036556,B.Jordan,2022,9
00-0036556,B.Jordan,2022,13
00-0036556,B.Jordan,2022,15
00-0036556,B.Jordan,2022,16
00-0036556,B.Jordan,2022,17
00-0036567,E.Mitchell,2021,21
00-0036567,E.Mitchell,2022,10
00-0036567,E.Mitchell,2022,12
00-0036567,E.Mitchell,2022,19
00-0036572,S.Smith,2022,4
00-0036572,S.Smith,2022,5
00-0036572,S.Smith,2022,6
00-0036572,S.Smith,2022,8
00-0036572,S.Smith,2022,9
00-0036572,S.Smith,2022,10
00-0036572,S.Smith,2022,11
00-0036572,S.Smith,2022,14
00-0036572,S.Smith,2022,15
00-0036572,S.Smith,2022,16
00-0036572,S.Smith,2022,17
00-0036572,S.Smith,2022,18
00-0036613,J.Waddle,2021,9
00-0036613,J.Waddle,2021,10
00-0036613,J.Waddle,2021,11
00-0036613,J.Waddle,2021,12
00-0036613,J.Waddle,2021,13
00-0036613,J.Waddle,2021,16
00-0036613,J.Waddle,2021,17
00-0036613,J.Waddle,2021,18
00-0036613,J.Waddle,2022,1
00-0036613,J.Waddle,2022,2
00-0036613,J.Waddle,2022,3
00-0036613,J.Waddle,2022,4
00-0036613,J.Waddle,2022,5
00-0036613,J.Waddle,2022,6
00-0036613,J.Waddle,2022,7
00-0036613,J.Waddle,2022,8
00-0036613,J.Waddle,2022,9
00-0036613,J.Waddle,2022,10
00-0036613,J.Waddle,2022,12
00-0036613,J.Waddle,2022,13
00-0036613,J.Waddle,2022,14
00-0036613,J.Waddle,2022,15
00-0036613,J.Waddle,2022,16
00-0036613,J.Waddle,2022,17
00-0036613,J.Waddle,2022,18
00-0036613,J.Waddle,2022,19
00-0036620,D.Eskridge,2022,1
00-0036620,D.Eskridge,2022,2
00-0036620,D.Eskridge,2022,4
00-0036620,D.Eskridge,2022,5
00-0036620,D.Eskridge,2022,6
00-0036620,D.Eskridge,2022,7
00-0036620,D.Eskridge,2022,8
00-0036620,D.Eskridge,2022,9
00-0036626,D.Brown,2021,17
00-0036626,D.Brown,2022,4
00-0036626,D.Brown,2022,5
00-0036626,D.Brown,2022,6
00-0036626,D.Brown,2022,9
00-0036626,D.Brown,2022,10
00-0036626,D.Brown,2022,12
00-0036626,D.Brown,2022,15
00-0036628,J.Bates,2021,16
00-0036628,J.Bates,2021,17
00-0036628,J.Bates,2021,18
00-0036628,J.Bates,2022,1
00-0036628,J.Bates,2022,2
00-0036628,J.Bates,2022,3
00-0036628,J.Bates,2022,4
00-0036628,J.Bates,2022,5
00-0036628,J.Bates,2022,8
00-0036628,J.Bates,2022,9
00-0036628,J.Bates,2022,11
00-0036628,J.Bates,2022,12
00-0036630,T.Wallace,2022,18
00-0036637,N.Gray,2021,20
00-0036637,N.Gray,2022,1
00-0036637,N.Gray,2022,2
00-0036637,N.Gray,2022,3
00-0036637,N.Gray,2022,4
00-0036637,N.Gray,2022,5
00-0036637,N.Gray,2022,6
00-0036637,N.Gray,2022,7
00-0036637,N.Gray,2022,9
00-0036637,N.Gray,2022,10
00-0036637,N.Gray,2022,11
00-0036637,N.Gray,2022,12
00-0036637,N.Gray,2022,13
00-0036637,N.Gray,2022,14
00-0036637,N.Gray,2022,15
00-0036637,N.Gray,2022,16
00-0036637,N.Gray,2022,17
00-0036637,N.Gray,2022,18
00-0036637,N.Gray,2022,20
00-0036637,N.Gray,2022,21
00-0036637,N.Gray,2022,22
00-0036671,D.Milne,2021,17
00-0036671,D.Milne,2022,1
00-0036671,D.Milne,2022,2
00-0036671,D.Milne,2022,3
00-0036671,D.Milne,2022,6
00-0036671,D.Milne,2022,7
00-0036671,D.Milne,2022,8
00-0036671,D.Milne,2022,9
00-0036741,J.Stoll,2022,11
00-0036741,J.Stoll,2022,13
00-0036741,J.Stoll,2022,14
00-0036741,J.Stoll,2022,15
00-0036741,J.Stoll,2022,21
00-0036754,B.Wright,2022,7
00-0036754,B.Wright,2022,8
00-0036754,B.Wright,2022,9
00-0036754,B.Wright,2022,10
00-0036754,B.Wright,2022,11
00-0036754,B.Wright,2022,12
00-0036754,B.Wright,2022,13
00-0036754,B.Wright,2022,14
00-0036754,B.Wright,2022,15
00-0036754,B.Wright,2022,16
00-0036754,B.Wright,2022,17
00-0036754,B.Wright,2022,18
00-0036849,T.Atwell,2022,16
00-0036849,T.Atwell,2022,17
00-0036849,T.Atwell,2022,18
00-0036862,B.Skowronek,2021,22
00-0036862,B.Skowronek,2022,1
00-0036862,B.Skowronek,2022,2
00-0036862,B.Skowronek,2022,3
00-0036862,B.Skowronek,2022,4
00-0036862,B.Skowronek,2022,5
00-0036862,B.Skowronek,2022,6
00-0036862,B.Skowronek,2022,8
00-0036862,B.Skowronek,2022,9
00-0036862,B.Skowronek,2022,10
00-0036862,B.Skowronek,2022,11
00-0036862,B.Skowronek,2022,12
00-0036862,B.Skowronek,2022,13
00-0036862,B.Skowronek,2022,14
00-0036862,B.Skowronek,2022,15
00-0036875,R.Stevenson,2021,18
00-0036875,R.Stevenson,2021,19
00-0036875,R.Stevenson,2022,1
00-0036875,R.Stevenson,2022,2
00-0036875,R.Stevenson,2022,3
00-0036875,R.Stevenson,2022,4
00-0036875,R.Stevenson,2022,5
00-0036875,R.Stevenson,2022,6
00-0036875,R.Stevenson,2022,7
00-0036875,R.Stevenson,2022,8
00-0036875,R.Stevenson,2022,9
00-0036875,R.Stevenson,2022,11
00-0036875,R.Stevenson,2022,12
00-0036875,R.Stevenson,2022,13
00-0036875,R.Stevenson,2022,14
00-0036875,R.Stevenson,2022,15
00-0036875,R.Stevenson,2022,16
00-0036875,R.Stevenson,2022,17
00-0036875,R.Stevenson,2022,18
00-0036876,K.Granson,2021,13
00-0036876,K.Granson,2021,16
00-0036876,K.Granson,2022,1
00-0036876,K.Granson,2022,2
00-0036876,K.Granson,2022,3
00-0036876,K.Granson,2022,4
00-0036876,K.Granson,2022,5
00-0036876,K.Granson,2022,6
00-0036876,K.Granson,2022,7
00-0036876,K.Granson,2022,8
00-0036876,K.Granson,2022,9
00-0036876,K.Granson,2022,10
00-0036876,K.Granson,2022,11
00-0036876,K.Granson,2022,13
00-0036876,K.Granson,2022,15
00-0036887,L.Farrell,2022,6
00-0036887,L.Farrell,2022,9
00-0036887,L.Farrell,2022,13
00-0036887,L.Farrell,2022,18
00-0036893,N.Harris,2021,10
00-0036893,N.Harris,2021,11
00-0036893,N.Harris,2021,12
00-0036893,N.Harris,2021,13
00-0036893,N.Harris,2021,14
00-0036893,N.Harris,2021,15
00-0036893,N.Harris,2021,16
00-0036893,N.Harris,2021,17
00-0036893,N.Harris,2021,18
00-0036893,N.Harris,2021,19
00-0036893,N.Harris,2022,1
00-0036893,N.Harris,2022,2
00-0036893,N.Harris,2022,3
00-0036893,N.Harris,2022,5
00-0036893,N.Harris,2022,6
00-0036893,N.Harris,2022,7
00-0036893,N.Harris,2022,8
00-0036893,N.Harris,2022,10
00-0036893,N.Harris,2022,11
00-0036893,N.Harris,2022,12
00-0036893,N.Harris,2022,13
00-0036893,N.Harris,2022,14
00-0036893,N.Harris,2022,16
00-0036893,N.Harris,2022,17
00-0036893,N.Harris,2022,18
00-0036894,P.Freiermuth,2021,10
00-0036894,P.Freiermuth,2021,11
00-0036894,P.Freiermuth,2021,12
00-0036894,P.Freiermuth,2021,13
00-0036894,P.Freiermuth,2021,14
00-0036894,P.Freiermuth,2021,15
00-0036894,P.Freiermuth,2021,17
00-0036894,P.Freiermuth,2021,18
00-0036894,P.Freiermuth,2021,19
00-0036894,P.Freiermuth,2022,1
00-0036894,P.Freiermuth,2022,2
00-0036894,P.Freiermuth,2022,3
00-0036894,P.Freiermuth,2022,4
00-0036894,P.Freiermuth,2022,5
00-0036894,P.Freiermuth,2022,7
00-0036894,P.Freiermuth,2022,8
00-0036894,P.Freiermuth,2022,10
00-0036894,P.Freiermuth,2022,11
00-0036894,P.Freiermuth,2022,12
00-0036894,P.Freiermuth,2022,13
00-0036894,P.Freiermuth,2022,14
00-0036894,P.Freiermuth,2022,16
00-0036894,P.Freiermuth,2022,17
00-0036894,P.Freiermuth,2022,18
00-0036900,J.Chase,2021,9
00-0036900,J.Chase,2021,11
00-0036900,J.Chase,2021,12
00-0036900,J.Chase,2021,13
00-0036900,J.Chase,2021,14
00-0036900,J.Chase,2021,15
00-0036900,J.Chase,2021,16
00-0036900,J.Chase,2021,17
00-0036900,J.Chase,2021,18
00-0036900,J.Chase,2021,19
00-0036900,J.Chase,2021,20
00-0036900,J.Chase,2021,21
00-0036900,J.Chase,2021,22
00-0036900,J.Chase,2022,1
00-0036900,J.Chase,2022,2
00-0036900,J.Chase,2022,3
00-0036900,J.Chase,2022,4
00-0036900,J.Chase,2022,5
00-0036900,J.Chase,2022,6
00-0036900,J.Chase,2022,7
00-0036900,J.Chase,2022,13
00-0036900,J.Chase,2022,14
00-0036900,J.Chase,2022,15
00-0036900,J.Chase,2022,16
00-0036900,J.Chase,2022,18
00-0036900,J.Chase,2022,19
00-0036900,J.Chase,2022,20
00-0036900,J.Chase,2022,21
00-0036906,K.Herbert,2022,3
00-0036906,K.Herbert,2022,4
00-0036906,K.Herbert,2022,7
00-0036906,K.Herbert,2022,16
00-0036906,K.Herbert,2022,18
00-0036912,D.Smith,2021,9
00-0036912,D.Smith,2021,10
00-0036912,D.Smith,2021,11
00-0036912,D.Smith,2021,12
00-0036912,D.Smith,2021,13
00-0036912,D.Smith,2021,15
00-0036912,D.Smith,2021,16
00-0036912,D.Smith,2021,17
00-0036912,D.Smith,2021,18
00-0036912,D.Smith,2021,19
00-0036912,D.Smith,2022,1
00-0036912,D.Smith,2022,2
00-0036912,D.Smith,2022,3
00-0036912,D.Smith,2022,4
00-0036912,D.Smith,2022,5
00-0036912,D.Smith,2022,6
00-0036912,D.Smith,2022,8
00-0036912,D.Smith,2022,9
00-0036912,D.Smith,2022,10
00-0036912,D.Smith,2022,11
00-0036912,D.Smith,2022,12
00-0036912,D.Smith,2022,13
00-0036912,D.Smith,2022,14
00-0036912,D.Smith,2022,15
00-0036912,D.Smith,2022,16
00-0036912,D.Smith,2022,17
00-0036912,D.Smith,2022,18
00-0036912,D.Smith,2022,20
00-0036912,D.Smith,2022,21
00-0036912,D.Smith,2022,22
00-0036913,K.Toney,2021,16
00-0036913,K.Toney,2022,2
00-0036913,K.Toney,2022,9
00-0036913,K.Toney,2022,10
00-0036913,K.Toney,2022,11
00-0036913,K.Toney,2022,15
00-0036913,K.Toney,2022,16
00-0036913,K.Toney,2022,17
00-0036913,K.Toney,2022,18
00-0036913,K.Toney,2022,20
00-0036913,K.Toney,2022,21
00-0036913,K.Toney,2022,22
00-0036919,K.Gainwell,2021,12
00-0036919,K.Gainwell,2021,13
00-0036919,K.Gainwell,2021,15
00-0036919,K.Gainwell,2021,16
00-0036919,K.Gainwell,2021,18
00-0036919,K.Gainwell,2021,19
00-0036919,K.Gainwell,2022,1
00-0036919,K.Gainwell,2022,2
00-0036919,K.Gainwell,2022,4
00-0036919,K.Gainwell,2022,8
00-0036919,K.Gainwell,2022,9
00-0036919,K.Gainwell,2022,10
00-0036919,K.Gainwell,2022,12
00-0036919,K.Gainwell,2022,13
00-0036919,K.Gainwell,2022,14
00-0036919,K.Gainwell,2022,15
00-0036919,K.Gainwell,2022,16
00-0036919,K.Gainwell,2022,17
00-0036919,K.Gainwell,2022,18
00-0036919,K.Gainwell,2022,20
00-0036919,K.Gainwell,2022,21
00-0036919,K.Gainwell,2022,22
00-0036924,Mi.Carter,2021,10
00-0036924,Mi.Carter,2021,11
00-0036924,M.Carter,2021,15
00-0036924,M.Carter,2021,16
00-0036924,Mi.Carter,2021,17
00-0036924,Mi.Carter,2021,18
00-0036924,Mi.Carter,2022,1
00-0036924,Mi.Carter,2022,2
00-0036924,Mi.Carter,2022,3
00-0036924,Mi.Carter,2022,4
00-0036924,Mi.Carter,2022,5
00-0036924,Mi.Carter,2022,6
00-0036924,Mi.Carter,2022,7
00-0036924,Mi.Carter,2022,8
00-0036924,Mi.Carter,2022,9
00-0036924,Mi.Carter,2022,11
00-0036924,Mi.Carter,2022,12
00-0036924,Mi.Carter,2022,14
00-0036924,Mi.Carter,2022,15
00-0036924,Mi.Carter,2022,16
00-0036924,Mi.Carter,2022,17
00-0036924,Mi.Carter,2022,18
00-0036936,R.Moore,2021,9
00-0036936,R.Moore,2021,10
00-0036936,R.Moore,2021,11
00-0036936,R.Moore,2021,13
00-0036936,R.Moore,2021,14
00-0036936,R.Moore,2021,15
00-0036936,R.Moore,2021,19
00-0036936,R.Moore,2022,4
00-0036936,R.Moore,2022,5
00-0036936,R.Moore,2022,6
00-0036936,R.Moore,2022,7
00-0036936,R.Moore,2022,8
00-0036936,R.Moore,2022,9
00-0036936,R.Moore,2022,10
00-0036955,T.Marshall,2021,11
00-0036955,T.Marshall,2021,15
00-0036955,T.Marshall,2021,16
00-0036955,T.Marshall,2021,17
00-0036955,T.Marshall,2022,5
00-0036955,T.Marshall,2022,6
00-0036955,T.Marshall,2022,7
00-0036955,T.Marshall,2022,8
00-0036955,T.Marshall,2022,9
00-0036955,T.Marshall,2022,10
00-0036955,T.Marshall,2022,11
00-0036955,T.Marshall,2022,12
00-0036955,T.Marshall,2022,14
00-0036955,T.Marshall,2022,15
00-0036955,T.Marshall,2022,16
00-0036955,T.Marshall,2022,17
00-0036955,T.Marshall,2022,18
00-0036963,A.St. Brown,2021,11
00-0036963,A.St. Brown,2021,12
00-0036963,A.St. Brown,2021,13
00-0036963,A.St. Brown,2021,14
00-0036963,A.St. Brown,2021,15
00-0036963,A.St. Brown,2021,16
00-0036963,A.St. Brown,2021,17
00-0036963,A.St. Brown,2021,18
00-0036963,A.St. Brown,2022,1
00-0036963,A.St. Brown,2022,2
00-0036963,A.St. Brown,2022,3
00-0036963,A.St. Brown,2022,5
00-0036963,A.St. Brown,2022,7
00-0036963,A.St. Brown,2022,8
00-0036963,A.St. Brown,2022,9
00-0036963,A.St. Brown,2022,10
00-0036963,A.St. Brown,2022,11
00-0036963,A.St. Brown,2022,12
00-0036963,A.St. Brown,2022,13
00-0036963,A.St. Brown,2022,14
00-0036963,A.St. Brown,2022,15
00-0036963,A.St. Brown,2022,16
00-0036963,A.St. Brown,2022,17
00-0036963,A.St. Brown,2022,18
00-0036970,K.Pitts,2021,10
00-0036970,K.Pitts,2021,11
00-0036970,K.Pitts,2021,12
00-0036970,K.Pitts,2021,13
00-0036970,K.Pitts,2021,14
00-0036970,K.Pitts,2021,15
00-0036970,K.Pitts,2021,16
00-0036970,K.Pitts,2021,17
00-0036970,K.Pitts,2021,18
00-0036970,K.Pitts,2022,1
00-0036970,K.Pitts,2022,2
00-0036970,K.Pitts,2022,3
00-0036970,K.Pitts,2022,4
00-0036970,K.Pitts,2022,6
00-0036970,K.Pitts,2022,7
00-0036970,K.Pitts,2022,8
00-0036970,K.Pitts,2022,9
00-0036970,K.Pitts,2022,10
00-0036970,K.Pitts,2022,11
00-0036973,T.Etienne,2022,9
00-0036973,T.Etienne,2022,10
00-0036973,T.Etienne,2022,13
00-0036973,T.Etienne,2022,15
00-0036973,T.Etienne,2022,16
00-0036973,T.Etienne,2022,17
00-0036973,T.Etienne,2022,18
00-0036973,T.Etienne,2022,19
00-0036973,T.Etienne,2022,20
00-0036980,E.Moore,2021,11
00-0036980,E.Moore,2021,12
00-0036980,E.Moore,2021,13
00-0036980,E.Moore,2022,1
00-0036980,E.Moore,2022,2
00-0036980,E.Moore,2022,3
00-0036980,E.Moore,2022,4
00-0036980,E.Moore,2022,5
00-0036980,E.Moore,2022,8
00-0036980,E.Moore,2022,11
00-0036980,E.Moore,2022,12
00-0036980,E.Moore,2022,13
00-0036980,E.Moore,2022,14
00-0036980,E.Moore,2022,15
00-0036980,E.Moore,2022,16
00-0036980,E.Moore,2022,17
00-0036980,E.Moore,2022,18
00-0036988,J.Palmer,2021,12
00-0036988,J.Palmer,2021,13
00-0036988,J.Palmer,2021,14
00-0036988,J.Palmer,2021,15
00-0036988,J.Palmer,2021,16
00-0036988,J.Palmer,2021,17
00-0036988,J.Palmer,2021,18
00-0036988,J.Palmer,2022,1
00-0036988,J.Palmer,2022,2
00-0036988,J.Palmer,2022,3
00-0036988,J.Palmer,2022,4
00-0036988,J.Palmer,2022,5
00-0036988,J.Palmer,2022,6
00-0036988,J.Palmer,2022,9
00-0036988,J.Palmer,2022,10
00-0036988,J.Palmer,2022,11
00-0036988,J.Palmer,2022,12
00-0036988,J.Palmer,2022,13
00-0036988,J.Palmer,2022,14
00-0036988,J.Palmer,2022,15
00-0036988,J.Palmer,2022,16
00-0036988,J.Palmer,2022,17
00-0036988,J.Palmer,2022,18
00-0036988,J.Palmer,2022,19
00-0036997,J.Williams,2021,10
00-0036997,J.Williams,2021,12
00-0036997,J.Williams,2021,13
00-0036997,J.Williams,2021,14
00-0036997,J.Williams,2021,15
00-0036997,J.Williams,2021,16
00-0036997,J.Williams,2021,17
00-0036997,J.Williams,2021,18
00-0036997,J.Williams,2022,1
00-0036997,J.Williams,2022,2
00-0036997,J.Williams,2022,3
00-0036997,J.Williams,2022,4
00-0036999,A.Schwartz,2021,10
00-0036999,A.Schwartz,2021,16
00-0036999,A.Schwartz,2021,17
00-0036999,A.Schwartz,2021,18
00-0036999,A.Schwartz,2022,1
00-0036999,A.Schwartz,2022,5
00-0036999,A.Schwartz,2022,6
00-0036999,A.Schwartz,2022,10
00-0036999,A.Schwartz,2022,12
00-0036999,A.Schwartz,2022,13
00-0037005,T.Tremble,2021,11
00-0037005,T.Tremble,2021,12
00-0037005,T.Tremble,2021,14
00-0037005,T.Tremble,2021,15
00-0037005,T.Tremble,2021,16
00-0037005,T.Tremble,2021,18
00-0037005,T.Tremble,2022,1
00-0037005,T.Tremble,2022,3
00-0037005,T.Tremble,2022,4
00-0037005,T.Tremble,2022,5
00-0037005,T.Tremble,2022,7
00-0037005,T.Tremble,2022,8
00-0037005,T.Tremble,2022,9
00-0037005,T.Tremble,2022,10
00-0037005,T.Tremble,2022,12
00-0037005,T.Tremble,2022,14
00-0037005,T.Tremble,2022,15
00-0037005,T.Tremble,2022,16
00-0037005,T.Tremble,2022,17
00-0037005,T.Tremble,2022,18
00-0037197,I.Pacheco,2022,20
00-0037197,I.Pacheco,2022,21
00-0037228,J.Warren,2022,11
00-0037228,J.Warren,2022,13
00-0037228,J.Warren,2022,14
00-0037228,J.Warren,2022,15
00-0037228,J.Warren,2022,16
00-0037228,J.Warren,2022,17
00-0037228,J.Warren,2022,18
00-0037238,D.London,2022,9
00-0037238,D.London,2022,10
00-0037238,D.London,2022,11
00-0037238,D.London,2022,12
00-0037238,D.London,2022,13
00-0037238,D.London,2022,15
00-0037238,D.London,2022,16
00-0037238,D.London,2022,17
00-0037238,D.London,2022,18
00-0037239,C.Olave,2022,10
00-0037239,C.Olave,2022,11
00-0037239,C.Olave,2022,12
00-0037239,C.Olave,2022,13
00-0037239,C.Olave,2022,15
00-0037239,C.Olave,2022,17
00-0037239,C.Olave,2022,18
00-0037247,G.Pickens,2022,10
00-0037247,G.Pickens,2022,11
00-0037247,G.Pickens,2022,12
00-0037247,G.Pickens,2022,13
00-0037247,G.Pickens,2022,14
00-0037247,G.Pickens,2022,15
00-0037247,G.Pickens,2022,16
00-0037247,G.Pickens,2022,17
00-0037247,G.Pickens,2022,18
00-0037248,J.Cook,2022,14
00-0037248,J.Cook,2022,15
00-0037248,J.Cook,2022,16
00-0037248,J.Cook,2022,18
00-0037256,R.White,2022,12
00-0037256,R.White,2022,13
00-0037256,R.White,2022,14
00-0037256,R.White,2022,15
00-0037256,R.White,2022,16
00-0037256,R.White,2022,17
00-0037256,R.White,2022,19
00-0037257,Dav.Bell,2022,11
00-0037257,Dav.Bell,2022,12
00-0037257,Dav.Bell,2022,13
00-0037257,Dav.Bell,2022,14
00-0037257,Dav.Bell,2022,16
00-0037257,Dav.Bell,2022,18
00-0037258,D.Pierce,2022,11
00-0037258,D.Pierce,2022,12
00-0037258,D.Pierce,2022,13
00-0037261,K.Shakir,2022,16
00-0037261,K.Shakir,2022,18
00-0037261,K.Shakir,2022,19
00-0037261,K.Shakir,2022,20
00-0037263,T.Allgeier,2022,17
00-0037545,R.Shaheed,2022,16
00-0037545,R.Shaheed,2022,17
00-0037545,R.Shaheed,2022,18
00-0037664,A.Pierce,2022,10
00-0037664,A.Pierce,2022,11
00-0037664,A.Pierce,2022,12
00-0037664,A.Pierce,2022,13
00-0037664,A.Pierce,2022,15
00-0037664,A.Pierce,2022,16
00-0037664,A.Pierce,2022,17
00-0037664,A.Pierce,2022,18
00-0037740,G.Wilson,2022,9
00-0037740,G.Wilson,2022,11
00-0037740,G.Wilson,2022,12
00-0037740,G.Wilson,2022,13
00-0037740,G.Wilson,2022,14
00-0037740,G.Wilson,2022,15
00-0037740,G.Wilson,2022,16
00-0037740,G.Wilson,2022,17
00-0037740,G.Wilson,2022,18
00-0037741,J.Dotson,2022,15
00-0037741,J.Dotson,2022,16
00-0037741,J.Dotson,2022,17
00-0037741,J.Dotson,2022,18
00-0037742,T.Burks,2022,16
00-0037742,T.Burks,2022,17
00-0037742,T.Burks,2022,18
00-0037744,T.McBride,2022,18
00-0037809,C.Okonkwo,2022,12
00-0037809,C.Okonkwo,2022,13
00-0037809,C.Okonkwo,2022,14
00-0037809,C.Okonkwo,2022,15
00-0037809,C.Okonkwo,2022,16
00-0037809,C.Okonkwo,2022,17
00-0037809,C.Okonkwo,2022,18
00-0037816,R.Doubs,2022,9
00-0037816,R.Doubs,2022,15
00-0037816,R.Doubs,2022,16
00-0037816,R.Doubs,2022,17
00-0037816,R.Doubs,2022,18
00-0037838,I.Likely,2022,11
00-0037838,I.Likely,2022,13
00-0037838,I.Likely,2022,15
00-0037838,I.Likely,2022,16
00-0037838,I.Likely,2022,17
00-0037838,I.Likely,2022,18
00-0038041,J.Ferguson,2022,16
00-0038041,J.Ferguson,2022,17
00-0038041,J.Ferguson,2022,18
00-0038041,J.Ferguson,2022,19
00-0038090,S.Moore,2022,12
00-0038090,S.Moore,2022,14
00-0038090,S.Moore,2022,16
00-0038090,S.Moore,2022,17
00-0038090,S.Moore,2022,20
00-0038090,S.Moore,2022,21
00-0038090,S.Moore,2022,22
00-0038104,T.Thornton,2022,15
00-0038104,T.Thornton,2022,16
00-0038104,T.Thornton,2022,17
00-0038104,T.Thornton,2022,18
00-0038115,D.Bellinger,2022,15
00-0038115,D.Bellinger,2022,16
00-0038115,D.Bellinger,2022,17
00-0038115,D.Bellinger,2022,19
00-0038115,D.Bellinger,2022,20
00-0038124,C.Watson,2022,12
00-0038124,C.Watson,2022,13
00-0038124,C.Watson,2022,15
00-0038124,C.Watson,2022,16
00-0038124,C.Watson,2022,17
00-0038124,C.Watson,2022,18
00-0038129,C.Otton,2022,13
00-0038129,C.Otton,2022,14
00-0038129,C.Otton,2022,15
00-0038129,C.Otton,2022,16
00-0038129,C.Otton,2022,17
00-0038129,C.Otton,2022,18
00-0038129,C.Otton,2022,19
00-0038134,K.Walker,2022,13
00-0038134,K.Walker,2022,15
00-0038134,K.Walker,2022,16
00-0038134,K.Walker,2022,17
00-0038134,K.Walker,2022,18
00-0038134,K.Walker,2022,19
