Season,Age,Team,Pos,G,GS,Rush_Att,Rush_Yds,Rush_TD,Rush_1D,Rush_Succ%,Rush_Lng,Rush_Y/A,Rush_Y/G,Rush_A/G,Tgt,Rec,Rec_Yds,Rec_Y/R,Rec_TD,Rec_1D,Rec_Succ%,Rec_Lng,Rec/G,Rec_Y/G,Catch%,Rec_Y/Tgt,Touches,Y/Touch,Scrimmage_Yds,Rush_Rec_TD,Fmb,av,awards,Player,PlayerID,Lg,Att,Yds,TD,1D,Succ%,Lng,Y/A,Y/G,A/G,Yds.1,Y/R,TD.1,1D.1,rec_success,rec_long,R/G,Y/G.1,catch_pct,Y/Tgt,Touch,yds_per_touch,yds_from_scrimmage,rush_receive_td
2017,23,GNB,RB,12,4,81.0,448.0,4.0,23.0,53.1,46.0,5.5,37.3,6.8,18,9,22.0,2.4,0.0,2.0,11.1,9.0,0.8,1.8,50.0,1.2,90.0,5.2,470.0,4.0,0,3.0,,Aaron Jones,JoneAa00,,,,,,,,,,,,,,,,,,,,,,,,
2018,24,GNB,RB,12,8,133.0,728.0,8.0,41.0,54.9,67.0,5.5,60.7,11.1,35,26,206.0,7.9,1.0,12.0,51.4,24.0,2.2,17.2,74.3,5.9,159.0,5.9,934.0,9.0,1,6.0,,Aaron Jones,JoneAa00,,,,,,,,,,,,,,,,,,,,,,,,
2019,25,GNB,RB,16,16,236.0,1084.0,16.0,55.0,54.2,56.0,4.6,67.8,14.8,68,49,474.0,9.7,3.0,18.0,47.1,67.0,3.1,29.6,72.1,7.0,285.0,5.5,1558.0,19.0,3,12.0,,Aaron Jones,JoneAa00,,,,,,,,,,,,,,,,,,,,,,,,
2020,26,GNB,RB,14,14,201.0,1104.0,9.0,52.0,55.7,77.0,5.5,78.9,14.4,63,47,355.0,7.6,2.0,15.0,49.2,30.0,3.4,25.4,74.6,5.6,248.0,5.9,1459.0,11.0,2,14.0,PB,Aaron Jones,JoneAa00,,,,,,,,,,,,,,,,,,,,,,,,
2021,27,GNB,RB,15,15,171.0,799.0,4.0,40.0,49.7,57.0,4.7,53.3,11.4,65,52,391.0,7.5,6.0,24.0,50.8,26.0,3.5,26.1,80.0,6.0,223.0,5.3,1190.0,10.0,2,9.0,,Aaron Jones,JoneAa00,,,,,,,,,,,,,,,,,,,,,,,,
2022,28,GNB,RB,17,17,213.0,1121.0,2.0,54.0,54.9,36.0,5.3,65.9,12.5,72,59,395.0,6.7,5.0,19.0,44.4,30.0,3.5,23.2,81.9,5.5,272.0,5.6,1516.0,7.0,5,12.0,,Aaron Jones,JoneAa00,,,,,,,,,,,,,,,,,,,,,,,,
2023,29,GNB,RB,11,11,142.0,656.0,2.0,43.0,62.0,39.0,4.6,59.6,12.9,43,30,233.0,7.8,1.0,14.0,39.5,51.0,2.7,21.2,69.8,5.4,172.0,5.2,889.0,3.0,2,7.0,,Aaron Jones,JoneAa00,,,,,,,,,,,,,,,,,,,,,,,,
2024,30,MIN,RB,17,17,255.0,1138.0,5.0,50.0,49.8,41.0,4.5,66.9,15.0,62,51,408.0,8.0,2.0,20.0,58.1,25.0,3.0,24.0,82.3,6.6,306.0,5.1,1546.0,7.0,5,11.0,,Aaron Jones,JoneAa00,,,,,,,,,,,,,,,,,,,,,,,,
2025,31,MIN,RB,12,12,132.0,548.0,2.0,28.0,50.0,31.0,4.2,45.7,11.0,41,28,199.0,7.1,1.0,9.0,41.5,27.0,2.3,16.6,68.3,4.9,160.0,4.7,747.0,3.0,2,5.0,,Aaron Jones,JoneAa00,,,,,,,,,,,,,,,,,,,,,,,,
2007,22,MIN,RB,14,9,238.0,1341.0,12.0,63.0,45.0,73.0,5.6,95.8,17.0,28,19,268.0,14.1,1.0,14.0,57.1,60.0,1.4,19.1,67.9,9.6,257.0,6.3,1609.0,13.0,4,12.0,"PB,AP-2,AP ORoY-1",Adrian Peterson,PeteAd01,,,,,,,,,,,,,,,,,,,,,,,,
2008,23,MIN,RB,16,15,363.0,1760.0,10.0,82.0,45.5,67.0,4.8,110.0,22.7,39,21,125.0,6.0,0.0,4.0,25.6,16.0,1.3,7.8,53.8,3.2,384.0,4.9,1885.0,10.0,9,13.0,"PB,AP-1,AP MVP-4,AP OPoY-2",Adrian Peterson,PeteAd01,,,,,,,,,,,,,,,,,,,,,,,,
2009,24,MIN,RB,16,15,314.0,1383.0,18.0,76.0,44.6,64.0,4.4,86.4,19.6,57,43,436.0,10.1,0.0,16.0,47.4,63.0,2.7,27.3,75.4,7.6,357.0,5.1,1819.0,18.0,7,16.0,"PB,AP-1",Adrian Peterson,PeteAd01,,,,,,,,,,,,,,,,,,,,,,,,
2010,25,MIN,RB,15,15,283.0,1298.0,12.0,71.0,45.6,80.0,4.6,86.5,18.9,50,36,341.0,9.5,1.0,17.0,48.0,34.0,2.4,22.7,72.0,6.8,319.0,5.1,1639.0,13.0,1,11.0,"PB,AP-2",Adrian Peterson,PeteAd01,,,,,,,,,,,,,,,,,,,,,,,,
2011,26,MIN,RB,12,12,208.0,970.0,12.0,48.0,45.7,54.0,4.7,80.8,17.3,24,18,139.0,7.7,1.0,5.0,29.2,22.0,1.5,11.6,75.0,5.8,226.0,4.9,1109.0,13.0,1,8.0,,Adrian Peterson,PeteAd01,,,,,,,,,,,,,,,,,,,,,,,,
2012,27,MIN,RB,16,16,348.0,2097.0,12.0,88.0,46.8,82.0,6.0,131.1,21.8,51,40,217.0,5.4,1.0,11.0,45.1,20.0,2.5,13.6,78.4,4.3,388.0,6.0,2314.0,13.0,4,19.0,"PB,AP-1,AP MVP-1,AP OPoY-1,AP CPoY-2",Adrian Peterson,PeteAd01,,,,,,,,,,,,,,,,,,,,,,,,
2013,28,MIN,RB,14,14,279.0,1266.0,10.0,61.0,43.7,78.0,4.5,90.4,19.9,40,29,171.0,5.9,1.0,11.0,42.5,22.0,2.1,12.2,72.5,4.3,308.0,4.7,1437.0,11.0,5,11.0,"PB,AP-2",Adrian Peterson,PeteAd01,,,,,,,,,,,,,,,,,,,,,,,,
2014,29,MIN,RB,1,1,21.0,75.0,0.0,4.0,42.9,17.0,3.6,75.0,21.0,3,2,18.0,9.0,0.0,1.0,66.7,9.0,2.0,18.0,66.7,6.0,23.0,4.0,93.0,0.0,0,1.0,,Adrian Peterson,PeteAd01,,,,,,,,,,,,,,,,,,,,,,,,
2015,30,MIN,RB,16,16,327.0,1485.0,11.0,72.0,44.3,80.0,4.5,92.8,20.4,36,30,222.0,7.4,0.0,9.0,41.7,49.0,1.9,13.9,83.3,6.2,357.0,4.8,1707.0,11.0,7,14.0,"PB,AP-1,AP OPoY-7,AP CPoY-3",Adrian Peterson,PeteAd01,,,,,,,,,,,,,,,,,,,,,,,,
2016,31,MIN,RB,3,3,37.0,72.0,0.0,3.0,35.1,13.0,1.9,24.0,12.3,6,3,8.0,2.7,0.0,0.0,0.0,7.0,1.0,2.7,50.0,1.3,40.0,2.0,80.0,0.0,1,1.0,,Adrian Peterson,PeteAd01,,,,,,,,,,,,,,,,,,,,,,,,
2017,32,2TM,RB,10,7,156.0,529.0,2.0,21.0,39.1,27.0,3.4,52.9,15.6,19,11,70.0,6.4,0.0,3.0,31.6,13.0,1.1,7.0,57.9,3.7,167.0,3.6,599.0,2.0,3,4.0,,Adrian Peterson,PeteAd01,,,,,,,,,,,,,,,,,,,,,,,,
2018,33,WAS,RB,16,16,251.0,1042.0,7.0,47.0,45.8,90.0,4.2,65.1,15.7,26,20,208.0,10.4,1.0,9.0,50.0,52.0,1.3,13.0,76.9,8.0,271.0,4.6,1250.0,8.0,3,7.0,AP CPoY-3,Adrian Peterson,PeteAd01,,,,,,,,,,,,,,,,,,,,,,,,
2019,34,WAS,RB,15,15,211.0,898.0,5.0,41.0,46.0,32.0,4.3,59.9,14.1,23,17,142.0,8.4,0.0,7.0,47.8,22.0,1.1,9.5,73.9,6.2,228.0,4.6,1040.0,5.0,3,6.0,,Adrian Peterson,PeteAd01,,,,,,,,,,,,,,,,,,,,,,,,
2020,35,DET,RB,16,10,156.0,604.0,7.0,34.0,44.2,38.0,3.9,37.8,9.8,18,12,101.0,8.4,0.0,4.0,55.6,23.0,0.8,6.3,66.7,5.6,168.0,4.2,705.0,7.0,0,5.0,,Adrian Peterson,PeteAd01,,,,,,,,,,,,,,,,,,,,,,,,
2021,36,2TM,RB,4,3,38.0,98.0,2.0,6.0,42.1,16.0,2.6,24.5,9.5,4,4,8.0,2.0,0.0,0.0,25.0,5.0,1.0,2.0,100.0,2.0,42.0,2.5,106.0,2.0,1,1.0,,Adrian Peterson,PeteAd01,,,,,,,,,,,,,,,,,,,,,,,,
2017,22,NOR,RB,16,3,,,,,,,,,,100,81,,,,,,,,,,,,,,,1,16.0,,Alvin Kamara,KamaAl00,NFL,120.0,728.0,8.0,42.0,50.8,74.0,6.1,45.5,7.5,826.0,10.2,5.0,38.0,56.0,40.0,5.1,51.6,81.0,8.3,201.0,7.7,1554.0,13.0
2018,23,NOR,RB,15,13,,,,,,,,,,105,81,,,,,,,,,,,,,,,1,15.0,,Alvin Kamara,KamaAl00,NFL,194.0,883.0,14.0,57.0,58.2,49.0,4.6,58.9,12.9,709.0,8.8,4.0,31.0,52.4,42.0,5.4,47.3,77.1,6.8,275.0,5.8,1592.0,18.0
2019,24,NOR,RB,14,9,,,,,,,,,,97,81,,,,,,,,,,,,,,,4,11.0,,Alvin Kamara,KamaAl00,NFL,171.0,797.0,5.0,32.0,50.9,40.0,4.7,56.9,12.2,533.0,6.6,1.0,28.0,44.3,41.0,5.8,38.1,83.5,5.5,252.0,5.3,1330.0,6.0
2020,25,NOR,RB,15,10,,,,,,,,,,107,83,,,,,,,,,,,,,,,1,14.0,,Alvin Kamara,KamaAl00,NFL,187.0,932.0,16.0,58.0,53.5,49.0,5.0,62.1,12.5,756.0,9.1,5.0,35.0,44.9,52.0,5.5,50.4,77.6,7.1,270.0,6.3,1688.0,21.0
2021,26,NOR,RB,13,10,,,,,,,,,,67,47,,,,,,,,,,,,,,,0,8.0,,Alvin Kamara,KamaAl00,NFL,240.0,898.0,4.0,42.0,41.3,30.0,3.7,69.1,18.5,439.0,9.3,5.0,20.0,43.3,31.0,3.6,33.8,70.1,6.6,287.0,4.7,1337.0,9.0
2022,27,NOR,RB,15,13,,,,,,,,,,77,57,,,,,,,,,,,,,,,4,8.0,,Alvin Kamara,KamaAl00,NFL,223.0,897.0,2.0,40.0,52.0,27.0,4.0,59.8,14.9,490.0,8.6,2.0,17.0,46.8,54.0,3.8,32.7,74.0,6.4,280.0,5.0,1387.0,4.0
2023,28,NOR,RB,13,12,,,,,,,,,,86,75,,,,,,,,,,,,,,,0,8.0,,Alvin Kamara,KamaAl00,NFL,180.0,694.0,5.0,42.0,48.3,17.0,3.9,53.4,13.8,466.0,6.2,1.0,23.0,45.3,25.0,5.8,35.8,87.2,5.4,255.0,4.5,1160.0,6.0
2024,29,NOR,RB,14,14,,,,,,,,,,89,68,,,,,,,,,,,,,,,1,9.0,,Alvin Kamara,KamaAl00,NFL,228.0,950.0,6.0,52.0,51.3,24.0,4.2,67.9,16.3,543.0,8.0,2.0,18.0,36.0,57.0,4.9,38.8,76.4,6.1,296.0,5.0,1493.0,8.0
2025,30,NOR,RB,11,11,,,,,,,,,,39,33,,,,,,,,,,,,,,,2,,,Alvin Kamara,KamaAl00,NFL,131.0,471.0,1.0,21.0,42.0,18.0,3.6,42.8,11.9,186.0,5.6,0.0,7.0,33.3,26.0,3.0,16.9,84.6,4.8,164.0,4.0,657.0,1.0
2009,23,HOU,RB,6,1,54.0,257.0,3.0,15.0,53.7,24.0,4.8,42.8,9.0,9,8,93.0,11.6,0.0,4.0,88.9,20.0,1.3,15.5,88.9,10.3,62.0,5.6,350.0,3.0,1,3.0,,Arian Foster,FostAr00,,,,,,,,,,,,,,,,,,,,,,,,
2010,24,HOU,RB,16,13,327.0,1616.0,16.0,90.0,51.4,74.0,4.9,101.0,20.4,84,66,604.0,9.2,2.0,34.0,51.2,50.0,4.1,37.8,78.6,7.2,393.0,5.6,2220.0,18.0,3,20.0,"PB,AP-1,AP OPoY-3",Arian Foster,FostAr00,,,,,,,,,,,,,,,,,,,,,,,,
2011,25,HOU,RB,13,13,278.0,1224.0,10.0,58.0,42.4,43.0,4.4,94.2,21.4,72,53,617.0,11.6,2.0,19.0,43.1,78.0,4.1,47.5,73.6,8.6,331.0,5.6,1841.0,12.0,5,13.0,"PB,AP-2",Arian Foster,FostAr00,,,,,,,,,,,,,,,,,,,,,,,,
2012,26,HOU,RB,16,16,351.0,1424.0,15.0,78.0,44.4,46.0,4.1,89.0,21.9,58,40,217.0,5.4,2.0,10.0,25.9,23.0,2.5,13.6,69.0,3.7,391.0,4.2,1641.0,17.0,3,10.0,PB,Arian Foster,FostAr00,,,,,,,,,,,,,,,,,,,,,,,,
2013,27,HOU,RB,8,8,121.0,542.0,1.0,31.0,49.6,23.0,4.5,67.8,15.1,35,22,183.0,8.3,1.0,6.0,28.6,41.0,2.8,22.9,62.9,5.2,143.0,5.1,725.0,2.0,0,3.0,,Arian Foster,FostAr00,,,,,,,,,,,,,,,,,,,,,,,,
2014,28,HOU,RB,13,13,260.0,1246.0,8.0,55.0,45.0,51.0,4.8,95.8,20.0,59,38,327.0,8.6,5.0,15.0,35.6,56.0,2.9,25.2,64.4,5.5,298.0,5.3,1573.0,13.0,2,10.0,"PB,AP CPoY-5",Arian Foster,FostAr00,,,,,,,,,,,,,,,,,,,,,,,,
2015,29,HOU,RB,4,4,63.0,163.0,1.0,12.0,39.7,16.0,2.6,40.8,15.8,28,22,227.0,10.3,2.0,13.0,60.7,32.0,5.5,56.8,78.6,8.1,85.0,4.6,390.0,3.0,2,3.0,,Arian Foster,FostAr00,,,,,,,,,,,,,,,,,,,,,,,,
2016,30,MIA,RB,4,2,22.0,55.0,0.0,3.0,27.3,9.0,2.5,13.8,5.5,10,6,78.0,13.0,0.0,2.0,20.0,50.0,1.5,19.5,60.0,7.8,28.0,4.8,133.0,0.0,1,1.0,,Arian Foster,FostAr00,,,,,,,,,,,,,,,,,,,,,,,,
2025,22,LVR,RB,17,17,,,,,,,,,,73,55,,,,,,,,,,,,,,,2,7.0,,Ashton Jeanty,JeanAs00,NFL,266.0,975.0,5.0,44.0,41.0,64.0,3.7,57.4,15.6,346.0,6.3,5.0,13.0,45.2,60.0,3.2,20.4,75.3,4.7,321.0,4.1,1321.0,10.0
2017,22,LAC,RB,16,0,47.0,260.0,2.0,13.0,55.3,35.0,5.5,16.3,2.9,35,27,279.0,10.3,3.0,12.0,48.6,38.0,1.7,17.4,77.1,8.0,74.0,7.3,539.0,5.0,2,4.0,,Austin Ekeler,EkelAu00,,,,,,,,,,,,,,,,,,,,,,,,
2018,23,LAC,RB,14,3,106.0,554.0,3.0,25.0,50.0,41.0,5.2,39.6,7.6,53,39,404.0,10.4,3.0,18.0,52.8,44.0,2.8,28.9,73.6,7.6,145.0,6.6,958.0,6.0,1,8.0,,Austin Ekeler,EkelAu00,,,,,,,,,,,,,,,,,,,,,,,,
2019,24,LAC,RB,16,8,132.0,557.0,3.0,32.0,44.7,35.0,4.2,34.8,8.3,108,92,993.0,10.8,8.0,42.0,56.5,84.0,5.8,62.1,85.2,9.2,224.0,6.9,1550.0,11.0,3,11.0,,Austin Ekeler,EkelAu00,,,,,,,,,,,,,,,,,,,,,,,,
2020,25,LAC,RB,10,10,116.0,530.0,1.0,26.0,43.1,27.0,4.6,53.0,11.6,65,54,403.0,7.5,2.0,20.0,53.8,28.0,5.4,40.3,83.1,6.2,170.0,5.5,933.0,3.0,1,6.0,,Austin Ekeler,EkelAu00,,,,,,,,,,,,,,,,,,,,,,,,
2021,26,LAC,RB,16,16,206.0,911.0,12.0,53.0,55.8,28.0,4.4,56.9,12.9,94,70,647.0,9.2,8.0,31.0,53.2,40.0,4.4,40.4,74.5,6.9,276.0,5.6,1558.0,20.0,4,12.0,,Austin Ekeler,EkelAu00,,,,,,,,,,,,,,,,,,,,,,,,
2022,27,LAC,RB,17,17,204.0,915.0,13.0,46.0,48.0,72.0,4.5,53.8,12.0,127,107,722.0,6.7,5.0,36.0,48.0,23.0,6.3,42.5,84.3,5.7,311.0,5.3,1637.0,18.0,5,11.0,AP OPoY-9,Austin Ekeler,EkelAu00,,,,,,,,,,,,,,,,,,,,,,,,
2023,28,LAC,RB,14,14,179.0,628.0,5.0,34.0,47.5,55.0,3.5,44.9,12.8,74,51,436.0,8.5,1.0,20.0,43.2,39.0,3.6,31.1,68.9,5.9,230.0,4.6,1064.0,6.0,5,7.0,,Austin Ekeler,EkelAu00,,,,,,,,,,,,,,,,,,,,,,,,
2024,29,WAS,RB,12,6,77.0,367.0,4.0,22.0,51.9,50.0,4.8,30.6,6.4,41,35,366.0,10.5,0.0,17.0,53.7,34.0,2.9,30.5,85.4,8.9,112.0,6.5,733.0,4.0,3,7.0,AP-2,Austin Ekeler,EkelAu00,,,,,,,,,,,,,,,,,,,,,,,,
2025,30,WAS,RB,2,2,14.0,43.0,0.0,3.0,57.1,6.0,3.1,21.5,7.0,7,5,38.0,7.6,0.0,2.0,42.9,15.0,2.5,19.0,71.4,5.4,19.0,4.3,81.0,0.0,0,1.0,,Austin Ekeler,EkelAu00,,,,,,,,,,,,,,,,,,,,,,,,
1989,21,DET,RB,15,13,280.0,1470.0,14.0,80.0,49.3,34.0,5.3,98.0,18.7,36,24,282.0,11.8,0.0,10.0,33.3,46.0,1.6,18.8,66.7,7.8,304.0,5.8,1752.0,14.0,10,14.0,"PB,AP-1,AP ORoY-1",Barry Sanders,SandBa00,,,,,,,,,,,,,,,,,,,,,,,,
1990,22,DET,RB,16,16,255.0,1304.0,13.0,71.0,53.3,45.0,5.1,81.5,15.9,49,36,480.0,13.3,3.0,20.0,49.0,47.0,2.3,30.0,73.5,9.8,291.0,6.1,1784.0,16.0,4,16.0,"PB,AP-1,AP OPoY-3",Barry Sanders,SandBa00,,,,,,,,,,,,,,,,,,,,,,,,
1991,23,DET,RB,15,15,342.0,1548.0,16.0,91.0,52.6,69.0,4.5,103.2,22.8,52,41,307.0,7.5,1.0,18.0,50.0,34.0,2.7,20.5,78.8,5.9,383.0,4.8,1855.0,17.0,5,15.0,"PB,AP-1,AP MVP-3,AP OPoY-3",Barry Sanders,SandBa00,,,,,,,,,,,,,,,,,,,,,,,,
1992,24,DET,RB,16,16,312.0,1352.0,9.0,68.0,43.6,55.0,4.3,84.5,19.5,41,29,225.0,7.8,1.0,7.0,39.0,48.0,1.8,14.1,70.7,5.5,341.0,4.6,1577.0,10.0,6,12.0,"PB,AP-2",Barry Sanders,SandBa00,,,,,,,,,,,,,,,,,,,,,,,,
1993,25,DET,RB,11,11,243.0,1115.0,3.0,46.0,42.4,42.0,4.6,101.4,22.1,49,36,205.0,5.7,0.0,6.0,32.7,17.0,3.3,18.6,73.5,4.2,279.0,4.7,1320.0,3.0,3,10.0,"PB,AP-2",Barry Sanders,SandBa00,,,,,,,,,,,,,,,,,,,,,,,,
1994,26,DET,RB,16,16,331.0,1883.0,7.0,72.0,44.7,85.0,5.7,117.7,20.7,65,44,283.0,6.4,1.0,16.0,32.3,22.0,2.8,17.7,67.7,4.4,375.0,5.8,2166.0,8.0,0,20.0,"PB,AP-1,AP MVP-2,AP OPoY-1",Barry Sanders,SandBa00,,,,,,,,,,,,,,,,,,,,,,,,
1995,27,DET,RB,16,16,314.0,1500.0,11.0,70.0,42.4,75.0,4.8,93.8,19.6,70,48,398.0,8.3,1.0,18.0,37.1,40.0,3.0,24.9,68.6,5.7,362.0,5.2,1898.0,12.0,3,16.0,"PB,AP-1,AP OPoY-5",Barry Sanders,SandBa00,,,,,,,,,,,,,,,,,,,,,,,,
1996,28,DET,RB,16,16,307.0,1553.0,11.0,79.0,50.2,54.0,5.1,97.1,19.2,32,24,147.0,6.1,0.0,5.0,37.5,28.0,1.5,9.2,75.0,4.6,331.0,5.1,1700.0,11.0,4,14.0,"PB,AP-2",Barry Sanders,SandBa00,,,,,,,,,,,,,,,,,,,,,,,,
1997,29,DET,RB,16,16,335.0,2053.0,11.0,85.0,45.4,82.0,6.1,128.3,20.9,50,33,305.0,9.2,3.0,11.0,42.0,66.0,2.1,19.1,66.0,6.1,368.0,6.4,2358.0,14.0,3,19.0,"PB,AP-1,AP MVP-1,AP OPoY-1",Barry Sanders,SandBa00,,,,,,,,,,,,,,,,,,,,,,,,
1998,30,DET,RB,16,16,343.0,1491.0,4.0,63.0,38.8,73.0,4.3,93.2,21.4,57,37,289.0,7.8,0.0,10.0,31.6,44.0,2.3,18.1,64.9,5.1,380.0,4.7,1780.0,4.0,3,13.0,"PB,AP-2",Barry Sanders,SandBa00,,,,,,,,,,,,,,,,,,,,,,,,
2023,21,ATL,RB,17,16,,,,,,,,,,86,58,,,,,,,,,,,,,,,4,9.0,,Bijan Robinson,RobiBi01,NFL,214.0,976.0,4.0,50.0,43.5,38.0,4.6,57.4,12.6,487.0,8.4,4.0,24.0,45.3,71.0,3.4,28.6,67.4,5.7,272.0,5.4,1463.0,8.0
2024,22,ATL,RB,17,17,,,,,,,,,,72,61,,,,,,,,,,,,,,,1,12.0,,Bijan Robinson,RobiBi01,NFL,304.0,1456.0,14.0,82.0,60.2,37.0,4.8,85.6,17.9,431.0,7.1,1.0,20.0,41.7,29.0,3.6,25.4,84.7,6.0,365.0,5.2,1887.0,15.0
2025,23,ATL,RB,17,17,,,,,,,,,,103,79,,,,,,,,,,,,,,,4,16.0,,Bijan Robinson,RobiBi01,NFL,287.0,1478.0,7.0,63.0,51.6,93.0,5.1,86.9,16.9,820.0,10.4,4.0,34.0,56.3,69.0,4.6,48.2,76.7,8.0,366.0,6.3,2298.0,11.0
2022,21,NYJ,RB,7,2,80.0,463.0,4.0,20.0,50.0,62.0,5.8,66.1,11.4,31,19,218.0,11.5,1.0,8.0,35.5,79.0,2.7,31.1,61.3,7.0,99.0,6.9,681.0,5.0,1,4.0,,Breece Hall,HallBr03,,,,,,,,,,,,,,,,,,,,,,,,
2023,22,NYJ,RB,17,16,223.0,994.0,5.0,40.0,39.5,83.0,4.5,58.5,13.1,95,76,591.0,7.8,4.0,28.0,40.0,50.0,4.5,34.8,80.0,6.2,299.0,5.3,1585.0,9.0,2,8.0,AP CPoY-7,Breece Hall,HallBr03,,,,,,,,,,,,,,,,,,,,,,,,
2024,23,NYJ,RB,16,16,209.0,876.0,5.0,40.0,46.4,42.0,4.2,54.8,13.1,76,57,483.0,8.5,3.0,15.0,36.8,57.0,3.6,30.2,75.0,6.4,266.0,5.1,1359.0,8.0,6,9.0,,Breece Hall,HallBr03,,,,,,,,,,,,,,,,,,,,,,,,
2025,24,NYJ,RB,16,16,243.0,1065.0,4.0,57.0,49.8,59.0,4.4,66.6,15.2,48,36,350.0,9.7,1.0,13.0,54.2,42.0,2.3,21.9,75.0,7.3,279.0,5.1,1415.0,5.0,2,9.0,,Breece Hall,HallBr03,,,,,,,,,,,,,,,,,,,,,,,,
2002,23,PHI,RB,15,3,46.0,193.0,0.0,11.0,47.8,18.0,4.2,12.9,3.1,13,9,86.0,9.6,0.0,4.0,38.5,20.0,0.6,5.7,69.2,6.6,55.0,5.1,279.0,0.0,2,2.0,,Brian Westbrook,WestBr00,,,,,,,,,,,,,,,,,,,,,,,,
2003,24,PHI,RB,15,8,117.0,613.0,7.0,30.0,43.6,62.0,5.2,40.9,7.8,48,37,332.0,9.0,4.0,17.0,45.8,38.0,2.5,22.1,77.1,6.9,154.0,6.1,945.0,11.0,3,11.0,,Brian Westbrook,WestBr00,,,,,,,,,,,,,,,,,,,,,,,,
2004,25,PHI,RB,13,12,177.0,812.0,3.0,41.0,41.8,50.0,4.6,62.5,13.6,87,73,703.0,9.6,6.0,30.0,50.6,50.0,5.6,54.1,83.9,8.1,250.0,6.1,1515.0,9.0,1,13.0,PB,Brian Westbrook,WestBr00,,,,,,,,,,,,,,,,,,,,,,,,
2005,26,PHI,RB,12,12,156.0,617.0,3.0,29.0,37.8,31.0,4.0,51.4,13.0,96,61,616.0,10.1,4.0,27.0,41.7,62.0,5.1,51.3,63.5,6.4,217.0,5.7,1233.0,7.0,0,8.0,,Brian Westbrook,WestBr00,,,,,,,,,,,,,,,,,,,,,,,,
2006,27,PHI,RB,15,14,240.0,1217.0,7.0,60.0,47.5,71.0,5.1,81.1,16.0,105,77,699.0,9.1,4.0,30.0,53.3,52.0,5.1,46.6,73.3,6.7,317.0,6.0,1916.0,11.0,2,15.0,,Brian Westbrook,WestBr00,,,,,,,,,,,,,,,,,,,,,,,,
2007,28,PHI,RB,15,15,278.0,1333.0,7.0,74.0,51.1,36.0,4.8,88.9,18.5,118,90,771.0,8.6,5.0,32.0,50.0,57.0,6.0,51.4,76.3,6.5,368.0,5.7,2104.0,12.0,2,15.0,"PB,AP-1",Brian Westbrook,WestBr00,,,,,,,,,,,,,,,,,,,,,,,,
2008,29,PHI,RB,14,14,233.0,936.0,9.0,49.0,45.9,39.0,4.0,66.9,16.6,74,54,402.0,7.4,5.0,19.0,44.6,47.0,3.9,28.7,73.0,5.4,287.0,4.7,1338.0,14.0,2,9.0,,Brian Westbrook,WestBr00,,,,,,,,,,,,,,,,,,,,,,,,
2009,30,PHI,RB,8,7,61.0,274.0,1.0,12.0,47.5,25.0,4.5,34.3,7.6,34,25,181.0,7.2,1.0,8.0,41.2,34.0,3.1,22.6,73.5,5.3,86.0,5.3,455.0,2.0,0,4.0,,Brian Westbrook,WestBr00,,,,,,,,,,,,,,,,,,,,,,,,
2010,31,SFO,RB,14,5,77.0,340.0,4.0,16.0,44.2,30.0,4.4,24.3,5.5,24,16,150.0,9.4,1.0,5.0,33.3,62.0,1.1,10.7,66.7,6.3,93.0,5.3,490.0,5.0,0,3.0,,Brian Westbrook,WestBr00,,,,,,,,,,,,,,,,,,,,,,,,
2023,23,CIN,RB,12,0,44.0,179.0,0.0,6.0,34.1,31.0,4.1,14.9,3.7,15,14,156.0,11.1,1.0,4.0,53.3,54.0,1.2,13.0,93.3,10.4,58.0,5.8,335.0,1.0,1,3.0,,Chase Brown,BrowCh10,,,,,,,,,,,,,,,,,,,,,,,,
2024,24,CIN,RB,16,10,229.0,990.0,7.0,49.0,52.4,40.0,4.3,61.9,14.3,65,54,360.0,6.7,4.0,23.0,52.3,34.0,3.4,22.5,83.1,5.5,283.0,4.8,1350.0,11.0,2,10.0,,Chase Brown,BrowCh10,,,,,,,,,,,,,,,,,,,,,,,,
2025,25,CIN,RB,17,17,232.0,1019.0,6.0,52.0,52.2,37.0,4.4,59.9,13.6,88,69,437.0,6.3,5.0,18.0,44.3,23.0,4.1,25.7,78.4,5.0,301.0,4.8,1456.0,11.0,2,10.0,,Chase Brown,BrowCh10,,,,,,,,,,,,,,,,,,,,,,,,
2017,21,CAR,RB,16,10,,,,,,,,,,113,80,,,,,,,,,,,,,,,2,9.0,,Christian McCaffrey,McCaCh01,NFL,117.0,435.0,2.0,22.0,45.3,40.0,3.7,27.2,7.3,651.0,8.1,5.0,37.0,50.4,37.0,5.0,40.7,70.8,5.8,197.0,5.5,1086.0,7.0
2018,22,CAR,RB,16,16,,,,,,,,,,124,107,,,,,,,,,,,,,,,4,16.0,,Christian McCaffrey,McCaCh01,NFL,219.0,1098.0,7.0,53.0,54.3,59.0,5.0,68.6,13.7,867.0,8.1,6.0,41.0,55.6,38.0,6.7,54.2,86.3,7.0,326.0,6.0,1965.0,13.0
2019,23,CAR,RB,16,16,,,,,,,,,,142,116,,,,,,,,,,,,,,,1,15.0,,Christian McCaffrey,McCaCh01,NFL,287.0,1387.0,15.0,57.0,46.3,84.0,4.8,86.7,17.9,1005.0,8.7,4.0,58.0,59.9,28.0,7.3,62.8,81.7,7.1,403.0,5.9,2392.0,19.0
2020,24,CAR,RB,3,3,,,,,,,,,,19,17,,,,,,,,,,,,,,,0,3.0,,Christian McCaffrey,McCaCh01,NFL,59.0,225.0,5.0,14.0,57.6,15.0,3.8,75.0,19.7,149.0,8.8,1.0,8.0,52.6,24.0,5.7,49.7,89.5,7.8,76.0,4.9,374.0,6.0
2021,25,CAR,RB,7,7,,,,,,,,,,41,37,,,,,,,,,,,,,,,1,5.0,,Christian McCaffrey,McCaCh01,NFL,99.0,442.0,1.0,20.0,50.5,18.0,4.5,63.1,14.1,343.0,9.3,1.0,21.0,65.9,32.0,5.3,49.0,90.2,8.4,136.0,5.8,785.0,2.0
2022,26,2TM,RB,17,16,,,,,,,,,,108,85,,,,,,,,,,,,,,,1,15.0,,Christian McCaffrey,McCaCh01,NFL,244.0,1139.0,8.0,65.0,48.4,49.0,4.7,67.0,14.4,741.0,8.7,5.0,36.0,52.8,49.0,5.0,43.6,78.7,6.9,329.0,5.7,1880.0,13.0
2023,27,SFO,RB,16,16,,,,,,,,,,83,67,,,,,,,,,,,,,,,3,18.0,,Christian McCaffrey,McCaCh01,NFL,272.0,1459.0,14.0,87.0,54.0,72.0,5.4,91.2,17.0,564.0,8.4,7.0,34.0,55.4,41.0,4.2,35.3,80.7,6.8,339.0,6.0,2023.0,21.0
2024,28,SFO,RB,4,4,,,,,,,,,,19,15,,,,,,,,,,,,,,,1,2.0,,Christian McCaffrey,McCaCh01,NFL,50.0,202.0,0.0,12.0,44.0,19.0,4.0,50.5,12.5,146.0,9.7,0.0,6.0,52.6,30.0,3.8,36.5,78.9,7.7,65.0,5.4,348.0,0.0
2025,29,SFO,RB,17,17,,,,,,,,,,129,102,,,,,,,,,,,,,,,2,17.0,,Christian McCaffrey,McCaCh01,NFL,311.0,1202.0,10.0,71.0,48.6,41.0,3.9,70.7,18.3,924.0,9.1,7.0,48.0,57.4,39.0,6.0,54.4,79.1,7.2,413.0,5.1,2126.0,17.0
1997,23,CIN,RB,16,6,233.0,1129.0,10.0,57.0,48.5,75.0,4.8,70.6,14.6,33,27,259.0,9.6,0.0,8.0,66.7,28.0,1.7,16.2,81.8,7.8,260.0,5.3,1388.0,10.0,1,12.0,AP ORoY-2,Corey Dillon,DillCo00,,,,,,,,,,,,,,,,,,,,,,,,
1998,24,CIN,RB,15,15,262.0,1130.0,4.0,56.0,44.3,66.0,4.3,75.3,17.5,43,28,178.0,6.4,1.0,4.0,32.6,41.0,1.9,11.9,65.1,4.1,290.0,4.5,1308.0,5.0,2,9.0,,Corey Dillon,DillCo00,,,,,,,,,,,,,,,,,,,,,,,,
1999,25,CIN,RB,15,15,263.0,1200.0,5.0,64.0,43.0,50.0,4.6,80.0,17.5,49,31,290.0,9.4,1.0,13.0,42.9,23.0,2.1,19.3,63.3,5.9,294.0,5.1,1490.0,6.0,3,10.0,PB,Corey Dillon,DillCo00,,,,,,,,,,,,,,,,,,,,,,,,
2000,26,CIN,RB,16,16,315.0,1435.0,7.0,71.0,44.8,80.0,4.6,89.7,19.7,26,18,158.0,8.8,0.0,5.0,42.3,31.0,1.1,9.9,69.2,6.1,333.0,4.8,1593.0,7.0,4,8.0,PB,Corey Dillon,DillCo00,,,,,,,,,,,,,,,,,,,,,,,,
2001,27,CIN,RB,16,16,340.0,1315.0,10.0,69.0,40.9,96.0,3.9,82.2,21.3,61,34,228.0,6.7,3.0,13.0,32.8,17.0,2.1,14.3,55.7,3.7,374.0,4.1,1543.0,13.0,5,8.0,PB,Corey Dillon,DillCo00,,,,,,,,,,,,,,,,,,,,,,,,
2002,28,CIN,RB,16,16,314.0,1311.0,7.0,72.0,50.6,67.0,4.2,81.9,19.6,61,43,298.0,6.9,0.0,18.0,39.3,19.0,2.7,18.6,70.5,4.9,357.0,4.5,1609.0,7.0,5,10.0,,Corey Dillon,DillCo00,,,,,,,,,,,,,,,,,,,,,,,,
2003,29,CIN,RB,13,11,138.0,541.0,2.0,27.0,42.0,39.0,3.9,41.6,10.6,18,11,71.0,6.5,0.0,4.0,38.9,14.0,0.8,5.5,61.1,3.9,149.0,4.1,612.0,2.0,0,5.0,,Corey Dillon,DillCo00,,,,,,,,,,,,,,,,,,,,,,,,
2004,30,NWE,RB,15,14,345.0,1635.0,12.0,84.0,53.0,44.0,4.7,109.0,23.0,21,15,103.0,6.9,1.0,3.0,52.4,20.0,1.0,6.9,71.4,4.9,360.0,4.8,1738.0,13.0,5,15.0,"PB,AP CPoY-5",Corey Dillon,DillCo00,,,,,,,,,,,,,,,,,,,,,,,,
2005,31,NWE,RB,12,10,209.0,733.0,12.0,51.0,47.4,29.0,3.5,61.1,17.4,26,22,181.0,8.2,1.0,8.0,57.7,25.0,1.8,15.1,84.6,7.0,231.0,4.0,914.0,13.0,1,6.0,,Corey Dillon,DillCo00,,,,,,,,,,,,,,,,,,,,,,,,
2006,32,NWE,RB,16,13,199.0,812.0,13.0,49.0,49.2,50.0,4.1,50.8,12.4,16,15,147.0,9.8,0.0,5.0,62.5,52.0,0.9,9.2,93.8,9.2,214.0,4.5,959.0,13.0,2,8.0,,Corey Dillon,DillCo00,,,,,,,,,,,,,,,,,,,,,,,,
2020,21,DET,RB,13,4,,,,,,,,,,57,46,,,,,,,,,,,,,,,3,6.0,,D'Andre Swift,SwifDA00,NFL,114.0,521.0,8.0,31.0,54.4,54.0,4.6,40.1,8.8,357.0,7.8,2.0,15.0,47.4,26.0,3.5,27.5,80.7,6.3,160.0,5.5,878.0,10.0
2021,22,DET,RB,13,4,,,,,,,,,,78,62,,,,,,,,,,,,,,,2,7.0,,D'Andre Swift,SwifDA00,NFL,151.0,617.0,5.0,28.0,36.4,57.0,4.1,47.5,11.6,452.0,7.3,2.0,18.0,48.7,63.0,4.8,34.8,79.5,5.8,213.0,5.0,1069.0,7.0
2022,23,DET,RB,14,8,,,,,,,,,,70,48,,,,,,,,,,,,,,,1,8.0,,D'Andre Swift,SwifDA00,NFL,99.0,542.0,5.0,21.0,47.5,50.0,5.5,38.7,7.1,389.0,8.1,3.0,17.0,38.6,25.0,3.4,27.8,68.6,5.6,147.0,6.3,931.0,8.0
2023,24,PHI,RB,16,15,,,,,,,,,,49,39,,,,,,,,,,,,,,,3,10.0,,D'Andre Swift,SwifDA00,NFL,229.0,1049.0,5.0,50.0,54.1,43.0,4.6,65.6,14.3,214.0,5.5,1.0,8.0,42.9,20.0,2.4,13.4,79.6,4.4,268.0,4.7,1263.0,6.0
2024,25,CHI,RB,17,17,,,,,,,,,,52,42,,,,,,,,,,,,,,,2,8.0,,D'Andre Swift,SwifDA00,NFL,253.0,959.0,6.0,43.0,43.9,56.0,3.8,56.4,14.9,386.0,9.2,0.0,12.0,51.9,42.0,2.5,22.7,80.8,7.4,295.0,4.6,1345.0,6.0
2025,26,CHI,RB,16,16,,,,,,,,,,48,34,,,,,,,,,,,,,,,2,10.0,,D'Andre Swift,SwifDA00,NFL,223.0,1087.0,9.0,62.0,54.7,25.0,4.9,67.9,13.9,299.0,8.8,1.0,11.0,37.5,55.0,2.1,18.7,70.8,6.2,257.0,5.4,1386.0,10.0
2019,22,CHI,RB,16,8,242.0,889.0,6.0,50.0,43.4,55.0,3.7,55.6,15.1,35,25,185.0,7.4,1.0,7.0,42.9,30.0,1.6,11.6,71.4,5.3,267.0,4.0,1074.0,7.0,2,6.0,,David Montgomery,MontDa01,,,,,,,,,,,,,,,,,,,,,,,,
2020,23,CHI,RB,15,14,247.0,1070.0,8.0,59.0,46.2,80.0,4.3,71.3,16.5,68,54,438.0,8.1,2.0,25.0,55.9,28.0,3.6,29.2,79.4,6.4,301.0,5.0,1508.0,10.0,1,10.0,,David Montgomery,MontDa01,,,,,,,,,,,,,,,,,,,,,,,,
2021,24,CHI,RB,13,13,225.0,849.0,7.0,55.0,46.7,41.0,3.8,65.3,17.3,51,42,301.0,7.2,0.0,18.0,43.1,16.0,3.2,23.2,82.4,5.9,267.0,4.3,1150.0,7.0,1,6.0,,David Montgomery,MontDa01,,,,,,,,,,,,,,,,,,,,,,,,
2022,25,CHI,RB,16,16,201.0,801.0,5.0,41.0,44.8,28.0,4.0,50.1,12.6,40,34,316.0,9.3,1.0,10.0,50.0,32.0,2.1,19.8,85.0,7.9,235.0,4.8,1117.0,6.0,2,8.0,,David Montgomery,MontDa01,,,,,,,,,,,,,,,,,,,,,,,,
2023,26,DET,RB,14,14,219.0,1015.0,13.0,64.0,54.8,75.0,4.6,72.5,15.6,24,16,117.0,7.3,0.0,9.0,54.2,19.0,1.1,8.4,66.7,4.9,235.0,4.8,1132.0,13.0,2,9.0,,David Montgomery,MontDa01,,,,,,,,,,,,,,,,,,,,,,,,
2024,27,DET,RB,14,14,185.0,775.0,12.0,52.0,55.1,21.0,4.2,55.4,13.2,38,36,341.0,9.5,0.0,16.0,73.7,40.0,2.6,24.4,94.7,9.0,221.0,5.0,1116.0,12.0,2,10.0,,David Montgomery,MontDa01,,,,,,,,,,,,,,,,,,,,,,,,
2025,28,DET,RB,17,0,158.0,716.0,8.0,41.0,48.1,72.0,4.5,42.1,9.3,29,24,192.0,8.0,0.0,11.0,55.2,23.0,1.4,11.3,82.8,6.6,182.0,5.0,908.0,8.0,2,7.0,,David Montgomery,MontDa01,,,,,,,,,,,,,,,,,,,,,,,,
2006,23,CAR,RB,13,2,121.0,501.0,1.0,31.0,45.5,31.0,4.1,38.5,9.3,36,33,313.0,9.5,1.0,11.0,52.8,41.0,2.5,24.1,91.7,8.7,154.0,5.3,814.0,2.0,1,5.0,,DeAngelo Williams,WillDe02,,,,,,,,,,,,,,,,,,,,,,,,
2007,24,CAR,RB,16,0,144.0,717.0,4.0,30.0,39.6,75.0,5.0,44.8,9.0,38,23,175.0,7.6,1.0,5.0,34.2,30.0,1.4,10.9,60.5,4.6,167.0,5.3,892.0,5.0,1,6.0,,DeAngelo Williams,WillDe02,,,,,,,,,,,,,,,,,,,,,,,,
2008,25,CAR,RB,16,16,273.0,1515.0,18.0,65.0,44.3,69.0,5.5,94.7,17.1,30,22,121.0,5.5,2.0,8.0,26.7,25.0,1.4,7.6,73.3,4.0,295.0,5.5,1636.0,20.0,0,13.0,"AP-2,AP OPoY-5",DeAngelo Williams,WillDe02,,,,,,,,,,,,,,,,,,,,,,,,
2009,26,CAR,RB,13,13,216.0,1117.0,7.0,51.0,44.0,77.0,5.2,85.9,16.6,41,29,252.0,8.7,0.0,14.0,58.5,30.0,2.2,19.4,70.7,6.1,245.0,5.6,1369.0,7.0,3,10.0,PB,DeAngelo Williams,WillDe02,,,,,,,,,,,,,,,,,,,,,,,,
2010,27,CAR,RB,6,6,87.0,361.0,1.0,12.0,31.0,39.0,4.1,60.2,14.5,13,11,61.0,5.5,0.0,4.0,46.2,14.0,1.8,10.2,84.6,4.7,98.0,4.3,422.0,1.0,1,2.0,,DeAngelo Williams,WillDe02,,,,,,,,,,,,,,,,,,,,,,,,
2011,28,CAR,RB,16,14,155.0,836.0,7.0,33.0,43.9,74.0,5.4,52.3,9.7,25,16,135.0,8.4,0.0,6.0,52.0,32.0,1.0,8.4,64.0,5.4,171.0,5.7,971.0,7.0,0,7.0,,DeAngelo Williams,WillDe02,,,,,,,,,,,,,,,,,,,,,,,,
2012,29,CAR,RB,16,10,173.0,737.0,5.0,34.0,42.8,65.0,4.3,46.1,10.8,20,13,187.0,14.4,2.0,5.0,40.0,53.0,0.8,11.7,65.0,9.4,186.0,5.0,924.0,7.0,2,6.0,,DeAngelo Williams,WillDe02,,,,,,,,,,,,,,,,,,,,,,,,
2013,30,CAR,RB,15,15,201.0,843.0,3.0,36.0,41.3,43.0,4.2,56.2,13.4,36,26,333.0,12.8,1.0,10.0,47.2,72.0,1.7,22.2,72.2,9.3,227.0,5.2,1176.0,4.0,3,10.0,,DeAngelo Williams,WillDe02,,,,,,,,,,,,,,,,,,,,,,,,
2014,31,CAR,RB,6,6,62.0,219.0,0.0,7.0,43.5,17.0,3.5,36.5,10.3,6,5,44.0,8.8,0.0,2.0,66.7,30.0,0.8,7.3,83.3,7.3,67.0,3.9,263.0,0.0,1,2.0,,DeAngelo Williams,WillDe02,,,,,,,,,,,,,,,,,,,,,,,,
2015,32,PIT,RB,16,10,200.0,907.0,11.0,53.0,48.0,55.0,4.5,56.7,12.5,47,40,367.0,9.2,0.0,15.0,51.1,34.0,2.5,22.9,85.1,7.8,240.0,5.3,1274.0,11.0,4,9.0,,DeAngelo Williams,WillDe02,,,,,,,,,,,,,,,,,,,,,,,,
2016,33,PIT,RB,9,4,98.0,343.0,4.0,22.0,43.9,17.0,3.5,38.1,10.9,27,18,118.0,6.6,2.0,6.0,40.7,20.0,2.0,13.1,66.7,4.4,116.0,4.0,461.0,6.0,0,3.0,,DeAngelo Williams,WillDe02,,,,,,,,,,,,,,,,,,,,,,,,
2011,23,DAL,RB,13,7,164.0,897.0,2.0,42.0,56.7,91.0,5.5,69.0,12.6,35,26,183.0,7.0,0.0,9.0,45.7,18.0,2.0,14.1,74.3,5.2,190.0,5.7,1080.0,2.0,1,7.0,,DeMarco Murray,MurrDe00,,,,,,,,,,,,,,,,,,,,,,,,
2012,24,DAL,RB,10,10,161.0,663.0,4.0,39.0,53.4,48.0,4.1,66.3,16.1,42,35,251.0,7.2,0.0,11.0,59.5,22.0,3.5,25.1,83.3,6.0,196.0,4.7,914.0,4.0,3,6.0,,DeMarco Murray,MurrDe00,,,,,,,,,,,,,,,,,,,,,,,,
2013,25,DAL,RB,14,14,217.0,1121.0,9.0,65.0,51.6,43.0,5.2,80.1,15.5,66,53,350.0,6.6,1.0,18.0,54.5,22.0,3.8,25.0,80.3,5.3,270.0,5.4,1471.0,10.0,3,12.0,PB,DeMarco Murray,MurrDe00,,,,,,,,,,,,,,,,,,,,,,,,
2014,26,DAL,RB,16,16,392.0,1845.0,13.0,89.0,53.1,51.0,4.7,115.3,24.5,64,57,416.0,7.3,0.0,17.0,54.7,34.0,3.6,26.0,89.1,6.5,449.0,5.0,2261.0,13.0,5,18.0,"PB,AP-1,AP MVP-3,AP OPoY-1",DeMarco Murray,MurrDe00,,,,,,,,,,,,,,,,,,,,,,,,
2015,27,PHI,RB,15,8,193.0,702.0,6.0,48.0,42.0,54.0,3.6,46.8,12.9,55,44,322.0,7.3,1.0,13.0,47.3,44.0,2.9,21.5,80.0,5.9,237.0,4.3,1024.0,7.0,2,6.0,,DeMarco Murray,MurrDe00,,,,,,,,,,,,,,,,,,,,,,,,
2016,28,TEN,RB,16,16,293.0,1287.0,9.0,67.0,50.2,75.0,4.4,80.4,18.3,67,53,377.0,7.1,3.0,20.0,34.3,35.0,3.3,23.6,79.1,5.6,346.0,4.8,1664.0,12.0,3,12.0,PB,DeMarco Murray,MurrDe00,,,,,,,,,,,,,,,,,,,,,,,,
2017,29,TEN,RB,15,15,184.0,659.0,6.0,33.0,37.0,75.0,3.6,43.9,12.3,47,39,266.0,6.8,1.0,11.0,44.7,18.0,2.6,17.7,83.0,5.7,223.0,4.1,925.0,7.0,1,7.0,,DeMarco Murray,MurrDe00,,,,,,,,,,,,,,,,,,,,,,,,
2023,22,MIA,RB,11,4,,,,,,,,,,37,27,,,,,,,,,,,,,,,1,7.0,,De'Von Achane,AchaDe00,NFL,103.0,800.0,8.0,30.0,54.4,76.0,7.8,72.7,9.4,197.0,7.3,3.0,10.0,48.6,23.0,2.5,17.9,73.0,5.3,130.0,7.7,997.0,11.0
2024,23,MIA,RB,17,16,,,,,,,,,,87,78,,,,,,,,,,,,,,,1,11.0,,De'Von Achane,AchaDe00,NFL,203.0,907.0,6.0,37.0,49.3,61.0,4.5,53.4,11.9,592.0,7.6,6.0,30.0,57.5,39.0,4.6,34.8,89.7,6.8,281.0,5.3,1499.0,12.0
2025,24,MIA,RB,16,16,,,,,,,,,,85,67,,,,,,,,,,,,,,,1,14.0,,De'Von Achane,AchaDe00,NFL,238.0,1350.0,8.0,56.0,49.2,59.0,5.7,84.4,14.9,488.0,7.3,4.0,23.0,43.5,29.0,4.2,30.5,78.8,5.7,305.0,6.0,1838.0,12.0
2016,22,TEN,RB,15,2,,,,,,,,,,15,13,,,,,,,,,,,,,,,0,4.0,,Derrick Henry,HenrDe00,NFL,110.0,490.0,5.0,29.0,54.5,22.0,4.5,32.7,7.3,137.0,10.5,0.0,5.0,46.7,29.0,0.9,9.1,86.7,9.1,123.0,5.1,627.0,5.0
2017,23,TEN,RB,16,2,,,,,,,,,,17,11,,,,,,,,,,,,,,,1,6.0,,Derrick Henry,HenrDe00,NFL,176.0,744.0,5.0,40.0,45.5,75.0,4.2,46.5,11.0,136.0,12.4,1.0,4.0,41.2,66.0,0.7,8.5,64.7,8.0,187.0,4.7,880.0,6.0
2018,24,TEN,RB,16,12,,,,,,,,,,18,15,,,,,,,,,,,,,,,1,7.0,,Derrick Henry,HenrDe00,NFL,215.0,1059.0,12.0,50.0,50.2,99.0,4.9,66.2,13.4,99.0,6.6,0.0,4.0,44.4,21.0,0.9,6.2,83.3,5.5,230.0,5.0,1158.0,12.0
2019,25,TEN,RB,15,15,,,,,,,,,,24,18,,,,,,,,,,,,,,,5,13.0,,Derrick Henry,HenrDe00,NFL,303.0,1540.0,16.0,73.0,49.2,74.0,5.1,102.7,20.2,206.0,11.4,2.0,4.0,50.0,75.0,1.2,13.7,75.0,8.6,321.0,5.4,1746.0,18.0
2020,26,TEN,RB,16,16,,,,,,,,,,31,19,,,,,,,,,,,,,,,3,16.0,,Derrick Henry,HenrDe00,NFL,378.0,2027.0,17.0,98.0,56.6,94.0,5.4,126.7,23.6,114.0,6.0,0.0,4.0,32.3,53.0,1.2,7.1,61.3,3.7,397.0,5.4,2141.0,17.0
2021,27,TEN,RB,8,8,,,,,,,,,,20,18,,,,,,,,,,,,,,,1,7.0,,Derrick Henry,HenrDe00,NFL,219.0,937.0,10.0,54.0,44.7,76.0,4.3,117.1,27.4,154.0,8.6,0.0,7.0,80.0,16.0,2.3,19.3,90.0,7.7,237.0,4.6,1091.0,10.0
2022,28,TEN,RB,16,16,,,,,,,,,,41,33,,,,,,,,,,,,,,,6,11.0,,Derrick Henry,HenrDe00,NFL,349.0,1538.0,13.0,65.0,46.7,56.0,4.4,96.1,21.8,398.0,12.1,0.0,11.0,61.0,69.0,2.1,24.9,80.5,9.7,382.0,5.1,1936.0,13.0
2023,29,TEN,RB,17,17,,,,,,,,,,36,28,,,,,,,,,,,,,,,0,9.0,,Derrick Henry,HenrDe00,NFL,280.0,1167.0,12.0,63.0,46.1,69.0,4.2,68.6,16.5,214.0,7.6,0.0,7.0,44.4,46.0,1.6,12.6,77.8,5.9,308.0,4.5,1381.0,12.0
2024,30,BAL,RB,17,17,,,,,,,,,,22,19,,,,,,,,,,,,,,,3,16.0,,Derrick Henry,HenrDe00,NFL,325.0,1921.0,16.0,106.0,58.8,87.0,5.9,113.0,19.1,193.0,10.2,2.0,11.0,68.2,27.0,1.1,11.4,86.4,8.8,344.0,6.1,2114.0,18.0
2025,31,BAL,RB,17,17,,,,,,,,,,21,15,,,,,,,,,,,,,,,4,13.0,,Derrick Henry,HenrDe00,NFL,307.0,1595.0,16.0,79.0,53.1,59.0,5.2,93.8,18.1,150.0,10.0,0.0,4.0,52.4,44.0,0.9,8.8,71.4,7.1,322.0,5.4,1745.0,16.0
2019,22,BUF,RB,12,8,151.0,775.0,2.0,37.0,49.0,38.0,5.1,64.6,12.6,41,29,194.0,6.7,2.0,5.0,29.3,49.0,2.4,16.2,70.7,4.7,180.0,5.4,969.0,4.0,4,6.0,,Devin Singletary,SingDe00,,,,,,,,,,,,,,,,,,,,,,,,
2020,23,BUF,RB,16,16,156.0,687.0,2.0,40.0,47.4,51.0,4.4,42.9,9.8,50,38,269.0,7.1,0.0,8.0,56.0,34.0,2.4,16.8,76.0,5.4,194.0,4.9,956.0,2.0,1,7.0,,Devin Singletary,SingDe00,,,,,,,,,,,,,,,,,,,,,,,,
2021,24,BUF,RB,17,16,188.0,870.0,7.0,55.0,47.3,46.0,4.6,51.2,11.1,50,40,228.0,5.7,1.0,14.0,48.0,19.0,2.4,13.4,80.0,4.6,228.0,4.8,1098.0,8.0,5,8.0,,Devin Singletary,SingDe00,,,,,,,,,,,,,,,,,,,,,,,,
2022,25,BUF,RB,16,16,177.0,819.0,5.0,43.0,52.5,33.0,4.6,51.2,11.1,52,38,280.0,7.4,1.0,15.0,53.8,22.0,2.4,17.5,73.1,5.4,215.0,5.1,1099.0,6.0,3,9.0,,Devin Singletary,SingDe00,,,,,,,,,,,,,,,,,,,,,,,,
2023,26,HOU,RB,17,10,216.0,898.0,4.0,44.0,47.7,24.0,4.2,52.8,12.7,38,30,193.0,6.4,0.0,7.0,36.8,41.0,1.8,11.4,78.9,5.1,246.0,4.4,1091.0,4.0,1,7.0,,Devin Singletary,SingDe00,,,,,,,,,,,,,,,,,,,,,,,,
2024,27,NYG,RB,15,5,113.0,437.0,4.0,24.0,47.8,43.0,3.9,29.1,7.5,24,21,119.0,5.7,0.0,4.0,45.8,23.0,1.4,7.9,87.5,5.0,134.0,4.1,556.0,4.0,2,3.0,,Devin Singletary,SingDe00,,,,,,,,,,,,,,,,,,,,,,,,
2025,28,NYG,RB,17,1,119.0,437.0,5.0,27.0,48.7,29.0,3.7,25.7,7.0,19,18,151.0,8.4,0.0,4.0,47.4,41.0,1.1,8.9,94.7,7.9,137.0,4.3,588.0,5.0,0,4.0,,Devin Singletary,SingDe00,,,,,,,,,,,,,,,,,,,,,,,,
2014,22,ATL,RB,16,0,65.0,248.0,1.0,10.0,27.7,31.0,3.8,15.5,4.1,37,30,225.0,7.5,1.0,8.0,45.9,36.0,1.9,14.1,81.1,6.1,95.0,5.0,473.0,2.0,1,4.0,,Devonta Freeman,FreeDe00,,,,,,,,,,,,,,,,,,,,,,,,
2015,23,ATL,RB,15,13,265.0,1056.0,11.0,71.0,45.7,39.0,4.0,70.4,17.7,97,73,578.0,7.9,3.0,21.0,52.6,44.0,4.9,38.5,75.3,6.0,338.0,4.8,1634.0,14.0,3,12.0,"PB,AP-2",Devonta Freeman,FreeDe00,,,,,,,,,,,,,,,,,,,,,,,,
2016,24,ATL,RB,16,16,227.0,1079.0,11.0,66.0,49.3,75.0,4.8,67.4,14.2,65,54,462.0,8.6,2.0,22.0,56.9,35.0,3.4,28.9,83.1,7.1,281.0,5.5,1541.0,13.0,1,15.0,PB,Devonta Freeman,FreeDe00,,,,,,,,,,,,,,,,,,,,,,,,
2017,25,ATL,RB,14,14,196.0,865.0,7.0,55.0,49.5,44.0,4.4,61.8,14.0,47,36,317.0,8.8,1.0,18.0,57.4,29.0,2.6,22.6,76.6,6.7,232.0,5.1,1182.0,8.0,4,9.0,,Devonta Freeman,FreeDe00,,,,,,,,,,,,,,,,,,,,,,,,
2018,26,ATL,RB,2,2,14.0,68.0,0.0,2.0,50.0,20.0,4.9,34.0,7.0,7,5,23.0,4.6,0.0,0.0,14.3,14.0,2.5,11.5,71.4,3.3,19.0,4.8,91.0,0.0,0,1.0,,Devonta Freeman,FreeDe00,,,,,,,,,,,,,,,,,,,,,,,,
2019,27,ATL,RB,14,14,184.0,656.0,2.0,31.0,41.8,28.0,3.6,46.9,13.1,70,59,410.0,6.9,4.0,17.0,48.6,28.0,4.2,29.3,84.3,5.9,243.0,4.4,1066.0,6.0,3,8.0,,Devonta Freeman,FreeDe00,,,,,,,,,,,,,,,,,,,,,,,,
2020,28,NYG,RB,5,4,54.0,172.0,1.0,9.0,42.6,14.0,3.2,34.4,10.8,10,7,58.0,8.3,0.0,3.0,50.0,18.0,1.4,11.6,70.0,5.8,61.0,3.8,230.0,1.0,0,1.0,,Devonta Freeman,FreeDe00,,,,,,,,,,,,,,,,,,,,,,,,
2021,29,BAL,RB,16,8,133.0,576.0,5.0,31.0,58.6,32.0,4.3,36.0,8.3,42,34,190.0,5.6,1.0,9.0,42.9,15.0,2.1,11.9,81.0,4.5,167.0,4.6,766.0,6.0,0,4.0,,Devonta Freeman,FreeDe00,,,,,,,,,,,,,,,,,,,,,,,,
1999,21,IND,RB,16,16,369.0,1553.0,13.0,86.0,42.3,72.0,4.2,97.1,23.1,87,62,586.0,9.5,4.0,23.0,42.5,54.0,3.9,36.6,71.3,6.7,431.0,5.0,2139.0,17.0,8,21.0,"PB,AP-1,AP MVP-4,AP OPoY-3,AP ORoY-1",Edgerrin James,JameEd00,,,,,,,,,,,,,,,,,,,,,,,,
2000,22,IND,RB,16,16,387.0,1709.0,13.0,100.0,53.0,30.0,4.4,106.8,24.2,87,63,594.0,9.4,5.0,24.0,52.9,60.0,3.9,37.1,72.4,6.8,450.0,5.1,2303.0,18.0,5,20.0,"PB,AP-2,AP OPoY-2",Edgerrin James,JameEd00,,,,,,,,,,,,,,,,,,,,,,,,
2001,23,IND,RB,6,6,151.0,662.0,3.0,42.0,53.6,29.0,4.4,110.3,25.2,29,24,193.0,8.0,0.0,9.0,51.7,27.0,4.0,32.2,82.8,6.7,175.0,4.9,855.0,3.0,3,7.0,,Edgerrin James,JameEd00,,,,,,,,,,,,,,,,,,,,,,,,
2002,24,IND,RB,14,14,277.0,989.0,2.0,59.0,45.8,20.0,3.6,70.6,19.8,80,61,354.0,5.8,1.0,17.0,36.3,23.0,4.4,25.3,76.3,4.4,338.0,4.0,1343.0,3.0,4,9.0,AP CPoY-5,Edgerrin James,JameEd00,,,,,,,,,,,,,,,,,,,,,,,,
2003,25,IND,RB,13,13,310.0,1259.0,11.0,84.0,49.4,43.0,4.1,96.8,23.8,71,51,292.0,5.7,0.0,9.0,39.4,17.0,3.9,22.5,71.8,4.1,361.0,4.3,1551.0,11.0,5,15.0,,Edgerrin James,JameEd00,,,,,,,,,,,,,,,,,,,,,,,,
2004,26,IND,RB,16,16,334.0,1548.0,9.0,78.0,56.0,40.0,4.6,96.8,20.9,60,51,483.0,9.5,0.0,20.0,56.7,56.0,3.2,30.2,85.0,8.1,385.0,5.3,2031.0,9.0,6,21.0,"PB,AP-2",Edgerrin James,JameEd00,,,,,,,,,,,,,,,,,,,,,,,,
2005,27,IND,RB,15,15,360.0,1506.0,13.0,97.0,58.9,33.0,4.2,100.4,24.0,50,44,337.0,7.7,1.0,22.0,56.0,20.0,2.9,22.5,88.0,6.7,404.0,4.6,1843.0,14.0,2,19.0,PB,Edgerrin James,JameEd00,,,,,,,,,,,,,,,,,,,,,,,,
2006,28,ARI,RB,16,16,337.0,1159.0,6.0,61.0,45.1,18.0,3.4,72.4,21.1,61,38,217.0,5.7,0.0,10.0,39.3,14.0,2.4,13.6,62.3,3.6,375.0,3.7,1376.0,6.0,3,8.0,,Edgerrin James,JameEd00,,,,,,,,,,,,,,,,,,,,,,,,
2007,29,ARI,RB,16,16,324.0,1222.0,7.0,57.0,44.8,27.0,3.8,76.4,20.3,39,24,204.0,8.5,0.0,9.0,43.6,26.0,1.5,12.8,61.5,5.2,348.0,4.1,1426.0,7.0,5,9.0,,Edgerrin James,JameEd00,,,,,,,,,,,,,,,,,,,,,,,,
2008,30,ARI,RB,13,7,133.0,514.0,3.0,25.0,41.4,35.0,3.9,39.5,10.2,18,12,85.0,7.1,0.0,4.0,38.9,16.0,0.9,6.5,66.7,4.7,145.0,4.1,599.0,3.0,2,5.0,,Edgerrin James,JameEd00,,,,,,,,,,,,,,,,,,,,,,,,
2009,31,SEA,RB,7,0,46.0,125.0,0.0,8.0,41.3,10.0,2.7,17.9,6.6,3,3,19.0,6.3,0.0,1.0,66.7,7.0,0.4,2.7,100.0,6.3,49.0,2.9,144.0,0.0,1,1.0,,Edgerrin James,JameEd00,,,,,,,,,,,,,,,,,,,,,,,,
1990,21,DAL,RB,16,15,241.0,937.0,11.0,59.0,44.0,48.0,3.9,58.6,15.1,39,24,228.0,9.5,0.0,6.0,33.3,57.0,1.5,14.3,61.5,5.8,265.0,4.4,1165.0,11.0,7,8.0,"PB,AP ORoY-1",Emmitt Smith,SmitEm00,,,,,,,,,,,,,,,,,,,,,,,,
1991,22,DAL,RB,16,16,365.0,1563.0,12.0,77.0,46.0,75.0,4.3,97.7,22.8,60,49,258.0,5.3,1.0,10.0,38.3,14.0,3.1,16.1,81.7,4.3,414.0,4.4,1821.0,13.0,8,17.0,"PB,AP-2",Emmitt Smith,SmitEm00,,,,,,,,,,,,,,,,,,,,,,,,
1992,23,DAL,RB,16,16,373.0,1713.0,18.0,91.0,50.4,68.0,4.6,107.1,23.3,74,59,335.0,5.7,1.0,12.0,37.8,26.0,3.7,20.9,79.7,4.5,432.0,4.7,2048.0,19.0,4,21.0,"PB,AP-1,AP MVP-3,AP OPoY-3",Emmitt Smith,SmitEm00,,,,,,,,,,,,,,,,,,,,,,,,
1993,24,DAL,RB,14,13,283.0,1486.0,9.0,74.0,57.6,62.0,5.3,106.1,20.2,65,57,414.0,7.3,1.0,13.0,43.1,86.0,4.1,29.6,87.7,6.4,340.0,5.6,1900.0,10.0,4,20.0,"PB,AP-1,AP MVP-1,AP OPoY-3",Emmitt Smith,SmitEm00,,,,,,,,,,,,,,,,,,,,,,,,
1994,25,DAL,RB,15,15,368.0,1484.0,21.0,101.0,50.5,46.0,4.0,98.9,24.5,60,50,341.0,6.8,1.0,12.0,46.7,68.0,3.3,22.7,83.3,5.7,418.0,4.4,1825.0,22.0,1,17.0,"PB,AP-1",Emmitt Smith,SmitEm00,,,,,,,,,,,,,,,,,,,,,,,,
1995,26,DAL,RB,16,16,377.0,1773.0,25.0,107.0,51.5,60.0,4.7,110.8,23.6,78,62,375.0,6.0,0.0,14.0,32.1,40.0,3.9,23.4,79.5,4.8,439.0,4.9,2148.0,25.0,7,20.0,"PB,AP-1,AP MVP-3,AP OPoY-2",Emmitt Smith,SmitEm00,,,,,,,,,,,,,,,,,,,,,,,,
1996,27,DAL,RB,15,15,327.0,1204.0,12.0,75.0,47.1,42.0,3.7,80.3,21.8,57,47,249.0,5.3,3.0,12.0,40.4,21.0,3.1,16.6,82.5,4.4,374.0,3.9,1453.0,15.0,5,9.0,,Emmitt Smith,SmitEm00,,,,,,,,,,,,,,,,,,,,,,,,
1997,28,DAL,RB,16,16,261.0,1074.0,4.0,47.0,44.4,44.0,4.1,67.1,16.3,48,40,234.0,5.9,0.0,6.0,35.4,24.0,2.5,14.6,83.3,4.9,301.0,4.3,1308.0,4.0,1,8.0,,Emmitt Smith,SmitEm00,,,,,,,,,,,,,,,,,,,,,,,,
1998,29,DAL,RB,16,16,319.0,1332.0,13.0,89.0,52.7,32.0,4.2,83.3,19.9,32,27,175.0,6.5,2.0,8.0,62.5,24.0,1.7,10.9,84.4,5.5,346.0,4.4,1507.0,15.0,3,11.0,PB,Emmitt Smith,SmitEm00,,,,,,,,,,,,,,,,,,,,,,,,
1999,30,DAL,RB,15,15,329.0,1397.0,11.0,86.0,48.6,63.0,4.2,93.1,21.9,31,27,119.0,4.4,2.0,4.0,41.9,14.0,1.8,7.9,87.1,3.8,356.0,4.3,1516.0,13.0,5,11.0,PB,Emmitt Smith,SmitEm00,,,,,,,,,,,,,,,,,,,,,,,,
2000,31,DAL,RB,16,16,294.0,1203.0,9.0,66.0,46.3,52.0,4.1,75.2,18.4,14,11,79.0,7.2,0.0,2.0,50.0,19.0,0.7,4.9,78.6,5.6,305.0,4.2,1282.0,9.0,6,10.0,,Emmitt Smith,SmitEm00,,,,,,,,,,,,,,,,,,,,,,,,
2001,32,DAL,RB,14,14,261.0,1021.0,3.0,48.0,37.9,44.0,3.9,72.9,18.6,21,17,116.0,6.8,0.0,6.0,57.1,22.0,1.2,8.3,81.0,5.5,278.0,4.1,1137.0,3.0,1,6.0,,Emmitt Smith,SmitEm00,,,,,,,,,,,,,,,,,,,,,,,,
2002,33,DAL,RB,16,16,254.0,975.0,5.0,50.0,41.7,30.0,3.8,60.9,15.9,24,16,89.0,5.6,0.0,4.0,33.3,17.0,1.0,5.6,66.7,3.7,270.0,3.9,1064.0,5.0,3,4.0,,Emmitt Smith,SmitEm00,,,,,,,,,,,,,,,,,,,,,,,,
2003,34,ARI,RB,10,5,90.0,256.0,2.0,15.0,38.9,22.0,2.8,25.6,9.0,19,14,107.0,7.6,0.0,4.0,42.1,36.0,1.4,10.7,73.7,5.6,104.0,3.5,363.0,2.0,2,2.0,,Emmitt Smith,SmitEm00,,,,,,,,,,,,,,,,,,,,,,,,
2004,35,ARI,RB,15,15,267.0,937.0,9.0,43.0,38.2,29.0,3.5,62.5,17.8,20,15,105.0,7.0,0.0,3.0,45.0,18.0,1.0,7.0,75.0,5.3,282.0,3.7,1042.0,9.0,4,5.0,,Emmitt Smith,SmitEm00,,,,,,,,,,,,,,,,,,,,,,,,
2016,21,DAL,RB,15,15,322.0,1631.0,15.0,95.0,55.3,60.0,5.1,108.7,21.5,39,32,363.0,11.3,1.0,11.0,48.7,83.0,2.1,24.2,82.1,9.3,354.0,5.6,1994.0,16.0,5,16.0,"PB,AP-1,AP MVP-3,AP OPoY-5,AP ORoY-2",Ezekiel Elliott,ElliEz00,,,,,,,,,,,,,,,,,,,,,,,,
2017,22,DAL,RB,10,10,242.0,983.0,7.0,57.0,54.1,30.0,4.1,98.3,24.2,38,26,269.0,10.3,2.0,6.0,23.7,72.0,2.6,26.9,68.4,7.1,268.0,4.7,1252.0,9.0,1,9.0,,Ezekiel Elliott,ElliEz00,,,,,,,,,,,,,,,,,,,,,,,,
2018,23,DAL,RB,15,15,304.0,1434.0,6.0,74.0,49.0,41.0,4.7,95.6,20.3,95,77,567.0,7.4,3.0,22.0,41.1,38.0,5.1,37.8,81.1,6.0,381.0,5.3,2001.0,9.0,6,15.0,"PB,AP-2",Ezekiel Elliott,ElliEz00,,,,,,,,,,,,,,,,,,,,,,,,
2019,24,DAL,RB,16,16,301.0,1357.0,12.0,78.0,54.8,33.0,4.5,84.8,18.8,71,54,420.0,7.8,2.0,21.0,45.1,27.0,3.4,26.3,76.1,5.9,355.0,5.0,1777.0,14.0,3,11.0,PB,Ezekiel Elliott,ElliEz00,,,,,,,,,,,,,,,,,,,,,,,,
2020,25,DAL,RB,15,15,244.0,979.0,6.0,62.0,49.6,31.0,4.0,65.3,16.3,71,52,338.0,6.5,2.0,20.0,52.1,19.0,3.5,22.5,73.2,4.8,296.0,4.4,1317.0,8.0,6,7.0,,Ezekiel Elliott,ElliEz00,,,,,,,,,,,,,,,,,,,,,,,,
2021,26,DAL,RB,17,17,237.0,1002.0,10.0,59.0,51.5,47.0,4.2,58.9,13.9,65,47,287.0,6.1,2.0,17.0,38.5,21.0,2.8,16.9,72.3,4.4,284.0,4.5,1289.0,12.0,1,8.0,,Ezekiel Elliott,ElliEz00,,,,,,,,,,,,,,,,,,,,,,,,
2022,27,DAL,RB,15,14,231.0,876.0,12.0,55.0,47.6,27.0,3.8,58.4,15.4,23,17,92.0,5.4,0.0,4.0,39.1,31.0,1.1,6.1,73.9,4.0,248.0,3.9,968.0,12.0,0,6.0,,Ezekiel Elliott,ElliEz00,,,,,,,,,,,,,,,,,,,,,,,,
2023,28,NWE,RB,17,5,184.0,642.0,3.0,33.0,45.1,17.0,3.5,37.8,10.8,65,51,313.0,6.1,2.0,12.0,40.0,23.0,3.0,18.4,78.5,4.8,235.0,4.1,955.0,5.0,2,5.0,,Ezekiel Elliott,ElliEz00,,,,,,,,,,,,,,,,,,,,,,,,
2024,29,DAL,RB,15,2,74.0,226.0,3.0,14.0,43.2,11.0,3.1,15.1,4.9,15,12,69.0,5.8,0.0,3.0,46.7,15.0,0.8,4.6,80.0,4.6,86.0,3.4,295.0,3.0,1,2.0,,Ezekiel Elliott,ElliEz00,,,,,,,,,,,,,,,,,,,,,,,,
2005,22,SFO,RB,14,1,127.0,608.0,3.0,27.0,45.7,72.0,4.8,43.4,9.1,22,15,131.0,8.7,0.0,4.0,31.8,47.0,1.1,9.4,68.2,6.0,142.0,5.2,739.0,3.0,2,4.0,,Frank Gore,GoreFr00,,,,,,,,,,,,,,,,,,,,,,,,
2006,23,SFO,RB,16,16,312.0,1695.0,8.0,67.0,46.5,72.0,5.4,105.9,19.5,86,61,485.0,8.0,1.0,23.0,48.8,39.0,3.8,30.3,70.9,5.6,373.0,5.8,2180.0,9.0,6,16.0,"PB,AP-2",Frank Gore,GoreFr00,,,,,,,,,,,,,,,,,,,,,,,,
2007,24,SFO,RB,15,15,260.0,1102.0,5.0,42.0,41.5,43.0,4.2,73.5,17.3,69,53,436.0,8.2,1.0,20.0,55.1,23.0,3.5,29.1,76.8,6.3,313.0,4.9,1538.0,6.0,4,9.0,,Frank Gore,GoreFr00,,,,,,,,,,,,,,,,,,,,,,,,
2008,25,SFO,RB,14,14,240.0,1036.0,6.0,44.0,45.8,41.0,4.3,74.0,17.1,66,43,373.0,8.7,2.0,13.0,45.5,26.0,3.1,26.6,65.2,5.7,283.0,5.0,1409.0,8.0,6,10.0,,Frank Gore,GoreFr00,,,,,,,,,,,,,,,,,,,,,,,,
2009,26,SFO,RB,14,14,229.0,1120.0,10.0,47.0,39.3,80.0,4.9,80.0,16.4,75,52,406.0,7.8,3.0,14.0,45.3,48.0,3.7,29.0,69.3,5.4,281.0,5.4,1526.0,13.0,4,12.0,PB,Frank Gore,GoreFr00,,,,,,,,,,,,,,,,,,,,,,,,
2010,27,SFO,RB,11,11,203.0,853.0,3.0,42.0,47.3,64.0,4.2,77.5,18.5,72,46,452.0,9.8,2.0,15.0,38.9,41.0,4.2,41.1,63.9,6.3,249.0,5.2,1305.0,5.0,4,8.0,,Frank Gore,GoreFr00,,,,,,,,,,,,,,,,,,,,,,,,
2011,28,SFO,RB,16,15,282.0,1211.0,8.0,55.0,41.5,55.0,4.3,75.7,17.6,31,17,114.0,6.7,0.0,4.0,35.5,13.0,1.1,7.1,54.8,3.7,299.0,4.4,1325.0,8.0,2,10.0,PB,Frank Gore,GoreFr00,,,,,,,,,,,,,,,,,,,,,,,,
2012,29,SFO,RB,16,16,258.0,1214.0,8.0,68.0,47.7,37.0,4.7,75.9,16.1,36,28,234.0,8.4,1.0,10.0,47.2,26.0,1.8,14.6,77.8,6.5,286.0,5.1,1448.0,9.0,2,10.0,PB,Frank Gore,GoreFr00,,,,,,,,,,,,,,,,,,,,,,,,
2013,30,SFO,RB,16,16,276.0,1128.0,9.0,50.0,38.8,51.0,4.1,70.5,17.3,27,16,141.0,8.8,0.0,5.0,29.6,29.0,1.0,8.8,59.3,5.2,292.0,4.3,1269.0,9.0,3,9.0,PB,Frank Gore,GoreFr00,,,,,,,,,,,,,,,,,,,,,,,,
2014,31,SFO,RB,16,16,255.0,1106.0,4.0,55.0,48.2,52.0,4.3,69.1,15.9,19,11,111.0,10.1,1.0,2.0,26.3,55.0,0.7,6.9,57.9,5.8,266.0,4.6,1217.0,5.0,2,7.0,,Frank Gore,GoreFr00,,,,,,,,,,,,,,,,,,,,,,,,
2015,32,IND,RB,16,16,260.0,967.0,6.0,48.0,39.2,37.0,3.7,60.4,16.3,58,34,267.0,7.9,1.0,11.0,34.5,34.0,2.1,16.7,58.6,4.6,294.0,4.2,1234.0,7.0,4,7.0,,Frank Gore,GoreFr00,,,,,,,,,,,,,,,,,,,,,,,,
2016,33,IND,RB,16,16,263.0,1025.0,4.0,50.0,47.9,22.0,3.9,64.1,16.4,47,38,277.0,7.3,4.0,14.0,53.2,49.0,2.4,17.3,80.9,5.9,301.0,4.3,1302.0,8.0,2,10.0,,Frank Gore,GoreFr00,,,,,,,,,,,,,,,,,,,,,,,,
2017,34,IND,RB,16,16,261.0,961.0,3.0,49.0,42.9,21.0,3.7,60.1,16.3,38,29,245.0,8.4,1.0,9.0,42.1,26.0,1.8,15.3,76.3,6.4,290.0,4.2,1206.0,4.0,3,8.0,,Frank Gore,GoreFr00,,,,,,,,,,,,,,,,,,,,,,,,
2018,35,MIA,RB,14,14,156.0,722.0,0.0,25.0,51.3,39.0,4.6,51.6,11.1,16,12,124.0,10.3,1.0,8.0,68.8,24.0,0.9,8.9,75.0,7.8,168.0,5.0,846.0,1.0,1,5.0,,Frank Gore,GoreFr00,,,,,,,,,,,,,,,,,,,,,,,,
2019,36,BUF,RB,16,8,166.0,599.0,2.0,30.0,41.6,41.0,3.6,37.4,10.4,16,13,100.0,7.7,0.0,5.0,50.0,18.0,0.8,6.3,81.3,6.3,179.0,3.9,699.0,2.0,0,4.0,,Frank Gore,GoreFr00,,,,,,,,,,,,,,,,,,,,,,,,
2020,37,NYJ,RB,15,14,187.0,653.0,2.0,32.0,44.9,17.0,3.5,43.5,12.5,19,16,89.0,5.6,0.0,3.0,68.4,9.0,1.1,5.9,84.2,4.7,203.0,3.7,742.0,2.0,1,4.0,,Frank Gore,GoreFr00,,,,,,,,,,,,,,,,,,,,,,,,
2007,26,BUF,RB,8,1,58.0,300.0,0.0,12.0,46.6,27.0,5.2,37.5,7.3,30,22,190.0,8.6,0.0,8.0,43.3,54.0,2.8,23.8,73.3,6.3,80.0,6.1,490.0,0.0,0,3.0,,Fred Jackson,JackFr02,,,,,,,,,,,,,,,,,,,,,,,,
2008,27,BUF,RB,16,3,130.0,571.0,3.0,33.0,48.5,32.0,4.4,35.7,8.1,45,37,317.0,8.6,0.0,12.0,44.4,65.0,2.3,19.8,82.2,7.0,167.0,5.3,888.0,3.0,3,7.0,,Fred Jackson,JackFr02,,,,,,,,,,,,,,,,,,,,,,,,
2009,28,BUF,RB,16,11,237.0,1062.0,2.0,44.0,46.4,43.0,4.5,66.4,14.8,61,46,371.0,8.1,2.0,22.0,42.6,21.0,2.9,23.2,75.4,6.1,283.0,5.1,1433.0,4.0,4,9.0,,Fred Jackson,JackFr02,,,,,,,,,,,,,,,,,,,,,,,,
2010,29,BUF,RB,16,13,222.0,927.0,5.0,40.0,46.8,39.0,4.2,57.9,13.9,54,31,215.0,6.9,2.0,9.0,25.9,65.0,1.9,13.4,57.4,4.0,253.0,4.5,1142.0,7.0,5,7.0,,Fred Jackson,JackFr02,,,,,,,,,,,,,,,,,,,,,,,,
2011,30,BUF,RB,10,10,170.0,934.0,6.0,38.0,50.6,80.0,5.5,93.4,17.0,50,39,442.0,11.3,0.0,15.0,40.0,49.0,3.9,44.2,78.0,8.8,209.0,6.6,1376.0,6.0,2,9.0,,Fred Jackson,JackFr02,,,,,,,,,,,,,,,,,,,,,,,,
2012,31,BUF,RB,10,8,115.0,437.0,3.0,26.0,47.0,15.0,3.8,43.7,11.5,42,34,217.0,6.4,1.0,10.0,45.2,34.0,3.4,21.7,81.0,5.2,149.0,4.4,654.0,4.0,5,4.0,,Fred Jackson,JackFr02,,,,,,,,,,,,,,,,,,,,,,,,
2013,32,BUF,RB,16,6,206.0,890.0,9.0,54.0,51.0,59.0,4.3,55.6,12.9,65,47,387.0,8.2,1.0,17.0,43.1,37.0,2.9,24.2,72.3,6.0,253.0,5.0,1277.0,10.0,3,8.0,,Fred Jackson,JackFr02,,,,,,,,,,,,,,,,,,,,,,,,
2014,33,BUF,RB,14,9,141.0,525.0,2.0,24.0,46.1,38.0,3.7,37.5,10.1,90,66,501.0,7.6,1.0,26.0,46.7,34.0,4.7,35.8,73.3,5.6,207.0,5.0,1026.0,3.0,5,7.0,,Fred Jackson,JackFr02,,,,,,,,,,,,,,,,,,,,,,,,
2015,34,SEA,RB,16,0,26.0,100.0,0.0,5.0,42.3,16.0,3.8,6.3,1.6,41,32,257.0,8.0,2.0,12.0,58.5,26.0,2.0,16.1,78.0,6.3,58.0,6.2,357.0,2.0,1,3.0,,Fred Jackson,JackFr02,,,,,,,,,,,,,,,,,,,,,,,,
1998,22,JAX,RB,15,12,264.0,1223.0,14.0,58.0,40.9,77.0,4.6,81.5,17.6,53,44,421.0,9.6,3.0,16.0,41.5,78.0,2.9,28.1,83.0,7.9,308.0,5.3,1644.0,17.0,3,14.0,AP ORoY-3,Fred Taylor,TaylFr00,,,,,,,,,,,,,,,,,,,,,,,,
1999,23,JAX,RB,10,9,159.0,732.0,6.0,40.0,41.5,52.0,4.6,73.2,15.9,15,10,83.0,8.3,0.0,4.0,40.0,41.0,1.0,8.3,66.7,5.5,169.0,4.8,815.0,6.0,0,6.0,,Fred Taylor,TaylFr00,,,,,,,,,,,,,,,,,,,,,,,,
2000,24,JAX,RB,13,13,292.0,1399.0,12.0,73.0,46.9,71.0,4.8,107.6,22.5,53,36,240.0,6.7,2.0,11.0,39.6,19.0,2.8,18.5,67.9,4.5,328.0,5.0,1639.0,14.0,4,13.0,,Fred Taylor,TaylFr00,,,,,,,,,,,,,,,,,,,,,,,,
2001,25,JAX,RB,2,2,30.0,116.0,0.0,6.0,43.3,24.0,3.9,58.0,15.0,3,2,13.0,6.5,0.0,1.0,33.3,11.0,1.0,6.5,66.7,4.3,32.0,4.0,129.0,0.0,1,1.0,,Fred Taylor,TaylFr00,,,,,,,,,,,,,,,,,,,,,,,,
2002,26,JAX,RB,16,16,287.0,1314.0,8.0,50.0,43.6,63.0,4.6,82.1,17.9,57,49,408.0,8.3,0.0,15.0,56.1,72.0,3.1,25.5,86.0,7.2,336.0,5.1,1722.0,8.0,3,14.0,AP CPoY-5,Fred Taylor,TaylFr00,,,,,,,,,,,,,,,,,,,,,,,,
2003,27,JAX,RB,16,16,345.0,1572.0,6.0,79.0,46.7,62.0,4.6,98.3,21.6,74,48,370.0,7.7,1.0,16.0,44.6,60.0,3.0,23.1,64.9,5.0,393.0,4.9,1942.0,7.0,6,13.0,,Fred Taylor,TaylFr00,,,,,,,,,,,,,,,,,,,,,,,,
2004,28,JAX,RB,14,14,260.0,1224.0,2.0,49.0,42.7,46.0,4.7,87.4,18.6,58,36,345.0,9.6,1.0,18.0,41.4,64.0,2.6,24.6,62.1,5.9,296.0,5.3,1569.0,3.0,3,10.0,,Fred Taylor,TaylFr00,,,,,,,,,,,,,,,,,,,,,,,,
2005,29,JAX,RB,11,11,194.0,787.0,3.0,29.0,37.6,71.0,4.1,71.5,17.6,18,13,83.0,6.4,0.0,4.0,44.4,13.0,1.2,7.5,72.2,4.6,207.0,4.2,870.0,3.0,0,7.0,,Fred Taylor,TaylFr00,,,,,,,,,,,,,,,,,,,,,,,,
2006,30,JAX,RB,15,15,231.0,1146.0,5.0,47.0,42.9,76.0,5.0,76.4,15.4,28,23,242.0,10.5,1.0,8.0,60.7,36.0,1.5,16.1,82.1,8.6,254.0,5.5,1388.0,6.0,3,12.0,,Fred Taylor,TaylFr00,,,,,,,,,,,,,,,,,,,,,,,,
2007,31,JAX,RB,15,15,223.0,1202.0,5.0,45.0,44.4,80.0,5.4,80.1,14.9,14,9,58.0,6.4,0.0,2.0,35.7,18.0,0.6,3.9,64.3,4.1,232.0,5.4,1260.0,5.0,2,12.0,"PB,AP-2",Fred Taylor,TaylFr00,,,,,,,,,,,,,,,,,,,,,,,,
2008,32,JAX,RB,13,13,143.0,556.0,1.0,24.0,38.5,34.0,3.9,42.8,11.0,22,16,98.0,6.1,0.0,2.0,50.0,17.0,1.2,7.5,72.7,4.5,159.0,4.1,654.0,1.0,1,4.0,,Fred Taylor,TaylFr00,,,,,,,,,,,,,,,,,,,,,,,,
2009,33,NWE,RB,6,1,63.0,269.0,4.0,13.0,54.0,19.0,4.3,44.8,10.5,3,2,17.0,8.5,0.0,1.0,66.7,13.0,0.3,2.8,66.7,5.7,65.0,4.4,286.0,4.0,1,2.0,,Fred Taylor,TaylFr00,,,,,,,,,,,,,,,,,,,,,,,,
2010,34,NWE,RB,7,0,43.0,155.0,0.0,9.0,39.5,24.0,3.6,22.1,6.1,3,2,6.0,3.0,0.0,0.0,33.3,7.0,0.3,0.9,66.7,2.0,45.0,3.6,161.0,0.0,0,1.0,,Fred Taylor,TaylFr00,,,,,,,,,,,,,,,,,,,,,,,,
2020,22,BAL,RB,15,1,134.0,805.0,9.0,38.0,56.7,72.0,6.0,53.7,8.9,24,18,120.0,6.7,0.0,4.0,37.5,19.0,1.2,8.0,75.0,5.0,152.0,6.1,925.0,9.0,2,7.0,,J.K. Dobbins,DobbJK00,,,,,,,,,,,,,,,,,,,,,,,,
2022,24,BAL,RB,8,8,92.0,520.0,2.0,29.0,57.6,44.0,5.7,65.0,11.5,8,7,42.0,6.0,1.0,6.0,62.5,20.0,0.9,5.3,87.5,5.3,99.0,5.7,562.0,3.0,0,4.0,,J.K. Dobbins,DobbJK00,,,,,,,,,,,,,,,,,,,,,,,,
2023,25,BAL,RB,1,1,8.0,22.0,1.0,1.0,50.0,4.0,2.8,22.0,8.0,3,2,15.0,7.5,0.0,0.0,66.7,10.0,2.0,15.0,66.7,5.0,10.0,3.7,37.0,1.0,0,0.0,,J.K. Dobbins,DobbJK00,,,,,,,,,,,,,,,,,,,,,,,,
2024,26,LAC,RB,13,11,195.0,905.0,9.0,49.0,42.6,61.0,4.6,69.6,15.0,38,32,153.0,4.8,0.0,6.0,26.3,15.0,2.5,11.8,84.2,4.0,227.0,4.7,1058.0,9.0,0,7.0,AP CPoY-2,J.K. Dobbins,DobbJK00,,,,,,,,,,,,,,,,,,,,,,,,
2025,27,DEN,RB,10,9,153.0,772.0,4.0,37.0,53.6,41.0,5.0,77.2,15.3,14,11,37.0,3.4,0.0,0.0,35.7,9.0,1.1,3.7,78.6,2.6,164.0,4.9,809.0,4.0,0,5.0,,J.K. Dobbins,DobbJK00,,,,,,,,,,,,,,,,,,,,,,,,
2023,21,DET,RB,15,3,182.0,945.0,10.0,46.0,46.7,36.0,5.2,63.0,12.1,71,52,316.0,6.1,1.0,24.0,46.5,24.0,3.5,21.1,73.2,4.5,234.0,5.4,1261.0,11.0,2,10.0,"PB,AP ORoY-4",Jahmyr Gibbs,GibbJa01,,,,,,,,,,,,,,,,,,,,,,,,
2024,22,DET,RB,17,4,250.0,1412.0,16.0,76.0,53.6,70.0,5.6,83.1,14.7,63,52,517.0,9.9,4.0,30.0,55.6,54.0,3.1,30.4,82.5,8.2,302.0,6.4,1929.0,20.0,1,17.0,"PB,AP OPoY-8",Jahmyr Gibbs,GibbJa01,,,,,,,,,,,,,,,,,,,,,,,,
2025,23,DET,RB,17,17,243.0,1223.0,13.0,56.0,48.1,78.0,5.0,71.9,14.3,94,77,616.0,8.0,5.0,28.0,50.0,42.0,4.5,36.2,81.9,6.6,320.0,5.7,1839.0,18.0,2,15.0,PB,Jahmyr Gibbs,GibbJa01,,,,,,,,,,,,,,,,,,,,,,,,
2008,22,KAN,RB,16,2,67.0,357.0,0.0,18.0,52.2,30.0,5.3,22.3,4.2,39,27,272.0,10.1,1.0,9.0,25.6,75.0,1.7,17.0,69.2,7.0,94.0,6.7,629.0,1.0,2,5.0,,Jamaal Charles,CharJa00,,,,,,,,,,,,,,,,,,,,,,,,
2009,23,KAN,RB,15,10,190.0,1120.0,7.0,54.0,54.2,76.0,5.9,74.7,12.7,55,40,297.0,7.4,1.0,11.0,36.4,49.0,2.7,19.8,72.7,5.4,230.0,6.2,1417.0,8.0,4,9.0,,Jamaal Charles,CharJa00,,,,,,,,,,,,,,,,,,,,,,,,
2010,24,KAN,RB,16,6,230.0,1467.0,5.0,70.0,54.8,80.0,6.4,91.7,14.4,64,45,468.0,10.4,3.0,22.0,51.6,31.0,2.8,29.3,70.3,7.3,275.0,7.0,1935.0,8.0,3,17.0,"PB,AP-1",Jamaal Charles,CharJa00,,,,,,,,,,,,,,,,,,,,,,,,
2011,25,KAN,RB,2,1,12.0,83.0,0.0,3.0,50.0,24.0,6.9,41.5,6.0,6,5,9.0,1.8,1.0,2.0,33.3,9.0,2.5,4.5,83.3,1.5,17.0,5.4,92.0,1.0,1,0.0,,Jamaal Charles,CharJa00,,,,,,,,,,,,,,,,,,,,,,,,
2012,26,KAN,RB,16,15,285.0,1509.0,5.0,63.0,46.7,91.0,5.3,94.3,17.8,49,35,236.0,6.7,1.0,11.0,42.9,22.0,2.2,14.8,71.4,4.8,320.0,5.5,1745.0,6.0,5,9.0,"PB,AP-2,AP CPoY-3",Jamaal Charles,CharJa00,,,,,,,,,,,,,,,,,,,,,,,,
2013,27,KAN,RB,15,15,259.0,1287.0,12.0,72.0,49.4,46.0,5.0,85.8,17.3,104,70,693.0,9.9,7.0,32.0,44.2,71.0,4.7,46.2,67.3,6.7,329.0,6.0,1980.0,19.0,4,16.0,"PB,AP-1,AP OPoY-3",Jamaal Charles,CharJa00,,,,,,,,,,,,,,,,,,,,,,,,
2014,28,KAN,RB,15,15,206.0,1033.0,9.0,51.0,52.9,63.0,5.0,68.9,13.7,59,40,291.0,7.3,5.0,16.0,37.3,30.0,2.7,19.4,67.8,4.9,246.0,5.4,1324.0,14.0,5,12.0,PB,Jamaal Charles,CharJa00,,,,,,,,,,,,,,,,,,,,,,,,
2015,29,KAN,RB,5,5,71.0,364.0,4.0,22.0,46.5,34.0,5.1,72.8,14.2,29,21,177.0,8.4,1.0,10.0,44.8,26.0,4.2,35.4,72.4,6.1,92.0,5.9,541.0,5.0,3,4.0,,Jamaal Charles,CharJa00,,,,,,,,,,,,,,,,,,,,,,,,
2016,30,KAN,RB,3,0,12.0,40.0,1.0,3.0,41.7,17.0,3.3,13.3,4.0,3,2,14.0,7.0,0.0,1.0,33.3,16.0,0.7,4.7,66.7,4.7,14.0,3.9,54.0,1.0,0,0.0,,Jamaal Charles,CharJa00,,,,,,,,,,,,,,,,,,,,,,,,
2017,31,DEN,RB,14,0,69.0,296.0,1.0,17.0,50.7,19.0,4.3,21.1,4.9,28,23,129.0,5.6,0.0,6.0,28.6,20.0,1.6,9.2,82.1,4.6,92.0,4.6,425.0,1.0,2,2.0,,Jamaal Charles,CharJa00,,,,,,,,,,,,,,,,,,,,,,,,
2018,32,JAX,RB,2,0,6.0,7.0,0.0,0.0,0.0,5.0,1.2,3.5,3.0,3,2,7.0,3.5,0.0,0.0,33.3,5.0,1.0,3.5,66.7,2.3,8.0,1.8,14.0,0.0,0,0.0,,Jamaal Charles,CharJa00,,,,,,,,,,,,,,,,,,,,,,,,
2000,21,BAL,RB,16,13,309.0,1364.0,6.0,62.0,47.9,45.0,4.4,85.3,19.3,36,27,296.0,11.0,0.0,9.0,55.6,45.0,1.7,18.5,75.0,8.2,336.0,4.9,1660.0,6.0,6,13.0,AP ORoY-2,Jamal Lewis,LewiJa00,,,,,,,,,,,,,,,,,,,,,,,,
2002,23,BAL,RB,16,15,308.0,1327.0,6.0,66.0,47.7,75.0,4.3,82.9,19.3,60,47,442.0,9.4,1.0,14.0,36.7,77.0,2.9,27.6,78.3,7.4,355.0,5.0,1769.0,7.0,8,11.0,AP CPoY-4,Jamal Lewis,LewiJa00,,,,,,,,,,,,,,,,,,,,,,,,
2003,24,BAL,RB,16,16,387.0,2066.0,14.0,85.0,45.2,82.0,5.3,129.1,24.2,38,26,205.0,7.9,0.0,10.0,47.4,26.0,1.6,12.8,68.4,5.4,413.0,5.5,2271.0,14.0,8,17.0,"PB,AP-1,AP MVP-4,AP OPoY-1",Jamal Lewis,LewiJa00,,,,,,,,,,,,,,,,,,,,,,,,
2004,25,BAL,RB,12,12,235.0,1006.0,7.0,51.0,45.1,75.0,4.3,83.8,19.6,12,10,116.0,11.6,0.0,5.0,50.0,46.0,0.8,9.7,83.3,9.7,245.0,4.6,1122.0,7.0,2,7.0,,Jamal Lewis,LewiJa00,,,,,,,,,,,,,,,,,,,,,,,,
2005,26,BAL,RB,15,15,269.0,906.0,3.0,49.0,41.3,25.0,3.4,60.4,17.9,44,32,191.0,6.0,1.0,6.0,38.6,15.0,2.1,12.7,72.7,4.3,301.0,3.6,1097.0,4.0,5,5.0,,Jamal Lewis,LewiJa00,,,,,,,,,,,,,,,,,,,,,,,,
2006,27,BAL,RB,16,16,314.0,1132.0,9.0,48.0,39.8,52.0,3.6,70.8,19.6,26,18,115.0,6.4,0.0,5.0,42.3,15.0,1.1,7.2,69.2,4.4,332.0,3.8,1247.0,9.0,4,7.0,,Jamal Lewis,LewiJa00,,,,,,,,,,,,,,,,,,,,,,,,
2007,28,CLE,RB,15,15,298.0,1304.0,9.0,59.0,42.6,66.0,4.4,86.9,19.9,39,30,248.0,8.3,2.0,8.0,53.8,34.0,2.0,16.5,76.9,6.4,328.0,4.7,1552.0,11.0,4,12.0,AP CPoY-4,Jamal Lewis,LewiJa00,,,,,,,,,,,,,,,,,,,,,,,,
2008,29,CLE,RB,16,16,279.0,1002.0,4.0,43.0,38.7,29.0,3.6,62.6,17.4,32,23,178.0,7.7,0.0,8.0,50.0,18.0,1.4,11.1,71.9,5.6,302.0,3.9,1180.0,4.0,2,5.0,,Jamal Lewis,LewiJa00,,,,,,,,,,,,,,,,,,,,,,,,
2009,30,CLE,RB,9,8,143.0,500.0,0.0,18.0,37.8,18.0,3.5,55.6,15.9,11,8,88.0,11.0,0.0,5.0,54.5,19.0,0.9,9.8,72.7,8.0,151.0,3.9,588.0,0.0,0,3.0,,Jamal Lewis,LewiJa00,,,,,,,,,,,,,,,,,,,,,,,,
2017,22,PIT,RB,14,0,,,,,,,,,,1,0,,,,,,,,,,,,,,,0,1.0,,James Conner,ConnJa00,NFL,32.0,144.0,0.0,4.0,50.0,23.0,4.5,10.3,2.3,0.0,,0.0,0.0,0.0,,0.0,0.0,0.0,0.0,32.0,4.5,144.0,0.0
2018,23,PIT,RB,13,12,,,,,,,,,,71,55,,,,,,,,,,,,,,,4,10.0,,James Conner,ConnJa00,NFL,215.0,973.0,12.0,56.0,48.4,30.0,4.5,74.8,16.5,497.0,9.0,1.0,20.0,52.1,29.0,4.2,38.2,77.5,7.0,270.0,5.4,1470.0,13.0
2019,24,PIT,RB,10,10,,,,,,,,,,38,34,,,,,,,,,,,,,,,1,4.0,,James Conner,ConnJa00,NFL,116.0,464.0,4.0,26.0,43.1,25.0,4.0,46.4,11.6,251.0,7.4,3.0,14.0,55.3,26.0,3.4,25.1,89.5,6.6,150.0,4.8,715.0,7.0
2020,25,PIT,RB,13,11,,,,,,,,,,43,35,,,,,,,,,,,,,,,2,6.0,,James Conner,ConnJa00,NFL,169.0,721.0,6.0,42.0,46.7,59.0,4.3,55.5,13.0,215.0,6.1,0.0,10.0,41.9,18.0,2.7,16.5,81.4,5.0,204.0,4.6,936.0,6.0
2021,26,ARI,RB,15,6,,,,,,,,,,39,37,,,,,,,,,,,,,,,2,7.0,,James Conner,ConnJa00,NFL,202.0,752.0,15.0,53.0,50.0,35.0,3.7,50.1,13.5,375.0,10.1,3.0,18.0,71.8,45.0,2.5,25.0,94.9,9.6,239.0,4.7,1127.0,18.0
2022,27,ARI,RB,13,13,,,,,,,,,,58,46,,,,,,,,,,,,,,,3,7.0,,James Conner,ConnJa00,NFL,183.0,782.0,7.0,48.0,55.2,23.0,4.3,60.2,14.1,300.0,6.5,1.0,13.0,44.8,22.0,3.5,23.1,79.3,5.2,229.0,4.7,1082.0,8.0
2023,28,ARI,RB,13,13,,,,,,,,,,33,27,,,,,,,,,,,,,,,0,9.0,,James Conner,ConnJa00,NFL,208.0,1040.0,7.0,57.0,49.5,44.0,5.0,80.0,16.0,165.0,6.1,2.0,11.0,39.4,34.0,2.1,12.7,81.8,5.0,235.0,5.1,1205.0,9.0
2024,29,ARI,RB,16,16,,,,,,,,,,55,47,,,,,,,,,,,,,,,4,11.0,,James Conner,ConnJa00,NFL,236.0,1094.0,8.0,67.0,51.7,53.0,4.6,68.4,14.8,414.0,8.8,1.0,17.0,56.4,44.0,2.9,25.9,85.5,7.5,283.0,5.3,1508.0,9.0
2025,30,ARI,RB,3,3,,,,,,,,,,9,8,,,,,,,,,,,,,,,1,,,James Conner,ConnJa00,NFL,32.0,95.0,1.0,7.0,43.8,12.0,3.0,31.7,10.7,38.0,4.8,1.0,4.0,55.6,18.0,2.7,12.7,88.9,4.2,40.0,3.3,133.0,2.0
2022,23,BUF,RB,16,0,,,,,,,,,,32,21,,,,,,,,,,,,,,,1,5.0,,James Cook,CookJa01,NFL,89.0,507.0,2.0,25.0,50.6,33.0,5.7,31.7,5.6,180.0,8.6,1.0,5.0,46.9,41.0,1.3,11.3,65.6,5.6,110.0,6.2,687.0,3.0
2023,24,BUF,RB,17,13,,,,,,,,,,54,44,,,,,,,,,,,,,,,4,13.0,,James Cook,CookJa01,NFL,237.0,1122.0,2.0,57.0,55.7,42.0,4.7,66.0,13.9,445.0,10.1,4.0,16.0,59.3,48.0,2.6,26.2,81.5,8.2,281.0,5.6,1567.0,6.0
2024,25,BUF,RB,16,16,,,,,,,,,,38,32,,,,,,,,,,,,,,,1,11.0,,James Cook,CookJa01,NFL,207.0,1009.0,16.0,63.0,53.1,65.0,4.9,63.1,12.9,258.0,8.1,2.0,16.0,50.0,28.0,2.0,16.1,84.2,6.8,239.0,5.3,1267.0,18.0
2025,26,BUF,RB,17,17,,,,,,,,,,40,33,,,,,,,,,,,,,,,6,16.0,,James Cook,CookJa01,NFL,309.0,1621.0,12.0,68.0,56.6,64.0,5.2,95.4,18.2,291.0,8.8,2.0,11.0,50.0,51.0,1.9,17.1,82.5,7.3,342.0,5.6,1912.0,14.0
2021,21,DEN,RB,17,1,203.0,903.0,4.0,52.0,46.3,49.0,4.4,53.1,11.9,53,43,316.0,7.3,3.0,12.0,37.7,42.0,2.5,18.6,81.1,6.0,246.0,5.0,1219.0,7.0,2,8.0,,Javonte Williams,WillJa10,,,,,,,,,,,,,,,,,,,,,,,,
2022,22,DEN,RB,4,4,47.0,204.0,0.0,9.0,48.9,17.0,4.3,51.0,11.8,22,16,76.0,4.8,0.0,4.0,31.8,13.0,4.0,19.0,72.7,3.5,63.0,4.4,280.0,0.0,1,1.0,,Javonte Williams,WillJa10,,,,,,,,,,,,,,,,,,,,,,,,
2023,23,DEN,RB,16,13,217.0,774.0,3.0,41.0,40.6,21.0,3.6,48.4,13.6,58,47,228.0,4.9,2.0,10.0,48.3,18.0,2.9,14.3,81.0,3.9,264.0,3.8,1002.0,5.0,1,6.0,,Javonte Williams,WillJa10,,,,,,,,,,,,,,,,,,,,,,,,
2024,24,DEN,RB,17,11,139.0,513.0,4.0,30.0,46.8,20.0,3.7,30.2,8.2,70,52,346.0,6.7,0.0,14.0,37.1,34.0,3.1,20.4,74.3,4.9,191.0,4.5,859.0,4.0,2,6.0,,Javonte Williams,WillJa10,,,,,,,,,,,,,,,,,,,,,,,,
2025,25,DAL,RB,16,16,252.0,1201.0,11.0,67.0,56.3,66.0,4.8,75.1,15.8,51,35,137.0,3.9,2.0,7.0,33.3,14.0,2.2,8.6,68.6,2.7,287.0,4.7,1338.0,13.0,2,9.0,,Javonte Williams,WillJa10,,,,,,,,,,,,,,,,,,,,,,,,
2022,24,PIT,RB,16,0,77.0,379.0,1.0,20.0,53.2,31.0,4.9,23.7,4.8,33,28,214.0,7.6,0.0,14.0,51.5,26.0,1.8,13.4,84.8,6.5,105.0,5.6,593.0,1.0,1,4.0,,Jaylen Warren,WarrJa01,,,,,,,,,,,,,,,,,,,,,,,,
2023,25,PIT,RB,17,0,149.0,784.0,4.0,38.0,49.7,74.0,5.3,46.1,8.8,74,61,370.0,6.1,0.0,20.0,44.6,30.0,3.6,21.8,82.4,5.0,210.0,5.5,1154.0,4.0,4,7.0,,Jaylen Warren,WarrJa01,,,,,,,,,,,,,,,,,,,,,,,,
2024,26,PIT,RB,15,0,120.0,511.0,1.0,29.0,50.0,22.0,4.3,34.1,8.0,47,38,310.0,8.2,0.0,17.0,46.8,29.0,2.5,20.7,80.9,6.6,158.0,5.2,821.0,1.0,2,6.0,,Jaylen Warren,WarrJa01,,,,,,,,,,,,,,,,,,,,,,,,
2025,27,PIT,RB,16,15,211.0,958.0,6.0,52.0,54.5,45.0,4.5,59.9,13.2,45,40,333.0,8.3,2.0,13.0,55.6,65.0,2.5,20.8,88.9,7.4,251.0,5.1,1291.0,8.0,1,10.0,,Jaylen Warren,WarrJa01,,,,,,,,,,,,,,,,,,,,,,,,
1993,21,RAM,RB,16,12,294.0,1429.0,7.0,79.0,57.5,71.0,4.9,89.3,18.4,34,26,244.0,9.4,0.0,9.0,52.9,28.0,1.6,15.3,76.5,7.2,320.0,5.2,1673.0,7.0,4,12.0,"PB,AP-1,AP ORoY-1",Jerome Bettis,BettJe00,,,,,,,,,,,,,,,,,,,,,,,,
1994,22,RAM,RB,16,16,319.0,1025.0,3.0,53.0,43.3,19.0,3.2,64.1,19.9,46,31,293.0,9.5,1.0,16.0,47.8,34.0,1.9,18.3,67.4,6.4,350.0,3.8,1318.0,4.0,5,8.0,PB,Jerome Bettis,BettJe00,,,,,,,,,,,,,,,,,,,,,,,,
1995,23,STL,RB,15,13,183.0,637.0,3.0,24.0,37.2,41.0,3.5,42.5,12.2,23,18,106.0,5.9,0.0,4.0,34.8,19.0,1.2,7.1,78.3,4.6,201.0,3.7,743.0,3.0,4,4.0,,Jerome Bettis,BettJe00,,,,,,,,,,,,,,,,,,,,,,,,
1996,24,PIT,RB,16,12,320.0,1431.0,11.0,76.0,51.3,50.0,4.5,89.4,20.0,32,22,122.0,5.5,0.0,6.0,37.5,16.0,1.4,7.6,68.8,3.8,342.0,4.5,1553.0,11.0,7,12.0,"PB,AP-1,AP MVP-4,AP OPoY-4",Jerome Bettis,BettJe00,,,,,,,,,,,,,,,,,,,,,,,,
1997,25,PIT,RB,15,15,375.0,1665.0,7.0,94.0,52.0,34.0,4.4,111.0,25.0,24,15,110.0,7.3,2.0,5.0,37.5,19.0,1.0,7.3,62.5,4.6,390.0,4.6,1775.0,9.0,6,15.0,"PB,AP-2,AP MVP-5",Jerome Bettis,BettJe00,,,,,,,,,,,,,,,,,,,,,,,,
1998,26,PIT,RB,15,15,316.0,1185.0,3.0,58.0,42.1,42.0,3.8,79.0,21.1,23,16,90.0,5.6,0.0,2.0,43.5,26.0,1.1,6.0,69.6,3.9,332.0,3.8,1275.0,3.0,2,6.0,,Jerome Bettis,BettJe00,,,,,,,,,,,,,,,,,,,,,,,,
1999,27,PIT,RB,16,16,299.0,1091.0,7.0,64.0,46.2,35.0,3.6,68.2,18.7,28,21,110.0,5.2,0.0,2.0,39.3,17.0,1.3,6.9,75.0,3.9,320.0,3.8,1201.0,7.0,2,9.0,,Jerome Bettis,BettJe00,,,,,,,,,,,,,,,,,,,,,,,,
2000,28,PIT,RB,16,16,355.0,1341.0,8.0,72.0,47.3,30.0,3.8,83.8,22.2,19,13,97.0,7.5,0.0,5.0,47.4,25.0,0.8,6.1,68.4,5.1,368.0,3.9,1438.0,8.0,1,10.0,,Jerome Bettis,BettJe00,,,,,,,,,,,,,,,,,,,,,,,,
2001,29,PIT,RB,11,11,225.0,1072.0,4.0,46.0,43.1,48.0,4.8,97.5,20.5,10,8,48.0,6.0,0.0,2.0,40.0,16.0,0.7,4.4,80.0,4.8,233.0,4.8,1120.0,4.0,3,9.0,PB,Jerome Bettis,BettJe00,,,,,,,,,,,,,,,,,,,,,,,,
2002,30,PIT,RB,13,11,187.0,666.0,9.0,42.0,46.5,41.0,3.6,51.2,14.4,9,7,57.0,8.1,0.0,3.0,66.7,15.0,0.5,4.4,77.8,6.3,194.0,3.7,723.0,9.0,1,5.0,,Jerome Bettis,BettJe00,,,,,,,,,,,,,,,,,,,,,,,,
2003,31,PIT,RB,16,10,246.0,811.0,7.0,44.0,46.7,21.0,3.3,50.7,15.4,22,13,86.0,6.6,0.0,5.0,36.4,16.0,0.8,5.4,59.1,3.9,259.0,3.5,897.0,7.0,5,4.0,,Jerome Bettis,BettJe00,,,,,,,,,,,,,,,,,,,,,,,,
2004,32,PIT,RB,15,6,250.0,941.0,13.0,50.0,48.0,29.0,3.8,62.7,16.7,8,6,46.0,7.7,0.0,2.0,50.0,20.0,0.4,3.1,75.0,5.8,256.0,3.9,987.0,13.0,1,7.0,"PB,AP CPoY-4",Jerome Bettis,BettJe00,,,,,,,,,,,,,,,,,,,,,,,,
2005,33,PIT,RB,12,0,110.0,368.0,9.0,30.0,50.0,39.0,3.3,30.7,9.2,4,4,40.0,10.0,0.0,2.0,100.0,16.0,0.3,3.3,100.0,10.0,114.0,3.6,408.0,9.0,0,3.0,,Jerome Bettis,BettJe00,,,,,,,,,,,,,,,,,,,,,,,,
2017,21,CIN,RB,14,7,,,,,,,,,,34,30,,,,,,,,,,,,,,,3,7.0,,Joe Mixon,MixoJo00,NFL,178.0,626.0,4.0,39.0,41.0,25.0,3.5,44.7,12.7,287.0,9.6,0.0,10.0,55.9,67.0,2.1,20.5,88.2,8.4,208.0,4.4,913.0,4.0
2018,22,CIN,RB,14,13,,,,,,,,,,55,43,,,,,,,,,,,,,,,0,11.0,,Joe Mixon,MixoJo00,NFL,237.0,1168.0,8.0,60.0,48.5,51.0,4.9,83.4,16.9,296.0,6.9,1.0,14.0,50.9,21.0,3.1,21.1,78.2,5.4,280.0,5.2,1464.0,9.0
2019,23,CIN,RB,16,15,,,,,,,,,,45,35,,,,,,,,,,,,,,,0,7.0,,Joe Mixon,MixoJo00,NFL,278.0,1137.0,5.0,56.0,45.3,41.0,4.1,71.1,17.4,287.0,8.2,3.0,14.0,51.1,33.0,2.2,17.9,77.8,6.4,313.0,4.5,1424.0,8.0
2020,24,CIN,RB,6,6,,,,,,,,,,26,21,,,,,,,,,,,,,,,1,3.0,,Joe Mixon,MixoJo00,NFL,119.0,428.0,3.0,20.0,46.2,34.0,3.6,71.3,19.8,138.0,6.6,1.0,5.0,46.2,19.0,3.5,23.0,80.8,5.3,140.0,4.0,566.0,4.0
2021,25,CIN,RB,16,16,,,,,,,,,,48,42,,,,,,,,,,,,,,,2,10.0,,Joe Mixon,MixoJo00,NFL,292.0,1205.0,13.0,60.0,49.7,32.0,4.1,75.3,18.3,314.0,7.5,3.0,11.0,43.8,52.0,2.6,19.6,87.5,6.5,334.0,4.5,1519.0,16.0
2022,26,CIN,RB,14,14,,,,,,,,,,75,60,,,,,,,,,,,,,,,0,9.0,,Joe Mixon,MixoJo00,NFL,210.0,814.0,7.0,47.0,52.4,40.0,3.9,58.1,15.0,441.0,7.4,2.0,17.0,50.7,35.0,4.3,31.5,80.0,5.9,270.0,4.6,1255.0,9.0
2023,27,CIN,RB,17,17,,,,,,,,,,64,52,,,,,,,,,,,,,,,0,10.0,,Joe Mixon,MixoJo00,NFL,257.0,1034.0,9.0,59.0,49.4,44.0,4.0,60.8,15.1,376.0,7.2,3.0,14.0,54.7,45.0,3.1,22.1,81.3,5.9,309.0,4.6,1410.0,12.0
2024,28,HOU,RB,14,14,,,,,,,,,,52,36,,,,,,,,,,,,,,,0,8.0,,Joe Mixon,MixoJo00,NFL,245.0,1016.0,11.0,52.0,42.4,59.0,4.1,72.6,17.5,309.0,8.6,1.0,12.0,53.8,37.0,2.6,22.1,69.2,5.9,281.0,4.7,1325.0,12.0
2020,21,IND,RB,15,13,232.0,1169.0,11.0,69.0,52.2,62.0,5.0,77.9,15.5,39,36,299.0,8.3,1.0,12.0,51.3,39.0,2.4,19.9,92.3,7.7,268.0,5.5,1468.0,12.0,1,11.0,,Jonathan Taylor,TaylJo02,,,,,,,,,,,,,,,,,,,,,,,,
2021,22,IND,RB,17,17,332.0,1811.0,18.0,107.0,55.4,83.0,5.5,106.5,19.5,51,40,360.0,9.0,2.0,12.0,43.1,76.0,2.4,21.2,78.4,7.1,372.0,5.8,2171.0,20.0,4,17.0,"PB,AP-1,AP OPoY-2",Jonathan Taylor,TaylJo02,,,,,,,,,,,,,,,,,,,,,,,,
2022,23,IND,RB,11,11,192.0,861.0,4.0,39.0,48.4,66.0,4.5,78.3,17.5,40,28,143.0,5.1,0.0,4.0,32.5,19.0,2.5,13.0,70.0,3.6,220.0,4.6,1004.0,4.0,3,5.0,,Jonathan Taylor,TaylJo02,,,,,,,,,,,,,,,,,,,,,,,,
2023,24,IND,RB,10,7,169.0,741.0,7.0,42.0,49.1,49.0,4.4,74.1,16.9,23,19,153.0,8.1,1.0,5.0,43.5,40.0,1.9,15.3,82.6,6.7,188.0,4.8,894.0,8.0,1,6.0,,Jonathan Taylor,TaylJo02,,,,,,,,,,,,,,,,,,,,,,,,
2024,25,IND,RB,14,13,303.0,1431.0,11.0,71.0,45.9,70.0,4.7,102.2,21.6,31,18,136.0,7.6,1.0,7.0,32.3,25.0,1.3,9.7,58.1,4.4,321.0,4.9,1567.0,12.0,4,9.0,"PB,AP CPoY-19",Jonathan Taylor,TaylJo02,,,,,,,,,,,,,,,,,,,,,,,,
2025,26,IND,RB,17,17,323.0,1585.0,18.0,84.0,51.7,83.0,4.9,93.2,19.0,55,46,378.0,8.2,2.0,15.0,54.5,43.0,2.7,22.2,83.6,6.9,369.0,5.3,1963.0,20.0,2,16.0,PB,Jonathan Taylor,TaylJo02,,,,,,,,,,,,,,,,,,,,,,,,
2022,23,SFO,RB,16,0,,,,,,,,,,0,0,,,,,,,,,,,,,,,0,2.0,,Jordan Mason,MasoJo00,NFL,43.0,258.0,1.0,10.0,58.1,55.0,6.0,16.1,2.7,0.0,,0.0,0.0,,,0.0,0.0,,,43.0,6.0,258.0,1.0
2023,24,SFO,RB,17,0,,,,,,,,,,4,3,,,,,,,,,,,,,,,0,2.0,,Jordan Mason,MasoJo00,NFL,40.0,206.0,3.0,13.0,55.0,26.0,5.2,12.1,2.4,31.0,10.3,0.0,1.0,50.0,13.0,0.2,1.8,75.0,7.8,43.0,5.5,237.0,3.0
2024,25,SFO,RB,12,6,,,,,,,,,,14,11,,,,,,,,,,,,,,,3,5.0,,Jordan Mason,MasoJo00,NFL,153.0,789.0,3.0,37.0,47.1,38.0,5.2,65.8,12.8,91.0,8.3,0.0,5.0,64.3,24.0,0.9,7.6,78.6,6.5,164.0,5.4,880.0,3.0
2025,26,MIN,RB,16,5,,,,,,,,,,16,14,,,,,,,,,,,,,,,3,5.0,,Jordan Mason,MasoJo00,NFL,159.0,758.0,6.0,45.0,56.0,24.0,4.8,47.4,9.9,51.0,3.6,0.0,1.0,31.3,13.0,0.9,3.2,87.5,3.2,173.0,4.7,809.0,6.0
2019,21,OAK,RB,13,13,242.0,1150.0,7.0,53.0,49.6,51.0,4.8,88.5,18.6,27,20,166.0,8.3,0.0,8.0,51.9,28.0,1.5,12.8,74.1,6.1,262.0,5.0,1316.0,7.0,1,8.0,AP ORoY-2,Josh Jacobs,JacoJo01,,,,,,,,,,,,,,,,,,,,,,,,
2020,22,LVR,RB,15,15,273.0,1065.0,12.0,61.0,50.2,28.0,3.9,71.0,18.2,45,33,238.0,7.2,0.0,9.0,46.7,29.0,2.2,15.9,73.3,5.3,306.0,4.3,1303.0,12.0,2,8.0,PB,Josh Jacobs,JacoJo01,,,,,,,,,,,,,,,,,,,,,,,,
2021,23,LVR,RB,15,14,217.0,872.0,9.0,48.0,53.0,28.0,4.0,58.1,14.5,64,54,348.0,6.4,0.0,16.0,51.6,29.0,3.6,23.2,84.4,5.4,271.0,4.5,1220.0,9.0,2,7.0,,Josh Jacobs,JacoJo01,,,,,,,,,,,,,,,,,,,,,,,,
2022,24,LVR,RB,17,17,340.0,1653.0,12.0,93.0,57.4,86.0,4.9,97.2,20.0,64,53,400.0,7.5,0.0,16.0,50.0,43.0,3.1,23.5,82.8,6.3,393.0,5.2,2053.0,12.0,3,15.0,"PB,AP-1,AP OPoY-5",Josh Jacobs,JacoJo01,,,,,,,,,,,,,,,,,,,,,,,,
2023,25,LVR,RB,13,13,233.0,805.0,6.0,34.0,45.9,63.0,3.5,61.9,17.9,54,37,296.0,8.0,0.0,15.0,55.6,21.0,2.8,22.8,68.5,5.5,270.0,4.1,1101.0,6.0,3,6.0,,Josh Jacobs,JacoJo01,,,,,,,,,,,,,,,,,,,,,,,,
2024,26,GNB,RB,17,17,301.0,1329.0,15.0,75.0,52.2,38.0,4.4,78.2,17.7,43,36,342.0,9.5,1.0,18.0,53.5,49.0,2.1,20.1,83.7,8.0,337.0,5.0,1671.0,16.0,4,12.0,"PB,AP OPoY-11",Josh Jacobs,JacoJo01,,,,,,,,,,,,,,,,,,,,,,,,
2025,27,GNB,RB,15,15,234.0,929.0,13.0,55.0,49.1,40.0,4.0,61.9,15.6,44,36,282.0,7.8,1.0,8.0,52.3,31.0,2.4,18.8,81.8,6.4,270.0,4.5,1211.0,14.0,3,9.0,,Josh Jacobs,JacoJo01,,,,,,,,,,,,,,,,,,,,,,,,
2017,22,KAN,RB,16,16,272.0,1327.0,8.0,63.0,43.8,69.0,4.9,82.9,17.0,63,53,455.0,8.6,3.0,17.0,49.2,78.0,3.3,28.4,84.1,7.2,325.0,5.5,1782.0,11.0,1,15.0,"PB,AP ORoY-2",Kareem Hunt,HuntKa00,,,,,,,,,,,,,,,,,,,,,,,,
2018,23,KAN,RB,11,11,181.0,824.0,7.0,46.0,51.9,45.0,4.6,74.9,16.5,35,26,378.0,14.5,7.0,16.0,62.9,67.0,2.4,34.4,74.3,10.8,207.0,5.8,1202.0,14.0,0,11.0,,Kareem Hunt,HuntKa00,,,,,,,,,,,,,,,,,,,,,,,,
2019,24,CLE,RB,8,3,43.0,179.0,2.0,8.0,53.5,16.0,4.2,22.4,5.4,44,37,285.0,7.7,1.0,17.0,52.3,29.0,4.6,35.6,84.1,6.5,80.0,5.8,464.0,3.0,1,3.0,,Kareem Hunt,HuntKa00,,,,,,,,,,,,,,,,,,,,,,,,
2020,25,CLE,RB,16,5,198.0,841.0,6.0,44.0,48.0,33.0,4.2,52.6,12.4,51,38,304.0,8.0,5.0,19.0,54.9,26.0,2.4,19.0,74.5,6.0,236.0,4.9,1145.0,11.0,2,9.0,,Kareem Hunt,HuntKa00,,,,,,,,,,,,,,,,,,,,,,,,
2021,26,CLE,RB,8,1,78.0,386.0,5.0,22.0,47.4,33.0,4.9,48.3,9.8,27,22,174.0,7.9,0.0,10.0,51.9,23.0,2.8,21.8,81.5,6.4,100.0,5.6,560.0,5.0,0,4.0,,Kareem Hunt,HuntKa00,,,,,,,,,,,,,,,,,,,,,,,,
2022,27,CLE,RB,17,0,123.0,468.0,3.0,30.0,48.0,24.0,3.8,27.5,7.2,44,35,210.0,6.0,1.0,11.0,38.6,24.0,2.1,12.4,79.5,4.8,158.0,4.3,678.0,4.0,1,5.0,,Kareem Hunt,HuntKa00,,,,,,,,,,,,,,,,,,,,,,,,
2023,28,CLE,RB,15,2,135.0,411.0,9.0,40.0,45.9,16.0,3.0,27.4,9.0,21,15,84.0,5.6,0.0,6.0,38.1,13.0,1.0,5.6,71.4,4.0,150.0,3.3,495.0,9.0,0,3.0,,Kareem Hunt,HuntKa00,,,,,,,,,,,,,,,,,,,,,,,,
2024,29,KAN,RB,13,8,200.0,728.0,7.0,50.0,55.5,20.0,3.6,56.0,15.4,32,23,176.0,7.7,0.0,10.0,53.1,26.0,1.8,13.5,71.9,5.5,223.0,4.1,904.0,7.0,0,5.0,,Kareem Hunt,HuntKa00,,,,,,,,,,,,,,,,,,,,,,,,
2025,30,KAN,RB,17,4,163.0,611.0,8.0,55.0,57.1,33.0,3.7,35.9,9.6,25,18,143.0,7.9,1.0,8.0,44.0,22.0,1.1,8.4,72.0,5.7,181.0,4.2,754.0,9.0,2,5.0,,Kareem Hunt,HuntKa00,,,,,,,,,,,,,,,,,,,,,,,,
2022,22,SEA,RB,15,11,,,,,,,,,,35,27,,,,,,,,,,,,,,,0,8.0,,Kenneth Walker III,WalkKe00,NFL,228.0,1050.0,9.0,51.0,39.9,74.0,4.6,70.0,15.2,165.0,6.1,0.0,6.0,37.1,33.0,1.8,11.0,77.1,4.7,255.0,4.8,1215.0,9.0
2023,23,SEA,RB,15,15,,,,,,,,,,37,29,,,,,,,,,,,,,,,1,8.0,,Kenneth Walker III,WalkKe00,NFL,219.0,905.0,8.0,46.0,46.6,45.0,4.1,60.3,14.6,259.0,8.9,1.0,9.0,43.2,64.0,1.9,17.3,78.4,7.0,248.0,4.7,1164.0,9.0
2024,24,SEA,RB,11,11,,,,,,,,,,53,46,,,,,,,,,,,,,,,1,5.0,,Kenneth Walker III,WalkKe00,NFL,153.0,573.0,7.0,28.0,44.4,28.0,3.7,52.1,13.9,299.0,6.5,1.0,19.0,54.7,21.0,4.2,27.2,86.8,5.6,199.0,4.4,872.0,8.0
2025,25,SEA,RB,17,17,,,,,,,,,,36,31,,,,,,,,,,,,,,,1,9.0,,Kenneth Walker III,WalkKe00,NFL,221.0,1027.0,5.0,46.0,43.9,55.0,4.6,60.4,13.0,282.0,9.1,0.0,12.0,44.4,46.0,1.8,16.6,86.1,7.8,252.0,5.2,1309.0,5.0
2025,23,CHI,RB,17,1,,,,,,,,,,30,18,,,,,,,,,,,,,,,0,6.0,,Kyle Monangai,MonaKy00,NFL,169.0,783.0,5.0,40.0,50.9,39.0,4.6,46.1,9.9,164.0,9.1,0.0,7.0,36.7,34.0,1.1,9.6,60.0,5.5,187.0,5.1,947.0,5.0
2022,22,LAR,RB,10,0,35.0,139.0,0.0,6.0,42.9,17.0,4.0,13.9,3.5,12,9,76.0,8.4,0.0,5.0,58.3,15.0,0.9,7.6,75.0,6.3,44.0,4.9,215.0,0.0,0,2.0,,Kyren Williams,WillKy02,,,,,,,,,,,,,,,,,,,,,,,,
2023,23,LAR,RB,12,11,228.0,1144.0,12.0,65.0,59.6,56.0,5.0,95.3,19.0,48,32,206.0,6.4,3.0,9.0,43.8,24.0,2.7,17.2,66.7,4.3,260.0,5.2,1350.0,15.0,3,10.0,"PB,AP-2",Kyren Williams,WillKy02,,,,,,,,,,,,,,,,,,,,,,,,
2024,24,LAR,RB,16,16,316.0,1299.0,14.0,92.0,50.9,30.0,4.1,81.2,19.8,40,34,182.0,5.4,2.0,7.0,45.0,26.0,2.1,11.4,85.0,4.6,350.0,4.2,1481.0,16.0,5,9.0,AP OPoY-11,Kyren Williams,WillKy02,,,,,,,,,,,,,,,,,,,,,,,,
2025,25,LAR,RB,17,17,259.0,1252.0,10.0,74.0,62.9,34.0,4.8,73.6,15.2,50,36,281.0,7.8,3.0,12.0,52.0,30.0,2.1,16.5,72.0,5.6,295.0,5.2,1533.0,13.0,2,12.0,,Kyren Williams,WillKy02,,,,,,,,,,,,,,,,,,,,,,,,
2001,22,SDG,RB,16,16,339.0,1236.0,10.0,68.0,43.7,54.0,3.6,77.3,21.2,74,59,367.0,6.2,0.0,12.0,47.3,27.0,3.7,22.9,79.7,5.0,398.0,4.0,1603.0,10.0,8,10.0,AP ORoY-2,LaDainian Tomlinson,TomlLa00,,,,,,,,,,,,,,,,,,,,,,,,
2002,23,SDG,RB,16,16,372.0,1683.0,14.0,96.0,44.6,76.0,4.5,105.2,23.3,101,79,489.0,6.2,1.0,21.0,44.6,30.0,4.9,30.6,78.2,4.8,451.0,4.8,2172.0,15.0,3,15.0,"PB,AP-2",LaDainian Tomlinson,TomlLa00,,,,,,,,,,,,,,,,,,,,,,,,
2003,24,SDG,RB,16,16,313.0,1645.0,13.0,83.0,43.1,73.0,5.3,102.8,19.6,137,100,725.0,7.3,4.0,26.0,32.1,73.0,6.3,45.3,73.0,5.3,413.0,5.7,2370.0,17.0,2,19.0,"AP-2,AP OPoY-2",LaDainian Tomlinson,TomlLa00,,,,,,,,,,,,,,,,,,,,,,,,
2004,25,SDG,RB,15,15,339.0,1335.0,17.0,74.0,43.4,42.0,3.9,89.0,22.6,66,53,441.0,8.3,1.0,16.0,40.9,74.0,3.5,29.4,80.3,6.7,392.0,4.5,1776.0,18.0,6,18.0,"PB,AP-1,AP OPoY-5",LaDainian Tomlinson,TomlLa00,,,,,,,,,,,,,,,,,,,,,,,,
2005,26,SDG,RB,16,16,339.0,1462.0,18.0,72.0,46.9,62.0,4.3,91.4,21.2,77,51,370.0,7.3,2.0,15.0,33.8,41.0,3.2,23.1,66.2,4.8,390.0,4.7,1832.0,20.0,3,18.0,"PB,AP-2",LaDainian Tomlinson,TomlLa00,,,,,,,,,,,,,,,,,,,,,,,,
2006,27,SDG,RB,16,16,348.0,1815.0,28.0,83.0,47.7,85.0,5.2,113.4,21.8,80,56,508.0,9.1,3.0,23.0,48.8,51.0,3.5,31.8,70.0,6.4,404.0,5.8,2323.0,31.0,2,26.0,"PB,AP-1,AP MVP-1,AP OPoY-1",LaDainian Tomlinson,TomlLa00,,,,,,,,,,,,,,,,,,,,,,,,
2007,28,SDG,RB,16,16,315.0,1474.0,15.0,75.0,44.1,49.0,4.7,92.1,19.7,86,60,475.0,7.9,3.0,20.0,38.4,36.0,3.8,29.7,69.8,5.5,375.0,5.2,1949.0,18.0,0,18.0,"PB,AP-1",LaDainian Tomlinson,TomlLa00,,,,,,,,,,,,,,,,,,,,,,,,
2008,29,SDG,RB,16,16,292.0,1110.0,11.0,52.0,43.2,45.0,3.8,69.4,18.3,77,52,426.0,8.2,1.0,18.0,44.2,32.0,3.3,26.6,67.5,5.5,344.0,4.5,1536.0,12.0,1,14.0,,LaDainian Tomlinson,TomlLa00,,,,,,,,,,,,,,,,,,,,,,,,
2009,30,SDG,RB,14,14,223.0,730.0,12.0,40.0,42.2,36.0,3.3,52.1,15.9,30,20,154.0,7.7,0.0,8.0,33.3,36.0,1.4,11.0,66.7,5.1,243.0,3.6,884.0,12.0,2,7.0,,LaDainian Tomlinson,TomlLa00,,,,,,,,,,,,,,,,,,,,,,,,
2010,31,NYJ,RB,15,13,219.0,914.0,6.0,43.0,43.4,31.0,4.2,60.9,14.6,79,52,368.0,7.1,0.0,19.0,45.6,21.0,3.5,24.5,65.8,4.7,271.0,4.7,1282.0,6.0,4,8.0,,LaDainian Tomlinson,TomlLa00,,,,,,,,,,,,,,,,,,,,,,,,
2011,32,NYJ,RB,14,1,75.0,280.0,1.0,15.0,45.3,20.0,3.7,20.0,5.4,61,42,449.0,10.7,2.0,12.0,31.1,74.0,3.0,32.1,68.9,7.4,117.0,6.2,729.0,3.0,0,5.0,,LaDainian Tomlinson,TomlLa00,,,,,,,,,,,,,,,,,,,,,,,,
2009,21,PHI,RB,16,4,155.0,637.0,4.0,29.0,42.6,66.0,4.1,39.8,9.7,55,40,308.0,7.7,0.0,13.0,41.8,45.0,2.5,19.3,72.7,5.6,195.0,4.8,945.0,4.0,2,8.0,,LeSean McCoy,McCoLe01,,,,,,,,,,,,,,,,,,,,,,,,
2010,22,PHI,RB,15,13,207.0,1080.0,7.0,46.0,46.4,62.0,5.2,72.0,13.8,91,78,592.0,7.6,2.0,29.0,59.3,40.0,5.2,39.5,85.7,6.5,285.0,5.9,1672.0,9.0,2,13.0,,LeSean McCoy,McCoLe01,,,,,,,,,,,,,,,,,,,,,,,,
2011,23,PHI,RB,15,15,273.0,1309.0,17.0,85.0,50.9,60.0,4.8,87.3,18.2,69,48,315.0,6.6,3.0,18.0,44.9,26.0,3.2,21.0,69.6,4.6,321.0,5.1,1624.0,20.0,1,10.0,"PB,AP-1",LeSean McCoy,McCoLe01,,,,,,,,,,,,,,,,,,,,,,,,
2012,24,PHI,RB,12,12,200.0,840.0,2.0,45.0,49.5,34.0,4.2,70.0,16.7,67,54,373.0,6.9,3.0,20.0,46.3,36.0,4.5,31.1,80.6,5.6,254.0,4.8,1213.0,5.0,4,7.0,,LeSean McCoy,McCoLe01,,,,,,,,,,,,,,,,,,,,,,,,
2013,25,PHI,RB,16,16,314.0,1607.0,9.0,79.0,49.7,57.0,5.1,100.4,19.6,64,52,539.0,10.4,2.0,24.0,51.6,70.0,3.3,33.7,81.3,8.4,366.0,5.9,2146.0,11.0,1,15.0,"PB,AP-1,AP OPoY-2,AP CPoY-11",LeSean McCoy,McCoLe01,,,,,,,,,,,,,,,,,,,,,,,,
2014,26,PHI,RB,16,16,312.0,1319.0,5.0,68.0,44.6,53.0,4.2,82.4,19.5,37,28,155.0,5.5,0.0,10.0,43.2,18.0,1.8,9.7,75.7,4.2,340.0,4.3,1474.0,5.0,4,8.0,PB,LeSean McCoy,McCoLe01,,,,,,,,,,,,,,,,,,,,,,,,
2015,27,BUF,RB,12,12,203.0,895.0,3.0,42.0,45.8,48.0,4.4,74.6,16.9,50,32,292.0,9.1,2.0,12.0,46.0,22.0,2.7,24.3,64.0,5.8,235.0,5.1,1187.0,5.0,2,9.0,PB,LeSean McCoy,McCoLe01,,,,,,,,,,,,,,,,,,,,,,,,
2016,28,BUF,RB,15,15,234.0,1267.0,13.0,56.0,49.6,75.0,5.4,84.5,15.6,57,50,356.0,7.1,1.0,17.0,54.4,41.0,3.3,23.7,87.7,6.2,284.0,5.7,1623.0,14.0,3,13.0,PB,LeSean McCoy,McCoLe01,,,,,,,,,,,,,,,,,,,,,,,,
2017,29,BUF,RB,16,16,287.0,1138.0,6.0,57.0,42.2,48.0,4.0,71.1,17.9,77,59,448.0,7.6,2.0,23.0,42.9,39.0,3.7,28.0,76.6,5.8,346.0,4.6,1586.0,8.0,3,11.0,PB,LeSean McCoy,McCoLe01,,,,,,,,,,,,,,,,,,,,,,,,
2018,30,BUF,RB,14,13,161.0,514.0,3.0,22.0,36.0,28.0,3.2,36.7,11.5,46,34,238.0,7.0,0.0,10.0,37.0,24.0,2.4,17.0,73.9,5.2,195.0,3.9,752.0,3.0,0,4.0,,LeSean McCoy,McCoLe01,,,,,,,,,,,,,,,,,,,,,,,,
2019,31,KAN,RB,13,9,101.0,465.0,4.0,24.0,46.5,39.0,4.6,35.8,7.8,34,28,181.0,6.5,1.0,6.0,44.1,23.0,2.2,13.9,82.4,5.3,129.0,5.0,646.0,5.0,3,5.0,,LeSean McCoy,McCoLe01,,,,,,,,,,,,,,,,,,,,,,,,
2020,32,TAM,RB,10,0,10.0,31.0,0.0,2.0,40.0,14.0,3.1,3.1,1.0,19,15,101.0,6.7,0.0,3.0,15.8,15.0,1.5,10.1,78.9,5.3,25.0,5.3,132.0,0.0,0,1.0,,LeSean McCoy,McCoLe01,,,,,,,,,,,,,,,,,,,,,,,,
2013,21,PIT,RB,13,13,244.0,860.0,8.0,53.0,45.5,43.0,3.5,66.2,18.8,66,45,399.0,8.9,0.0,15.0,43.9,43.0,3.5,30.7,68.2,6.0,289.0,4.4,1259.0,8.0,1,8.0,,Le'Veon Bell,BellLe00,,,,,,,,,,,,,,,,,,,,,,,,
2014,22,PIT,RB,16,16,290.0,1361.0,8.0,75.0,49.3,81.0,4.7,85.1,18.1,105,83,854.0,10.3,3.0,41.0,60.0,48.0,5.2,53.4,79.0,8.1,373.0,5.9,2215.0,11.0,0,17.0,"PB,AP-1,AP OPoY-4",Le'Veon Bell,BellLe00,,,,,,,,,,,,,,,,,,,,,,,,
2015,23,PIT,RB,6,6,113.0,556.0,3.0,27.0,45.1,42.0,4.9,92.7,18.8,26,24,136.0,5.7,0.0,4.0,34.6,20.0,4.0,22.7,92.3,5.2,137.0,5.1,692.0,3.0,0,5.0,,Le'Veon Bell,BellLe00,,,,,,,,,,,,,,,,,,,,,,,,
2016,24,PIT,RB,12,12,261.0,1268.0,7.0,70.0,53.3,44.0,4.9,105.7,21.8,94,75,616.0,8.2,2.0,32.0,58.5,32.0,6.3,51.3,79.8,6.6,336.0,5.6,1884.0,9.0,4,15.0,"PB,AP-2,AP OPoY-6,AP CPoY-4",Le'Veon Bell,BellLe00,,,,,,,,,,,,,,,,,,,,,,,,
2017,25,PIT,RB,15,15,321.0,1291.0,9.0,71.0,45.5,27.0,4.0,86.1,21.4,106,85,655.0,7.7,2.0,32.0,56.6,42.0,5.7,43.7,80.2,6.2,406.0,4.8,1946.0,11.0,3,15.0,"PB,AP-1",Le'Veon Bell,BellLe00,,,,,,,,,,,,,,,,,,,,,,,,
2019,27,NYJ,RB,15,15,245.0,789.0,3.0,36.0,40.4,19.0,3.2,52.6,16.3,78,66,461.0,7.0,1.0,20.0,46.2,23.0,4.4,30.7,84.6,5.9,311.0,4.0,1250.0,4.0,1,5.0,,Le'Veon Bell,BellLe00,,,,,,,,,,,,,,,,,,,,,,,,
2020,28,2TM,RB,11,4,82.0,328.0,2.0,21.0,52.4,16.0,4.0,29.8,7.5,20,16,138.0,8.6,0.0,7.0,65.0,30.0,1.5,12.5,80.0,6.9,98.0,4.8,466.0,2.0,1,3.0,,Le'Veon Bell,BellLe00,,,,,,,,,,,,,,,,,,,,,,,,
2021,29,2TM,RB,8,0,39.0,101.0,2.0,9.0,46.2,12.0,2.6,12.6,4.9,7,5,30.0,6.0,1.0,3.0,42.9,15.0,0.6,3.8,71.4,4.3,44.0,3.0,131.0,3.0,0,0.0,,Le'Veon Bell,BellLe00,,,,,,,,,,,,,,,,,,,,,,,,
2017,22,JAX,RB,13,13,268.0,1040.0,9.0,51.0,43.3,90.0,3.9,80.0,20.6,48,36,302.0,8.4,1.0,18.0,56.3,28.0,2.8,23.2,75.0,6.3,304.0,4.4,1342.0,10.0,2,8.0,,Leonard Fournette,FourLe00,,,,,,,,,,,,,,,,,,,,,,,,
2018,23,JAX,RB,8,8,133.0,439.0,5.0,23.0,47.4,25.0,3.3,54.9,16.6,26,22,185.0,8.4,1.0,10.0,50.0,31.0,2.8,23.1,84.6,7.1,155.0,4.0,624.0,6.0,0,3.0,,Leonard Fournette,FourLe00,,,,,,,,,,,,,,,,,,,,,,,,
2019,24,JAX,RB,15,15,265.0,1152.0,3.0,55.0,41.1,81.0,4.3,76.8,17.7,100,76,522.0,6.9,0.0,23.0,40.0,27.0,5.1,34.8,76.0,5.2,341.0,4.9,1674.0,3.0,1,10.0,,Leonard Fournette,FourLe00,,,,,,,,,,,,,,,,,,,,,,,,
2020,25,TAM,RB,13,3,97.0,367.0,6.0,21.0,48.5,46.0,3.8,28.2,7.5,47,36,233.0,6.5,0.0,9.0,48.9,20.0,2.8,17.9,76.6,5.0,133.0,4.5,600.0,6.0,0,5.0,,Leonard Fournette,FourLe00,,,,,,,,,,,,,,,,,,,,,,,,
2021,26,TAM,RB,14,13,180.0,812.0,8.0,50.0,56.1,47.0,4.5,58.0,12.9,84,69,454.0,6.6,2.0,32.0,57.1,23.0,4.9,32.4,82.1,5.4,249.0,5.1,1266.0,10.0,1,9.0,,Leonard Fournette,FourLe00,,,,,,,,,,,,,,,,,,,,,,,,
2022,27,TAM,RB,16,9,189.0,668.0,3.0,40.0,49.2,23.0,3.5,41.8,11.8,83,73,523.0,7.2,3.0,27.0,55.4,44.0,4.6,32.7,88.0,6.3,262.0,4.5,1191.0,6.0,0,7.0,,Leonard Fournette,FourLe00,,,,,,,,,,,,,,,,,,,,,,,,
2023,28,BUF,RB,2,0,12.0,40.0,0.0,2.0,41.7,9.0,3.3,20.0,6.0,0,0,0.0,,0.0,0.0,,,0.0,0.0,,,12.0,3.3,40.0,0.0,0,0.0,,Leonard Fournette,FourLe00,,,,,,,,,,,,,,,,,,,,,,,,
2011,22,NOR,RB,10,4,122.0,474.0,5.0,29.0,53.3,35.0,3.9,47.4,12.2,13,11,46.0,4.2,0.0,3.0,46.2,9.0,1.1,4.6,84.6,3.5,133.0,3.9,520.0,5.0,1,4.0,,Mark Ingram,IngrMa01,,,,,,,,,,,,,,,,,,,,,,,,
2012,23,NOR,RB,16,5,156.0,602.0,5.0,29.0,47.4,31.0,3.9,37.6,9.8,10,6,29.0,4.8,0.0,2.0,30.0,16.0,0.4,1.8,60.0,2.9,162.0,3.9,631.0,5.0,0,4.0,,Mark Ingram,IngrMa01,,,,,,,,,,,,,,,,,,,,,,,,
2013,24,NOR,RB,11,3,78.0,386.0,1.0,18.0,46.2,34.0,4.9,35.1,7.1,11,7,68.0,9.7,0.0,3.0,45.5,23.0,0.6,6.2,63.6,6.2,85.0,5.3,454.0,1.0,0,3.0,,Mark Ingram,IngrMa01,,,,,,,,,,,,,,,,,,,,,,,,
2014,25,NOR,RB,13,9,226.0,964.0,9.0,52.0,49.1,31.0,4.3,74.2,17.4,36,29,145.0,5.0,0.0,5.0,38.9,14.0,2.2,11.2,80.6,4.0,255.0,4.3,1109.0,9.0,3,8.0,PB,Mark Ingram,IngrMa01,,,,,,,,,,,,,,,,,,,,,,,,
2015,26,NOR,RB,12,10,166.0,769.0,6.0,47.0,43.4,70.0,4.6,64.1,13.8,60,50,405.0,8.1,0.0,22.0,53.3,59.0,4.2,33.8,83.3,6.8,216.0,5.4,1174.0,6.0,2,8.0,,Mark Ingram,IngrMa01,,,,,,,,,,,,,,,,,,,,,,,,
2016,27,NOR,RB,16,14,205.0,1043.0,6.0,50.0,57.1,75.0,5.1,65.2,12.8,58,46,319.0,6.9,4.0,18.0,53.4,22.0,2.9,19.9,79.3,5.5,251.0,5.4,1362.0,10.0,2,11.0,,Mark Ingram,IngrMa01,,,,,,,,,,,,,,,,,,,,,,,,
2017,28,NOR,RB,16,12,230.0,1124.0,12.0,52.0,47.4,72.0,4.9,70.3,14.4,71,58,416.0,7.2,0.0,19.0,45.1,54.0,3.6,26.0,81.7,5.9,288.0,5.3,1540.0,12.0,3,14.0,PB,Mark Ingram,IngrMa01,,,,,,,,,,,,,,,,,,,,,,,,
2018,29,NOR,RB,12,6,138.0,645.0,6.0,34.0,53.6,38.0,4.7,53.8,11.5,27,21,170.0,8.1,1.0,5.0,37.0,28.0,1.8,14.2,77.8,6.3,159.0,5.1,815.0,7.0,3,7.0,,Mark Ingram,IngrMa01,,,,,,,,,,,,,,,,,,,,,,,,
2019,30,BAL,RB,15,15,202.0,1018.0,10.0,53.0,58.4,53.0,5.0,67.9,13.5,29,26,247.0,9.5,5.0,16.0,62.1,25.0,1.7,16.5,89.7,8.5,228.0,5.5,1265.0,15.0,2,12.0,PB,Mark Ingram,IngrMa01,,,,,,,,,,,,,,,,,,,,,,,,
2020,31,BAL,RB,11,9,72.0,299.0,2.0,14.0,47.2,30.0,4.2,27.2,6.5,8,6,50.0,8.3,0.0,2.0,37.5,18.0,0.5,4.5,75.0,6.3,78.0,4.5,349.0,2.0,0,3.0,,Mark Ingram,IngrMa01,,,,,,,,,,,,,,,,,,,,,,,,
2021,32,2TM,RB,14,10,160.0,554.0,2.0,23.0,38.1,28.0,3.5,39.6,11.4,35,27,162.0,6.0,0.0,9.0,45.7,34.0,1.9,11.6,77.1,4.6,187.0,3.8,716.0,2.0,1,5.0,,Mark Ingram,IngrMa01,,,,,,,,,,,,,,,,,,,,,,,,
2022,33,NOR,RB,10,3,62.0,233.0,1.0,12.0,46.8,14.0,3.8,23.3,6.2,18,16,68.0,4.3,0.0,2.0,33.3,11.0,1.6,6.8,88.9,3.8,78.0,3.9,301.0,1.0,2,2.0,,Mark Ingram,IngrMa01,,,,,,,,,,,,,,,,,,,,,,,,
1994,21,IND,RB,16,16,314.0,1282.0,11.0,58.0,43.3,52.0,4.1,80.1,19.6,74,52,522.0,10.0,1.0,22.0,44.6,85.0,3.3,32.6,70.3,7.1,366.0,4.9,1804.0,12.0,5,16.0,"PB,AP-2,AP ORoY-1",Marshall Faulk,FaulMa00,,,,,,,,,,,,,,,,,,,,,,,,
1995,22,IND,RB,16,16,289.0,1078.0,11.0,68.0,47.1,40.0,3.7,67.4,18.1,75,56,475.0,8.5,3.0,18.0,50.7,34.0,3.5,29.7,74.7,6.3,345.0,4.5,1553.0,14.0,8,13.0,"PB,AP-2",Marshall Faulk,FaulMa00,,,,,,,,,,,,,,,,,,,,,,,,
1996,23,IND,RB,13,13,198.0,587.0,7.0,41.0,39.9,43.0,3.0,45.2,15.2,80,56,428.0,7.6,0.0,18.0,47.5,30.0,4.3,32.9,70.0,5.4,254.0,4.0,1015.0,7.0,2,8.0,,Marshall Faulk,FaulMa00,,,,,,,,,,,,,,,,,,,,,,,,
1997,24,IND,RB,16,16,264.0,1054.0,7.0,65.0,48.1,45.0,4.0,65.9,16.5,73,47,471.0,10.0,1.0,15.0,35.6,58.0,2.9,29.4,64.4,6.5,311.0,4.9,1525.0,8.0,5,12.0,,Marshall Faulk,FaulMa00,,,,,,,,,,,,,,,,,,,,,,,,
1998,25,IND,RB,16,15,324.0,1319.0,6.0,62.0,43.2,68.0,4.1,82.4,20.3,106,86,908.0,10.6,4.0,44.0,59.4,78.0,5.4,56.8,81.1,8.6,410.0,5.4,2227.0,10.0,3,18.0,"PB,AP-2,AP OPoY-4",Marshall Faulk,FaulMa00,,,,,,,,,,,,,,,,,,,,,,,,
1999,26,STL,RB,16,16,253.0,1381.0,7.0,70.0,48.2,58.0,5.5,86.3,15.8,104,87,1048.0,12.0,5.0,40.0,57.7,57.0,5.4,65.5,83.7,10.1,340.0,7.1,2429.0,12.0,2,25.0,"PB,AP-1,AP MVP-2,AP OPoY-1",Marshall Faulk,FaulMa00,,,,,,,,,,,,,,,,,,,,,,,,
2000,27,STL,RB,14,14,253.0,1359.0,18.0,78.0,55.7,36.0,5.4,97.1,18.1,113,81,830.0,10.2,8.0,42.0,54.0,72.0,5.8,59.3,71.7,7.3,334.0,6.6,2189.0,26.0,0,22.0,"PB,AP-1,AP MVP-1,AP OPoY-1",Marshall Faulk,FaulMa00,,,,,,,,,,,,,,,,,,,,,,,,
2001,28,STL,RB,14,14,260.0,1382.0,12.0,70.0,54.6,71.0,5.3,98.7,18.6,104,83,765.0,9.2,9.0,40.0,62.5,65.0,5.9,54.6,79.8,7.4,343.0,6.3,2147.0,21.0,3,22.0,"PB,AP-1,AP MVP-2,AP OPoY-1",Marshall Faulk,FaulMa00,,,,,,,,,,,,,,,,,,,,,,,,
2002,29,STL,RB,14,10,212.0,953.0,8.0,54.0,50.0,44.0,4.5,68.1,15.1,102,80,537.0,6.7,2.0,23.0,44.1,40.0,5.7,38.4,78.4,5.3,292.0,5.1,1490.0,10.0,4,9.0,PB,Marshall Faulk,FaulMa00,,,,,,,,,,,,,,,,,,,,,,,,
2003,30,STL,RB,11,11,209.0,818.0,10.0,51.0,43.1,52.0,3.9,74.4,19.0,61,45,290.0,6.4,1.0,11.0,36.1,30.0,4.1,26.4,73.8,4.8,254.0,4.4,1108.0,11.0,0,9.0,AP CPoY-11,Marshall Faulk,FaulMa00,,,,,,,,,,,,,,,,,,,,,,,,
2004,31,STL,RB,14,14,195.0,774.0,3.0,46.0,46.2,40.0,4.0,55.3,13.9,65,50,310.0,6.2,1.0,12.0,40.0,25.0,3.6,22.1,76.9,4.8,245.0,4.4,1084.0,4.0,2,6.0,,Marshall Faulk,FaulMa00,,,,,,,,,,,,,,,,,,,,,,,,
2005,32,STL,RB,16,1,65.0,292.0,0.0,15.0,46.2,20.0,4.5,18.3,4.1,57,44,291.0,6.6,1.0,18.0,43.9,18.0,2.8,18.2,77.2,5.1,109.0,5.3,583.0,1.0,2,4.0,,Marshall Faulk,FaulMa00,,,,,,,,,,,,,,,,,,,,,,,,
2007,21,BUF,RB,13,13,280.0,1115.0,7.0,55.0,44.3,56.0,4.0,85.8,21.5,26,18,184.0,10.2,0.0,11.0,57.7,30.0,1.4,14.2,69.2,7.1,298.0,4.4,1299.0,7.0,2,7.0,,Marshawn Lynch,LyncMa00,,,,,,,,,,,,,,,,,,,,,,,,
2008,22,BUF,RB,15,15,250.0,1036.0,8.0,53.0,46.8,50.0,4.1,69.1,16.7,67,47,300.0,6.4,1.0,15.0,35.8,42.0,3.1,20.0,70.1,4.5,297.0,4.5,1336.0,9.0,2,9.0,PB,Marshawn Lynch,LyncMa00,,,,,,,,,,,,,,,,,,,,,,,,
2009,23,BUF,RB,13,6,120.0,450.0,2.0,18.0,37.5,47.0,3.8,34.6,9.2,37,28,179.0,6.4,0.0,6.0,27.0,35.0,2.2,13.8,75.7,4.8,148.0,4.3,629.0,2.0,3,4.0,,Marshawn Lynch,LyncMa00,,,,,,,,,,,,,,,,,,,,,,,,
2010,24,2TM,RB,16,14,202.0,737.0,6.0,38.0,44.1,39.0,3.6,46.1,12.6,26,22,145.0,6.6,0.0,5.0,65.4,22.0,1.4,9.1,84.6,5.6,224.0,3.9,882.0,6.0,4,6.0,,Marshawn Lynch,LyncMa00,,,,,,,,,,,,,,,,,,,,,,,,
2011,25,SEA,RB,15,15,285.0,1204.0,12.0,65.0,43.5,47.0,4.2,80.3,19.0,41,28,212.0,7.6,1.0,8.0,36.6,26.0,1.9,14.1,68.3,5.2,313.0,4.5,1416.0,13.0,3,9.0,PB,Marshawn Lynch,LyncMa00,,,,,,,,,,,,,,,,,,,,,,,,
2012,26,SEA,RB,16,15,315.0,1590.0,11.0,70.0,48.6,77.0,5.0,99.4,19.7,30,23,196.0,8.5,1.0,11.0,60.0,27.0,1.4,12.3,76.7,6.5,338.0,5.3,1786.0,12.0,5,15.0,"PB,AP-1",Marshawn Lynch,LyncMa00,,,,,,,,,,,,,,,,,,,,,,,,
2013,27,SEA,RB,16,16,301.0,1257.0,12.0,73.0,48.2,43.0,4.2,78.6,18.8,44,36,316.0,8.8,2.0,12.0,40.9,55.0,2.3,19.8,81.8,7.2,337.0,4.7,1573.0,14.0,4,13.0,PB,Marshawn Lynch,LyncMa00,,,,,,,,,,,,,,,,,,,,,,,,
2014,28,SEA,RB,16,14,280.0,1306.0,13.0,67.0,52.1,79.0,4.7,81.6,17.5,48,37,367.0,9.9,4.0,16.0,45.8,39.0,2.3,22.9,77.1,7.6,317.0,5.3,1673.0,17.0,3,13.0,"PB,AP-2",Marshawn Lynch,LyncMa00,,,,,,,,,,,,,,,,,,,,,,,,
2015,29,SEA,RB,7,6,111.0,417.0,3.0,29.0,46.8,24.0,3.8,59.6,15.9,21,13,80.0,6.2,0.0,5.0,28.6,19.0,1.9,11.4,61.9,3.8,124.0,4.0,497.0,3.0,0,4.0,,Marshawn Lynch,LyncMa00,,,,,,,,,,,,,,,,,,,,,,,,
2017,31,OAK,RB,15,15,207.0,891.0,7.0,45.0,47.8,51.0,4.3,59.4,13.8,31,20,151.0,7.6,0.0,6.0,35.5,26.0,1.3,10.1,64.5,4.9,227.0,4.6,1042.0,7.0,1,7.0,AP CPoY-6,Marshawn Lynch,LyncMa00,,,,,,,,,,,,,,,,,,,,,,,,
2018,32,OAK,RB,6,6,90.0,376.0,3.0,20.0,53.3,52.0,4.2,62.7,15.0,20,15,84.0,5.6,0.0,6.0,40.0,17.0,2.5,14.0,75.0,4.2,105.0,4.4,460.0,3.0,0,3.0,,Marshawn Lynch,LyncMa00,,,,,,,,,,,,,,,,,,,,,,,,
2019,33,SEA,RB,1,0,12.0,34.0,1.0,2.0,33.3,15.0,2.8,34.0,12.0,0,0,0.0,,0.0,0.0,,,0.0,0.0,,,12.0,2.8,34.0,1.0,0,0.0,,Marshawn Lynch,LyncMa00,,,,,,,,,,,,,,,,,,,,,,,,
2008,23,CHI,RB,16,16,316.0,1238.0,8.0,65.0,40.5,50.0,3.9,77.4,19.8,76,63,477.0,7.6,4.0,23.0,60.5,19.0,3.9,29.8,82.9,6.3,379.0,4.5,1715.0,12.0,1,12.0,AP ORoY-4,Matt Forte,FortMa00,,,,,,,,,,,,,,,,,,,,,,,,
2009,24,CHI,RB,16,16,258.0,929.0,4.0,41.0,41.1,61.0,3.6,58.1,16.1,72,57,471.0,8.3,0.0,17.0,37.5,37.0,3.6,29.4,79.2,6.5,315.0,4.4,1400.0,4.0,6,9.0,,Matt Forte,FortMa00,,,,,,,,,,,,,,,,,,,,,,,,
2010,25,CHI,RB,16,16,237.0,1069.0,6.0,43.0,40.9,68.0,4.5,66.8,14.8,70,51,547.0,10.7,3.0,21.0,48.6,89.0,3.2,34.2,72.9,7.8,288.0,5.6,1616.0,9.0,3,13.0,,Matt Forte,FortMa00,,,,,,,,,,,,,,,,,,,,,,,,
2011,26,CHI,RB,12,12,203.0,997.0,3.0,41.0,43.8,46.0,4.9,83.1,16.9,76,52,490.0,9.4,1.0,20.0,38.2,56.0,4.3,40.8,68.4,6.4,255.0,5.8,1487.0,4.0,2,11.0,PB,Matt Forte,FortMa00,,,,,,,,,,,,,,,,,,,,,,,,
2012,27,CHI,RB,15,15,248.0,1094.0,5.0,45.0,41.5,46.0,4.4,72.9,16.5,59,44,340.0,7.7,1.0,15.0,33.9,47.0,2.9,22.7,74.6,5.8,292.0,4.9,1434.0,6.0,2,11.0,,Matt Forte,FortMa00,,,,,,,,,,,,,,,,,,,,,,,,
2013,28,CHI,RB,16,16,289.0,1339.0,9.0,73.0,42.2,55.0,4.6,83.7,18.1,95,74,594.0,8.0,3.0,26.0,48.4,34.0,4.6,37.1,77.9,6.3,363.0,5.3,1933.0,12.0,2,15.0,PB,Matt Forte,FortMa00,,,,,,,,,,,,,,,,,,,,,,,,
2014,29,CHI,RB,16,16,266.0,1038.0,6.0,65.0,48.9,32.0,3.9,64.9,16.6,130,102,808.0,7.9,4.0,28.0,46.2,56.0,6.4,50.5,78.5,6.2,368.0,5.0,1846.0,10.0,2,13.0,,Matt Forte,FortMa00,,,,,,,,,,,,,,,,,,,,,,,,
2015,30,CHI,RB,13,13,218.0,898.0,4.0,47.0,48.2,27.0,4.1,69.1,16.8,58,44,389.0,8.8,3.0,17.0,50.0,38.0,3.4,29.9,75.9,6.7,262.0,4.9,1287.0,7.0,2,8.0,,Matt Forte,FortMa00,,,,,,,,,,,,,,,,,,,,,,,,
2016,31,NYJ,RB,14,13,218.0,813.0,7.0,36.0,40.4,32.0,3.7,58.1,15.6,43,30,263.0,8.8,1.0,10.0,48.8,40.0,2.1,18.8,69.8,6.1,248.0,4.3,1076.0,8.0,1,5.0,,Matt Forte,FortMa00,,,,,,,,,,,,,,,,,,,,,,,,
2017,32,NYJ,RB,12,4,103.0,381.0,2.0,13.0,40.8,20.0,3.7,31.8,8.6,45,37,293.0,7.9,1.0,14.0,46.7,34.0,3.1,24.4,82.2,6.5,140.0,4.8,674.0,3.0,1,5.0,,Matt Forte,FortMa00,,,,,,,,,,,,,,,,,,,,,,,,
2006,21,JAX,RB,16,1,166.0,941.0,13.0,46.0,48.8,74.0,5.7,58.8,10.4,62,46,436.0,9.5,2.0,17.0,43.5,51.0,2.9,27.3,74.2,7.0,212.0,6.5,1377.0,15.0,1,13.0,AP ORoY-2,Maurice Jones-Drew,DrewMa00,,,,,,,,,,,,,,,,,,,,,,,,
2007,22,JAX,RB,15,0,167.0,768.0,9.0,47.0,44.3,57.0,4.6,51.2,11.1,55,40,407.0,10.2,0.0,22.0,52.7,43.0,2.7,27.1,72.7,7.4,207.0,5.7,1175.0,9.0,2,13.0,,Maurice Jones-Drew,DrewMa00,,,,,,,,,,,,,,,,,,,,,,,,
2008,23,JAX,RB,16,3,197.0,824.0,12.0,49.0,46.2,46.0,4.2,51.5,12.3,75,62,565.0,9.1,2.0,28.0,56.0,26.0,3.9,35.3,82.7,7.5,259.0,5.4,1389.0,14.0,6,10.0,,Maurice Jones-Drew,DrewMa00,,,,,,,,,,,,,,,,,,,,,,,,
2009,24,JAX,RB,16,16,312.0,1391.0,15.0,69.0,48.1,80.0,4.5,86.9,19.5,71,53,374.0,7.1,1.0,16.0,46.5,19.0,3.3,23.4,74.6,5.3,365.0,4.8,1765.0,16.0,2,13.0,PB,Maurice Jones-Drew,DrewMa00,,,,,,,,,,,,,,,,,,,,,,,,
2010,25,JAX,RB,14,14,299.0,1324.0,5.0,74.0,50.8,37.0,4.4,94.6,21.4,44,34,317.0,9.3,2.0,13.0,43.2,75.0,2.4,22.6,77.3,7.2,333.0,4.9,1641.0,7.0,2,14.0,PB,Maurice Jones-Drew,DrewMa00,,,,,,,,,,,,,,,,,,,,,,,,
2011,26,JAX,RB,16,16,343.0,1606.0,8.0,76.0,48.1,56.0,4.7,100.4,21.4,64,43,374.0,8.7,3.0,18.0,43.8,48.0,2.7,23.4,67.2,5.8,386.0,5.1,1980.0,11.0,6,14.0,"PB,AP-1",Maurice Jones-Drew,DrewMa00,,,,,,,,,,,,,,,,,,,,,,,,
2012,27,JAX,RB,6,5,86.0,414.0,1.0,21.0,46.5,59.0,4.8,69.0,14.3,18,14,86.0,6.1,1.0,3.0,33.3,13.0,2.3,14.3,77.8,4.8,100.0,5.0,500.0,2.0,2,3.0,,Maurice Jones-Drew,DrewMa00,,,,,,,,,,,,,,,,,,,,,,,,
2013,28,JAX,RB,15,15,234.0,803.0,5.0,46.0,36.3,48.0,3.4,53.5,15.6,60,43,314.0,7.3,0.0,13.0,51.7,17.0,2.9,20.9,71.7,5.2,277.0,4.0,1117.0,5.0,1,5.0,,Maurice Jones-Drew,DrewMa00,,,,,,,,,,,,,,,,,,,,,,,,
2014,29,OAK,RB,12,1,43.0,96.0,0.0,2.0,23.3,13.0,2.2,8.0,3.6,16,11,71.0,6.5,0.0,3.0,43.8,12.0,0.9,5.9,68.8,4.4,54.0,3.1,167.0,0.0,1,1.0,,Maurice Jones-Drew,DrewMa00,,,,,,,,,,,,,,,,,,,,,,,,
2015,22,SDG,RB,14,12,184.0,641.0,0.0,36.0,42.4,27.0,3.5,45.8,13.1,37,33,192.0,5.8,0.0,8.0,48.6,18.0,2.4,13.7,89.2,5.2,217.0,3.8,833.0,0.0,6,5.0,,Melvin Gordon,GordMe00,,,,,,,,,,,,,,,,,,,,,,,,
2016,23,SDG,RB,13,11,254.0,997.0,10.0,62.0,42.9,48.0,3.9,76.7,19.5,57,41,419.0,10.2,2.0,21.0,57.9,35.0,3.2,32.2,71.9,7.4,295.0,4.8,1416.0,12.0,2,10.0,PB,Melvin Gordon,GordMe00,,,,,,,,,,,,,,,,,,,,,,,,
2017,24,LAC,RB,16,16,284.0,1105.0,8.0,61.0,39.8,87.0,3.9,69.1,17.8,83,58,476.0,8.2,4.0,22.0,39.8,49.0,3.6,29.8,69.9,5.7,342.0,4.6,1581.0,12.0,1,10.0,,Melvin Gordon,GordMe00,,,,,,,,,,,,,,,,,,,,,,,,
2018,25,LAC,RB,12,12,175.0,885.0,10.0,47.0,51.4,34.0,5.1,73.8,14.6,66,50,490.0,9.8,4.0,21.0,48.5,66.0,4.2,40.8,75.8,7.4,225.0,6.1,1375.0,14.0,1,11.0,PB,Melvin Gordon,GordMe00,,,,,,,,,,,,,,,,,,,,,,,,
2019,26,LAC,RB,12,11,162.0,612.0,8.0,39.0,49.4,24.0,3.8,51.0,13.5,55,42,296.0,7.0,1.0,11.0,47.3,25.0,3.5,24.7,76.4,5.4,204.0,4.5,908.0,9.0,4,6.0,,Melvin Gordon,GordMe00,,,,,,,,,,,,,,,,,,,,,,,,
2020,27,DEN,RB,15,10,215.0,986.0,9.0,46.0,44.2,65.0,4.6,65.7,14.3,44,32,158.0,4.9,1.0,7.0,29.5,20.0,2.1,10.5,72.7,3.6,247.0,4.6,1144.0,10.0,4,6.0,,Melvin Gordon,GordMe00,,,,,,,,,,,,,,,,,,,,,,,,
2021,28,DEN,RB,16,16,203.0,918.0,8.0,48.0,55.2,70.0,4.5,57.4,12.7,38,28,213.0,7.6,2.0,9.0,36.8,30.0,1.8,13.3,73.7,5.6,231.0,4.9,1131.0,10.0,3,7.0,,Melvin Gordon,GordMe00,,,,,,,,,,,,,,,,,,,,,,,,
2022,29,DEN,RB,10,6,90.0,318.0,2.0,15.0,50.0,17.0,3.5,31.8,9.0,32,25,223.0,8.9,0.0,11.0,46.9,24.0,2.5,22.3,78.1,7.0,115.0,4.7,541.0,2.0,5,3.0,,Melvin Gordon,GordMe00,,,,,,,,,,,,,,,,,,,,,,,,
2023,30,BAL,RB,4,0,26.0,81.0,1.0,4.0,30.8,22.0,3.1,20.3,6.5,3,3,46.0,15.3,0.0,3.0,100.0,23.0,0.8,11.5,100.0,15.3,29.0,4.4,127.0,1.0,1,1.0,,Melvin Gordon,GordMe00,,,,,,,,,,,,,,,,,,,,,,,,
2004,22,SDG,RB,14,1,20.0,104.0,0.0,4.0,35.0,30.0,5.2,7.4,1.4,5,4,8.0,2.0,0.0,0.0,20.0,7.0,0.3,0.6,80.0,1.6,24.0,4.7,112.0,0.0,1,1.0,,Michael Turner,TurnMi00,,,,,,,,,,,,,,,,,,,,,,,,
2005,23,SDG,RB,16,0,57.0,335.0,3.0,12.0,47.4,83.0,5.9,20.9,3.6,1,0,0.0,,0.0,0.0,0.0,,0.0,0.0,0.0,0.0,57.0,5.9,335.0,3.0,0,3.0,,Michael Turner,TurnMi00,,,,,,,,,,,,,,,,,,,,,,,,
2006,24,SDG,RB,13,0,80.0,502.0,2.0,25.0,52.5,73.0,6.3,38.6,6.2,3,3,47.0,15.7,0.0,2.0,66.7,30.0,0.2,3.6,100.0,15.7,83.0,6.6,549.0,2.0,0,6.0,,Michael Turner,TurnMi00,,,,,,,,,,,,,,,,,,,,,,,,
2007,25,SDG,RB,16,0,71.0,316.0,1.0,11.0,28.2,74.0,4.5,19.8,4.4,7,4,16.0,4.0,0.0,1.0,28.6,12.0,0.3,1.0,57.1,2.3,75.0,4.4,332.0,1.0,1,3.0,,Michael Turner,TurnMi00,,,,,,,,,,,,,,,,,,,,,,,,
2008,26,ATL,RB,16,16,376.0,1699.0,17.0,85.0,46.5,70.0,4.5,106.2,23.5,9,6,41.0,6.8,0.0,2.0,44.4,18.0,0.4,2.6,66.7,4.6,382.0,4.6,1740.0,17.0,3,13.0,"PB,AP-1,AP MVP-2,AP OPoY-6",Michael Turner,TurnMi00,,,,,,,,,,,,,,,,,,,,,,,,
2009,27,ATL,RB,11,11,178.0,871.0,10.0,43.0,48.9,58.0,4.9,79.2,16.2,7,5,35.0,7.0,0.0,2.0,71.4,10.0,0.5,3.2,71.4,5.0,183.0,5.0,906.0,10.0,4,7.0,,Michael Turner,TurnMi00,,,,,,,,,,,,,,,,,,,,,,,,
2010,28,ATL,RB,16,15,334.0,1371.0,12.0,75.0,44.0,55.0,4.1,85.7,20.9,20,12,85.0,7.1,0.0,2.0,45.0,19.0,0.8,5.3,60.0,4.3,346.0,4.2,1456.0,12.0,2,13.0,"PB,AP-2",Michael Turner,TurnMi00,,,,,,,,,,,,,,,,,,,,,,,,
2011,29,ATL,RB,16,15,301.0,1340.0,11.0,63.0,44.5,81.0,4.5,83.8,18.8,26,17,168.0,9.9,0.0,8.0,53.8,32.0,1.1,10.5,65.4,6.5,318.0,4.7,1508.0,11.0,3,11.0,,Michael Turner,TurnMi00,,,,,,,,,,,,,,,,,,,,,,,,
2012,30,ATL,RB,16,16,222.0,800.0,10.0,40.0,41.0,43.0,3.6,50.0,13.9,30,19,128.0,6.7,1.0,2.0,26.7,60.0,1.2,8.0,63.3,4.3,241.0,3.9,928.0,11.0,3,6.0,,Michael Turner,TurnMi00,,,,,,,,,,,,,,,,,,,,,,,,
2019,22,PHI,RB,16,11,179.0,818.0,3.0,30.0,44.7,65.0,4.6,51.1,11.2,63,50,509.0,10.2,3.0,19.0,49.2,45.0,3.1,31.8,79.4,8.1,229.0,5.8,1327.0,6.0,2,8.0,AP ORoY-4,Miles Sanders,SandMi01,,,,,,,,,,,,,,,,,,,,,,,,
2020,23,PHI,RB,12,11,164.0,867.0,6.0,39.0,54.9,82.0,5.3,72.3,13.7,52,28,197.0,7.0,0.0,8.0,34.6,28.0,2.3,16.4,53.8,3.8,192.0,5.5,1064.0,6.0,4,6.0,,Miles Sanders,SandMi01,,,,,,,,,,,,,,,,,,,,,,,,
2021,24,PHI,RB,12,12,137.0,754.0,0.0,34.0,59.1,38.0,5.5,62.8,11.4,34,26,158.0,6.1,0.0,6.0,38.2,25.0,2.2,13.2,76.5,4.6,163.0,5.6,912.0,0.0,1,7.0,,Miles Sanders,SandMi01,,,,,,,,,,,,,,,,,,,,,,,,
2022,25,PHI,RB,17,15,259.0,1269.0,11.0,65.0,56.8,40.0,4.9,74.6,15.2,26,20,78.0,3.9,0.0,2.0,46.2,16.0,1.2,4.6,76.9,3.0,279.0,4.8,1347.0,11.0,2,10.0,PB,Miles Sanders,SandMi01,,,,,,,,,,,,,,,,,,,,,,,,
2023,26,CAR,RB,16,5,129.0,432.0,1.0,24.0,40.3,48.0,3.3,27.0,8.1,41,27,154.0,5.7,0.0,8.0,39.0,14.0,1.7,9.6,65.9,3.8,156.0,3.8,586.0,1.0,2,3.0,,Miles Sanders,SandMi01,,,,,,,,,,,,,,,,,,,,,,,,
2024,27,CAR,RB,11,2,55.0,205.0,2.0,12.0,45.5,26.0,3.7,18.6,5.0,30,24,148.0,6.2,1.0,5.0,23.3,33.0,2.2,13.5,80.0,4.9,79.0,4.5,353.0,3.0,1,3.0,,Miles Sanders,SandMi01,,,,,,,,,,,,,,,,,,,,,,,,
2025,28,DAL,RB,4,0,20.0,117.0,1.0,5.0,50.0,49.0,5.9,29.3,5.0,8,8,30.0,3.8,0.0,0.0,37.5,9.0,2.0,7.5,100.0,3.8,28.0,5.3,147.0,1.0,1,1.0,,Miles Sanders,SandMi01,,,,,,,,,,,,,,,,,,,,,,,,
2021,23,PIT,RB,17,17,307.0,1200.0,7.0,62.0,47.6,37.0,3.9,70.6,18.1,94,74,467.0,6.3,3.0,22.0,48.9,25.0,4.4,27.5,78.7,5.0,381.0,4.4,1667.0,10.0,0,10.0,PB,Najee Harris,HarrNa00,,,,,,,,,,,,,,,,,,,,,,,,
2022,24,PIT,RB,17,17,272.0,1034.0,7.0,45.0,46.0,36.0,3.8,60.8,16.0,53,41,229.0,5.6,3.0,16.0,49.1,19.0,2.4,13.5,77.4,4.3,313.0,4.0,1263.0,10.0,3,6.0,,Najee Harris,HarrNa00,,,,,,,,,,,,,,,,,,,,,,,,
2023,25,PIT,RB,17,17,255.0,1035.0,8.0,52.0,48.2,25.0,4.1,60.9,15.0,38,29,170.0,5.9,0.0,10.0,50.0,32.0,1.7,10.0,76.3,4.5,284.0,4.2,1205.0,8.0,2,7.0,,Najee Harris,HarrNa00,,,,,,,,,,,,,,,,,,,,,,,,
2024,26,PIT,RB,17,17,263.0,1043.0,6.0,51.0,43.7,36.0,4.0,61.4,15.5,48,36,283.0,7.9,0.0,14.0,45.8,32.0,2.1,16.6,75.0,5.9,299.0,4.4,1326.0,6.0,0,8.0,,Najee Harris,HarrNa00,,,,,,,,,,,,,,,,,,,,,,,,
2025,27,LAC,RB,3,0,15.0,61.0,0.0,3.0,86.7,7.0,4.1,20.3,5.0,3,3,25.0,8.3,0.0,1.0,66.7,11.0,1.0,8.3,100.0,8.3,18.0,4.8,86.0,0.0,0,1.0,,Najee Harris,HarrNa00,,,,,,,,,,,,,,,,,,,,,,,,
2018,23,CLE,RB,16,9,192.0,996.0,8.0,47.0,47.9,92.0,5.2,62.3,12.0,29,20,149.0,7.5,2.0,5.0,41.4,24.0,1.3,9.3,69.0,5.1,212.0,5.4,1145.0,10.0,0,6.0,,Nick Chubb,ChubNi00,,,,,,,,,,,,,,,,,,,,,,,,
2019,24,CLE,RB,16,16,298.0,1494.0,8.0,62.0,43.6,88.0,5.0,93.4,18.6,49,36,278.0,7.7,0.0,13.0,42.9,32.0,2.3,17.4,73.5,5.7,334.0,5.3,1772.0,8.0,3,12.0,PB,Nick Chubb,ChubNi00,,,,,,,,,,,,,,,,,,,,,,,,
2020,25,CLE,RB,12,12,190.0,1067.0,12.0,56.0,51.6,59.0,5.6,88.9,15.8,18,16,150.0,9.4,0.0,6.0,61.1,26.0,1.3,12.5,88.9,8.3,206.0,5.9,1217.0,12.0,1,9.0,PB,Nick Chubb,ChubNi00,,,,,,,,,,,,,,,,,,,,,,,,
2021,26,CLE,RB,14,14,228.0,1259.0,8.0,61.0,49.1,70.0,5.5,89.9,16.3,25,20,174.0,8.7,1.0,9.0,52.0,40.0,1.4,12.4,80.0,7.0,248.0,5.8,1433.0,9.0,2,10.0,PB,Nick Chubb,ChubNi00,,,,,,,,,,,,,,,,,,,,,,,,
2022,27,CLE,RB,17,17,302.0,1525.0,12.0,69.0,50.0,41.0,5.0,89.7,17.8,37,27,239.0,8.9,1.0,12.0,51.4,26.0,1.6,14.1,73.0,6.5,329.0,5.4,1764.0,13.0,1,12.0,"PB,AP-2",Nick Chubb,ChubNi00,,,,,,,,,,,,,,,,,,,,,,,,
2023,28,CLE,RB,2,2,28.0,170.0,0.0,8.0,57.1,20.0,6.1,85.0,14.0,4,4,21.0,5.3,0.0,1.0,50.0,10.0,2.0,10.5,100.0,5.3,32.0,6.0,191.0,0.0,0,1.0,,Nick Chubb,ChubNi00,,,,,,,,,,,,,,,,,,,,,,,,
2024,29,CLE,RB,8,8,102.0,332.0,3.0,17.0,41.2,19.0,3.3,41.5,12.8,11,5,31.0,6.2,1.0,3.0,27.3,19.0,0.6,3.9,45.5,2.8,107.0,3.4,363.0,4.0,1,2.0,AP CPoY-8,Nick Chubb,ChubNi00,,,,,,,,,,,,,,,,,,,,,,,,
2025,30,HOU,RB,15,9,122.0,506.0,3.0,20.0,48.4,30.0,4.1,33.7,8.1,20,13,67.0,5.2,0.0,1.0,35.0,27.0,0.9,4.5,65.0,3.4,135.0,4.2,573.0,3.0,0,3.0,,Nick Chubb,ChubNi00,,,,,,,,,,,,,,,,,,,,,,,,
1997,24,BAL,RB,7,0,0.0,0.0,0.0,0.0,,,,0.0,0.0,0,0,0.0,,0.0,0.0,,,0.0,0.0,,,0.0,,0.0,0.0,0,0.0,,Priest Holmes,HolmPr00,,,,,,,,,,,,,,,,,,,,,,,,
1998,25,BAL,RB,16,13,233.0,1008.0,7.0,54.0,44.6,56.0,4.3,63.0,14.6,62,43,260.0,6.0,0.0,10.0,29.0,25.0,2.7,16.3,69.4,4.2,276.0,4.6,1268.0,7.0,3,8.0,,Priest Holmes,HolmPr00,,,,,,,,,,,,,,,,,,,,,,,,
1999,26,BAL,RB,9,4,89.0,506.0,1.0,20.0,52.8,72.0,5.7,56.2,9.9,17,13,104.0,8.0,1.0,6.0,47.1,34.0,1.4,11.6,76.5,6.1,102.0,6.0,610.0,2.0,0,4.0,,Priest Holmes,HolmPr00,,,,,,,,,,,,,,,,,,,,,,,,
2000,27,BAL,RB,16,2,137.0,588.0,2.0,38.0,51.1,21.0,4.3,36.8,8.6,46,32,221.0,6.9,0.0,11.0,39.1,27.0,2.0,13.8,69.6,4.8,169.0,4.8,809.0,2.0,2,6.0,,Priest Holmes,HolmPr00,,,,,,,,,,,,,,,,,,,,,,,,
2001,28,KAN,RB,16,16,327.0,1555.0,8.0,81.0,50.5,41.0,4.8,97.2,20.4,75,62,614.0,9.9,2.0,21.0,49.3,67.0,3.9,38.4,82.7,8.2,389.0,5.6,2169.0,10.0,4,17.0,"PB,AP-1,AP OPoY-4",Priest Holmes,HolmPr00,,,,,,,,,,,,,,,,,,,,,,,,
2002,29,KAN,RB,14,14,313.0,1615.0,21.0,105.0,54.3,56.0,5.2,115.4,22.4,81,70,672.0,9.6,3.0,31.0,56.8,64.0,5.0,48.0,86.4,8.3,383.0,6.0,2287.0,24.0,1,23.0,"PB,AP-1,AP MVP-4,AP OPoY-1",Priest Holmes,HolmPr00,,,,,,,,,,,,,,,,,,,,,,,,
2003,30,KAN,RB,16,16,320.0,1420.0,27.0,90.0,57.5,31.0,4.4,88.8,20.0,90,74,690.0,9.3,0.0,35.0,56.7,36.0,4.6,43.1,82.2,7.7,394.0,5.4,2110.0,27.0,1,20.0,"PB,AP-1,AP MVP-5,AP OPoY-4,AP CPoY-11",Priest Holmes,HolmPr00,,,,,,,,,,,,,,,,,,,,,,,,
2004,31,KAN,RB,8,8,196.0,892.0,14.0,59.0,53.1,33.0,4.6,111.5,24.5,25,19,187.0,9.8,1.0,8.0,36.0,52.0,2.4,23.4,76.0,7.5,215.0,5.0,1079.0,15.0,4,8.0,,Priest Holmes,HolmPr00,,,,,,,,,,,,,,,,,,,,,,,,
2005,32,KAN,RB,7,7,119.0,451.0,6.0,30.0,43.7,35.0,3.8,64.4,17.0,32,21,197.0,9.4,1.0,7.0,43.8,60.0,3.0,28.1,65.6,6.2,140.0,4.6,648.0,7.0,1,5.0,,Priest Holmes,HolmPr00,,,,,,,,,,,,,,,,,,,,,,,,
2007,34,KAN,RB,4,2,46.0,137.0,0.0,6.0,37.0,11.0,3.0,34.3,11.5,10,5,17.0,3.4,0.0,0.0,30.0,8.0,1.3,4.3,50.0,1.7,51.0,3.0,154.0,0.0,0,1.0,,Priest Holmes,HolmPr00,,,,,,,,,,,,,,,,,,,,,,,,
2025,22,CLE,RB,14,14,230.0,827.0,7.0,50.0,40.9,46.0,3.6,59.1,16.4,36,26,171.0,6.6,0.0,7.0,33.3,58.0,1.9,12.2,72.2,4.8,256.0,3.9,998.0,7.0,0,4.0,,Quinshon Judkins,JudkQu00,,,,,,,,,,,,,,,,,,,,,,,,
2015,23,3TM,RB,11,0,0.0,0.0,0.0,0.0,,,,0.0,0.0,0,0,0.0,,0.0,0.0,,,0.0,0.0,,,0.0,,0.0,0.0,1,0.0,,Raheem Mostert,MostRa00,,,,,,,,,,,,,,,,,,,,,,,,
2016,24,2TM,RB,3,0,1.0,6.0,0.0,0.0,100.0,6.0,6.0,2.0,0.3,0,0,0.0,,0.0,0.0,,,0.0,0.0,,,1.0,6.0,6.0,0.0,0,0.0,,Raheem Mostert,MostRa00,,,,,,,,,,,,,,,,,,,,,,,,
2017,25,SFO,RB,11,0,6.0,30.0,0.0,1.0,50.0,16.0,5.0,2.7,0.5,0,0,0.0,,0.0,0.0,,,0.0,0.0,,,6.0,5.0,30.0,0.0,1,0.0,,Raheem Mostert,MostRa00,,,,,,,,,,,,,,,,,,,,,,,,
2018,26,SFO,RB,9,0,34.0,261.0,1.0,13.0,64.7,52.0,7.7,29.0,3.8,7,6,25.0,4.2,0.0,1.0,28.6,23.0,0.7,2.8,85.7,3.6,40.0,7.2,286.0,1.0,1,2.0,,Raheem Mostert,MostRa00,,,,,,,,,,,,,,,,,,,,,,,,
2019,27,SFO,RB,16,0,137.0,772.0,8.0,31.0,48.9,41.0,5.6,48.3,8.6,22,14,180.0,12.9,2.0,6.0,40.9,39.0,0.9,11.3,63.6,8.2,151.0,6.3,952.0,10.0,2,8.0,,Raheem Mostert,MostRa00,,,,,,,,,,,,,,,,,,,,,,,,
2020,28,SFO,RB,8,8,104.0,521.0,2.0,22.0,49.0,80.0,5.0,65.1,13.0,19,16,156.0,9.8,1.0,5.0,52.6,76.0,2.0,19.5,84.2,8.2,120.0,5.6,677.0,3.0,1,4.0,,Raheem Mostert,MostRa00,,,,,,,,,,,,,,,,,,,,,,,,
2021,29,SFO,RB,1,1,2.0,20.0,0.0,1.0,100.0,11.0,10.0,20.0,2.0,0,0,0.0,,0.0,0.0,,,0.0,0.0,,,2.0,10.0,20.0,0.0,0,0.0,,Raheem Mostert,MostRa00,,,,,,,,,,,,,,,,,,,,,,,,
2022,30,MIA,RB,16,14,181.0,891.0,3.0,44.0,55.2,67.0,4.9,55.7,11.3,42,31,202.0,6.5,2.0,11.0,47.6,25.0,1.9,12.6,73.8,4.8,212.0,5.2,1093.0,5.0,1,7.0,,Raheem Mostert,MostRa00,,,,,,,,,,,,,,,,,,,,,,,,
2023,31,MIA,RB,15,15,209.0,1012.0,18.0,59.0,55.0,49.0,4.8,67.5,13.9,32,25,175.0,7.0,3.0,6.0,40.6,22.0,1.7,11.7,78.1,5.5,234.0,5.1,1187.0,21.0,4,9.0,PB,Raheem Mostert,MostRa00,,,,,,,,,,,,,,,,,,,,,,,,
2024,32,MIA,RB,13,1,85.0,278.0,2.0,13.0,37.6,21.0,3.3,21.4,6.5,23,19,161.0,8.5,0.0,10.0,52.2,25.0,1.5,12.4,82.6,7.0,104.0,4.2,439.0,2.0,2,3.0,,Raheem Mostert,MostRa00,,,,,,,,,,,,,,,,,,,,,,,,
2025,33,LVR,RB,12,0,22.0,104.0,0.0,5.0,40.9,37.0,4.7,8.7,1.8,12,12,70.0,5.8,0.0,6.0,58.3,18.0,1.0,5.8,100.0,5.8,34.0,5.1,174.0,0.0,0,1.0,,Raheem Mostert,MostRa00,,,,,,,,,,,,,,,,,,,,,,,,
2008,21,BAL,RB,13,4,107.0,454.0,0.0,21.0,41.1,60.0,4.2,34.9,8.2,43,33,273.0,8.3,0.0,12.0,48.8,40.0,2.5,21.0,76.7,6.3,140.0,5.2,727.0,0.0,1,6.0,,Ray Rice,RiceRa00,,,,,,,,,,,,,,,,,,,,,,,,
2009,22,BAL,RB,16,15,254.0,1339.0,7.0,53.0,48.8,59.0,5.3,83.7,15.9,101,78,702.0,9.0,1.0,27.0,46.5,63.0,4.9,43.9,77.2,7.0,332.0,6.1,2041.0,8.0,3,18.0,"PB,AP-2",Ray Rice,RiceRa00,,,,,,,,,,,,,,,,,,,,,,,,
2010,23,BAL,RB,16,14,307.0,1220.0,5.0,53.0,43.3,50.0,4.0,76.3,19.2,83,63,556.0,8.8,1.0,23.0,42.2,34.0,3.9,34.8,75.9,6.7,370.0,4.8,1776.0,6.0,0,13.0,,Ray Rice,RiceRa00,,,,,,,,,,,,,,,,,,,,,,,,
2011,24,BAL,RB,16,16,291.0,1364.0,12.0,54.0,43.0,70.0,4.7,85.3,18.2,104,76,704.0,9.3,3.0,30.0,46.2,52.0,4.8,44.0,73.1,6.8,367.0,5.6,2068.0,15.0,2,16.0,"PB,AP-2",Ray Rice,RiceRa00,,,,,,,,,,,,,,,,,,,,,,,,
2012,25,BAL,RB,16,16,257.0,1143.0,9.0,52.0,43.2,46.0,4.4,71.4,16.1,83,61,478.0,7.8,1.0,24.0,42.2,43.0,3.8,29.9,73.5,5.8,318.0,5.1,1621.0,10.0,1,13.0,PB,Ray Rice,RiceRa00,,,,,,,,,,,,,,,,,,,,,,,,
2013,26,BAL,RB,15,15,214.0,660.0,4.0,28.0,33.6,47.0,3.1,44.0,14.3,72,58,321.0,5.5,0.0,13.0,37.5,22.0,3.9,21.4,80.6,4.5,272.0,3.6,981.0,4.0,2,3.0,,Ray Rice,RiceRa00,,,,,,,,,,,,,,,,,,,,,,,,
2006,21,NOR,RB,16,8,155.0,565.0,6.0,28.0,43.9,18.0,3.6,35.3,9.7,121,88,742.0,8.4,2.0,34.0,43.8,74.0,5.5,46.4,72.7,6.1,243.0,5.4,1307.0,8.0,2,12.0,AP ORoY-5,Reggie Bush,BushRe00,,,,,,,,,,,,,,,,,,,,,,,,
2007,22,NOR,RB,12,10,157.0,581.0,4.0,37.0,45.2,22.0,3.7,48.4,13.1,98,73,417.0,5.7,2.0,23.0,44.9,25.0,6.1,34.8,74.5,4.3,230.0,4.3,998.0,6.0,8,8.0,,Reggie Bush,BushRe00,,,,,,,,,,,,,,,,,,,,,,,,
2008,23,NOR,RB,10,9,106.0,404.0,2.0,20.0,45.3,43.0,3.8,40.4,10.6,73,52,440.0,8.5,4.0,22.0,47.9,42.0,5.2,44.0,71.2,6.0,158.0,5.3,844.0,6.0,3,10.0,,Reggie Bush,BushRe00,,,,,,,,,,,,,,,,,,,,,,,,
2009,24,NOR,RB,14,8,70.0,390.0,5.0,19.0,42.9,55.0,5.6,27.9,5.0,68,47,335.0,7.1,3.0,16.0,48.5,29.0,3.4,23.9,69.1,4.9,117.0,6.2,725.0,8.0,4,6.0,,Reggie Bush,BushRe00,,,,,,,,,,,,,,,,,,,,,,,,
2010,25,NOR,RB,8,6,36.0,150.0,0.0,6.0,41.7,23.0,4.2,18.8,4.5,42,34,208.0,6.1,1.0,10.0,47.6,20.0,4.3,26.0,81.0,5.0,70.0,5.1,358.0,1.0,2,3.0,,Reggie Bush,BushRe00,,,,,,,,,,,,,,,,,,,,,,,,
2011,26,MIA,RB,15,15,216.0,1086.0,6.0,41.0,43.5,76.0,5.0,72.4,14.4,52,43,296.0,6.9,1.0,12.0,38.5,34.0,2.9,19.7,82.7,5.7,259.0,5.3,1382.0,7.0,4,10.0,,Reggie Bush,BushRe00,,,,,,,,,,,,,,,,,,,,,,,,
2012,27,MIA,RB,16,16,227.0,986.0,6.0,43.0,50.2,65.0,4.3,61.6,14.2,52,35,292.0,8.3,2.0,14.0,40.4,25.0,2.2,18.3,67.3,5.6,262.0,4.9,1278.0,8.0,4,8.0,,Reggie Bush,BushRe00,,,,,,,,,,,,,,,,,,,,,,,,
2013,28,DET,RB,14,14,223.0,1006.0,4.0,49.0,44.8,39.0,4.5,71.9,15.9,80,54,506.0,9.4,3.0,22.0,45.0,77.0,3.9,36.1,67.5,6.3,277.0,5.5,1512.0,7.0,5,10.0,,Reggie Bush,BushRe00,,,,,,,,,,,,,,,,,,,,,,,,
2014,29,DET,RB,11,9,76.0,297.0,2.0,9.0,43.4,26.0,3.9,27.0,6.9,56,40,253.0,6.3,0.0,13.0,39.3,28.0,3.6,23.0,71.4,4.5,116.0,4.7,550.0,2.0,0,4.0,,Reggie Bush,BushRe00,,,,,,,,,,,,,,,,,,,,,,,,
2015,30,SFO,RB,5,1,8.0,28.0,0.0,0.0,12.5,9.0,3.5,5.6,1.6,10,4,19.0,4.8,0.0,1.0,10.0,8.0,0.8,3.8,40.0,1.9,12.0,3.9,47.0,0.0,0,0.0,,Reggie Bush,BushRe00,,,,,,,,,,,,,,,,,,,,,,,,
2016,31,BUF,RB,13,0,12.0,-3.0,1.0,3.0,41.7,5.0,-0.3,-0.2,0.9,10,7,90.0,12.9,0.0,6.0,70.0,25.0,0.5,6.9,70.0,9.0,19.0,4.6,87.0,1.0,1,1.0,,Reggie Bush,BushRe00,,,,,,,,,,,,,,,,,,,,,,,,
1999,22,NOR,RB,12,12,253.0,884.0,2.0,51.0,41.9,25.0,3.5,73.7,21.1,40,28,172.0,6.1,0.0,8.0,30.0,29.0,2.3,14.3,70.0,4.3,281.0,3.8,1056.0,2.0,6,5.0,,Ricky Williams,WillRi00,,,,,,,,,,,,,,,,,,,,,,,,
2000,23,NOR,RB,10,10,248.0,1000.0,8.0,56.0,44.4,26.0,4.0,100.0,24.8,55,44,409.0,9.3,1.0,19.0,60.0,24.0,4.4,40.9,80.0,7.4,292.0,4.8,1409.0,9.0,6,11.0,,Ricky Williams,WillRi00,,,,,,,,,,,,,,,,,,,,,,,,
2001,24,NOR,RB,16,16,313.0,1245.0,6.0,61.0,41.9,46.0,4.0,77.8,19.6,88,60,511.0,8.5,1.0,19.0,40.9,42.0,3.8,31.9,68.2,5.8,373.0,4.7,1756.0,7.0,8,14.0,,Ricky Williams,WillRi00,,,,,,,,,,,,,,,,,,,,,,,,
2002,25,MIA,RB,16,16,383.0,1853.0,16.0,94.0,48.6,63.0,4.8,115.8,23.9,59,47,363.0,7.7,1.0,16.0,49.2,52.0,2.9,22.7,79.7,6.2,430.0,5.2,2216.0,17.0,7,19.0,"PB,AP-1,AP OPoY-4",Ricky Williams,WillRi00,,,,,,,,,,,,,,,,,,,,,,,,
2003,26,MIA,RB,16,16,392.0,1372.0,9.0,68.0,36.7,45.0,3.5,85.8,24.5,62,50,351.0,7.0,1.0,12.0,41.9,59.0,3.1,21.9,80.6,5.7,442.0,3.9,1723.0,10.0,7,11.0,,Ricky Williams,WillRi00,,,,,,,,,,,,,,,,,,,,,,,,
2005,28,MIA,RB,12,3,168.0,743.0,6.0,39.0,45.8,35.0,4.4,61.9,14.0,20,17,93.0,5.5,0.0,3.0,45.0,19.0,1.4,7.8,85.0,4.7,185.0,4.5,836.0,6.0,1,6.0,AP CPoY-5,Ricky Williams,WillRi00,,,,,,,,,,,,,,,,,,,,,,,,
2007,30,MIA,RB,1,0,6.0,15.0,0.0,2.0,50.0,6.0,2.5,15.0,6.0,0,0,0.0,,0.0,0.0,,,0.0,0.0,,,6.0,2.5,15.0,0.0,1,0.0,,Ricky Williams,WillRi00,,,,,,,,,,,,,,,,,,,,,,,,
2008,31,MIA,RB,16,3,160.0,659.0,4.0,36.0,45.6,51.0,4.1,41.2,10.0,39,29,219.0,7.6,1.0,10.0,38.5,47.0,1.8,13.7,74.4,5.6,189.0,4.6,878.0,5.0,5,7.0,,Ricky Williams,WillRi00,,,,,,,,,,,,,,,,,,,,,,,,
2009,32,MIA,RB,16,7,241.0,1121.0,11.0,55.0,53.9,68.0,4.7,70.1,15.1,53,35,264.0,7.5,2.0,9.0,41.5,59.0,2.2,16.5,66.0,5.0,276.0,5.0,1385.0,13.0,5,10.0,,Ricky Williams,WillRi00,,,,,,,,,,,,,,,,,,,,,,,,
2010,33,MIA,RB,16,0,159.0,673.0,2.0,26.0,49.1,45.0,4.2,42.1,9.9,30,19,141.0,7.4,1.0,5.0,40.0,28.0,1.2,8.8,63.3,4.7,178.0,4.6,814.0,3.0,4,4.0,,Ricky Williams,WillRi00,,,,,,,,,,,,,,,,,,,,,,,,
2011,34,BAL,RB,16,0,108.0,444.0,2.0,20.0,48.1,28.0,4.1,27.8,6.8,20,13,83.0,6.4,0.0,6.0,55.0,18.0,0.8,5.2,65.0,4.2,121.0,4.4,527.0,2.0,2,4.0,,Ricky Williams,WillRi00,,,,,,,,,,,,,,,,,,,,,,,,
2020,22,DAL,RB,15,0,7.0,24.0,0.0,1.0,42.9,7.0,3.4,1.6,0.5,0,0,0.0,,0.0,0.0,,,0.0,0.0,,,7.0,3.4,24.0,0.0,0,0.0,,Rico Dowdle,DowdRi01,,,,,,,,,,,,,,,,,,,,,,,,
2022,24,DAL,RB,5,0,0.0,0.0,0.0,0.0,,,,0.0,0.0,0,0,0.0,,0.0,0.0,,,0.0,0.0,,,0.0,,0.0,0.0,0,0.0,,Rico Dowdle,DowdRi01,,,,,,,,,,,,,,,,,,,,,,,,
2023,25,DAL,RB,16,0,89.0,361.0,2.0,17.0,47.2,21.0,4.1,22.6,5.6,22,17,144.0,8.5,2.0,8.0,40.9,32.0,1.1,9.0,77.3,6.5,106.0,4.8,505.0,4.0,0,4.0,,Rico Dowdle,DowdRi01,,,,,,,,,,,,,,,,,,,,,,,,
2024,26,DAL,RB,16,15,235.0,1079.0,2.0,53.0,53.6,27.0,4.6,67.4,14.7,49,39,249.0,6.4,3.0,13.0,53.1,22.0,2.4,15.6,79.6,5.1,274.0,4.8,1328.0,5.0,3,8.0,,Rico Dowdle,DowdRi01,,,,,,,,,,,,,,,,,,,,,,,,
2025,27,CAR,RB,17,11,236.0,1076.0,6.0,51.0,47.9,53.0,4.6,63.3,13.9,50,39,297.0,7.6,1.0,14.0,46.0,36.0,2.3,17.5,78.0,5.9,275.0,5.0,1373.0,7.0,2,10.0,,Rico Dowdle,DowdRi01,,,,,,,,,,,,,,,,,,,,,,,,
2018,21,NYG,RB,16,16,,,,,,,,,,121,91,,,,,,,,,,,,,,,0,14.0,,Saquon Barkley,BarkSa00,NFL,261.0,1307.0,11.0,50.0,39.8,78.0,5.0,81.7,16.3,721.0,7.9,4.0,30.0,38.0,57.0,5.7,45.1,75.2,6.0,352.0,5.8,2028.0,15.0
2019,22,NYG,RB,13,13,,,,,,,,,,73,52,,,,,,,,,,,,,,,1,9.0,,Saquon Barkley,BarkSa00,NFL,217.0,1003.0,6.0,45.0,43.3,68.0,4.6,77.2,16.7,438.0,8.4,2.0,14.0,34.2,65.0,4.0,33.7,71.2,6.0,269.0,5.4,1441.0,8.0
2020,23,NYG,RB,2,2,,,,,,,,,,9,6,,,,,,,,,,,,,,,0,1.0,,Saquon Barkley,BarkSa00,NFL,19.0,34.0,0.0,1.0,26.3,18.0,1.8,17.0,9.5,60.0,10.0,0.0,3.0,44.4,38.0,3.0,30.0,66.7,6.7,25.0,3.8,94.0,0.0
2021,24,NYG,RB,13,13,,,,,,,,,,57,41,,,,,,,,,,,,,,,2,5.0,,Saquon Barkley,BarkSa00,NFL,162.0,593.0,2.0,27.0,42.0,41.0,3.7,45.6,12.5,263.0,6.4,2.0,13.0,36.8,54.0,3.2,20.2,71.9,4.6,203.0,4.2,856.0,4.0
2022,25,NYG,RB,16,16,,,,,,,,,,76,57,,,,,,,,,,,,,,,1,11.0,,Saquon Barkley,BarkSa00,NFL,295.0,1312.0,10.0,65.0,47.5,68.0,4.4,82.0,18.4,338.0,5.9,0.0,14.0,38.2,41.0,3.6,21.1,75.0,4.4,352.0,4.7,1650.0,10.0
2023,26,NYG,RB,14,14,,,,,,,,,,60,41,,,,,,,,,,,,,,,2,6.0,,Saquon Barkley,BarkSa00,NFL,247.0,962.0,6.0,51.0,40.1,36.0,3.9,68.7,17.6,280.0,6.8,4.0,16.0,43.3,46.0,2.9,20.0,68.3,4.7,288.0,4.3,1242.0,10.0
2024,27,PHI,RB,16,16,,,,,,,,,,43,33,,,,,,,,,,,,,,,2,18.0,,Saquon Barkley,BarkSa00,NFL,345.0,2005.0,13.0,99.0,52.5,72.0,5.8,125.3,21.6,278.0,8.4,2.0,15.0,44.2,43.0,2.1,17.4,76.7,6.5,378.0,6.0,2283.0,15.0
2025,28,PHI,RB,16,16,,,,,,,,,,50,37,,,,,,,,,,,,,,,1,9.0,,Saquon Barkley,BarkSa00,NFL,280.0,1140.0,7.0,48.0,46.1,65.0,4.1,71.3,17.5,273.0,7.4,2.0,11.0,36.0,47.0,2.3,17.1,74.0,5.5,317.0,4.5,1413.0,9.0
2000,23,SEA,RB,16,1,64.0,313.0,2.0,20.0,45.3,50.0,4.9,19.6,4.0,11,5,41.0,8.2,0.0,2.0,18.2,18.0,0.3,2.6,45.5,3.7,69.0,5.1,354.0,2.0,2,3.0,,Shaun Alexander,AlexSh00,,,,,,,,,,,,,,,,,,,,,,,,
2001,24,SEA,RB,16,12,309.0,1318.0,14.0,64.0,42.7,88.0,4.3,82.4,19.3,59,44,343.0,7.8,2.0,15.0,42.4,28.0,2.8,21.4,74.6,5.8,353.0,4.7,1661.0,16.0,4,11.0,,Shaun Alexander,AlexSh00,,,,,,,,,,,,,,,,,,,,,,,,
2002,25,SEA,RB,16,16,295.0,1175.0,16.0,64.0,41.0,58.0,4.0,73.4,18.4,78,59,460.0,7.8,2.0,20.0,43.6,80.0,3.7,28.8,75.6,5.9,354.0,4.6,1635.0,18.0,3,11.0,,Shaun Alexander,AlexSh00,,,,,,,,,,,,,,,,,,,,,,,,
2003,26,SEA,RB,16,15,326.0,1435.0,14.0,81.0,46.6,55.0,4.4,89.7,20.4,59,42,295.0,7.0,2.0,17.0,45.8,22.0,2.6,18.4,71.2,5.0,368.0,4.7,1730.0,16.0,4,14.0,PB,Shaun Alexander,AlexSh00,,,,,,,,,,,,,,,,,,,,,,,,
2004,27,SEA,RB,16,16,353.0,1696.0,16.0,78.0,44.8,44.0,4.8,106.0,22.1,38,23,170.0,7.4,4.0,9.0,39.5,24.0,1.4,10.6,60.5,4.5,376.0,5.0,1866.0,20.0,5,12.0,"PB,AP-2",Shaun Alexander,AlexSh00,,,,,,,,,,,,,,,,,,,,,,,,
2005,28,SEA,RB,16,16,370.0,1880.0,27.0,109.0,52.7,88.0,5.1,117.5,23.1,29,15,78.0,5.2,1.0,3.0,34.5,9.0,0.9,4.9,51.7,2.7,385.0,5.1,1958.0,28.0,5,17.0,"PB,AP-1,AP MVP-1,AP OPoY-1",Shaun Alexander,AlexSh00,,,,,,,,,,,,,,,,,,,,,,,,
2006,29,SEA,RB,10,10,252.0,896.0,7.0,54.0,40.9,33.0,3.6,89.6,25.2,16,12,48.0,4.0,0.0,4.0,31.3,14.0,1.2,4.8,75.0,3.0,264.0,3.6,944.0,7.0,6,5.0,,Shaun Alexander,AlexSh00,,,,,,,,,,,,,,,,,,,,,,,,
2007,30,SEA,RB,13,10,207.0,716.0,4.0,39.0,35.3,25.0,3.5,55.1,15.9,25,14,76.0,5.4,1.0,4.0,20.0,18.0,1.1,5.8,56.0,3.0,221.0,3.6,792.0,5.0,2,4.0,,Shaun Alexander,AlexSh00,,,,,,,,,,,,,,,,,,,,,,,,
2008,31,WAS,RB,4,0,11.0,24.0,0.0,0.0,0.0,8.0,2.2,6.0,2.8,1,1,9.0,9.0,0.0,0.0,0.0,9.0,0.3,2.3,100.0,9.0,12.0,2.8,33.0,0.0,0,0.0,,Shaun Alexander,AlexSh00,,,,,,,,,,,,,,,,,,,,,,,,
2004,21,STL,RB,14,3,134.0,673.0,4.0,37.0,56.0,48.0,5.0,48.1,9.6,24,19,189.0,9.9,0.0,6.0,41.7,28.0,1.4,13.5,79.2,7.9,153.0,5.6,862.0,4.0,1,5.0,,Steven Jackson,JackSt00,,,,,,,,,,,,,,,,,,,,,,,,
2005,22,STL,RB,15,15,254.0,1046.0,8.0,50.0,41.7,51.0,4.1,69.7,16.9,55,43,320.0,7.4,2.0,13.0,56.4,27.0,2.9,21.3,78.2,5.8,297.0,4.6,1366.0,10.0,3,9.0,,Steven Jackson,JackSt00,,,,,,,,,,,,,,,,,,,,,,,,
2006,23,STL,RB,16,16,346.0,1528.0,13.0,73.0,46.5,59.0,4.4,95.5,21.6,110,90,806.0,9.0,3.0,32.0,51.8,64.0,5.6,50.4,81.8,7.3,436.0,5.4,2334.0,16.0,4,20.0,"PB,AP-2,AP OPoY-4",Steven Jackson,JackSt00,,,,,,,,,,,,,,,,,,,,,,,,
2007,24,STL,RB,12,12,237.0,1002.0,5.0,37.0,43.9,54.0,4.2,83.5,19.8,52,38,271.0,7.1,1.0,13.0,34.6,37.0,3.2,22.6,73.1,5.2,275.0,4.6,1273.0,6.0,5,8.0,,Steven Jackson,JackSt00,,,,,,,,,,,,,,,,,,,,,,,,
2008,25,STL,RB,12,11,253.0,1042.0,7.0,57.0,44.3,56.0,4.1,86.8,21.1,62,40,379.0,9.5,1.0,15.0,43.5,53.0,3.3,31.6,64.5,6.1,293.0,4.8,1421.0,8.0,5,8.0,,Steven Jackson,JackSt00,,,,,,,,,,,,,,,,,,,,,,,,
2009,26,STL,RB,15,15,324.0,1416.0,4.0,59.0,45.4,58.0,4.4,94.4,21.6,75,51,322.0,6.3,0.0,16.0,34.7,38.0,3.4,21.5,68.0,4.3,375.0,4.6,1738.0,4.0,2,8.0,"PB,AP-2",Steven Jackson,JackSt00,,,,,,,,,,,,,,,,,,,,,,,,
2010,27,STL,RB,16,16,330.0,1241.0,6.0,60.0,39.7,42.0,3.8,77.6,20.6,62,46,383.0,8.3,0.0,14.0,41.9,49.0,2.9,23.9,74.2,6.2,376.0,4.3,1624.0,6.0,1,10.0,PB,Steven Jackson,JackSt00,,,,,,,,,,,,,,,,,,,,,,,,
2011,28,STL,RB,15,15,260.0,1145.0,5.0,51.0,38.5,47.0,4.4,76.3,17.3,58,42,333.0,7.9,1.0,17.0,48.3,50.0,2.8,22.2,72.4,5.7,302.0,4.9,1478.0,6.0,2,6.0,,Steven Jackson,JackSt00,,,,,,,,,,,,,,,,,,,,,,,,
2012,29,STL,RB,16,16,258.0,1045.0,4.0,49.0,45.3,46.0,4.1,65.3,16.1,53,38,321.0,8.4,0.0,13.0,49.1,22.0,2.4,20.1,71.7,6.1,296.0,4.6,1366.0,4.0,0,7.0,,Steven Jackson,JackSt00,,,,,,,,,,,,,,,,,,,,,,,,
2013,30,ATL,RB,12,12,157.0,543.0,6.0,26.0,40.1,50.0,3.5,45.3,13.1,49,33,191.0,5.8,1.0,11.0,26.5,25.0,2.8,15.9,67.3,3.9,190.0,3.9,734.0,7.0,0,5.0,,Steven Jackson,JackSt00,,,,,,,,,,,,,,,,,,,,,,,,
2014,31,ATL,RB,15,15,190.0,707.0,6.0,38.0,50.0,55.0,3.7,47.1,12.7,27,20,148.0,7.4,0.0,6.0,48.1,17.0,1.3,9.9,74.1,5.5,210.0,4.1,855.0,6.0,0,6.0,,Steven Jackson,JackSt00,,,,,,,,,,,,,,,,,,,,,,,,
2015,32,NWE,RB,2,1,21.0,50.0,1.0,4.0,42.9,7.0,2.4,25.0,10.5,1,1,20.0,20.0,0.0,1.0,100.0,20.0,0.5,10.0,100.0,20.0,22.0,3.2,70.0,1.0,0,1.0,,Steven Jackson,JackSt00,,,,,,,,,,,,,,,,,,,,,,,,
1995,23,DEN,RB,14,14,237.0,1117.0,7.0,58.0,50.2,60.0,4.7,79.8,16.9,82,49,367.0,7.5,1.0,18.0,39.0,31.0,3.5,26.2,59.8,4.5,286.0,5.2,1484.0,8.0,5,13.0,AP ORoY-2,Terrell Davis,DaviTe00,,,,,,,,,,,,,,,,,,,,,,,,
1996,24,DEN,RB,16,16,345.0,1538.0,13.0,92.0,49.3,71.0,4.5,96.1,21.6,52,36,310.0,8.6,2.0,16.0,53.8,23.0,2.3,19.4,69.2,6.0,381.0,4.9,1848.0,15.0,5,16.0,"PB,AP-1,AP MVP-3,AP OPoY-1",Terrell Davis,DaviTe00,,,,,,,,,,,,,,,,,,,,,,,,
1997,25,DEN,RB,15,15,369.0,1750.0,15.0,100.0,55.0,50.0,4.7,116.7,24.6,58,42,287.0,6.8,0.0,11.0,37.9,25.0,2.8,19.1,72.4,4.9,411.0,5.0,2037.0,15.0,4,19.0,"PB,AP-1,AP MVP-3,AP OPoY-2",Terrell Davis,DaviTe00,,,,,,,,,,,,,,,,,,,,,,,,
1998,26,DEN,RB,16,16,392.0,2008.0,21.0,100.0,50.3,70.0,5.1,125.5,24.5,38,25,217.0,8.7,2.0,12.0,47.4,35.0,1.6,13.6,65.8,5.7,417.0,5.3,2225.0,23.0,2,22.0,"PB,AP-1,AP MVP-1,AP OPoY-1",Terrell Davis,DaviTe00,,,,,,,,,,,,,,,,,,,,,,,,
1999,27,DEN,RB,4,4,67.0,211.0,2.0,11.0,37.3,26.0,3.1,52.8,16.8,3,3,26.0,8.7,0.0,2.0,100.0,10.0,0.8,6.5,100.0,8.7,70.0,3.4,237.0,2.0,1,2.0,,Terrell Davis,DaviTe00,,,,,,,,,,,,,,,,,,,,,,,,
2000,28,DEN,RB,5,4,78.0,282.0,2.0,15.0,42.3,24.0,3.6,56.4,15.6,2,2,4.0,2.0,0.0,0.0,50.0,5.0,0.4,0.8,100.0,2.0,80.0,3.6,286.0,2.0,1,2.0,,Terrell Davis,DaviTe00,,,,,,,,,,,,,,,,,,,,,,,,
2001,29,DEN,RB,8,8,167.0,701.0,0.0,39.0,46.7,57.0,4.2,87.6,20.9,21,12,69.0,5.8,0.0,2.0,28.6,16.0,1.5,8.6,57.1,3.3,179.0,4.3,770.0,0.0,2,6.0,,Terrell Davis,DaviTe00,,,,,,,,,,,,,,,,,,,,,,,,
2000,22,ARI,RB,14,4,112.0,373.0,2.0,23.0,45.5,29.0,3.3,26.6,8.0,46,32,208.0,6.5,0.0,9.0,41.3,20.0,2.3,14.9,69.6,4.5,144.0,4.0,581.0,2.0,4,4.0,,Thomas Jones,JoneTh00,,,,,,,,,,,,,,,,,,,,,,,,
2001,23,ARI,RB,16,2,112.0,380.0,5.0,22.0,43.8,21.0,3.4,23.8,7.0,24,21,151.0,7.2,0.0,6.0,45.8,18.0,1.3,9.4,87.5,6.3,133.0,4.0,531.0,5.0,2,4.0,,Thomas Jones,JoneTh00,,,,,,,,,,,,,,,,,,,,,,,,
2002,24,ARI,RB,9,9,138.0,511.0,2.0,24.0,41.3,58.0,3.7,56.8,15.3,30,20,113.0,5.7,0.0,4.0,36.7,17.0,2.2,12.6,66.7,3.8,158.0,3.9,624.0,2.0,3,4.0,,Thomas Jones,JoneTh00,,,,,,,,,,,,,,,,,,,,,,,,
2003,25,TAM,RB,16,3,137.0,627.0,3.0,24.0,42.3,61.0,4.6,39.2,8.6,31,24,180.0,7.5,0.0,9.0,45.2,29.0,1.5,11.3,77.4,5.8,161.0,5.0,807.0,3.0,4,5.0,,Thomas Jones,JoneTh00,,,,,,,,,,,,,,,,,,,,,,,,
2004,26,CHI,RB,14,14,240.0,948.0,7.0,49.0,45.8,54.0,4.0,67.7,17.1,72,56,427.0,7.6,0.0,17.0,41.7,45.0,4.0,30.5,77.8,5.9,296.0,4.6,1375.0,7.0,2,6.0,,Thomas Jones,JoneTh00,,,,,,,,,,,,,,,,,,,,,,,,
2005,27,CHI,RB,15,15,314.0,1335.0,9.0,63.0,38.9,42.0,4.3,89.0,20.9,39,26,143.0,5.5,0.0,6.0,30.8,41.0,1.7,9.5,66.7,3.7,340.0,4.3,1478.0,9.0,2,9.0,,Thomas Jones,JoneTh00,,,,,,,,,,,,,,,,,,,,,,,,
2006,28,CHI,RB,16,16,296.0,1210.0,6.0,63.0,47.3,30.0,4.1,75.6,18.5,47,36,154.0,4.3,0.0,6.0,31.9,21.0,2.3,9.6,76.6,3.3,332.0,4.1,1364.0,6.0,1,9.0,,Thomas Jones,JoneTh00,,,,,,,,,,,,,,,,,,,,,,,,
2007,29,NYJ,RB,16,14,310.0,1119.0,1.0,57.0,42.3,36.0,3.6,69.9,19.4,34,28,217.0,7.8,1.0,8.0,47.1,25.0,1.8,13.6,82.4,6.4,338.0,4.0,1336.0,2.0,2,7.0,,Thomas Jones,JoneTh00,,,,,,,,,,,,,,,,,,,,,,,,
2008,30,NYJ,RB,16,14,290.0,1312.0,13.0,63.0,51.4,59.0,4.5,82.0,18.1,42,36,207.0,5.8,2.0,13.0,57.1,19.0,2.3,12.9,85.7,4.9,326.0,4.7,1519.0,15.0,2,13.0,PB,Thomas Jones,JoneTh00,,,,,,,,,,,,,,,,,,,,,,,,
2009,31,NYJ,RB,16,16,331.0,1402.0,14.0,66.0,42.6,71.0,4.2,87.6,20.7,18,10,58.0,5.8,0.0,4.0,27.8,28.0,0.6,3.6,55.6,3.2,341.0,4.3,1460.0,14.0,2,8.0,,Thomas Jones,JoneTh00,,,,,,,,,,,,,,,,,,,,,,,,
2010,32,KAN,RB,16,10,245.0,896.0,6.0,39.0,41.6,70.0,3.7,56.0,15.3,20,14,122.0,8.7,0.0,8.0,50.0,20.0,0.9,7.6,70.0,6.1,259.0,3.9,1018.0,6.0,3,7.0,,Thomas Jones,JoneTh00,,,,,,,,,,,,,,,,,,,,,,,,
2011,33,KAN,RB,16,8,153.0,478.0,0.0,19.0,34.6,26.0,3.1,29.9,9.6,7,5,43.0,8.6,0.0,1.0,42.9,27.0,0.3,2.7,71.4,6.1,158.0,3.3,521.0,0.0,0,2.0,,Thomas Jones,JoneTh00,,,,,,,,,,,,,,,,,,,,,,,,
1988,22,BUF,RB,15,15,207.0,881.0,2.0,40.0,48.3,37.0,4.3,58.7,13.8,27,18,208.0,11.6,0.0,8.0,55.6,34.0,1.2,13.9,66.7,7.7,225.0,4.8,1089.0,2.0,9,9.0,,Thurman Thomas,ThomTh00,,,,,,,,,,,,,,,,,,,,,,,,
1989,23,BUF,RB,16,16,298.0,1244.0,6.0,68.0,47.7,38.0,4.2,77.8,18.6,81,60,669.0,11.2,6.0,31.0,63.0,74.0,3.8,41.8,74.1,8.3,358.0,5.3,1913.0,12.0,7,16.0,"PB,AP-2",Thurman Thomas,ThomTh00,,,,,,,,,,,,,,,,,,,,,,,,
1990,24,BUF,RB,16,16,271.0,1297.0,11.0,58.0,51.7,80.0,4.8,81.1,16.9,74,49,532.0,10.9,2.0,26.0,52.7,63.0,3.1,33.3,66.2,7.2,320.0,5.7,1829.0,13.0,6,19.0,"PB,AP-1",Thurman Thomas,ThomTh00,,,,,,,,,,,,,,,,,,,,,,,,
1991,25,BUF,RB,15,15,288.0,1407.0,7.0,62.0,52.1,33.0,4.9,93.8,19.2,73,62,631.0,10.2,5.0,30.0,69.9,50.0,4.1,42.1,84.9,8.6,350.0,5.8,2038.0,12.0,5,20.0,"PB,AP-1,AP MVP-1,AP OPoY-1",Thurman Thomas,ThomTh00,,,,,,,,,,,,,,,,,,,,,,,,
1992,26,BUF,RB,16,16,312.0,1487.0,9.0,78.0,51.3,44.0,4.8,92.9,19.5,87,58,626.0,10.8,3.0,35.0,55.2,43.0,3.6,39.1,66.7,7.2,370.0,5.7,2113.0,12.0,6,19.0,"PB,AP-2,AP OPoY-5",Thurman Thomas,ThomTh00,,,,,,,,,,,,,,,,,,,,,,,,
1993,27,BUF,RB,16,16,355.0,1315.0,6.0,70.0,46.8,27.0,3.7,82.2,22.2,72,48,387.0,8.1,0.0,19.0,45.8,37.0,3.0,24.2,66.7,5.4,403.0,4.2,1702.0,6.0,6,12.0,"PB,AP-2",Thurman Thomas,ThomTh00,,,,,,,,,,,,,,,,,,,,,,,,
1994,28,BUF,RB,15,15,287.0,1093.0,7.0,62.0,47.4,29.0,3.8,72.9,19.1,71,50,349.0,7.0,2.0,16.0,43.7,28.0,3.3,23.3,70.4,4.9,337.0,4.3,1442.0,9.0,1,12.0,,Thurman Thomas,ThomTh00,,,,,,,,,,,,,,,,,,,,,,,,
1995,29,BUF,RB,14,14,267.0,1005.0,6.0,63.0,46.4,49.0,3.8,71.8,19.1,41,26,220.0,8.5,2.0,9.0,43.9,60.0,1.9,15.7,63.4,5.4,293.0,4.2,1225.0,8.0,6,8.0,,Thurman Thomas,ThomTh00,,,,,,,,,,,,,,,,,,,,,,,,
1996,30,BUF,RB,15,15,281.0,1033.0,8.0,66.0,46.6,36.0,3.7,68.9,18.7,42,26,254.0,9.8,0.0,9.0,38.1,69.0,1.7,16.9,61.9,6.0,307.0,4.2,1287.0,8.0,1,7.0,,Thurman Thomas,ThomTh00,,,,,,,,,,,,,,,,,,,,,,,,
1997,31,BUF,RB,16,16,154.0,643.0,1.0,33.0,41.6,24.0,4.2,40.2,9.6,42,30,208.0,6.9,0.0,8.0,45.2,30.0,1.9,13.0,71.4,5.0,184.0,4.6,851.0,1.0,2,5.0,,Thurman Thomas,ThomTh00,,,,,,,,,,,,,,,,,,,,,,,,
1998,32,BUF,RB,14,3,93.0,381.0,2.0,15.0,39.8,17.0,4.1,27.2,6.6,32,26,220.0,8.5,1.0,10.0,53.1,26.0,1.9,15.7,81.3,6.9,119.0,5.1,601.0,3.0,0,6.0,,Thurman Thomas,ThomTh00,,,,,,,,,,,,,,,,,,,,,,,,
1999,33,BUF,RB,5,3,36.0,152.0,0.0,10.0,52.8,31.0,4.2,30.4,7.2,5,3,37.0,12.3,1.0,2.0,40.0,23.0,0.6,7.4,60.0,7.4,39.0,4.8,189.0,1.0,0,1.0,,Thurman Thomas,ThomTh00,,,,,,,,,,,,,,,,,,,,,,,,
2000,34,MIA,RB,9,0,28.0,136.0,0.0,7.0,35.7,25.0,4.9,15.1,3.1,24,16,117.0,7.3,1.0,6.0,37.5,15.0,1.8,13.0,66.7,4.9,44.0,5.8,253.0,1.0,1,2.0,,Thurman Thomas,ThomTh00,,,,,,,,,,,,,,,,,,,,,,,,
1997,22,NYG,RB,12,6,136.0,511.0,3.0,31.0,43.4,42.0,3.8,42.6,11.3,54,34,299.0,8.8,1.0,13.0,42.6,29.0,2.8,24.9,63.0,5.5,170.0,4.8,810.0,4.0,3,6.0,AP ORoY-4,Tiki Barber,BarbTi00,,,,,,,,,,,,,,,,,,,,,,,,
1998,23,NYG,RB,16,4,52.0,166.0,0.0,8.0,36.5,23.0,3.2,10.4,3.3,59,42,348.0,8.3,3.0,13.0,39.0,87.0,2.6,21.8,71.2,5.9,94.0,5.5,514.0,3.0,1,4.0,,Tiki Barber,BarbTi00,,,,,,,,,,,,,,,,,,,,,,,,
1999,24,NYG,RB,16,1,62.0,258.0,0.0,13.0,41.9,30.0,4.2,16.1,3.9,91,66,609.0,9.2,2.0,32.0,51.6,56.0,4.1,38.1,72.5,6.7,128.0,6.8,867.0,2.0,5,7.0,,Tiki Barber,BarbTi00,,,,,,,,,,,,,,,,,,,,,,,,
2000,25,NYG,RB,16,12,213.0,1006.0,8.0,39.0,40.8,78.0,4.7,62.9,13.3,95,70,719.0,10.3,1.0,29.0,48.4,36.0,4.4,44.9,73.7,7.6,283.0,6.1,1725.0,9.0,9,15.0,,Tiki Barber,BarbTi00,,,,,,,,,,,,,,,,,,,,,,,,
2001,26,NYG,RB,14,9,166.0,865.0,4.0,40.0,47.0,36.0,5.2,61.8,11.9,98,72,577.0,8.0,0.0,30.0,50.0,44.0,5.1,41.2,73.5,5.9,238.0,6.1,1442.0,4.0,8,9.0,,Tiki Barber,BarbTi00,,,,,,,,,,,,,,,,,,,,,,,,
2002,27,NYG,RB,16,15,304.0,1387.0,11.0,71.0,41.4,70.0,4.6,86.7,19.0,95,69,597.0,8.7,0.0,24.0,44.2,38.0,4.3,37.3,72.6,6.3,373.0,5.3,1984.0,11.0,9,15.0,,Tiki Barber,BarbTi00,,,,,,,,,,,,,,,,,,,,,,,,
2003,28,NYG,RB,16,16,278.0,1216.0,2.0,68.0,47.5,27.0,4.4,76.0,17.4,98,69,461.0,6.7,1.0,26.0,43.9,36.0,4.3,28.8,70.4,4.7,347.0,4.8,1677.0,3.0,9,9.0,,Tiki Barber,BarbTi00,,,,,,,,,,,,,,,,,,,,,,,,
2004,29,NYG,RB,16,14,322.0,1518.0,13.0,82.0,47.2,72.0,4.7,94.9,20.1,79,52,578.0,11.1,2.0,20.0,45.6,62.0,3.3,36.1,65.8,7.3,374.0,5.6,2096.0,15.0,5,17.0,PB,Tiki Barber,BarbTi00,,,,,,,,,,,,,,,,,,,,,,,,
2005,30,NYG,RB,16,16,357.0,1860.0,9.0,74.0,47.9,95.0,5.2,116.3,22.3,70,54,530.0,9.8,2.0,22.0,55.7,48.0,3.4,33.1,77.1,7.6,411.0,5.8,2390.0,11.0,1,21.0,"PB,AP-1,AP MVP-4,AP OPoY-3",Tiki Barber,BarbTi00,,,,,,,,,,,,,,,,,,,,,,,,
2006,31,NYG,RB,16,16,327.0,1662.0,5.0,79.0,47.1,55.0,5.1,103.9,20.4,75,58,465.0,8.0,0.0,24.0,53.3,28.0,3.6,29.1,77.3,6.2,385.0,5.5,2127.0,5.0,3,19.0,PB,Tiki Barber,BarbTi00,,,,,,,,,,,,,,,,,,,,,,,,
2015,21,STL,RB,13,12,229.0,1106.0,10.0,47.0,40.2,71.0,4.8,85.1,17.6,26,21,188.0,9.0,0.0,9.0,46.2,31.0,1.6,14.5,80.8,7.2,250.0,5.2,1294.0,10.0,3,8.0,"PB,AP-2,AP ORoY-1",Todd Gurley,GurlTo01,,,,,,,,,,,,,,,,,,,,,,,,
2016,22,LAR,RB,16,16,278.0,885.0,6.0,49.0,40.3,24.0,3.2,55.3,17.4,58,43,327.0,7.6,0.0,16.0,39.7,33.0,2.7,20.4,74.1,5.6,321.0,3.8,1212.0,6.0,2,4.0,,Todd Gurley,GurlTo01,,,,,,,,,,,,,,,,,,,,,,,,
2017,23,LAR,RB,15,15,279.0,1305.0,13.0,69.0,50.5,57.0,4.7,87.0,18.6,87,64,788.0,12.3,6.0,32.0,51.7,80.0,4.3,52.5,73.6,9.1,343.0,6.1,2093.0,19.0,5,19.0,"PB,AP-1,AP MVP-2,AP OPoY-1,AP CPoY-6",Todd Gurley,GurlTo01,,,,,,,,,,,,,,,,,,,,,,,,
2018,24,LAR,RB,14,14,256.0,1251.0,17.0,70.0,55.9,36.0,4.9,89.4,18.3,81,59,580.0,9.8,4.0,26.0,53.1,56.0,4.2,41.4,72.8,7.2,315.0,5.8,1831.0,21.0,1,16.0,"PB,AP-1,AP OPoY-3",Todd Gurley,GurlTo01,,,,,,,,,,,,,,,,,,,,,,,,
2019,25,LAR,RB,15,15,223.0,857.0,12.0,51.0,46.6,25.0,3.8,57.1,14.9,49,31,207.0,6.7,2.0,8.0,36.7,23.0,2.1,13.8,63.3,4.2,254.0,4.2,1064.0,14.0,3,6.0,,Todd Gurley,GurlTo01,,,,,,,,,,,,,,,,,,,,,,,,
2020,26,ATL,RB,15,15,195.0,678.0,9.0,45.0,44.6,35.0,3.5,45.2,13.0,35,25,164.0,6.6,0.0,7.0,42.9,26.0,1.7,10.9,71.4,4.7,220.0,3.8,842.0,9.0,2,6.0,,Todd Gurley,GurlTo01,,,,,,,,,,,,,,,,,,,,,,,,
2019,22,DAL,RB,15,0,,,,,,,,,,20,15,,,,,,,,,,,,,,,1,3.0,,Tony Pollard,PollTo00,NFL,86.0,455.0,2.0,21.0,50.0,44.0,5.3,30.3,5.7,107.0,7.1,1.0,4.0,40.0,21.0,1.0,7.1,75.0,5.4,101.0,5.6,562.0,3.0
2020,23,DAL,RB,16,2,,,,,,,,,,40,28,,,,,,,,,,,,,,,0,4.0,,Tony Pollard,PollTo00,NFL,101.0,435.0,4.0,23.0,45.5,42.0,4.3,27.2,6.3,193.0,6.9,1.0,9.0,42.5,30.0,1.8,12.1,70.0,4.8,129.0,4.9,628.0,5.0
2021,24,DAL,RB,15,0,,,,,,,,,,46,39,,,,,,,,,,,,,,,2,8.0,,Tony Pollard,PollTo00,NFL,130.0,719.0,2.0,35.0,53.8,58.0,5.5,47.9,8.7,337.0,8.6,0.0,16.0,58.7,32.0,2.6,22.5,84.8,7.3,169.0,6.2,1056.0,2.0
2022,25,DAL,RB,16,4,,,,,,,,,,55,39,,,,,,,,,,,,,,,0,11.0,,Tony Pollard,PollTo00,NFL,193.0,1007.0,9.0,49.0,47.7,57.0,5.2,62.9,12.1,371.0,9.5,3.0,19.0,47.3,68.0,2.4,23.2,70.9,6.7,232.0,5.9,1378.0,12.0
2023,26,DAL,RB,17,17,,,,,,,,,,67,55,,,,,,,,,,,,,,,3,11.0,,Tony Pollard,PollTo00,NFL,252.0,1005.0,6.0,60.0,50.0,31.0,4.0,59.1,14.8,311.0,5.7,0.0,13.0,43.3,60.0,3.2,18.3,82.1,4.6,307.0,4.3,1316.0,6.0
2024,27,TEN,RB,16,16,,,,,,,,,,57,41,,,,,,,,,,,,,,,2,7.0,,Tony Pollard,PollTo00,NFL,260.0,1079.0,5.0,53.0,47.7,41.0,4.2,67.4,16.3,238.0,5.8,0.0,9.0,29.8,30.0,2.6,14.9,71.9,4.2,301.0,4.4,1317.0,5.0
2025,28,TEN,RB,17,17,,,,,,,,,,41,33,,,,,,,,,,,,,,,4,7.0,,Tony Pollard,PollTo00,NFL,242.0,1082.0,5.0,48.0,46.7,65.0,4.5,63.6,14.2,206.0,6.2,0.0,11.0,43.9,29.0,1.9,12.1,80.5,5.0,275.0,4.7,1288.0,5.0
2022,23,JAX,RB,17,12,,,,,,,,,,45,35,,,,,,,,,,,,,,,5,11.0,,Travis Etienne,EtieTr00,NFL,220.0,1125.0,5.0,52.0,50.9,62.0,5.1,66.2,12.9,316.0,9.0,0.0,16.0,44.4,30.0,2.1,18.6,77.8,7.0,255.0,5.7,1441.0,5.0
2023,24,JAX,RB,17,17,,,,,,,,,,73,58,,,,,,,,,,,,,,,0,9.0,,Travis Etienne,EtieTr00,NFL,267.0,1008.0,11.0,53.0,43.1,62.0,3.8,59.3,15.7,476.0,8.2,1.0,23.0,49.3,56.0,3.4,28.0,79.5,6.5,325.0,4.6,1484.0,12.0
2024,25,JAX,RB,15,15,,,,,,,,,,52,39,,,,,,,,,,,,,,,1,5.0,,Travis Etienne,EtieTr00,NFL,150.0,558.0,2.0,31.0,45.3,22.0,3.7,37.2,10.0,254.0,6.5,0.0,13.0,38.5,26.0,2.6,16.9,75.0,4.9,189.0,4.3,812.0,2.0
2025,26,JAX,RB,17,16,,,,,,,,,,52,36,,,,,,,,,,,,,,,1,10.0,,Travis Etienne,EtieTr00,NFL,260.0,1107.0,7.0,48.0,46.9,71.0,4.3,65.1,15.3,292.0,8.1,6.0,14.0,48.1,45.0,2.1,17.2,69.2,5.6,296.0,4.7,1399.0,13.0
2025,23,NWE,RB,17,4,180.0,911.0,9.0,45.0,51.7,69.0,5.1,53.6,10.6,42,35,221.0,6.3,1.0,7.0,47.6,19.0,2.1,13.0,83.3,5.3,215.0,5.3,1132.0,10.0,1,8.0,AP ORoY-3,TreVeyon Henderson,HendTr02,,,,,,,,,,,,,,,,,,,,,,,,
2004,23,BUF,RB,16,11,284.0,1128.0,13.0,65.0,45.1,41.0,4.0,70.5,17.8,36,22,169.0,7.7,0.0,8.0,38.9,16.0,1.4,10.6,61.1,4.7,306.0,4.2,1297.0,13.0,4,10.0,AP CPoY-3,Willis McGahee,McGaWi00,,,,,,,,,,,,,,,,,,,,,,,,
2005,24,BUF,RB,16,15,325.0,1247.0,5.0,71.0,44.3,27.0,3.8,77.9,20.3,37,28,178.0,6.4,0.0,10.0,37.8,19.0,1.8,11.1,75.7,4.8,353.0,4.0,1425.0,5.0,1,11.0,,Willis McGahee,McGaWi00,,,,,,,,,,,,,,,,,,,,,,,,
2006,25,BUF,RB,14,14,259.0,990.0,6.0,50.0,45.2,57.0,3.8,70.7,18.5,28,18,156.0,8.7,0.0,4.0,39.3,56.0,1.3,11.1,64.3,5.6,277.0,4.1,1146.0,6.0,4,7.0,,Willis McGahee,McGaWi00,,,,,,,,,,,,,,,,,,,,,,,,
2007,26,BAL,RB,15,15,294.0,1207.0,7.0,57.0,41.5,46.0,4.1,80.5,19.6,49,43,231.0,5.4,1.0,10.0,44.9,30.0,2.9,15.4,87.8,4.7,337.0,4.3,1438.0,8.0,4,8.0,PB,Willis McGahee,McGaWi00,,,,,,,,,,,,,,,,,,,,,,,,
2008,27,BAL,RB,13,8,170.0,671.0,7.0,36.0,43.5,77.0,3.9,51.6,13.1,32,24,173.0,7.2,0.0,8.0,37.5,35.0,1.8,13.3,75.0,5.4,194.0,4.4,844.0,7.0,3,7.0,,Willis McGahee,McGaWi00,,,,,,,,,,,,,,,,,,,,,,,,
2009,28,BAL,RB,16,1,109.0,544.0,12.0,29.0,52.3,77.0,5.0,34.0,6.8,22,15,85.0,5.7,2.0,5.0,36.4,14.0,0.9,5.3,68.2,3.9,124.0,5.1,629.0,14.0,1,5.0,,Willis McGahee,McGaWi00,,,,,,,,,,,,,,,,,,,,,,,,
2010,29,BAL,RB,15,2,100.0,380.0,5.0,18.0,46.0,30.0,3.8,25.3,6.7,17,14,55.0,3.9,1.0,2.0,29.4,32.0,0.9,3.7,82.4,3.2,114.0,3.8,435.0,6.0,2,3.0,,Willis McGahee,McGaWi00,,,,,,,,,,,,,,,,,,,,,,,,
2011,30,DEN,RB,15,14,249.0,1199.0,4.0,53.0,46.2,60.0,4.8,79.9,16.6,20,12,51.0,4.3,1.0,3.0,30.0,12.0,0.8,3.4,60.0,2.6,261.0,4.8,1250.0,5.0,4,7.0,PB,Willis McGahee,McGaWi00,,,,,,,,,,,,,,,,,,,,,,,,
2012,31,DEN,RB,10,9,167.0,731.0,4.0,44.0,56.3,31.0,4.4,73.1,16.7,33,26,221.0,8.5,0.0,10.0,51.5,31.0,2.6,22.1,78.8,6.7,193.0,4.9,952.0,4.0,5,7.0,,Willis McGahee,McGaWi00,,,,,,,,,,,,,,,,,,,,,,,,
2013,32,CLE,RB,12,6,138.0,377.0,2.0,31.0,43.5,16.0,2.7,31.4,11.5,11,8,20.0,2.5,0.0,0.0,18.2,9.0,0.7,1.7,72.7,1.8,146.0,2.7,397.0,2.0,1,2.0,,Willis McGahee,McGaWi00,,,,,,,,,,,,,,,,,,,,,,,,
