Season,Age,Team,Pos,G,GS,Rush_Att,Rush_Yds,Rush_TD,Rush_1D,Rush_Succ%,Rush_Lng,Rush_Y/A,Rush_Y/G,Rush_A/G,Tgt,Rec,Rec_Yds,rec_yds_per_rec,Rec_TD,Rec_1D,rec_success,rec_long,Rec/G,Rec_Y/G,catch_pct,rec_yds_per_tgt,touches,yds_per_touch,yds_from_scrimmage,rush_receive_td,Fmb,Awards,Player,PlayerID
2005,22,GNB,QB,3,0,2,7,0,1,50.0,8.0,3.5,2.3,0.7,0,0,0,,0,0,,,0.0,0.0,,,2,3.5,7,0,2,,Aaron Rodgers,RodgAa00
2006,23,GNB,QB,2,0,2,11,0,1,50.0,6.0,5.5,5.5,1.0,0,0,0,,0,0,,,0.0,0.0,,,2,5.5,11,0,1,,Aaron Rodgers,RodgAa00
2007,24,GNB,QB,2,0,7,29,0,3,42.9,13.0,4.1,14.5,3.5,0,0,0,,0,0,,,0.0,0.0,,,7,4.1,29,0,0,,Aaron Rodgers,RodgAa00
2008,25,GNB,QB,16,16,56,207,4,21,48.2,21.0,3.7,12.9,3.5,0,0,0,,0,0,,,0.0,0.0,,,56,3.7,207,4,10,,Aaron Rodgers,RodgAa00
2009,26,GNB,QB,16,16,58,316,5,24,51.7,35.0,5.4,19.8,3.6,0,0,0,,0,0,,,0.0,0.0,,,58,5.4,316,5,10,PB,Aaron Rodgers,RodgAa00
2010,27,GNB,QB,15,15,64,356,4,22,48.4,27.0,5.6,23.7,4.3,0,0,0,,0,0,,,0.0,0.0,,,64,5.6,356,4,4,AP OPoY-5,Aaron Rodgers,RodgAa00
2011,28,GNB,QB,15,15,60,257,3,18,38.3,25.0,4.3,17.1,4.0,0,0,0,,0,0,,,0.0,0.0,,,60,4.3,257,3,4,"PB,AP-1,AP MVP-1,AP OPoY-2",Aaron Rodgers,RodgAa00
2012,29,GNB,QB,16,16,54,259,2,20,44.4,27.0,4.8,16.2,3.4,1,1,-1,-1.0,0,0,0.0,-1.0,0.1,-0.1,100.0,-1.0,55,4.7,258,2,5,"PB,AP-2,AP OPoY-3",Aaron Rodgers,RodgAa00
2013,30,GNB,QB,9,9,30,120,0,11,50.0,18.0,4.0,13.3,3.3,0,0,0,,0,0,,,0.0,0.0,,,30,4.0,120,0,4,,Aaron Rodgers,RodgAa00
2014,31,GNB,QB,16,16,43,269,2,22,58.1,19.0,6.3,16.8,2.7,0,0,0,,0,0,,,0.0,0.0,,,43,6.3,269,2,10,"PB,AP-1,AP MVP-1,AP OPoY-2",Aaron Rodgers,RodgAa00
2015,32,GNB,QB,16,16,58,344,1,20,48.3,18.0,5.9,21.5,3.6,0,0,0,,0,0,,,0.0,0.0,,,58,5.9,344,1,8,PB,Aaron Rodgers,RodgAa00
2016,33,GNB,QB,16,16,67,369,4,26,49.3,23.0,5.5,23.1,4.2,0,0,0,,0,0,,,0.0,0.0,,,67,5.5,369,4,8,"PB,AP MVP-5,AP OPoY-2",Aaron Rodgers,RodgAa00
2017,34,GNB,QB,7,7,24,126,0,10,58.3,18.0,5.3,18.0,3.4,0,0,0,,0,0,,,0.0,0.0,,,24,5.3,126,0,1,,Aaron Rodgers,RodgAa00
2018,35,GNB,QB,16,16,43,269,2,20,69.8,23.0,6.3,16.8,2.7,0,0,0,,0,0,,,0.0,0.0,,,43,6.3,269,2,6,PB,Aaron Rodgers,RodgAa00
2019,36,GNB,QB,16,16,46,183,1,9,34.8,17.0,4.0,11.4,2.9,0,0,0,,0,0,,,0.0,0.0,,,46,4.0,183,1,4,PB,Aaron Rodgers,RodgAa00
2020,37,GNB,QB,16,16,38,149,3,15,55.3,14.0,3.9,9.3,2.4,1,1,-6,-6.0,0,0,0.0,-6.0,0.1,-0.4,100.0,-6.0,39,3.7,143,3,4,"PB,AP-1,AP MVP-1,AP OPoY-2",Aaron Rodgers,RodgAa00
2021,38,GNB,QB,16,16,33,101,3,10,36.4,18.0,3.1,6.3,2.1,1,1,-4,-4.0,0,0,0.0,-4.0,0.1,-0.3,100.0,-4.0,34,2.9,97,3,3,"PB,AP-1,AP MVP-1,AP OPoY-4",Aaron Rodgers,RodgAa00
2022,39,GNB,QB,17,17,34,94,1,9,32.4,18.0,2.8,5.5,2.0,0,0,0,,0,0,,,0.0,0.0,,,34,2.8,94,1,8,,Aaron Rodgers,RodgAa00
2024,41,NYJ,QB,17,17,22,107,0,7,40.9,18.0,4.9,6.3,1.3,0,0,0,,0,0,,,0.0,0.0,,,22,4.9,107,0,5,AP CPoY-7,Aaron Rodgers,RodgAa00
2025,42,PIT,QB,16,16,21,61,1,4,28.6,20.0,2.9,3.8,1.3,1,1,-9,-9.0,0,0,0.0,-9.0,0.1,-0.6,100.0,-9.0,22,2.4,52,1,4,,Aaron Rodgers,RodgAa00
2005,21,SFO,QB,9,7,30,103,0,3,30.0,19.0,3.4,11.4,3.3,0,0,0,,0,0,,,0.0,0.0,,,30,3.4,103,0,11,,Alex Smith,SmitAl03
2006,22,SFO,QB,16,16,44,147,2,13,38.6,22.0,3.3,9.2,2.8,0,0,0,,0,0,,,0.0,0.0,,,44,3.3,147,2,10,,Alex Smith,SmitAl03
2007,23,SFO,QB,7,7,13,89,0,5,46.2,25.0,6.8,12.7,1.9,0,0,0,,0,0,,,0.0,0.0,,,13,6.8,89,0,6,,Alex Smith,SmitAl03
2009,25,SFO,QB,11,10,24,51,0,6,25.0,11.0,2.1,4.6,2.2,1,1,-6,-6.0,0,0,0.0,-6.0,0.1,-0.5,100.0,-6.0,25,1.8,45,0,3,,Alex Smith,SmitAl03
2010,26,SFO,QB,11,10,18,60,0,3,33.3,12.0,3.3,5.5,1.6,0,0,0,,0,0,,,0.0,0.0,,,18,3.3,60,0,4,,Alex Smith,SmitAl03
2011,27,SFO,QB,16,16,52,179,2,13,36.5,14.0,3.4,11.2,3.3,0,0,0,,0,0,,,0.0,0.0,,,52,3.4,179,2,7,AP CPoY-3,Alex Smith,SmitAl03
2012,28,SFO,QB,10,9,31,132,0,6,45.2,24.0,4.3,13.2,3.1,0,0,0,,0,0,,,0.0,0.0,,,31,4.3,132,0,4,,Alex Smith,SmitAl03
2013,29,KAN,QB,15,15,76,431,1,24,47.4,26.0,5.7,28.7,5.1,1,1,-4,-4.0,0,0,0.0,-4.0,0.1,-0.3,100.0,-4.0,77,5.5,427,1,7,"PB,AP CPoY-6",Alex Smith,SmitAl03
2014,30,KAN,QB,15,15,49,254,1,15,46.9,25.0,5.2,16.9,3.3,0,0,0,,0,0,,,0.0,0.0,,,49,5.2,254,1,4,,Alex Smith,SmitAl03
2015,31,KAN,QB,16,16,84,498,2,34,51.2,49.0,5.9,31.1,5.3,0,0,0,,0,0,,,0.0,0.0,,,84,5.9,498,2,4,,Alex Smith,SmitAl03
2016,32,KAN,QB,15,15,48,134,5,11,27.1,24.0,2.8,8.9,3.2,1,1,3,3.0,0,0,0.0,3.0,0.1,0.2,100.0,3.0,49,2.8,137,5,7,PB,Alex Smith,SmitAl03
2017,33,KAN,QB,15,15,60,355,1,20,53.3,70.0,5.9,23.7,4.0,0,0,0,,0,0,,,0.0,0.0,,,60,5.9,355,1,1,PB,Alex Smith,SmitAl03
2018,34,WAS,QB,10,10,41,168,1,15,48.8,22.0,4.1,16.8,4.1,0,0,0,,0,0,,,0.0,0.0,,,41,4.1,168,1,6,,Alex Smith,SmitAl03
2020,36,WAS,QB,8,6,10,3,0,0,10.0,5.0,0.3,0.4,1.3,0,0,0,,0,0,,,0.0,0.0,,,10,0.3,3,0,2,AP CPoY-1,Alex Smith,SmitAl03
2011,24,CIN,QB,16,16,37,152,1,8,29.7,17.0,4.1,9.5,2.3,1,0,0,,0,0,0.0,,0.0,0.0,0.0,0.0,37,4.1,152,1,4,"PB,AP ORoY-2",Andy Dalton,DaltAn00
2012,25,CIN,QB,16,16,47,120,4,14,38.3,17.0,2.6,7.5,2.9,0,0,0,,0,0,,,0.0,0.0,,,47,2.6,120,4,4,,Andy Dalton,DaltAn00
2013,26,CIN,QB,16,16,61,183,2,15,39.3,12.0,3.0,11.4,3.8,0,0,0,,0,0,,,0.0,0.0,,,61,3.0,183,2,4,,Andy Dalton,DaltAn00
2014,27,CIN,QB,16,16,60,169,4,21,46.7,20.0,2.8,10.6,3.8,1,1,18,18.0,1,1,100.0,18.0,0.1,1.1,100.0,18.0,61,3.1,187,5,3,PB,Andy Dalton,DaltAn00
2015,28,CIN,QB,13,13,57,142,3,15,36.8,12.0,2.5,10.9,4.4,0,0,0,,0,0,,,0.0,0.0,,,57,2.5,142,3,5,,Andy Dalton,DaltAn00
2016,29,CIN,QB,16,16,46,184,4,17,52.2,15.0,4.0,11.5,2.9,0,0,0,,0,0,,,0.0,0.0,,,46,4.0,184,4,9,PB,Andy Dalton,DaltAn00
2017,30,CIN,QB,16,16,38,99,0,10,26.3,25.0,2.6,6.2,2.4,0,0,0,,0,0,,,0.0,0.0,,,38,2.6,99,0,4,,Andy Dalton,DaltAn00
2018,31,CIN,QB,11,11,16,99,0,4,37.5,21.0,6.2,9.0,1.5,0,0,0,,0,0,,,0.0,0.0,,,16,6.2,99,0,1,,Andy Dalton,DaltAn00
2019,32,CIN,QB,13,13,32,73,4,12,43.8,17.0,2.3,5.6,2.5,1,1,-4,-4.0,0,0,0.0,-4.0,0.1,-0.3,100.0,-4.0,33,2.1,69,4,8,,Andy Dalton,DaltAn00
2020,33,DAL,QB,11,9,28,114,0,11,50.0,13.0,4.1,10.4,2.5,1,1,-3,-3.0,0,0,0.0,-3.0,0.1,-0.3,100.0,-3.0,29,3.8,111,0,2,,Andy Dalton,DaltAn00
2021,34,CHI,QB,8,6,16,76,0,2,50.0,14.0,4.8,9.5,2.0,0,0,0,,0,0,,,0.0,0.0,,,16,4.8,76,0,1,,Andy Dalton,DaltAn00
2022,35,NOR,QB,14,14,30,54,0,6,33.3,14.0,1.8,3.9,2.1,0,0,0,,0,0,,,0.0,0.0,,,30,1.8,54,0,5,,Andy Dalton,DaltAn00
2023,36,CAR,QB,3,1,3,12,0,2,66.7,10.0,4.0,4.0,1.0,0,0,0,,0,0,,,0.0,0.0,,,3,4.0,12,0,0,,Andy Dalton,DaltAn00
2024,37,CAR,QB,6,5,11,34,0,2,36.4,18.0,3.1,5.7,1.8,0,0,0,,0,0,,,0.0,0.0,,,11,3.1,34,0,2,,Andy Dalton,DaltAn00
2025,38,CAR,QB,4,1,5,-2,0,0,0.0,1.0,-0.4,-0.5,1.3,0,0,0,,0,0,,,0.0,0.0,,,5,-0.4,-2,0,2,,Andy Dalton,DaltAn00
2004,22,PIT,QB,14,13,56,144,1,12,26.8,20.0,2.6,10.3,4.0,0,0,0,,0,0,,,0.0,0.0,,,56,2.6,144,1,2,AP ORoY-1,Ben Roethlisberger,RoetBe00
2005,23,PIT,QB,12,12,31,69,3,10,32.3,13.0,2.2,5.8,2.6,0,0,0,,0,0,,,0.0,0.0,,,31,2.2,69,3,2,,Ben Roethlisberger,RoetBe00
2006,24,PIT,QB,15,15,32,98,2,11,34.4,20.0,3.1,6.5,2.1,0,0,0,,0,0,,,0.0,0.0,,,32,3.1,98,2,5,,Ben Roethlisberger,RoetBe00
2007,25,PIT,QB,15,15,35,204,2,17,60.0,30.0,5.8,13.6,2.3,0,0,0,,0,0,,,0.0,0.0,,,35,5.8,204,2,9,"PB,AP CPoY-3",Ben Roethlisberger,RoetBe00
2008,26,PIT,QB,16,16,34,101,2,8,35.3,17.0,3.0,6.3,2.1,1,1,-7,-7.0,0,1,0.0,-7.0,0.1,-0.4,100.0,-7.0,35,2.7,94,2,14,,Ben Roethlisberger,RoetBe00
2009,27,PIT,QB,15,15,40,82,2,16,40.0,15.0,2.1,5.5,2.7,0,0,0,,0,0,,,0.0,0.0,,,40,2.1,82,2,7,,Ben Roethlisberger,RoetBe00
2010,28,PIT,QB,12,12,34,176,2,15,50.0,31.0,5.2,14.7,2.8,0,0,0,,0,0,,,0.0,0.0,,,34,5.2,176,2,7,,Ben Roethlisberger,RoetBe00
2011,29,PIT,QB,15,15,31,70,0,6,22.6,11.0,2.3,4.7,2.1,0,0,0,,0,0,,,0.0,0.0,,,31,2.3,70,0,8,PB,Ben Roethlisberger,RoetBe00
2012,30,PIT,QB,13,13,26,92,0,5,42.3,14.0,3.5,7.1,2.0,0,0,0,,0,0,,,0.0,0.0,,,26,3.5,92,0,6,,Ben Roethlisberger,RoetBe00
2013,31,PIT,QB,16,16,27,99,1,5,33.3,19.0,3.7,6.2,1.7,0,0,5,,0,0,,5.0,0.0,0.3,,,27,3.9,104,1,9,,Ben Roethlisberger,RoetBe00
2014,32,PIT,QB,16,16,33,27,0,6,24.2,8.0,0.8,1.7,2.1,0,0,-6,,0,0,,-6.0,0.0,-0.4,,,33,0.6,21,0,9,PB,Ben Roethlisberger,RoetBe00
2015,33,PIT,QB,12,11,15,29,0,4,26.7,13.0,1.9,2.4,1.3,0,0,-3,,0,0,,,0.0,-0.3,,,15,1.7,26,0,2,PB,Ben Roethlisberger,RoetBe00
2016,34,PIT,QB,14,14,16,14,1,3,18.8,14.0,0.9,1.0,1.1,0,0,0,,0,0,,,0.0,0.0,,,16,0.9,14,1,8,PB,Ben Roethlisberger,RoetBe00
2017,35,PIT,QB,15,15,28,47,0,7,21.4,14.0,1.7,3.1,1.9,0,0,0,,0,0,,,0.0,0.0,,,28,1.7,47,0,3,PB,Ben Roethlisberger,RoetBe00
2018,36,PIT,QB,16,16,31,98,3,13,51.6,18.0,3.2,6.1,1.9,1,1,-1,-1.0,0,0,0.0,-1.0,0.1,-0.1,100.0,-1.0,32,3.0,97,3,7,,Ben Roethlisberger,RoetBe00
2019,37,PIT,QB,2,2,1,7,0,0,100.0,7.0,7.0,3.5,0.5,0,0,0,,0,0,,,0.0,0.0,,,1,7.0,7,0,1,,Ben Roethlisberger,RoetBe00
2020,38,PIT,QB,15,15,25,11,0,3,12.0,11.0,0.4,0.7,1.7,0,0,0,,0,0,,,0.0,0.0,,,25,0.4,11,0,5,AP CPoY-2,Ben Roethlisberger,RoetBe00
2021,39,PIT,QB,16,16,20,5,1,3,20.0,8.0,0.3,0.3,1.3,0,0,0,,0,0,,,0.0,0.0,,,20,0.3,5,1,11,,Ben Roethlisberger,RoetBe00
2011,22,JAX,QB,15,14,48,98,0,8,29.2,12.0,2.0,6.5,3.2,0,0,0,,0,0,,,0.0,0.0,,,48,2.0,98,0,14,,Blaine Gabbert,GabbBl00
2012,23,JAX,QB,10,10,18,56,0,7,55.6,10.0,3.1,5.6,1.8,0,0,0,,0,0,,,0.0,0.0,,,18,3.1,56,0,5,,Blaine Gabbert,GabbBl00
2013,24,JAX,QB,3,3,9,32,0,0,55.6,7.0,3.6,10.7,3.0,0,0,0,,0,0,,,0.0,0.0,,,9,3.6,32,0,2,,Blaine Gabbert,GabbBl00
2014,25,SFO,QB,1,0,1,5,0,0,0.0,5.0,5.0,5.0,1.0,0,0,0,,0,0,,,0.0,0.0,,,1,5.0,5,0,0,,Blaine Gabbert,GabbBl00
2015,26,SFO,QB,8,8,32,185,1,10,50.0,44.0,5.8,23.1,4.0,0,0,0,,0,0,,,0.0,0.0,,,32,5.8,185,1,4,,Blaine Gabbert,GabbBl00
2016,27,SFO,QB,6,5,40,173,2,16,52.5,24.0,4.3,28.8,6.7,1,1,-16,-16.0,0,0,0.0,-16.0,0.2,-2.7,100.0,-16.0,41,3.8,157,2,0,,Blaine Gabbert,GabbBl00
2017,28,ARI,QB,5,5,22,82,0,7,45.5,12.0,3.7,16.4,4.4,0,0,0,,0,0,,,0.0,0.0,,,22,3.7,82,0,7,,Blaine Gabbert,GabbBl00
2018,29,TEN,QB,8,3,6,0,0,2,33.3,,0.0,0.0,0.8,0,0,0,,0,0,,,0.0,0.0,,,6,0.0,0,0,0,,Blaine Gabbert,GabbBl00
2020,31,TAM,QB,4,0,9,16,0,0,11.1,16.0,1.8,4.0,2.3,0,0,0,,0,0,,,0.0,0.0,,,9,1.8,16,0,1,,Blaine Gabbert,GabbBl00
2021,32,TAM,QB,6,0,9,-7,0,0,0.0,,-0.8,-1.2,1.5,0,0,0,,0,0,,,0.0,0.0,,,9,-0.8,-7,0,0,,Blaine Gabbert,GabbBl00
2023,34,KAN,QB,2,1,7,45,0,2,42.9,25.0,6.4,22.5,3.5,0,0,0,,0,0,,,0.0,0.0,,,7,6.4,45,0,0,,Blaine Gabbert,GabbBl00
2024,24,DEN,QB,17,17,92,430,4,45,53.3,32.0,4.7,25.3,5.4,1,1,2,2.0,1,1,100.0,2.0,0.1,0.1,100.0,2.0,93,4.6,432,5,3,AP ORoY-3,Bo Nix,NixxBo00
2025,25,DEN,QB,17,17,83,356,5,25,45.8,25.0,4.3,20.9,4.9,1,0,0,,0,0,0.0,,0.0,0.0,0.0,0.0,83,4.3,356,5,4,,Bo Nix,NixxBo00
1994,26,MIN,QB,4,0,2,-2,0,0,0.0,-1.0,-1.0,-0.5,0.5,0,0,0,,0,0,,,0.0,0.0,,,2,-1.0,-2,0,0,,Brad Johnson,JohnBr00
1995,27,MIN,QB,5,0,9,-9,0,1,11.1,3.0,-1.0,-1.8,1.8,0,0,0,,0,0,,,0.0,0.0,,,9,-1.0,-9,0,2,,Brad Johnson,JohnBr00
1996,28,MIN,QB,12,8,34,90,1,13,47.1,13.0,2.6,7.5,2.8,0,0,0,,0,0,,,0.0,0.0,,,34,2.6,90,1,5,,Brad Johnson,JohnBr00
1997,29,MIN,QB,13,13,35,139,0,13,48.6,28.0,4.0,10.7,2.7,1,1,3,3.0,1,1,100.0,3.0,0.1,0.2,100.0,3.0,36,3.9,142,1,4,,Brad Johnson,JohnBr00
1998,30,MIN,QB,4,2,12,15,0,2,33.3,6.0,1.3,3.8,3.0,0,0,0,,0,0,,,0.0,0.0,,,12,1.3,15,0,1,,Brad Johnson,JohnBr00
1999,31,WAS,QB,16,16,26,31,2,11,23.1,12.0,1.2,1.9,1.6,0,0,0,,0,0,,,0.0,0.0,,,26,1.2,31,2,12,"PB,AP CPoY-2",Brad Johnson,JohnBr00
2000,32,WAS,QB,12,11,22,58,1,6,27.3,21.0,2.6,4.8,1.8,0,0,0,,0,0,,,0.0,0.0,,,22,2.6,58,1,5,,Brad Johnson,JohnBr00
2001,33,TAM,QB,16,16,39,120,3,19,59.0,21.0,3.1,7.5,2.4,0,0,0,,0,0,,,0.0,0.0,,,39,3.1,120,3,4,,Brad Johnson,JohnBr00
2002,34,TAM,QB,13,13,13,30,0,4,53.8,6.0,2.3,2.3,1.0,0,0,0,,0,0,,,0.0,0.0,,,13,2.3,30,0,8,PB,Brad Johnson,JohnBr00
2003,35,TAM,QB,16,16,25,33,0,4,28.0,13.0,1.3,2.1,1.6,1,0,-2,,0,0,0.0,-2.0,0.0,-0.1,0.0,-2.0,25,1.2,31,0,6,,Brad Johnson,JohnBr00
2004,36,TAM,QB,4,4,5,23,0,1,60.0,7.0,4.6,5.8,1.3,0,0,0,,0,0,,,0.0,0.0,,,5,4.6,23,0,2,,Brad Johnson,JohnBr00
2005,37,MIN,QB,15,9,18,53,0,2,16.7,16.0,2.9,3.5,1.2,0,0,0,,0,0,,,0.0,0.0,,,18,2.9,53,0,5,,Brad Johnson,JohnBr00
2006,38,MIN,QB,15,14,29,82,1,6,44.8,10.0,2.8,5.5,1.9,0,0,0,,0,0,,,0.0,0.0,,,29,2.8,82,1,9,,Brad Johnson,JohnBr00
2007,39,DAL,QB,16,0,5,-5,0,0,0.0,,-1.0,-0.3,0.3,0,0,0,,0,0,,,0.0,0.0,,,5,-1.0,-5,0,0,,Brad Johnson,JohnBr00
2008,40,DAL,QB,16,3,2,-1,0,0,0.0,,-0.5,-0.1,0.1,0,0,0,,0,0,,,0.0,0.0,,,2,-0.5,-1,0,1,,Brad Johnson,JohnBr00
1992,23,GNB,QB,15,13,47,198,1,11,38.3,19.0,4.2,13.2,3.1,1,1,-7,-7.0,0,0,0.0,-7.0,0.1,-0.5,100.0,-7.0,48,4.0,191,1,12,PB,Brett Favre,FavrBr00
1993,24,GNB,QB,16,16,58,216,1,13,37.9,27.0,3.7,13.5,3.6,0,0,0,,0,0,,,0.0,0.0,,,58,3.7,216,1,14,PB,Brett Favre,FavrBr00
1994,25,GNB,QB,16,16,42,202,2,14,35.7,36.0,4.8,12.6,2.6,0,0,0,,0,0,,,0.0,0.0,,,42,4.8,202,2,7,,Brett Favre,FavrBr00
1995,26,GNB,QB,16,16,39,181,3,17,51.3,40.0,4.6,11.3,2.4,0,0,0,,0,0,,,0.0,0.0,,,39,4.6,181,3,8,"PB,AP-1,AP MVP-1,AP OPoY-1",Brett Favre,FavrBr00
1996,27,GNB,QB,16,16,49,136,2,18,46.9,23.0,2.8,8.5,3.1,0,0,0,,0,0,,,0.0,0.0,,,49,2.8,136,2,11,"PB,AP-1,AP MVP-1,AP OPoY-2",Brett Favre,FavrBr00
1997,28,GNB,QB,16,16,58,187,1,16,37.9,16.0,3.2,11.7,3.6,0,0,0,,0,0,,,0.0,0.0,,,58,3.2,187,1,7,"PB,AP-1,AP MVP-1,AP OPoY-3",Brett Favre,FavrBr00
1998,29,GNB,QB,16,16,40,133,1,13,37.5,35.0,3.3,8.3,2.5,0,0,0,,0,0,,,0.0,0.0,,,40,3.3,133,1,8,,Brett Favre,FavrBr00
1999,30,GNB,QB,16,16,28,142,0,13,53.6,20.0,5.1,8.9,1.8,0,0,0,,0,0,,,0.0,0.0,,,28,5.1,142,0,9,,Brett Favre,FavrBr00
2000,31,GNB,QB,16,16,27,108,0,7,40.7,18.0,4.0,6.8,1.7,0,0,0,,0,0,,,0.0,0.0,,,27,4.0,108,0,9,,Brett Favre,FavrBr00
2001,32,GNB,QB,16,16,38,56,1,6,21.1,14.0,1.5,3.5,2.4,0,0,0,,0,0,,,0.0,0.0,,,38,1.5,56,1,16,"PB,AP-2,AP MVP-3,AP OPoY-3",Brett Favre,FavrBr00
2002,33,GNB,QB,16,16,25,73,0,6,28.0,17.0,2.9,4.6,1.6,0,0,0,,0,0,,,0.0,0.0,,,25,2.9,73,0,10,"PB,AP-2,AP MVP-2",Brett Favre,FavrBr00
2003,34,GNB,QB,16,16,18,15,0,3,16.7,7.0,0.8,0.9,1.1,0,0,0,,0,0,,,0.0,0.0,,,18,0.8,15,0,5,PB,Brett Favre,FavrBr00
2004,35,GNB,QB,16,16,16,36,0,2,18.8,17.0,2.3,2.3,1.0,0,0,0,,0,0,,,0.0,0.0,,,16,2.3,36,0,4,,Brett Favre,FavrBr00
2005,36,GNB,QB,16,16,18,62,0,4,27.8,20.0,3.4,3.9,1.1,0,0,0,,0,0,,,0.0,0.0,,,18,3.4,62,0,10,,Brett Favre,FavrBr00
2006,37,GNB,QB,16,16,23,29,1,4,21.7,14.0,1.3,1.8,1.4,0,0,0,,0,0,,,0.0,0.0,,,23,1.3,29,1,8,,Brett Favre,FavrBr00
2007,38,GNB,QB,16,16,29,12,0,4,13.8,21.0,0.4,0.8,1.8,0,0,0,,0,0,,,0.0,0.0,,,29,0.4,12,0,9,"PB,AP-2,AP MVP-2,AP OPoY-3,AP CPoY-4",Brett Favre,FavrBr00
2008,39,NYJ,QB,16,16,21,43,1,4,19.0,27.0,2.0,2.7,1.3,0,0,2,,0,0,,2.0,0.0,0.1,,,21,2.1,45,1,10,PB,Brett Favre,FavrBr00
2009,40,MIN,QB,16,16,9,7,0,1,11.1,4.0,0.8,0.4,0.6,1,1,-2,-2.0,0,0,0.0,-2.0,0.1,-0.1,100.0,-2.0,10,0.5,5,0,2,"PB,AP MVP-4,AP CPoY-4",Brett Favre,FavrBr00
2010,41,MIN,QB,13,13,17,8,0,1,5.9,10.0,0.5,0.6,1.3,0,0,0,,0,0,,,0.0,0.0,,,17,0.5,8,0,7,,Brett Favre,FavrBr00
2022,23,SFO,QB,9,5,22,13,1,5,27.3,13.0,0.6,1.4,2.4,0,0,0,,0,0,,,0.0,0.0,,,22,0.6,13,1,0,AP ORoY-3,Brock Purdy,PurdBr00
2023,24,SFO,QB,16,16,39,144,2,15,53.8,17.0,3.7,9.0,2.4,0,0,0,,0,0,,,0.0,0.0,,,39,3.7,144,2,6,"PB,AP MVP-4,AP OPoY-6,AP CPoY-6",Brock Purdy,PurdBr00
2024,25,SFO,QB,15,15,66,323,5,33,63.6,16.0,4.9,21.5,4.4,0,0,0,,0,0,,,0.0,0.0,,,66,4.9,323,5,7,,Brock Purdy,PurdBr00
2025,26,SFO,QB,9,9,33,147,3,16,57.6,26.0,4.5,16.3,3.7,0,0,0,,0,0,,,0.0,0.0,,,33,4.5,147,3,3,,Brock Purdy,PurdBr00
2023,22,CAR,QB,16,16,39,253,0,18,64.1,26.0,6.5,15.8,2.4,0,0,0,,0,0,,,0.0,0.0,,,39,6.5,253,0,11,,Bryce Young,YounBr01
2024,23,CAR,QB,14,12,43,249,6,15,53.5,34.0,5.8,17.8,3.1,0,0,0,,0,0,,,0.0,0.0,,,43,5.8,249,6,5,,Bryce Young,YounBr01
2025,24,CAR,QB,16,16,54,216,2,16,44.4,24.0,4.0,13.5,3.4,0,0,0,,0,0,,,0.0,0.0,,,54,4.0,216,2,7,,Bryce Young,YounBr01
2023,22,HOU,QB,15,15,39,167,3,17,59.0,16.0,4.3,11.1,2.6,1,1,0,0.0,0,0,0.0,,0.1,0.0,100.0,0.0,40,4.2,167,3,8,"PB,AP MVP-8,AP ORoY-1",C.J. Stroud,StroCJ00
2024,23,HOU,QB,17,17,52,233,0,19,38.5,25.0,4.5,13.7,3.1,1,0,0,,0,0,0.0,,0.0,0.0,0.0,0.0,52,4.5,233,0,6,,C.J. Stroud,StroCJ00
2025,24,HOU,QB,14,14,48,209,1,18,47.9,30.0,4.4,14.9,3.4,0,0,0,,0,0,,,0.0,0.0,,,48,4.4,209,1,2,,C.J. Stroud,StroCJ00
2024,23,CHI,QB,17,17,81,489,0,27,51.9,24.0,6.0,28.8,4.8,0,0,0,,0,0,,,0.0,0.0,,,81,6.0,489,0,10,AP ORoY-10,Caleb Williams,WillCa03
2025,24,CHI,QB,17,17,77,388,3,28,55.8,29.0,5.0,22.8,4.5,2,2,22,11.0,1,2,100.0,20.0,0.1,1.3,100.0,11.0,79,5.2,410,4,9,,Caleb Williams,WillCa03
2011,22,CAR,QB,16,16,126,706,14,53,53.2,49.0,5.6,44.1,7.9,1,1,27,27.0,0,1,100.0,27.0,0.1,1.7,100.0,27.0,127,5.8,733,14,5,"PB,AP ORoY-1",Cam Newton,NewtCa00
2012,23,CAR,QB,16,16,127,741,8,52,52.0,72.0,5.8,46.3,7.9,1,0,6,,0,0,0.0,6.0,0.0,0.4,0.0,6.0,127,5.9,747,8,10,,Cam Newton,NewtCa00
2013,24,CAR,QB,16,16,111,585,6,45,55.0,56.0,5.3,36.6,6.9,0,0,0,,0,0,,,0.0,0.0,,,111,5.3,585,6,3,PB,Cam Newton,NewtCa00
2014,25,CAR,QB,14,14,103,539,5,48,61.2,22.0,5.2,38.5,7.4,0,0,0,,0,0,,,0.0,0.0,,,103,5.2,539,5,9,,Cam Newton,NewtCa00
2015,26,CAR,QB,16,16,132,636,10,59,56.1,47.0,4.8,39.8,8.3,0,0,0,,0,0,,,0.0,0.0,,,132,4.8,636,10,5,"PB,AP-1,AP MVP-1,AP OPoY-1",Cam Newton,NewtCa00
2016,27,CAR,QB,15,14,90,359,5,28,52.2,28.0,4.0,23.9,6.0,0,0,0,,0,0,,,0.0,0.0,,,90,4.0,359,5,3,,Cam Newton,NewtCa00
2017,28,CAR,QB,16,16,139,754,6,46,49.6,69.0,5.4,47.1,8.7,0,0,0,,0,0,,,0.0,0.0,,,139,5.4,754,6,9,,Cam Newton,NewtCa00
2018,29,CAR,QB,14,14,101,488,4,36,48.5,29.0,4.8,34.9,7.2,0,0,0,,0,0,,,0.0,0.0,,,101,4.8,488,4,6,,Cam Newton,NewtCa00
2019,30,CAR,QB,2,2,5,-2,0,0,0.0,3.0,-0.4,-1.0,2.5,0,0,0,,0,0,,,0.0,0.0,,,5,-0.4,-2,0,2,,Cam Newton,NewtCa00
2020,31,NWE,QB,15,15,137,592,12,55,54.0,49.0,4.3,39.5,9.1,2,2,35,17.5,1,2,100.0,19.0,0.1,2.3,100.0,17.5,139,4.5,627,13,6,,Cam Newton,NewtCa00
2021,32,CAR,QB,8,5,47,230,5,20,55.3,33.0,4.9,28.8,5.9,0,0,0,,0,0,,,0.0,0.0,,,47,4.9,230,5,4,,Cam Newton,NewtCa00
2025,23,TEN,QB,17,17,39,159,2,15,53.8,20.0,4.1,9.4,2.3,0,0,0,,0,0,,,0.0,0.0,,,39,4.1,159,2,11,,Cam Ward,WardCa00
2004,25,CIN,QB,13,13,18,47,1,5,38.9,14.0,2.6,3.6,1.4,0,0,0,,0,0,,,0.0,0.0,,,18,2.6,47,1,2,,Carson Palmer,PalmCa00
2005,26,CIN,QB,16,16,34,41,1,6,29.4,14.0,1.2,2.6,2.1,0,0,0,,0,0,,,0.0,0.0,,,34,1.2,41,1,5,"PB,AP MVP-5,AP OPoY-4",Carson Palmer,PalmCa00
2006,27,CIN,QB,16,16,26,37,0,6,34.6,11.0,1.4,2.3,1.6,0,0,0,,0,0,,,0.0,0.0,,,26,1.4,37,0,15,"PB,AP CPoY-3",Carson Palmer,PalmCa00
2007,28,CIN,QB,16,16,24,10,0,3,16.7,10.0,0.4,0.6,1.5,0,0,0,,0,0,,,0.0,0.0,,,24,0.4,10,0,5,,Carson Palmer,PalmCa00
2008,29,CIN,QB,4,4,6,38,0,2,66.7,15.0,6.3,9.5,1.5,0,0,0,,0,0,,,0.0,0.0,,,6,6.3,38,0,2,,Carson Palmer,PalmCa00
2009,30,CIN,QB,16,16,39,93,3,13,41.0,15.0,2.4,5.8,2.4,0,0,0,,0,0,,,0.0,0.0,,,39,2.4,93,3,6,,Carson Palmer,PalmCa00
2010,31,CIN,QB,16,16,32,50,0,6,31.3,9.0,1.6,3.1,2.0,0,0,0,,0,0,,,0.0,0.0,,,32,1.6,50,0,7,,Carson Palmer,PalmCa00
2011,32,OAK,QB,10,9,16,20,1,5,31.3,10.0,1.3,2.0,1.6,0,0,0,,0,0,,,0.0,0.0,,,16,1.3,20,1,2,,Carson Palmer,PalmCa00
2012,33,OAK,QB,15,15,18,36,1,7,50.0,9.0,2.0,2.4,1.2,0,0,0,,0,0,,,0.0,0.0,,,18,2.0,36,1,7,,Carson Palmer,PalmCa00
2013,34,ARI,QB,16,16,27,3,0,1,3.7,10.0,0.1,0.2,1.7,0,0,0,,0,0,,,0.0,0.0,,,27,0.1,3,0,6,,Carson Palmer,PalmCa00
2014,35,ARI,QB,6,6,8,25,0,1,25.0,12.0,3.1,4.2,1.3,1,0,0,,0,0,0.0,,0.0,0.0,0.0,0.0,8,3.1,25,0,3,,Carson Palmer,PalmCa00
2015,36,ARI,QB,16,16,25,24,1,5,16.0,12.0,1.0,1.5,1.6,0,0,0,,0,0,,,0.0,0.0,,,25,1.0,24,1,6,"PB,AP-2,AP MVP-2,AP OPoY-4,AP CPoY-2",Carson Palmer,PalmCa00
2016,37,ARI,QB,15,15,14,38,0,3,42.9,16.0,2.7,2.5,0.9,0,0,0,,0,0,,,0.0,0.0,,,14,2.7,38,0,14,,Carson Palmer,PalmCa00
2017,38,ARI,QB,7,7,14,12,0,5,35.7,4.0,0.9,1.7,2.0,0,0,0,,0,0,,,0.0,0.0,,,14,0.9,12,0,2,,Carson Palmer,PalmCa00
2016,23,DAL,QB,16,16,57,282,6,21,54.4,18.0,4.9,17.6,3.6,0,0,0,,0,0,,,0.0,0.0,,,57,4.9,282,6,9,"PB,AP MVP-6,AP ORoY-1",Dak Prescott,PresDa01
2017,24,DAL,QB,16,16,57,357,6,29,63.2,21.0,6.3,22.3,3.6,0,0,0,,0,0,,,0.0,0.0,,,57,6.3,357,6,4,,Dak Prescott,PresDa01
2018,25,DAL,QB,16,16,75,305,6,25,46.7,28.0,4.1,19.1,4.7,1,0,0,,0,0,0.0,,0.0,0.0,0.0,0.0,75,4.1,305,6,12,PB,Dak Prescott,PresDa01
2019,26,DAL,QB,16,16,52,277,3,19,46.2,42.0,5.3,17.3,3.3,0,0,0,,0,0,,,0.0,0.0,,,52,5.3,277,3,6,,Dak Prescott,PresDa01
2020,27,DAL,QB,5,5,18,93,3,8,55.6,12.0,5.2,18.6,3.6,1,1,11,11.0,1,1,100.0,11.0,0.2,2.2,100.0,11.0,19,5.5,104,4,3,,Dak Prescott,PresDa01
2021,28,DAL,QB,16,16,48,146,1,9,27.1,21.0,3.0,9.1,3.0,0,0,0,,0,0,,,0.0,0.0,,,48,3.0,146,1,14,AP CPoY-2,Dak Prescott,PresDa01
2022,29,DAL,QB,12,12,45,182,1,21,51.1,25.0,4.0,15.2,3.8,0,0,0,,0,0,,,0.0,0.0,,,45,4.0,182,1,4,,Dak Prescott,PresDa01
2023,30,DAL,QB,17,17,55,242,2,25,52.7,22.0,4.4,14.2,3.2,0,0,0,,0,0,,,0.0,0.0,,,55,4.4,242,2,4,"PB,AP-2,AP MVP-2,AP OPoY-5",Dak Prescott,PresDa01
2024,31,DAL,QB,8,8,13,54,1,5,61.5,22.0,4.2,6.8,1.6,0,0,0,,0,0,,,0.0,0.0,,,13,4.2,54,1,4,,Dak Prescott,PresDa01
2025,32,DAL,QB,17,17,53,177,2,15,43.4,14.0,3.3,10.4,3.1,0,0,0,,0,0,,,0.0,0.0,,,53,3.3,177,2,6,"PB,AP CPoY-3",Dak Prescott,PresDa01
1983,22,MIA,QB,11,9,28,45,2,5,21.4,15.0,1.6,4.1,2.5,0,0,0,,0,0,,,0.0,0.0,,,28,1.6,45,2,5,"PB,AP-2,AP MVP-3,AP OPoY-3,AP ORoY-2",Dan Marino,MariDa00
1984,23,MIA,QB,16,16,28,-7,0,2,10.7,10.0,-0.3,-0.4,1.8,0,0,0,,0,0,,,0.0,0.0,,,28,-0.3,-7,0,6,"PB,AP-1,AP MVP-1,AP OPoY-1",Dan Marino,MariDa00
1985,24,MIA,QB,16,16,26,-24,0,0,3.8,6.0,-0.9,-1.5,1.6,0,0,0,,0,0,,,0.0,0.0,,,26,-0.9,-24,0,9,"PB,AP-1",Dan Marino,MariDa00
1986,25,MIA,QB,16,16,12,-3,0,1,16.7,13.0,-0.3,-0.2,0.8,0,0,0,,0,0,,,0.0,0.0,,,12,-0.3,-3,0,8,"PB,AP-1,AP MVP-3,AP OPoY-2",Dan Marino,MariDa00
1987,26,MIA,QB,12,12,12,-5,1,1,8.3,5.0,-0.4,-0.4,1.0,0,0,0,,0,0,,,0.0,0.0,,,12,-0.4,-5,1,5,PB,Dan Marino,MariDa00
1988,27,MIA,QB,16,16,20,-17,0,1,5.0,6.0,-0.9,-1.1,1.3,0,0,0,,0,0,,,0.0,0.0,,,20,-0.9,-17,0,10,AP OPoY-4,Dan Marino,MariDa00
1989,28,MIA,QB,16,16,14,-7,2,3,21.4,2.0,-0.5,-0.4,0.9,0,0,0,,0,0,,,0.0,0.0,,,14,-0.5,-7,2,7,,Dan Marino,MariDa00
1990,29,MIA,QB,16,16,16,29,0,4,25.0,15.0,1.8,1.8,1.0,0,0,0,,0,0,,,0.0,0.0,,,16,1.8,29,0,3,,Dan Marino,MariDa00
1991,30,MIA,QB,16,16,27,32,1,4,33.3,11.0,1.2,2.0,1.7,0,0,0,,0,0,,,0.0,0.0,,,27,1.2,32,1,6,PB,Dan Marino,MariDa00
1992,31,MIA,QB,16,16,20,66,0,4,40.0,12.0,3.3,4.1,1.3,0,0,0,,0,0,,,0.0,0.0,,,20,3.3,66,0,5,PB,Dan Marino,MariDa00
1993,32,MIA,QB,5,5,9,-4,1,1,11.1,4.0,-0.4,-0.8,1.8,0,0,0,,0,0,,,0.0,0.0,,,9,-0.4,-4,1,4,,Dan Marino,MariDa00
1994,33,MIA,QB,16,16,22,-6,1,2,9.1,10.0,-0.3,-0.4,1.4,0,0,0,,0,0,,,0.0,0.0,,,22,-0.3,-6,1,9,"PB,AP-2",Dan Marino,MariDa00
1995,34,MIA,QB,14,14,11,14,0,1,18.2,12.0,1.3,1.0,0.8,1,1,-6,-6.0,0,0,0.0,-6.0,0.1,-0.4,100.0,-6.0,12,0.7,8,0,7,"PB,AP-2",Dan Marino,MariDa00
1996,35,MIA,QB,13,13,11,-3,0,0,9.1,7.0,-0.3,-0.2,0.8,0,0,0,,0,0,,,0.0,0.0,,,11,-0.3,-3,0,4,,Dan Marino,MariDa00
1997,36,MIA,QB,16,16,18,-14,0,0,0.0,1.0,-0.8,-0.9,1.1,0,0,0,,0,0,,,0.0,0.0,,,18,-0.8,-14,0,8,,Dan Marino,MariDa00
1998,37,MIA,QB,16,16,21,-3,1,1,4.8,10.0,-0.1,-0.2,1.3,0,0,0,,0,0,,,0.0,0.0,,,21,-0.1,-3,1,9,,Dan Marino,MariDa00
1999,38,MIA,QB,11,11,6,-6,0,1,0.0,,-1.0,-0.5,0.5,0,0,0,,0,0,,,0.0,0.0,,,6,-1.0,-6,0,5,,Dan Marino,MariDa00
2019,22,NYG,QB,13,12,45,279,2,21,66.7,26.0,6.2,21.5,3.5,0,0,0,,0,0,,,0.0,0.0,,,45,6.2,279,2,19,,Daniel Jones,JoneDa05
2020,23,NYG,QB,14,14,65,423,1,17,44.6,80.0,6.5,30.2,4.6,0,0,0,,0,0,,,0.0,0.0,,,65,6.5,423,1,10,,Daniel Jones,JoneDa05
2021,24,NYG,QB,11,11,62,298,2,16,48.4,46.0,4.8,27.1,5.6,1,1,16,16.0,0,1,100.0,16.0,0.1,1.5,100.0,16.0,63,5.0,314,2,7,,Daniel Jones,JoneDa05
2022,25,NYG,QB,16,16,120,708,7,64,59.2,25.0,5.9,44.3,7.5,0,0,0,,0,0,,,0.0,0.0,,,120,5.9,708,7,6,AP CPoY-11,Daniel Jones,JoneDa05
2023,26,NYG,QB,6,6,40,206,1,15,52.5,17.0,5.2,34.3,6.7,0,0,0,,0,0,,,0.0,0.0,,,40,5.2,206,1,4,,Daniel Jones,JoneDa05
2024,27,NYG,QB,10,10,67,265,2,26,59.7,24.0,4.0,26.5,6.7,0,0,0,,0,0,,,0.0,0.0,,,67,4.0,265,2,4,,Daniel Jones,JoneDa05
2025,28,IND,QB,13,13,45,164,5,19,53.3,19.0,3.6,12.6,3.5,0,0,0,,0,0,,,0.0,0.0,,,45,3.6,164,5,9,,Daniel Jones,JoneDa05
1999,22,MIN,QB,1,0,3,6,0,1,33.3,9.0,2.0,6.0,3.0,0,0,0,,0,0,,,0.0,0.0,,,3,2.0,6,0,1,,Daunte Culpepper,CulpDa00
2000,23,MIN,QB,16,16,89,470,7,36,56.2,27.0,5.3,29.4,5.6,0,0,0,,0,0,,,0.0,0.0,,,89,5.3,470,7,11,PB,Daunte Culpepper,CulpDa00
2001,24,MIN,QB,11,11,71,416,5,32,59.2,34.0,5.9,37.8,6.5,1,1,0,0.0,0,0,0.0,,0.1,0.0,100.0,0.0,72,5.8,416,5,16,,Daunte Culpepper,CulpDa00
2002,25,MIN,QB,16,16,106,609,10,47,59.4,38.0,5.7,38.1,6.6,0,0,0,,0,0,,,0.0,0.0,,,106,5.7,609,10,23,,Daunte Culpepper,CulpDa00
2003,26,MIN,QB,14,14,73,422,4,28,63.0,42.0,5.8,30.1,5.2,0,0,0,,0,0,,,0.0,0.0,,,73,5.8,422,4,16,"PB,AP CPoY-8",Daunte Culpepper,CulpDa00
2004,27,MIN,QB,16,16,88,406,2,31,55.7,16.0,4.6,25.4,5.5,0,0,0,,0,0,,,0.0,0.0,,,88,4.6,406,2,9,"PB,AP OPoY-2",Daunte Culpepper,CulpDa00
2005,28,MIN,QB,7,7,24,147,1,11,54.2,18.0,6.1,21.0,3.4,0,0,0,,0,0,,,0.0,0.0,,,24,6.1,147,1,5,,Daunte Culpepper,CulpDa00
2006,29,MIA,QB,4,4,10,20,1,3,30.0,7.0,2.0,5.0,2.5,0,0,0,,0,0,,,0.0,0.0,,,10,2.0,20,1,3,,Daunte Culpepper,CulpDa00
2007,30,OAK,QB,7,6,20,40,3,7,40.0,9.0,2.0,5.7,2.9,0,0,0,,0,0,,,0.0,0.0,,,20,2.0,40,3,9,,Daunte Culpepper,CulpDa00
2008,31,DET,QB,5,5,12,25,1,4,33.3,9.0,2.1,5.0,2.4,0,0,0,,0,0,,,0.0,0.0,,,12,2.1,25,1,5,,Daunte Culpepper,CulpDa00
2009,32,DET,QB,8,5,18,91,0,5,38.9,32.0,5.1,11.4,2.3,0,0,0,,0,0,,,0.0,0.0,,,18,5.1,91,0,4,,Daunte Culpepper,CulpDa00
2014,23,OAK,QB,16,16,29,92,0,12,37.9,41.0,3.2,5.8,1.8,1,0,0,,0,0,0.0,,0.0,0.0,0.0,0.0,29,3.2,92,0,10,,Derek Carr,CarrDe02
2015,24,OAK,QB,16,16,33,138,0,8,39.4,24.0,4.2,8.6,2.1,0,0,0,,0,0,,,0.0,0.0,,,33,4.2,138,0,10,PB,Derek Carr,CarrDe02
2016,25,OAK,QB,15,15,39,70,0,5,30.8,13.0,1.8,4.7,2.6,0,0,0,,0,0,,,0.0,0.0,,,39,1.8,70,0,5,"PB,AP MVP-3,AP OPoY-6",Derek Carr,CarrDe02
2017,26,OAK,QB,15,15,23,66,0,5,26.1,32.0,2.9,4.4,1.5,0,0,0,,0,0,,,0.0,0.0,,,23,2.9,66,0,8,PB,Derek Carr,CarrDe02
2018,27,OAK,QB,16,16,24,47,1,5,29.2,15.0,2.0,2.9,1.5,1,1,-9,-9.0,0,0,0.0,-9.0,0.1,-0.6,100.0,-9.0,25,1.5,38,1,12,,Derek Carr,CarrDe02
2019,28,OAK,QB,16,16,27,82,2,7,33.3,15.0,3.0,5.1,1.7,0,0,0,,0,0,,,0.0,0.0,,,27,3.0,82,2,7,,Derek Carr,CarrDe02
2020,29,LVR,QB,16,16,39,140,3,16,53.8,18.0,3.6,8.8,2.4,0,0,0,,0,0,,,0.0,0.0,,,39,3.6,140,3,11,,Derek Carr,CarrDe02
2021,30,LVR,QB,17,17,40,108,0,10,40.0,22.0,2.7,6.4,2.4,0,0,0,,0,0,,,0.0,0.0,,,40,2.7,108,0,13,,Derek Carr,CarrDe02
2022,31,LVR,QB,15,15,24,102,0,10,50.0,20.0,4.3,6.8,1.6,0,0,0,,0,0,,,0.0,0.0,,,24,4.3,102,0,4,PB,Derek Carr,CarrDe02
2023,32,NOR,QB,17,17,32,40,0,4,25.0,10.0,1.3,2.4,1.9,0,0,0,,0,0,,,0.0,0.0,,,32,1.3,40,0,7,,Derek Carr,CarrDe02
2024,33,NOR,QB,10,10,17,71,1,4,52.9,13.0,4.2,7.1,1.7,0,0,0,,0,0,,,0.0,0.0,,,17,4.2,71,1,3,,Derek Carr,CarrDe02
2017,22,HOU,QB,7,6,36,269,2,14,61.1,49.0,7.5,38.4,5.1,0,0,0,,0,0,,,0.0,0.0,,,36,7.5,269,2,3,AP ORoY-3,Deshaun Watson,WatsDe00
2018,23,HOU,QB,16,16,99,551,5,33,52.5,34.0,5.6,34.4,6.2,0,0,0,,0,0,,,0.0,0.0,,,99,5.6,551,5,9,PB,Deshaun Watson,WatsDe00
2019,24,HOU,QB,15,15,82,413,7,29,48.8,30.0,5.0,27.5,5.5,1,1,6,6.0,1,1,100.0,6.0,0.1,0.4,100.0,6.0,83,5.0,419,8,10,PB,Deshaun Watson,WatsDe00
2020,25,HOU,QB,16,16,90,444,3,31,53.3,16.0,4.9,27.8,5.6,0,0,0,,0,0,,,0.0,0.0,,,90,4.9,444,3,8,PB,Deshaun Watson,WatsDe00
2022,27,CLE,QB,6,6,36,175,1,10,47.2,21.0,4.9,29.2,6.0,0,0,0,,0,0,,,0.0,0.0,,,36,4.9,175,1,1,,Deshaun Watson,WatsDe00
2023,28,CLE,QB,6,6,26,142,1,10,61.5,16.0,5.5,23.7,4.3,0,0,0,,0,0,,,0.0,0.0,,,26,5.5,142,1,5,,Deshaun Watson,WatsDe00
2024,29,CLE,QB,7,7,31,148,1,8,41.9,16.0,4.8,21.1,4.4,0,0,0,,0,0,,,0.0,0.0,,,31,4.8,148,1,5,,Deshaun Watson,WatsDe00
1999,23,PHI,QB,12,6,47,313,0,18,42.6,27.0,6.7,26.1,3.9,1,1,-6,-6.0,0,0,0.0,-6.0,0.1,-0.5,100.0,-6.0,48,6.4,307,0,8,,Donovan McNabb,McNaDo00
2000,24,PHI,QB,16,16,86,629,6,32,58.1,54.0,7.3,39.3,5.4,4,2,5,2.5,0,0,0.0,3.0,0.1,0.3,50.0,1.3,88,7.2,634,6,7,"PB,AP MVP-2,AP OPoY-4",Donovan McNabb,McNaDo00
2001,25,PHI,QB,16,16,82,482,2,28,50.0,33.0,5.9,30.1,5.1,0,0,0,,0,0,,,0.0,0.0,,,82,5.9,482,2,8,PB,Donovan McNabb,McNaDo00
2002,26,PHI,QB,10,10,63,460,6,35,65.1,40.0,7.3,46.0,6.3,1,0,0,,0,0,0.0,,0.0,0.0,0.0,0.0,63,7.3,460,6,6,PB,Donovan McNabb,McNaDo00
2003,27,PHI,QB,16,16,71,355,3,27,50.7,34.0,5.0,22.2,4.4,1,1,-7,-7.0,0,0,0.0,-7.0,0.1,-0.4,100.0,-7.0,72,4.8,348,3,9,PB,Donovan McNabb,McNaDo00
2004,28,PHI,QB,15,15,41,220,3,12,46.3,28.0,5.4,14.7,2.7,0,0,0,,0,0,,,0.0,0.0,,,41,5.4,220,3,8,PB,Donovan McNabb,McNaDo00
2005,29,PHI,QB,9,9,25,55,1,7,28.0,11.0,2.2,6.1,2.8,0,0,0,,0,0,,,0.0,0.0,,,25,2.2,55,1,8,,Donovan McNabb,McNaDo00
2006,30,PHI,QB,10,10,32,212,3,15,59.4,37.0,6.6,21.2,3.2,0,0,0,,0,0,,,0.0,0.0,,,32,6.6,212,3,3,,Donovan McNabb,McNaDo00
2007,31,PHI,QB,14,14,50,236,0,17,46.0,40.0,4.7,16.9,3.6,0,0,0,,0,0,,,0.0,0.0,,,50,4.7,236,0,9,,Donovan McNabb,McNaDo00
2008,32,PHI,QB,16,16,39,147,2,11,43.6,17.0,3.8,9.2,2.4,0,0,0,,0,0,,,0.0,0.0,,,39,3.8,147,2,7,,Donovan McNabb,McNaDo00
2009,33,PHI,QB,14,14,37,140,2,11,32.4,27.0,3.8,10.0,2.6,1,1,1,1.0,0,0,0.0,1.0,0.1,0.1,100.0,1.0,38,3.7,141,2,10,PB,Donovan McNabb,McNaDo00
2010,34,WAS,QB,13,13,29,151,0,8,44.8,36.0,5.2,11.6,2.2,0,0,0,,0,0,,,0.0,0.0,,,29,5.2,151,0,10,,Donovan McNabb,McNaDo00
2011,35,MIN,QB,6,6,14,59,1,5,35.7,23.0,4.2,9.8,2.3,0,0,0,,0,0,,,0.0,0.0,,,14,4.2,59,1,2,,Donovan McNabb,McNaDo00
2024,22,NWE,QB,13,12,54,421,2,22,64.8,41.0,7.8,32.4,4.2,0,0,0,,0,0,,,0.0,0.0,,,54,7.8,421,2,9,"PB,AP ORoY-8",Drake Maye,MayeDr00
2025,23,NWE,QB,17,17,103,450,4,38,47.6,28.0,4.4,26.5,6.1,1,1,2,2.0,0,0,0.0,2.0,0.1,0.1,100.0,2.0,104,4.3,452,4,8,"PB,AP-2,AP MVP-2,AP OPoY-5",Drake Maye,MayeDr00
1993,21,NWE,QB,13,12,32,82,0,6,28.1,15.0,2.6,6.3,2.5,0,0,0,,0,0,,,0.0,0.0,,,32,2.6,82,0,8,,Drew Bledsoe,BledDr00
1994,22,NWE,QB,16,16,44,40,0,13,36.4,7.0,0.9,2.5,2.8,0,0,0,,0,0,,,0.0,0.0,,,44,0.9,40,0,9,PB,Drew Bledsoe,BledDr00
1995,23,NWE,QB,15,15,20,28,0,4,20.0,15.0,1.4,1.9,1.3,1,1,-9,-9.0,0,0,0.0,-9.0,0.1,-0.6,100.0,-9.0,21,0.9,19,0,11,,Drew Bledsoe,BledDr00
1996,24,NWE,QB,16,16,24,27,0,7,29.2,8.0,1.1,1.7,1.5,0,0,0,,0,0,,,0.0,0.0,,,24,1.1,27,0,9,PB,Drew Bledsoe,BledDr00
1997,25,NWE,QB,16,16,28,55,0,10,50.0,8.0,2.0,3.4,1.8,0,0,0,,0,0,,,0.0,0.0,,,28,2.0,55,0,4,PB,Drew Bledsoe,BledDr00
1998,26,NWE,QB,14,14,28,44,0,7,42.9,10.0,1.6,3.1,2.0,0,0,0,,0,0,,,0.0,0.0,,,28,1.6,44,0,9,,Drew Bledsoe,BledDr00
1999,27,NWE,QB,16,16,42,101,0,12,31.0,25.0,2.4,6.3,2.6,0,0,0,,0,0,,,0.0,0.0,,,42,2.4,101,0,8,,Drew Bledsoe,BledDr00
2000,28,NWE,QB,16,16,47,158,2,14,44.7,16.0,3.4,9.9,2.9,0,0,0,,0,0,,,0.0,0.0,,,47,3.4,158,2,9,,Drew Bledsoe,BledDr00
2001,29,NWE,QB,2,2,5,18,0,1,20.0,8.0,3.6,9.0,2.5,0,0,0,,0,0,,,0.0,0.0,,,5,3.6,18,0,1,,Drew Bledsoe,BledDr00
2002,30,BUF,QB,16,16,27,67,2,10,48.1,11.0,2.5,4.2,1.7,0,0,0,,0,0,,,0.0,0.0,,,27,2.5,67,2,11,"PB,AP CPoY-3",Drew Bledsoe,BledDr00
2003,31,BUF,QB,16,16,24,29,2,5,25.0,11.0,1.2,1.8,1.5,0,0,0,,0,0,,,0.0,0.0,,,24,1.2,29,2,15,,Drew Bledsoe,BledDr00
2004,32,BUF,QB,16,16,22,37,0,3,31.8,17.0,1.7,2.3,1.4,0,0,0,,0,0,,,0.0,0.0,,,22,1.7,37,0,9,,Drew Bledsoe,BledDr00
2005,33,DAL,QB,16,16,34,50,2,7,29.4,9.0,1.5,3.1,2.1,0,0,0,,0,0,,,0.0,0.0,,,34,1.5,50,2,17,,Drew Bledsoe,BledDr00
2006,34,DAL,QB,6,6,8,28,2,6,75.0,11.0,3.5,4.7,1.3,0,0,0,,0,0,,,0.0,0.0,,,8,3.5,28,2,3,,Drew Bledsoe,BledDr00
2001,22,SDG,QB,1,0,2,18,0,1,100.0,13.0,9.0,18.0,2.0,0,0,0,,0,0,,,0.0,0.0,,,2,9.0,18,0,2,,Drew Brees,BreeDr00
2002,23,SDG,QB,16,16,38,130,1,11,31.6,15.0,3.4,8.1,2.4,0,0,0,,0,0,,,0.0,0.0,,,38,3.4,130,1,2,,Drew Brees,BreeDr00
2003,24,SDG,QB,11,11,21,84,0,8,47.6,18.0,4.0,7.6,1.9,1,1,21,21.0,1,1,100.0,21.0,0.1,1.9,100.0,21.0,22,4.8,105,1,5,,Drew Brees,BreeDr00
2004,25,SDG,QB,15,15,53,85,2,18,39.6,22.0,1.6,5.7,3.5,1,1,38,38.0,0,1,100.0,38.0,0.1,2.5,100.0,38.0,54,2.3,123,2,7,"PB,AP OPoY-5,AP CPoY-1",Drew Brees,BreeDr00
2005,26,SDG,QB,16,16,21,49,1,8,47.6,9.0,2.3,3.1,1.3,1,0,0,,0,0,0.0,,0.0,0.0,0.0,0.0,21,2.3,49,1,8,,Drew Brees,BreeDr00
2006,27,NOR,QB,16,16,42,32,0,5,11.9,16.0,0.8,2.0,2.6,0,0,0,,0,0,,,0.0,0.0,,,42,0.8,32,0,8,"PB,AP-1,AP MVP-2,AP OPoY-2,AP CPoY-2",Drew Brees,BreeDr00
2007,28,NOR,QB,16,16,23,52,1,8,34.8,9.0,2.3,3.3,1.4,2,2,10,5.0,0,0,50.0,8.0,0.1,0.6,100.0,5.0,25,2.5,62,1,9,,Drew Brees,BreeDr00
2008,29,NOR,QB,16,16,22,-1,0,4,22.7,9.0,0.0,-0.1,1.4,0,0,0,,0,0,,,0.0,0.0,,,22,0.0,-1,0,6,"PB,AP-2,AP OPoY-1",Drew Brees,BreeDr00
2009,30,NOR,QB,15,15,22,33,2,8,40.9,10.0,1.5,2.2,1.5,1,1,-4,-4.0,0,0,0.0,-4.0,0.1,-0.3,100.0,-4.0,23,1.3,29,2,10,"PB,AP-2,AP MVP-2,AP OPoY-2",Drew Brees,BreeDr00
2010,31,NOR,QB,16,16,18,-3,0,1,11.1,7.0,-0.2,-0.2,1.1,1,1,7,7.0,0,0,0.0,7.0,0.1,0.4,100.0,7.0,19,0.2,4,0,9,PB,Drew Brees,BreeDr00
2011,32,NOR,QB,16,16,21,86,1,5,52.4,20.0,4.1,5.4,1.3,0,0,0,,0,0,,,0.0,0.0,,,21,4.1,86,1,1,"PB,AP-2,AP MVP-2,AP OPoY-1",Drew Brees,BreeDr00
2012,33,NOR,QB,16,16,15,5,1,2,13.3,11.0,0.3,0.3,0.9,0,0,0,,0,0,,,0.0,0.0,,,15,0.3,5,1,5,PB,Drew Brees,BreeDr00
2013,34,NOR,QB,16,16,35,52,3,6,28.6,16.0,1.5,3.3,2.2,0,0,0,,0,0,,,0.0,0.0,,,35,1.5,52,3,6,"PB,AP OPoY-4",Drew Brees,BreeDr00
2014,35,NOR,QB,16,16,27,68,1,6,40.7,13.0,2.5,4.3,1.7,1,1,1,1.0,0,0,0.0,1.0,0.1,0.1,100.0,1.0,28,2.5,69,1,7,PB,Drew Brees,BreeDr00
2015,36,NOR,QB,15,15,24,14,1,5,20.8,12.0,0.6,0.9,1.6,0,0,0,,0,0,,,0.0,0.0,,,24,0.6,14,1,5,,Drew Brees,BreeDr00
2016,37,NOR,QB,16,16,23,20,2,7,30.4,7.0,0.9,1.3,1.4,0,0,0,,0,0,,,0.0,0.0,,,23,0.9,20,2,5,"PB,AP OPoY-6",Drew Brees,BreeDr00
2017,38,NOR,QB,16,16,33,12,2,7,30.3,7.0,0.4,0.8,2.1,0,0,0,,0,0,,,0.0,0.0,,,33,0.4,12,2,5,PB,Drew Brees,BreeDr00
2018,39,NOR,QB,15,15,31,22,4,11,38.7,11.0,0.7,1.5,2.1,1,1,1,1.0,0,0,0.0,1.0,0.1,0.1,100.0,1.0,32,0.7,23,4,5,"PB,AP-2,AP MVP-2,AP OPoY-2",Drew Brees,BreeDr00
2019,40,NOR,QB,11,11,9,-4,1,2,22.2,2.0,-0.4,-0.4,0.8,0,0,0,,0,0,,,0.0,0.0,,,9,-0.4,-4,1,0,PB,Drew Brees,BreeDr00
2020,41,NOR,QB,12,12,18,-2,2,4,22.2,3.0,-0.1,-0.2,1.5,0,0,0,,0,0,,,0.0,0.0,,,18,-0.1,-2,2,6,,Drew Brees,BreeDr00
2004,23,NYG,QB,9,7,6,35,0,2,50.0,15.0,5.8,3.9,0.7,0,0,0,,0,0,,,0.0,0.0,,,6,5.8,35,0,3,,Eli Manning,MannEl00
2005,24,NYG,QB,16,16,29,80,1,6,34.5,14.0,2.8,5.0,1.8,0,0,0,,0,0,,,0.0,0.0,,,29,2.8,80,1,9,,Eli Manning,MannEl00
2006,25,NYG,QB,16,16,25,21,0,5,24.0,9.0,0.8,1.3,1.6,0,0,0,,0,0,,,0.0,0.0,,,25,0.8,21,0,9,,Eli Manning,MannEl00
2007,26,NYG,QB,16,16,29,69,1,9,37.9,18.0,2.4,4.3,1.8,0,0,0,,0,0,,,0.0,0.0,,,29,2.4,69,1,13,,Eli Manning,MannEl00
2008,27,NYG,QB,16,16,20,10,1,3,25.0,13.0,0.5,0.6,1.3,0,0,0,,0,0,,,0.0,0.0,,,20,0.5,10,1,5,PB,Eli Manning,MannEl00
2009,28,NYG,QB,16,16,17,65,0,5,41.2,14.0,3.8,4.1,1.1,0,0,0,,0,0,,,0.0,0.0,,,17,3.8,65,0,13,,Eli Manning,MannEl00
2010,29,NYG,QB,16,16,32,70,0,4,31.3,16.0,2.2,4.4,2.0,0,0,0,,0,0,,,0.0,0.0,,,32,2.2,70,0,7,,Eli Manning,MannEl00
2011,30,NYG,QB,16,16,35,15,1,2,8.6,12.0,0.4,0.9,2.2,0,0,0,,0,0,,,0.0,0.0,,,35,0.4,15,1,8,"PB,AP CPoY-6",Eli Manning,MannEl00
2012,31,NYG,QB,16,16,20,30,0,2,20.0,13.0,1.5,1.9,1.3,0,0,0,,0,0,,,0.0,0.0,,,20,1.5,30,0,5,PB,Eli Manning,MannEl00
2013,32,NYG,QB,16,16,18,36,0,3,16.7,14.0,2.0,2.3,1.1,0,0,0,,0,0,,,0.0,0.0,,,18,2.0,36,0,7,,Eli Manning,MannEl00
2014,33,NYG,QB,16,16,12,31,1,4,33.3,18.0,2.6,1.9,0.8,0,0,0,,0,0,,,0.0,0.0,,,12,2.6,31,1,7,,Eli Manning,MannEl00
2015,34,NYG,QB,16,16,20,61,0,5,20.0,18.0,3.1,3.8,1.3,0,0,0,,0,0,,,0.0,0.0,,,20,3.1,61,0,11,PB,Eli Manning,MannEl00
2016,35,NYG,QB,16,16,21,-9,0,2,9.5,6.0,-0.4,-0.6,1.3,0,0,0,,0,0,,,0.0,0.0,,,21,-0.4,-9,0,7,,Eli Manning,MannEl00
2017,36,NYG,QB,15,15,12,26,1,2,16.7,14.0,2.2,1.7,0.8,0,0,0,,0,0,,,0.0,0.0,,,12,2.2,26,1,11,,Eli Manning,MannEl00
2018,37,NYG,QB,16,16,15,20,1,5,46.7,7.0,1.3,1.3,0.9,0,0,0,,0,0,,,0.0,0.0,,,15,1.3,20,1,7,,Eli Manning,MannEl00
2019,38,NYG,QB,4,4,4,7,0,1,50.0,6.0,1.8,1.8,1.0,0,0,0,,0,0,,,0.0,0.0,,,4,1.8,7,0,3,,Eli Manning,MannEl00
2013,23,NYJ,QB,16,16,72,366,6,24,50.0,32.0,5.1,22.9,4.5,1,1,13,13.0,0,1,100.0,13.0,0.1,0.8,100.0,13.0,73,5.2,379,6,8,,Geno Smith,SmitGe00
2014,24,NYJ,QB,14,13,59,238,1,18,42.4,18.0,4.0,17.0,4.2,1,0,0,,0,0,0.0,,0.0,0.0,0.0,0.0,59,4.0,238,1,8,,Geno Smith,SmitGe00
2015,25,NYJ,QB,1,0,2,34,0,1,100.0,29.0,17.0,34.0,2.0,0,0,0,,0,0,,,0.0,0.0,,,2,17.0,34,0,0,,Geno Smith,SmitGe00
2016,26,NYJ,QB,2,1,2,9,0,1,50.0,7.0,4.5,4.5,1.0,0,0,0,,0,0,,,0.0,0.0,,,2,4.5,9,0,1,,Geno Smith,SmitGe00
2017,27,NYG,QB,2,1,4,12,0,2,50.0,10.0,3.0,6.0,2.0,0,0,0,,0,0,,,0.0,0.0,,,4,3.0,12,0,2,,Geno Smith,SmitGe00
2018,28,LAC,QB,5,0,8,2,0,0,12.5,9.0,0.3,0.4,1.6,0,0,0,,0,0,,,0.0,0.0,,,8,0.3,2,0,1,,Geno Smith,SmitGe00
2020,30,SEA,QB,1,0,2,-2,0,0,0.0,,-1.0,-2.0,2.0,0,0,0,,0,0,,,0.0,0.0,,,2,-1.0,-2,0,1,,Geno Smith,SmitGe00
2021,31,SEA,QB,4,3,9,42,1,3,77.8,12.0,4.7,10.5,2.3,0,0,0,,0,0,,,0.0,0.0,,,9,4.7,42,1,1,,Geno Smith,SmitGe00
2022,32,SEA,QB,17,17,68,366,1,24,55.9,25.0,5.4,21.5,4.0,0,0,0,,0,0,,,0.0,0.0,,,68,5.4,366,1,8,"PB,AP MVP-9,AP CPoY-1",Geno Smith,SmitGe00
2023,33,SEA,QB,15,15,37,155,1,10,40.5,25.0,4.2,10.3,2.5,1,1,-2,-2.0,0,0,0.0,-2.0,0.1,-0.1,100.0,-2.0,38,4.0,153,1,5,PB,Geno Smith,SmitGe00
2024,34,SEA,QB,17,17,53,272,2,17,35.8,34.0,5.1,16.0,3.1,0,0,0,,0,0,,,0.0,0.0,,,53,5.1,272,2,9,,Geno Smith,SmitGe00
2025,35,LVR,QB,15,15,41,109,0,13,41.5,20.0,2.7,7.3,2.7,0,0,0,,0,0,,,0.0,0.0,,,41,2.7,109,0,4,,Geno Smith,SmitGe00
2025,22,MIN,QB,10,10,37,181,4,12,45.9,26.0,4.9,18.1,3.7,0,0,0,,0,0,,,0.0,0.0,,,37,4.9,181,4,6,,J.J. McCarthy,McCaJJ00
2016,24,NWE,QB,3,2,16,83,1,5,43.8,27.0,5.2,27.7,5.3,0,0,0,,0,0,,,0.0,0.0,,,16,5.2,83,1,3,,Jacoby Brissett,BrisJa00
2017,25,IND,QB,16,15,63,260,4,15,33.3,25.0,4.1,16.3,3.9,0,0,0,,0,0,,,0.0,0.0,,,63,4.1,260,4,8,,Jacoby Brissett,BrisJa00
2018,26,IND,QB,4,0,7,-7,0,0,0.0,-1.0,-1.0,-1.8,1.8,0,0,0,,0,0,,,0.0,0.0,,,7,-1.0,-7,0,0,,Jacoby Brissett,BrisJa00
2019,27,IND,QB,15,15,56,228,4,20,55.4,24.0,4.1,15.2,3.7,1,1,2,2.0,0,0,0.0,2.0,0.1,0.1,100.0,2.0,57,4.0,230,4,7,,Jacoby Brissett,BrisJa00
2020,28,IND,QB,11,0,17,19,3,9,58.8,5.0,1.1,1.7,1.5,0,0,0,,0,0,,,0.0,0.0,,,17,1.1,19,3,0,,Jacoby Brissett,BrisJa00
2021,29,MIA,QB,11,5,19,70,1,9,63.2,19.0,3.7,6.4,1.7,0,0,0,,0,0,,,0.0,0.0,,,19,3.7,70,1,6,,Jacoby Brissett,BrisJa00
2022,30,CLE,QB,16,11,49,243,2,28,65.3,22.0,5.0,15.2,3.1,0,0,0,,0,0,,,0.0,0.0,,,49,5.0,243,2,6,,Jacoby Brissett,BrisJa00
2023,31,WAS,QB,3,0,3,19,0,0,66.7,10.0,6.3,6.3,1.0,0,0,0,,0,0,,,0.0,0.0,,,3,6.3,19,0,0,,Jacoby Brissett,BrisJa00
2024,32,NWE,QB,8,5,15,62,0,5,53.3,16.0,4.1,7.8,1.9,0,0,0,,0,0,,,0.0,0.0,,,15,4.1,62,0,4,,Jacoby Brissett,BrisJa00
2025,33,ARI,QB,14,12,38,168,1,16,52.6,15.0,4.4,12.0,2.7,0,0,0,,0,0,,,0.0,0.0,,,38,4.4,168,1,5,,Jacoby Brissett,BrisJa00
1997,23,ARI,QB,10,9,39,216,2,15,43.6,31.0,5.5,21.6,3.9,1,1,2,2.0,0,0,0.0,2.0,0.1,0.2,100.0,2.0,40,5.5,218,2,6,AP ORoY-3,Jake Plummer,PlumJa00
1998,24,ARI,QB,16,16,51,217,4,24,52.9,27.0,4.3,13.6,3.2,0,0,0,,0,0,,,0.0,0.0,,,51,4.3,217,4,12,,Jake Plummer,PlumJa00
1999,25,ARI,QB,12,11,39,121,2,16,35.9,17.0,3.1,10.1,3.3,0,0,0,,0,0,,,0.0,0.0,,,39,3.1,121,2,7,,Jake Plummer,PlumJa00
2000,26,ARI,QB,14,14,37,183,0,12,45.9,24.0,4.9,13.1,2.6,0,0,0,,0,0,,,0.0,0.0,,,37,4.9,183,0,8,,Jake Plummer,PlumJa00
2001,27,ARI,QB,16,16,35,163,0,8,34.3,21.0,4.7,10.2,2.2,0,0,0,,0,0,,,0.0,0.0,,,35,4.7,163,0,8,,Jake Plummer,PlumJa00
2002,28,ARI,QB,16,16,46,283,2,22,60.9,34.0,6.2,17.7,2.9,1,1,2,2.0,0,0,0.0,2.0,0.1,0.1,100.0,2.0,47,6.1,285,2,13,,Jake Plummer,PlumJa00
2003,29,DEN,QB,11,11,37,205,3,17,62.2,40.0,5.5,18.6,3.4,0,0,0,,0,0,,,0.0,0.0,,,37,5.5,205,3,4,AP CPoY-8,Jake Plummer,PlumJa00
2004,30,DEN,QB,16,16,62,202,1,16,38.7,22.0,3.3,12.6,3.9,0,0,0,,0,0,,,0.0,0.0,,,62,3.3,202,1,6,,Jake Plummer,PlumJa00
2005,31,DEN,QB,16,16,46,151,2,14,37.0,22.0,3.3,9.4,2.9,0,0,0,,0,0,,,0.0,0.0,,,46,3.3,151,2,4,PB,Jake Plummer,PlumJa00
2006,32,DEN,QB,16,11,36,112,1,10,38.9,19.0,3.1,7.0,2.3,0,0,0,,0,0,,,0.0,0.0,,,36,3.1,112,1,7,,Jake Plummer,PlumJa00
2020,22,PHI,QB,15,4,63,354,3,25,50.8,24.0,5.6,23.6,4.2,1,1,3,3.0,0,0,0.0,3.0,0.1,0.2,100.0,3.0,64,5.6,357,3,9,,Jalen Hurts,HurtJa00
2021,23,PHI,QB,15,15,139,784,10,57,61.9,31.0,5.6,52.3,9.3,1,0,0,,0,0,0.0,,0.0,0.0,0.0,0.0,139,5.6,784,10,9,,Jalen Hurts,HurtJa00
2022,24,PHI,QB,15,15,165,760,13,70,59.4,42.0,4.6,50.7,11.0,0,0,0,,0,0,,,0.0,0.0,,,165,4.6,760,13,9,"PB,AP-2,AP MVP-2,AP OPoY-3",Jalen Hurts,HurtJa00
2023,25,PHI,QB,17,17,157,605,15,68,61.1,24.0,3.9,35.6,9.2,0,0,0,,0,0,,,0.0,0.0,,,157,3.9,605,15,9,PB,Jalen Hurts,HurtJa00
2024,26,PHI,QB,15,15,150,630,14,76,55.3,35.0,4.2,42.0,10.0,0,0,0,,0,0,,,0.0,0.0,,,150,4.2,630,14,9,,Jalen Hurts,HurtJa00
2025,27,PHI,QB,16,16,105,421,8,40,53.3,29.0,4.0,26.3,6.6,0,0,0,,0,0,,,0.0,0.0,,,105,4.0,421,8,8,PB,Jalen Hurts,HurtJa00
2015,21,TAM,QB,16,16,54,213,6,19,42.6,21.0,3.9,13.3,3.4,0,0,0,,0,0,,,0.0,0.0,,,54,3.9,213,6,6,"PB,AP ORoY-2",Jameis Winston,WinsJa00
2016,22,TAM,QB,16,16,53,165,1,13,32.1,14.0,3.1,10.3,3.3,0,0,0,,0,0,,,0.0,0.0,,,53,3.1,165,1,10,,Jameis Winston,WinsJa00
2017,23,TAM,QB,13,13,33,135,1,8,45.5,17.0,4.1,10.4,2.5,0,0,0,,0,0,,,0.0,0.0,,,33,4.1,135,1,15,,Jameis Winston,WinsJa00
2018,24,TAM,QB,11,9,49,281,1,19,53.1,18.0,5.7,25.5,4.5,0,0,0,,0,0,,,0.0,0.0,,,49,5.7,281,1,7,,Jameis Winston,WinsJa00
2019,25,TAM,QB,16,16,59,250,1,18,37.3,26.0,4.2,15.6,3.7,0,0,0,,0,0,,,0.0,0.0,,,59,4.2,250,1,12,,Jameis Winston,WinsJa00
2020,26,NOR,QB,4,0,8,-6,0,0,12.5,3.0,-0.8,-1.5,2.0,0,0,0,,0,0,,,0.0,0.0,,,8,-0.8,-6,0,0,,Jameis Winston,WinsJa00
2021,27,NOR,QB,7,7,32,166,1,17,56.3,20.0,5.2,23.7,4.6,0,0,0,,0,0,,,0.0,0.0,,,32,5.2,166,1,2,,Jameis Winston,WinsJa00
2022,28,NOR,QB,3,3,5,16,0,0,40.0,6.0,3.2,5.3,1.7,0,0,0,,0,0,,,0.0,0.0,,,5,3.2,16,0,3,,Jameis Winston,WinsJa00
2023,29,NOR,QB,7,0,5,-6,0,0,0.0,-1.0,-1.2,-0.9,0.7,0,0,0,,0,0,,,0.0,0.0,,,5,-1.2,-6,0,0,,Jameis Winston,WinsJa00
2024,30,CLE,QB,12,7,25,83,1,17,76.0,13.0,3.3,6.9,2.1,0,0,0,,0,0,,,0.0,0.0,,,25,3.3,83,1,5,,Jameis Winston,WinsJa00
2025,31,NYG,QB,3,2,7,23,1,3,42.9,11.0,3.3,7.7,2.3,1,1,33,33.0,1,1,100.0,33.0,0.3,11.0,100.0,33.0,8,7.0,56,2,1,,Jameis Winston,WinsJa00
2016,22,LAR,QB,7,7,8,16,1,1,25.0,6.0,2.0,2.3,1.1,0,0,0,,0,0,,,0.0,0.0,,,8,2.0,16,1,5,,Jared Goff,GoffJa00
2017,23,LAR,QB,15,15,28,51,1,3,25.0,22.0,1.8,3.4,1.9,0,0,0,,0,0,,,0.0,0.0,,,28,1.8,51,1,8,PB,Jared Goff,GoffJa00
2018,24,LAR,QB,16,16,43,108,2,9,32.6,16.0,2.5,6.8,2.7,0,0,0,,0,0,,,0.0,0.0,,,43,2.5,108,2,12,PB,Jared Goff,GoffJa00
2019,25,LAR,QB,16,16,33,40,2,5,30.3,8.0,1.2,2.5,2.1,0,0,0,,0,0,,,0.0,0.0,,,33,1.2,40,2,10,,Jared Goff,GoffJa00
2020,26,LAR,QB,15,15,51,99,4,12,37.3,10.0,1.9,6.6,3.4,0,0,0,,0,0,,,0.0,0.0,,,51,1.9,99,4,7,,Jared Goff,GoffJa00
2021,27,DET,QB,14,14,17,87,0,4,29.4,26.0,5.1,6.2,1.2,0,0,0,,0,0,,,0.0,0.0,,,17,5.1,87,0,9,,Jared Goff,GoffJa00
2022,28,DET,QB,17,17,29,73,0,5,24.1,14.0,2.5,4.3,1.7,1,1,5,5.0,0,0,100.0,5.0,0.1,0.3,100.0,5.0,30,2.6,78,0,7,"PB,AP CPoY-6",Jared Goff,GoffJa00
2023,29,DET,QB,17,17,32,21,2,6,21.9,11.0,0.7,1.2,1.9,0,0,0,,0,0,,,0.0,0.0,,,32,0.7,21,2,6,,Jared Goff,GoffJa00
2024,30,DET,QB,17,17,35,56,0,10,34.3,10.0,1.6,3.3,2.1,1,1,7,7.0,1,1,100.0,7.0,0.1,0.4,100.0,7.0,36,1.8,63,1,6,"PB,AP MVP-5,AP OPoY-9",Jared Goff,GoffJa00
2025,31,DET,QB,17,17,19,45,0,5,36.8,24.0,2.4,2.6,1.1,0,0,0,,0,0,,,0.0,0.0,,,19,2.4,45,0,6,PB,Jared Goff,GoffJa00
2006,23,DEN,QB,5,5,12,18,0,1,25.0,9.0,1.5,3.6,2.4,0,0,0,,0,0,,,0.0,0.0,,,12,1.5,18,0,8,,Jay Cutler,CutlJa00
2007,24,DEN,QB,16,16,44,205,1,15,45.5,31.0,4.7,12.8,2.8,0,0,0,,0,0,,,0.0,0.0,,,44,4.7,205,1,11,,Jay Cutler,CutlJa00
2008,25,DEN,QB,16,16,57,200,2,14,42.1,18.0,3.5,12.5,3.6,0,0,0,,0,0,,,0.0,0.0,,,57,3.5,200,2,5,PB,Jay Cutler,CutlJa00
2009,26,CHI,QB,16,16,40,173,1,14,40.0,30.0,4.3,10.8,2.5,0,0,0,,0,0,,,0.0,0.0,,,40,4.3,173,1,9,,Jay Cutler,CutlJa00
2010,27,CHI,QB,15,15,50,232,1,18,48.0,25.0,4.6,15.5,3.3,0,0,0,,0,0,,,0.0,0.0,,,50,4.6,232,1,10,,Jay Cutler,CutlJa00
2011,28,CHI,QB,10,10,18,55,1,4,27.8,12.0,3.1,5.5,1.8,0,0,0,,0,0,,,0.0,0.0,,,18,3.1,55,1,7,,Jay Cutler,CutlJa00
2012,29,CHI,QB,15,15,41,233,0,15,51.2,24.0,5.7,15.5,2.7,0,0,0,,0,0,,,0.0,0.0,,,41,5.7,233,0,8,,Jay Cutler,CutlJa00
2013,30,CHI,QB,11,11,23,118,0,7,43.5,18.0,5.1,10.7,2.1,0,0,0,,0,0,,,0.0,0.0,,,23,5.1,118,0,5,,Jay Cutler,CutlJa00
2014,31,CHI,QB,15,15,39,191,2,14,38.5,25.0,4.9,12.7,2.6,0,0,0,,0,0,,,0.0,0.0,,,39,4.9,191,2,12,,Jay Cutler,CutlJa00
2015,32,CHI,QB,15,15,38,201,1,16,63.2,26.0,5.3,13.4,2.5,0,0,0,,0,0,,,0.0,0.0,,,38,5.3,201,1,8,,Jay Cutler,CutlJa00
2016,33,CHI,QB,5,5,5,24,0,1,40.0,12.0,4.8,4.8,1.0,0,0,0,,0,0,,,0.0,0.0,,,5,4.8,24,0,6,,Jay Cutler,CutlJa00
2017,34,MIA,QB,14,14,19,32,0,3,31.6,9.0,1.7,2.3,1.4,0,0,0,,0,0,,,0.0,0.0,,,19,1.7,32,0,6,,Jay Cutler,CutlJa00
2024,24,WAS,QB,17,17,148,891,6,64,62.8,46.0,6.0,52.4,8.7,0,0,0,,0,0,,,0.0,0.0,,,148,6.0,891,6,5,"PB,AP MVP-7,AP OPoY-17,AP ORoY-1",Jayden Daniels,DaniJa02
2025,25,WAS,QB,7,7,58,278,2,14,51.7,18.0,4.8,39.7,8.3,0,0,0,,0,0,,,0.0,0.0,,,58,4.8,278,2,3,,Jayden Daniels,DaniJa02
1987,24,CHI,QB,6,0,4,15,0,1,25.0,9.0,3.8,2.5,0.7,0,0,0,,0,0,,,0.0,0.0,,,4,3.8,15,0,0,,Jim Harbaugh,HarbJi00
1988,25,CHI,QB,10,2,19,110,1,6,52.6,19.0,5.8,11.0,1.9,0,0,0,,0,0,,,0.0,0.0,,,19,5.8,110,1,1,,Jim Harbaugh,HarbJi00
1989,26,CHI,QB,12,5,45,276,3,17,62.2,26.0,6.1,23.0,3.8,0,0,0,,0,0,,,0.0,0.0,,,45,6.1,276,3,2,,Jim Harbaugh,HarbJi00
1990,27,CHI,QB,14,14,51,321,4,22,64.7,21.0,6.3,22.9,3.6,0,0,0,,0,0,,,0.0,0.0,,,51,6.3,321,4,8,,Jim Harbaugh,HarbJi00
1991,28,CHI,QB,16,16,70,338,2,28,54.3,20.0,4.8,21.1,4.4,0,0,0,,0,0,,,0.0,0.0,,,70,4.8,338,2,6,,Jim Harbaugh,HarbJi00
1992,29,CHI,QB,16,13,47,272,1,14,51.1,17.0,5.8,17.0,2.9,0,0,0,,0,0,,,0.0,0.0,,,47,5.8,272,1,6,,Jim Harbaugh,HarbJi00
1993,30,CHI,QB,15,15,60,277,4,20,45.0,25.0,4.6,18.5,4.0,1,1,1,1.0,0,0,0.0,1.0,0.1,0.1,100.0,1.0,61,4.6,278,4,15,,Jim Harbaugh,HarbJi00
1994,31,IND,QB,12,9,39,223,0,11,46.2,41.0,5.7,18.6,3.3,0,0,0,,0,0,,,0.0,0.0,,,39,5.7,223,0,1,,Jim Harbaugh,HarbJi00
1995,32,IND,QB,15,12,52,235,2,16,42.3,21.0,4.5,15.7,3.5,1,1,-9,-9.0,0,0,0.0,-9.0,0.1,-0.6,100.0,-9.0,53,4.3,226,2,4,"PB,AP MVP-4",Jim Harbaugh,HarbJi00
1996,33,IND,QB,14,14,48,192,1,15,43.8,21.0,4.0,13.7,3.4,0,0,0,,0,0,,,0.0,0.0,,,48,4.0,192,1,8,,Jim Harbaugh,HarbJi00
1997,34,IND,QB,12,11,36,206,0,12,52.8,18.0,5.7,17.2,3.0,0,0,0,,0,0,,,0.0,0.0,,,36,5.7,206,0,4,,Jim Harbaugh,HarbJi00
1998,35,BAL,QB,14,12,40,172,0,11,37.5,15.0,4.3,12.3,2.9,0,0,0,,0,0,,,0.0,0.0,,,40,4.3,172,0,7,,Jim Harbaugh,HarbJi00
1999,36,SDG,QB,14,12,34,126,0,11,29.4,16.0,3.7,9.0,2.4,0,0,0,,0,0,,,0.0,0.0,,,34,3.7,126,0,12,,Jim Harbaugh,HarbJi00
2000,37,SDG,QB,7,5,16,24,0,1,12.5,7.0,1.5,3.4,2.3,0,0,0,,0,0,,,0.0,0.0,,,16,1.5,24,0,5,,Jim Harbaugh,HarbJi00
2014,23,NWE,QB,6,0,10,9,0,2,30.0,9.0,0.9,1.5,1.7,0,0,0,,0,0,,,0.0,0.0,,,10,0.9,9,0,0,,Jimmy Garoppolo,GaroJi00
2015,24,NWE,QB,5,0,5,-5,0,0,0.0,-1.0,-1.0,-1.0,1.0,0,0,0,,0,0,,,0.0,0.0,,,5,-1.0,-5,0,0,,Jimmy Garoppolo,GaroJi00
2016,25,NWE,QB,6,2,10,6,0,1,10.0,10.0,0.6,1.0,1.7,1,1,3,3.0,0,0,0.0,3.0,0.2,0.5,100.0,3.0,11,0.8,9,0,2,,Jimmy Garoppolo,GaroJi00
2017,26,SFO,QB,6,5,15,11,1,4,26.7,8.0,0.7,1.8,2.5,1,1,-6,-6.0,0,0,0.0,-6.0,0.2,-1.0,100.0,-6.0,16,0.3,5,1,1,,Jimmy Garoppolo,GaroJi00
2018,27,SFO,QB,3,3,8,33,0,2,62.5,13.0,4.1,11.0,2.7,0,0,0,,0,0,,,0.0,0.0,,,8,4.1,33,0,4,,Jimmy Garoppolo,GaroJi00
2019,28,SFO,QB,16,16,46,62,1,13,32.6,11.0,1.3,3.9,2.9,0,0,0,,0,0,,,0.0,0.0,,,46,1.3,62,1,10,AP CPoY-2,Jimmy Garoppolo,GaroJi00
2020,29,SFO,QB,6,6,10,25,0,3,40.0,9.0,2.5,4.2,1.7,0,0,0,,0,0,,,0.0,0.0,,,10,2.5,25,0,2,,Jimmy Garoppolo,GaroJi00
2021,30,SFO,QB,15,15,38,51,3,15,47.4,7.0,1.3,3.4,2.5,0,0,0,,0,0,,,0.0,0.0,,,38,1.3,51,3,8,,Jimmy Garoppolo,GaroJi00
2022,31,SFO,QB,11,10,23,33,2,12,47.8,6.0,1.4,3.0,2.1,0,0,0,,0,0,,,0.0,0.0,,,23,1.4,33,2,3,,Jimmy Garoppolo,GaroJi00
2023,32,LVR,QB,7,6,20,39,0,6,30.0,9.0,2.0,5.6,2.9,0,0,0,,0,0,,,0.0,0.0,,,20,2.0,39,0,1,,Jimmy Garoppolo,GaroJi00
2024,33,LAR,QB,1,1,2,5,0,0,50.0,5.0,2.5,5.0,2.0,0,0,0,,0,0,,,0.0,0.0,,,2,2.5,5,0,0,,Jimmy Garoppolo,GaroJi00
2025,34,LAR,QB,3,0,9,-10,0,0,0.0,-1.0,-1.1,-3.3,3.0,0,0,0,,0,0,,,0.0,0.0,,,9,-1.1,-10,0,0,,Jimmy Garoppolo,GaroJi00
2020,24,CIN,QB,10,10,37,142,3,14,54.1,23.0,3.8,14.2,3.7,0,0,0,,0,0,,,0.0,0.0,,,37,3.8,142,3,9,,Joe Burrow,BurrJo01
2021,25,CIN,QB,16,16,40,118,2,20,40.0,12.0,3.0,7.4,2.5,0,0,0,,0,0,,,0.0,0.0,,,40,3.0,118,2,5,AP CPoY-1,Joe Burrow,BurrJo01
2022,26,CIN,QB,16,16,75,257,5,32,49.3,23.0,3.4,16.1,4.7,0,0,0,,0,0,,,0.0,0.0,,,75,3.4,257,5,6,"PB,AP MVP-4,AP OPoY-9",Joe Burrow,BurrJo01
2023,27,CIN,QB,10,10,31,88,0,9,38.7,20.0,2.8,8.8,3.1,0,0,0,,0,0,,,0.0,0.0,,,31,2.8,88,0,2,,Joe Burrow,BurrJo01
2024,28,CIN,QB,17,17,42,201,2,16,47.6,47.0,4.8,11.8,2.5,0,0,0,,0,0,,,0.0,0.0,,,42,4.8,201,2,11,"PB,AP MVP-4,AP OPoY-5,AP CPoY-1",Joe Burrow,BurrJo01
2025,29,CIN,QB,8,8,14,41,0,5,42.9,9.0,2.9,5.1,1.8,0,0,0,,0,0,,,0.0,0.0,,,14,2.9,41,0,0,PB,Joe Burrow,BurrJo01
2008,23,BAL,QB,16,16,52,180,2,16,34.6,38.0,3.5,11.3,3.3,1,1,43,43.0,0,1,100.0,43.0,0.1,2.7,100.0,43.0,53,4.2,223,2,11,,Joe Flacco,FlacJo00
2009,24,BAL,QB,16,16,35,56,0,9,31.4,10.0,1.6,3.5,2.2,0,0,0,,0,0,,,0.0,0.0,,,35,1.6,56,0,8,,Joe Flacco,FlacJo00
2010,25,BAL,QB,16,16,43,84,1,10,30.2,14.0,2.0,5.3,2.7,0,0,0,,0,0,,,0.0,0.0,,,43,2.0,84,1,9,,Joe Flacco,FlacJo00
2011,26,BAL,QB,16,16,39,88,1,13,35.9,33.0,2.3,5.5,2.4,1,1,-8,-8.0,0,0,0.0,-8.0,0.1,-0.5,100.0,-8.0,40,2.0,80,1,11,,Joe Flacco,FlacJo00
2012,27,BAL,QB,16,16,32,22,3,11,34.4,16.0,0.7,1.4,2.0,0,0,0,,0,0,,,0.0,0.0,,,32,0.7,22,3,9,,Joe Flacco,FlacJo00
2013,28,BAL,QB,16,16,27,131,1,12,59.3,22.0,4.9,8.2,1.7,0,0,0,,0,0,,,0.0,0.0,,,27,4.9,131,1,8,,Joe Flacco,FlacJo00
2014,29,BAL,QB,16,16,39,70,2,17,43.6,15.0,1.8,4.4,2.4,0,0,0,,0,0,,,0.0,0.0,,,39,1.8,70,2,5,,Joe Flacco,FlacJo00
2015,30,BAL,QB,10,10,13,23,3,6,53.8,16.0,1.8,2.3,1.3,0,0,0,,0,0,,,0.0,0.0,,,13,1.8,23,3,5,,Joe Flacco,FlacJo00
2016,31,BAL,QB,16,16,21,58,2,6,33.3,16.0,2.8,3.6,1.3,0,0,0,,0,0,,,0.0,0.0,,,21,2.8,58,2,5,,Joe Flacco,FlacJo00
2017,32,BAL,QB,16,16,25,54,1,4,20.0,25.0,2.2,3.4,1.6,0,0,0,,0,0,,,0.0,0.0,,,25,2.2,54,1,6,,Joe Flacco,FlacJo00
2018,33,BAL,QB,9,9,19,45,0,10,57.9,13.0,2.4,5.0,2.1,0,0,0,,0,0,,,0.0,0.0,,,19,2.4,45,0,3,,Joe Flacco,FlacJo00
2019,34,DEN,QB,8,8,12,20,0,4,41.7,9.0,1.7,2.5,1.5,0,0,0,,0,0,,,0.0,0.0,,,12,1.7,20,0,8,,Joe Flacco,FlacJo00
2020,35,NYJ,QB,5,4,6,22,0,3,50.0,9.0,3.7,4.4,1.2,0,0,0,,0,0,,,0.0,0.0,,,6,3.7,22,0,1,,Joe Flacco,FlacJo00
2021,36,NYJ,QB,2,1,2,3,0,1,50.0,2.0,1.5,1.5,1.0,0,0,0,,0,0,,,0.0,0.0,,,2,1.5,3,0,1,,Joe Flacco,FlacJo00
2022,37,NYJ,QB,5,4,3,6,0,1,33.3,7.0,2.0,1.2,0.6,0,0,-3,,0,0,,,0.0,-0.6,,,3,1.0,3,0,5,,Joe Flacco,FlacJo00
2023,38,CLE,QB,5,5,9,2,0,5,33.3,3.0,0.2,0.4,1.8,0,0,0,,0,0,,,0.0,0.0,,,9,0.2,2,0,4,AP CPoY-1,Joe Flacco,FlacJo00
2024,39,IND,QB,8,6,9,26,0,2,22.2,21.0,2.9,3.3,1.1,0,0,0,,0,0,,,0.0,0.0,,,9,2.9,26,0,4,,Joe Flacco,FlacJo00
2025,40,2TM,QB,13,10,21,35,1,9,42.9,13.0,1.7,2.7,1.6,0,0,0,,0,0,,,0.0,0.0,,,21,1.7,35,1,3,PB,Joe Flacco,FlacJo00
1979,23,SFO,QB,16,1,3,22,0,1,33.3,13.0,7.3,1.4,0.2,0,0,0,,0,0,,,0.0,0.0,,,3,7.3,22,0,1,,Joe Montana,MontJo01
1980,24,SFO,QB,15,7,32,77,2,6,40.6,11.0,2.4,5.1,2.1,0,0,0,,0,0,,,0.0,0.0,,,32,2.4,77,2,4,,Joe Montana,MontJo01
1981,25,SFO,QB,16,16,25,95,2,7,36.0,20.0,3.8,5.9,1.6,0,0,0,,0,0,,,0.0,0.0,,,25,3.8,95,2,2,"PB,AP-2,AP MVP-2,AP OPoY-3",Joe Montana,MontJo01
1982,26,SFO,QB,9,9,30,118,1,7,50.0,21.0,3.9,13.1,3.3,0,0,0,,0,0,,,0.0,0.0,,,30,3.9,118,1,4,,Joe Montana,MontJo01
1983,27,SFO,QB,16,16,61,284,2,26,65.6,18.0,4.7,17.8,3.8,0,0,0,,0,0,,,0.0,0.0,,,61,4.7,284,2,3,"PB,AP MVP-5,AP OPoY-5",Joe Montana,MontJo01
1984,28,SFO,QB,16,15,39,118,2,14,46.2,15.0,3.0,7.4,2.4,0,0,0,,0,0,,,0.0,0.0,,,39,3.0,118,2,4,"PB,AP-2",Joe Montana,MontJo01
1985,29,SFO,QB,15,15,42,153,3,18,50.0,16.0,3.6,10.2,2.8,0,0,0,,0,0,,,0.0,0.0,,,42,3.6,153,3,5,PB,Joe Montana,MontJo01
1986,30,SFO,QB,8,8,17,38,0,4,47.1,17.0,2.2,4.8,2.1,0,0,0,,0,0,,,0.0,0.0,,,17,2.2,38,0,3,AP MVP-6,Joe Montana,MontJo01
1987,31,SFO,QB,13,11,35,141,1,10,51.4,20.0,4.0,10.8,2.7,0,0,0,,0,0,,,0.0,0.0,,,35,4.0,141,1,3,"PB,AP-1,AP MVP-3,AP OPoY-2",Joe Montana,MontJo01
1988,32,SFO,QB,14,13,38,132,3,12,42.1,15.0,3.5,9.4,2.7,0,0,0,,0,0,,,0.0,0.0,,,38,3.5,132,3,3,,Joe Montana,MontJo01
1989,33,SFO,QB,13,13,49,227,3,21,46.9,19.0,4.6,17.5,3.8,0,0,0,,0,0,,,0.0,0.0,,,49,4.6,227,3,9,"PB,AP-1,AP MVP-1,AP OPoY-1",Joe Montana,MontJo01
1990,34,SFO,QB,15,15,40,162,1,11,47.5,20.0,4.1,10.8,2.7,0,0,0,,0,0,,,0.0,0.0,,,40,4.1,162,1,4,"PB,AP-1,AP MVP-1,AP OPoY-3",Joe Montana,MontJo01
1992,36,SFO,QB,1,0,3,28,0,3,100.0,16.0,9.3,28.0,3.0,0,0,0,,0,0,,,0.0,0.0,,,3,9.3,28,0,0,,Joe Montana,MontJo01
1993,37,KAN,QB,11,11,25,64,0,3,28.0,17.0,2.6,5.8,2.3,0,0,0,,0,0,,,0.0,0.0,,,25,2.6,64,0,1,PB,Joe Montana,MontJo01
1994,38,KAN,QB,14,14,18,17,0,2,16.7,13.0,0.9,1.2,1.3,0,0,0,,0,0,,,0.0,0.0,,,18,0.9,17,0,7,,Joe Montana,MontJo01
1983,23,DEN,QB,11,10,28,146,1,11,46.4,23.0,5.2,13.3,2.5,0,0,0,,0,0,,,0.0,0.0,,,28,5.2,146,1,6,,John Elway,ElwaJo00
1984,24,DEN,QB,15,14,56,237,1,16,41.1,21.0,4.2,15.8,3.7,0,0,0,,0,0,,,0.0,0.0,,,56,4.2,237,1,14,,John Elway,ElwaJo00
1985,25,DEN,QB,16,16,51,253,0,20,52.9,22.0,5.0,15.8,3.2,0,0,0,,0,0,,,0.0,0.0,,,51,5.0,253,0,7,,John Elway,ElwaJo00
1986,26,DEN,QB,16,16,52,257,1,21,53.8,24.0,4.9,16.1,3.3,1,1,23,23.0,1,1,100.0,23.0,0.1,1.4,100.0,23.0,53,5.3,280,2,8,"PB,AP MVP-5,AP OPoY-5",John Elway,ElwaJo00
1987,27,DEN,QB,12,12,66,304,4,28,51.5,29.0,4.6,25.3,5.5,1,0,0,,0,0,0.0,,0.0,0.0,0.0,0.0,66,4.6,304,4,2,"PB,AP-2,AP MVP-1,AP OPoY-3",John Elway,ElwaJo00
1988,28,DEN,QB,15,15,54,234,1,19,42.6,26.0,4.3,15.6,3.6,0,0,0,,0,0,,,0.0,0.0,,,54,4.3,234,1,7,,John Elway,ElwaJo00
1989,29,DEN,QB,15,15,48,244,3,18,45.8,31.0,5.1,16.3,3.2,0,0,0,,0,0,,,0.0,0.0,,,48,5.1,244,3,9,PB,John Elway,ElwaJo00
1990,30,DEN,QB,16,16,50,258,3,24,56.0,21.0,5.2,16.1,3.1,1,0,0,,0,0,0.0,,0.0,0.0,0.0,0.0,50,5.2,258,3,8,,John Elway,ElwaJo00
1991,31,DEN,QB,16,16,55,255,6,24,58.2,17.0,4.6,15.9,3.4,1,1,24,24.0,0,1,100.0,24.0,0.1,1.5,100.0,24.0,56,5.0,279,6,12,PB,John Elway,ElwaJo00
1992,32,DEN,QB,12,12,34,94,2,13,47.1,9.0,2.8,7.8,2.8,0,0,0,,0,0,,,0.0,0.0,,,34,2.8,94,2,12,,John Elway,ElwaJo00
1993,33,DEN,QB,16,16,44,153,0,11,34.1,18.0,3.5,9.6,2.8,0,0,0,,0,0,,,0.0,0.0,,,44,3.5,153,0,8,"PB,AP-2,AP MVP-4,AP OPoY-4",John Elway,ElwaJo00
1994,34,DEN,QB,14,14,58,235,4,17,56.9,22.0,4.1,16.8,4.1,1,0,0,,0,0,0.0,,0.0,0.0,0.0,0.0,58,4.1,235,4,11,PB,John Elway,ElwaJo00
1995,35,DEN,QB,16,16,41,176,1,17,56.1,25.0,4.3,11.0,2.6,0,0,0,,0,0,,,0.0,0.0,,,41,4.3,176,1,9,,John Elway,ElwaJo00
1996,36,DEN,QB,15,15,50,249,4,19,48.0,22.0,5.0,16.6,3.3,0,0,0,,0,0,,,0.0,0.0,,,50,5.0,249,4,6,"PB,AP-2,AP MVP-2,AP OPoY-3",John Elway,ElwaJo00
1997,37,DEN,QB,16,16,50,218,1,13,42.0,23.0,4.4,13.6,3.1,0,0,0,,0,0,,,0.0,0.0,,,50,4.4,218,1,11,PB,John Elway,ElwaJo00
1998,38,DEN,QB,13,12,37,94,1,10,35.1,16.0,2.5,7.2,2.8,1,1,14,14.0,0,1,100.0,14.0,0.1,1.1,100.0,14.0,38,2.8,108,1,7,PB,John Elway,ElwaJo00
2021,23,GNB,QB,6,1,12,27,0,1,25.0,10.0,2.3,4.5,2.0,0,0,0,,0,0,,,0.0,0.0,,,12,2.3,27,0,3,,Jordan Love,LoveJo03
2022,24,GNB,QB,4,0,1,-1,0,0,0.0,-1.0,-1.0,-0.3,0.3,0,0,0,,0,0,,,0.0,0.0,,,1,-1.0,-1,0,0,,Jordan Love,LoveJo03
2023,25,GNB,QB,17,17,50,247,4,16,44.0,37.0,4.9,14.5,2.9,0,0,0,,0,0,,,0.0,0.0,,,50,4.9,247,4,9,,Jordan Love,LoveJo03
2024,26,GNB,QB,15,15,25,83,1,9,44.0,14.0,3.3,5.5,1.7,0,0,0,,0,0,,,0.0,0.0,,,25,3.3,83,1,4,,Jordan Love,LoveJo03
2025,27,GNB,QB,15,15,47,199,0,14,48.9,25.0,4.2,13.3,3.1,0,0,0,,0,0,,,0.0,0.0,,,47,4.2,199,0,7,,Jordan Love,LoveJo03
2018,22,BUF,QB,12,11,89,631,8,41,59.6,45.0,7.1,52.6,7.4,1,0,0,,0,0,0.0,,0.0,0.0,0.0,0.0,89,7.1,631,8,8,,Josh Allen,AlleJo02
2019,23,BUF,QB,16,16,109,510,9,42,54.1,36.0,4.7,31.9,6.8,0,0,0,,0,0,,,0.0,0.0,,,109,4.7,510,9,14,,Josh Allen,AlleJo02
2020,24,BUF,QB,16,16,102,421,8,38,54.9,24.0,4.1,26.3,6.4,1,1,12,12.0,1,1,100.0,12.0,0.1,0.8,100.0,12.0,103,4.2,433,9,9,"PB,AP-2,AP MVP-2,AP OPoY-4",Josh Allen,AlleJo02
2021,25,BUF,QB,17,17,122,763,6,64,61.5,34.0,6.3,44.9,7.2,0,0,0,,0,0,,,0.0,0.0,,,122,6.3,763,6,8,,Josh Allen,AlleJo02
2022,26,BUF,QB,16,16,124,762,7,55,61.3,44.0,6.1,47.6,7.8,0,0,0,,0,0,,,0.0,0.0,,,124,6.1,762,7,13,"PB,AP MVP-3,AP OPoY-8",Josh Allen,AlleJo02
2023,27,BUF,QB,17,17,111,524,15,61,65.8,23.0,4.7,30.8,6.5,0,0,0,,0,0,,,0.0,0.0,,,111,4.7,524,15,7,"AP MVP-5,AP OPoY-6",Josh Allen,AlleJo02
2024,28,BUF,QB,17,17,102,531,12,66,64.7,30.0,5.2,31.2,6.0,0,0,7,,1,0,,7.0,0.0,0.4,,,102,5.3,538,13,5,"PB,AP-2,AP MVP-1,AP OPoY-6",Josh Allen,AlleJo02
2025,29,BUF,QB,17,17,112,579,14,46,58.0,40.0,5.2,34.1,6.6,0,0,0,,0,0,,,0.0,0.0,,,112,5.2,579,14,7,"PB,AP MVP-3",Josh Allen,AlleJo02
2021,22,CHI,QB,12,10,72,420,2,22,48.6,23.0,5.8,35.0,6.0,0,0,0,,0,0,,,0.0,0.0,,,72,5.8,420,2,12,,Justin Fields,FielJu00
2022,23,CHI,QB,15,15,160,1143,8,65,56.3,67.0,7.1,76.2,10.7,0,0,0,,0,0,,,0.0,0.0,,,160,7.1,1143,8,16,AP MVP-9,Justin Fields,FielJu00
2023,24,CHI,QB,13,13,124,657,4,43,52.4,39.0,5.3,50.5,9.5,0,0,0,,0,0,,,0.0,0.0,,,124,5.3,657,4,10,,Justin Fields,FielJu00
2024,25,PIT,QB,10,6,62,289,5,19,54.8,30.0,4.7,28.9,6.2,0,0,0,,0,0,,,0.0,0.0,,,62,4.7,289,5,6,,Justin Fields,FielJu00
2025,26,NYJ,QB,9,9,71,383,4,26,57.7,43.0,5.4,42.6,7.9,1,0,0,,0,0,0.0,,0.0,0.0,0.0,0.0,71,5.4,383,4,4,,Justin Fields,FielJu00
2020,22,LAC,QB,15,15,55,234,5,20,49.1,31.0,4.3,15.6,3.7,0,0,0,,0,0,,,0.0,0.0,,,55,4.3,234,5,8,AP ORoY-1,Justin Herbert,HerbJu00
2021,23,LAC,QB,17,17,63,302,3,28,58.7,36.0,4.8,17.8,3.7,0,0,0,,0,0,,,0.0,0.0,,,63,4.8,302,3,1,PB,Justin Herbert,HerbJu00
2022,24,LAC,QB,17,17,54,147,0,17,40.7,23.0,2.7,8.6,3.2,2,2,-10,-5.0,0,0,0.0,-2.0,0.1,-0.6,100.0,-5.0,56,2.4,137,0,8,AP MVP-9,Justin Herbert,HerbJu00
2023,25,LAC,QB,13,13,52,228,3,16,40.4,35.0,4.4,17.5,4.0,1,1,10,10.0,0,1,100.0,10.0,0.1,0.8,100.0,10.0,53,4.5,238,3,4,,Justin Herbert,HerbJu00
2024,26,LAC,QB,17,17,69,306,2,23,46.4,41.0,4.4,18.0,4.1,0,0,0,,0,0,,,0.0,0.0,,,69,4.4,306,2,6,"AP MVP-9,AP CPoY-12",Justin Herbert,HerbJu00
2025,27,LAC,QB,16,16,83,498,2,34,57.8,41.0,6.0,31.1,5.2,0,0,0,,0,0,,,0.0,0.0,,,83,6.0,498,2,7,PB,Justin Herbert,HerbJu00
2012,24,WAS,QB,3,1,3,22,0,1,66.7,17.0,7.3,7.3,1.0,0,0,0,,0,0,,,0.0,0.0,,,3,7.3,22,0,1,,Kirk Cousins,CousKi00
2013,25,WAS,QB,5,3,4,14,0,2,50.0,6.0,3.5,2.8,0.8,0,0,0,,0,0,,,0.0,0.0,,,4,3.5,14,0,3,,Kirk Cousins,CousKi00
2014,26,WAS,QB,6,5,7,20,0,3,57.1,12.0,2.9,3.3,1.2,0,0,0,,0,0,,,0.0,0.0,,,7,2.9,20,0,2,,Kirk Cousins,CousKi00
2015,27,WAS,QB,16,16,26,48,5,8,38.5,13.0,1.8,3.0,1.6,0,0,0,,0,0,,,0.0,0.0,,,26,1.8,48,5,9,,Kirk Cousins,CousKi00
2016,28,WAS,QB,16,16,34,96,4,14,44.1,19.0,2.8,6.0,2.1,0,0,0,,0,0,,,0.0,0.0,,,34,2.8,96,4,9,PB,Kirk Cousins,CousKi00
2017,29,WAS,QB,16,16,49,179,4,19,49.0,18.0,3.7,11.2,3.1,0,0,0,,0,0,,,0.0,0.0,,,49,3.7,179,4,13,,Kirk Cousins,CousKi00
2018,30,MIN,QB,16,16,44,123,1,12,36.4,19.0,2.8,7.7,2.8,1,1,-1,-1.0,0,0,0.0,-1.0,0.1,-0.1,100.0,-1.0,45,2.7,122,1,9,,Kirk Cousins,CousKi00
2019,31,MIN,QB,15,15,31,63,1,8,41.9,14.0,2.0,4.2,2.1,1,0,0,,0,0,0.0,,0.0,0.0,0.0,0.0,31,2.0,63,1,10,PB,Kirk Cousins,CousKi00
2020,32,MIN,QB,16,16,32,156,1,16,59.4,16.0,4.9,9.8,2.0,0,0,0,,0,0,,,0.0,0.0,,,32,4.9,156,1,9,,Kirk Cousins,CousKi00
2021,33,MIN,QB,16,16,29,115,1,8,48.3,29.0,4.0,7.2,1.8,0,0,0,,0,0,,,0.0,0.0,,,29,4.0,115,1,12,PB,Kirk Cousins,CousKi00
2022,34,MIN,QB,17,17,31,97,2,12,38.7,19.0,3.1,5.7,1.8,0,0,0,,0,0,,,0.0,0.0,,,31,3.1,97,2,7,PB,Kirk Cousins,CousKi00
2023,35,MIN,QB,8,8,14,25,0,6,50.0,10.0,1.8,3.1,1.8,0,0,0,,0,0,,,0.0,0.0,,,14,1.8,25,0,7,,Kirk Cousins,CousKi00
2024,36,ATL,QB,14,14,23,0,0,2,13.0,,0.0,0.0,1.6,0,0,0,,0,0,,,0.0,0.0,,,23,0.0,0,0,13,AP CPoY-13,Kirk Cousins,CousKi00
2025,37,ATL,QB,10,8,14,7,1,4,28.6,6.0,0.5,0.7,1.4,0,0,0,,0,0,,,0.0,0.0,,,14,0.5,7,1,3,,Kirk Cousins,CousKi00
1999,28,STL,QB,16,16,23,92,1,10,34.8,22.0,4.0,5.8,1.4,0,0,0,,0,0,,,0.0,0.0,,,23,4.0,92,1,9,"PB,AP-1,AP MVP-1,AP OPoY-2",Kurt Warner,WarnKu00
2000,29,STL,QB,11,11,18,17,0,3,22.2,11.0,0.9,1.5,1.6,0,0,0,,0,0,,,0.0,0.0,,,18,0.9,17,0,4,PB,Kurt Warner,WarnKu00
2001,30,STL,QB,16,16,28,60,0,3,21.4,23.0,2.1,3.8,1.8,0,0,0,,0,0,,,0.0,0.0,,,28,2.1,60,0,10,"PB,AP-1,AP MVP-1,AP OPoY-2",Kurt Warner,WarnKu00
2002,31,STL,QB,7,6,8,33,0,2,50.0,9.0,4.1,4.7,1.1,0,0,0,,0,0,,,0.0,0.0,,,8,4.1,33,0,8,,Kurt Warner,WarnKu00
2003,32,STL,QB,2,1,1,0,0,0,0.0,,0.0,0.0,0.5,0,0,0,,0,0,,,0.0,0.0,,,1,0.0,0,0,6,,Kurt Warner,WarnKu00
2004,33,NYG,QB,10,9,13,30,1,5,38.5,13.0,2.3,3.0,1.3,0,0,0,,0,0,,,0.0,0.0,,,13,2.3,30,1,12,,Kurt Warner,WarnKu00
2005,34,ARI,QB,10,10,13,28,0,3,38.5,13.0,2.2,2.8,1.3,1,1,0,0.0,0,0,0.0,,0.1,0.0,100.0,0.0,14,2.0,28,0,9,,Kurt Warner,WarnKu00
2006,35,ARI,QB,6,5,13,3,0,3,23.1,9.0,0.2,0.5,2.2,0,0,0,,0,0,,,0.0,0.0,,,13,0.2,3,0,10,,Kurt Warner,WarnKu00
2007,36,ARI,QB,14,11,17,15,1,1,11.8,9.0,0.9,1.1,1.2,0,0,0,,0,0,,,0.0,0.0,,,17,0.9,15,1,12,,Kurt Warner,WarnKu00
2008,37,ARI,QB,16,16,18,-2,0,1,5.6,11.0,-0.1,-0.1,1.1,0,0,0,,0,0,,,0.0,0.0,,,18,-0.1,-2,0,11,"PB,AP MVP-7,AP CPoY-4",Kurt Warner,WarnKu00
2009,38,ARI,QB,15,15,21,10,0,1,9.5,10.0,0.5,0.7,1.4,0,0,0,,0,0,,,0.0,0.0,,,21,0.5,10,0,11,,Kurt Warner,WarnKu00
2019,22,ARI,QB,16,16,93,544,4,27,48.4,35.0,5.8,34.0,5.8,0,0,0,,0,0,,,0.0,0.0,,,93,5.8,544,4,5,AP ORoY-1,Kyler Murray,MurrKy00
2020,23,ARI,QB,16,16,133,819,11,52,57.1,48.0,6.2,51.2,8.3,0,0,0,,0,0,,,0.0,0.0,,,133,6.2,819,11,9,PB,Kyler Murray,MurrKy00
2021,24,ARI,QB,14,14,88,423,5,26,53.4,57.0,4.8,30.2,6.3,0,0,7,,0,0,,,0.0,0.5,,,88,4.9,430,5,13,PB,Kyler Murray,MurrKy00
2022,25,ARI,QB,11,11,67,418,3,23,61.2,42.0,6.2,38.0,6.1,0,0,0,,0,0,,,0.0,0.0,,,67,6.2,418,3,8,,Kyler Murray,MurrKy00
2023,26,ARI,QB,8,8,44,244,3,15,59.1,33.0,5.5,30.5,5.5,0,0,0,,0,0,,,0.0,0.0,,,44,5.5,244,3,7,AP CPoY-9,Kyler Murray,MurrKy00
2024,27,ARI,QB,17,17,78,572,5,27,52.6,50.0,7.3,33.6,4.6,0,0,0,,0,0,,,0.0,0.0,,,78,7.3,572,5,8,AP CPoY-10,Kyler Murray,MurrKy00
2025,28,ARI,QB,5,5,29,173,1,10,41.4,30.0,6.0,34.6,5.8,0,0,0,,0,0,,,0.0,0.0,,,29,6.0,173,1,1,,Kyler Murray,MurrKy00
2018,21,BAL,QB,16,7,147,695,5,45,51.0,39.0,4.7,43.4,9.2,2,0,0,,0,0,0.0,,0.0,0.0,0.0,0.0,147,4.7,695,5,12,,Lamar Jackson,JackLa00
2019,22,BAL,QB,15,15,176,1206,7,71,58.0,47.0,6.9,80.4,11.7,0,0,0,,0,0,,,0.0,0.0,,,176,6.9,1206,7,9,"PB,AP-1,AP MVP-1,AP OPoY-2",Lamar Jackson,JackLa00
2020,23,BAL,QB,15,15,159,1005,7,56,51.6,50.0,6.3,67.0,10.6,0,0,0,,0,0,,,0.0,0.0,,,159,6.3,1005,7,10,,Lamar Jackson,JackLa00
2021,24,BAL,QB,12,12,133,767,2,48,56.4,31.0,5.8,63.9,11.1,0,0,0,,0,0,,,0.0,0.0,,,133,5.8,767,2,6,PB,Lamar Jackson,JackLa00
2022,25,BAL,QB,12,12,112,764,3,47,64.3,79.0,6.8,63.7,9.3,0,0,0,,0,0,,,0.0,0.0,,,112,6.8,764,3,5,,Lamar Jackson,JackLa00
2023,26,BAL,QB,16,16,148,821,5,50,54.1,30.0,5.5,51.3,9.3,0,0,0,,0,1,,,0.0,0.0,,,148,5.5,821,5,11,"PB,AP-1,AP MVP-1,AP OPoY-4,AP CPoY-9",Lamar Jackson,JackLa00
2024,27,BAL,QB,17,17,139,915,4,55,56.1,48.0,6.6,53.8,8.2,0,0,0,,0,0,,,0.0,0.0,,,139,6.6,915,4,10,"PB,AP-1,AP MVP-2,AP OPoY-2",Lamar Jackson,JackLa00
2025,28,BAL,QB,13,13,67,349,2,24,47.8,20.0,5.2,26.8,5.2,0,0,0,,0,0,,,0.0,0.0,,,67,5.2,349,2,7,,Lamar Jackson,JackLa00
1994,24,GNB,QB,2,0,6,7,1,1,16.7,5.0,1.2,3.5,3.0,0,0,0,,0,0,,,0.0,0.0,,,6,1.2,7,1,1,,Mark Brunell,BrunMa00
1995,25,JAX,QB,13,10,67,480,4,31,61.2,27.0,7.2,36.9,5.2,0,0,0,,0,0,,,0.0,0.0,,,67,7.2,480,4,5,,Mark Brunell,BrunMa00
1996,26,JAX,QB,16,16,80,396,3,25,43.8,33.0,5.0,24.8,5.0,0,0,0,,0,0,,,0.0,0.0,,,80,5.0,396,3,14,PB,Mark Brunell,BrunMa00
1997,27,JAX,QB,14,14,48,257,2,16,56.3,15.0,5.4,18.4,3.4,0,0,0,,0,0,,,0.0,0.0,,,48,5.4,257,2,4,PB,Mark Brunell,BrunMa00
1998,28,JAX,QB,13,13,49,192,0,15,46.9,18.0,3.9,14.8,3.8,0,0,0,,0,0,,,0.0,0.0,,,49,3.9,192,0,3,,Mark Brunell,BrunMa00
1999,29,JAX,QB,15,15,47,208,1,24,51.1,15.0,4.4,13.9,3.1,0,0,0,,0,0,,,0.0,0.0,,,47,4.4,208,1,6,PB,Mark Brunell,BrunMa00
2000,30,JAX,QB,16,16,48,236,2,13,47.9,16.0,4.9,14.8,3.0,0,0,0,,0,0,,,0.0,0.0,,,48,4.9,236,2,7,,Mark Brunell,BrunMa00
2001,31,JAX,QB,15,15,39,224,1,13,46.2,38.0,5.7,14.9,2.6,0,0,0,,0,0,,,0.0,0.0,,,39,5.7,224,1,8,,Mark Brunell,BrunMa00
2002,32,JAX,QB,15,15,43,207,0,11,44.2,27.0,4.8,13.8,2.9,0,0,0,,0,0,,,0.0,0.0,,,43,4.8,207,0,5,,Mark Brunell,BrunMa00
2003,33,JAX,QB,3,3,8,19,1,3,37.5,12.0,2.4,6.3,2.7,0,0,0,,0,0,,,0.0,0.0,,,8,2.4,19,1,1,,Mark Brunell,BrunMa00
2004,34,WAS,QB,9,9,19,62,0,2,26.3,21.0,3.3,6.9,2.1,0,0,0,,0,0,,,0.0,0.0,,,19,3.3,62,0,6,,Mark Brunell,BrunMa00
2005,35,WAS,QB,16,15,42,111,0,12,28.6,25.0,2.6,6.9,2.6,0,0,0,,0,0,,,0.0,0.0,,,42,2.6,111,0,11,AP CPoY-3,Mark Brunell,BrunMa00
2006,36,WAS,QB,10,9,13,34,0,4,30.8,12.0,2.6,3.4,1.3,0,0,0,,0,0,,,0.0,0.0,,,13,2.6,34,0,5,,Mark Brunell,BrunMa00
2009,39,NOR,QB,16,1,4,-12,0,0,0.0,-1.0,-3.0,-0.8,0.3,0,0,0,,0,0,,,0.0,0.0,,,4,-3.0,-12,0,0,,Mark Brunell,BrunMa00
1999,24,GNB,QB,16,0,6,15,0,1,16.7,13.0,2.5,0.9,0.4,0,0,0,,0,0,,,0.0,0.0,,,6,2.5,15,0,1,,Matt Hasselbeck,HassMa00
2000,25,GNB,QB,16,0,4,-5,0,0,0.0,-1.0,-1.3,-0.3,0.3,0,0,0,,0,0,,,0.0,0.0,,,4,-1.3,-5,0,0,,Matt Hasselbeck,HassMa00
2001,26,SEA,QB,13,12,40,141,0,14,40.0,17.0,3.5,10.8,3.1,0,0,0,,0,0,,,0.0,0.0,,,40,3.5,141,0,6,,Matt Hasselbeck,HassMa00
2002,27,SEA,QB,16,10,40,202,1,17,65.0,21.0,5.1,12.6,2.5,0,0,0,,0,0,,,0.0,0.0,,,40,5.1,202,1,5,,Matt Hasselbeck,HassMa00
2003,28,SEA,QB,16,16,36,125,2,10,38.9,18.0,3.5,7.8,2.3,0,0,0,,0,0,,,0.0,0.0,,,36,3.5,125,2,4,PB,Matt Hasselbeck,HassMa00
2004,29,SEA,QB,14,14,27,90,1,6,29.6,19.0,3.3,6.4,1.9,0,0,0,,0,0,,,0.0,0.0,,,27,3.3,90,1,5,,Matt Hasselbeck,HassMa00
2005,30,SEA,QB,16,16,36,124,1,8,38.9,23.0,3.4,7.8,2.3,0,0,0,,0,0,,,0.0,0.0,,,36,3.4,124,1,4,PB,Matt Hasselbeck,HassMa00
2006,31,SEA,QB,12,12,18,110,0,8,55.6,19.0,6.1,9.2,1.5,0,0,0,,0,0,,,0.0,0.0,,,18,6.1,110,0,3,,Matt Hasselbeck,HassMa00
2007,32,SEA,QB,16,16,39,89,0,9,35.9,12.0,2.3,5.6,2.4,0,0,0,,0,0,,,0.0,0.0,,,39,2.3,89,0,9,PB,Matt Hasselbeck,HassMa00
2008,33,SEA,QB,7,7,11,69,0,5,81.8,15.0,6.3,9.9,1.6,0,0,0,,0,0,,,0.0,0.0,,,11,6.3,69,0,1,,Matt Hasselbeck,HassMa00
2009,34,SEA,QB,14,14,26,119,0,5,38.5,23.0,4.6,8.5,1.9,0,0,0,,0,0,,,0.0,0.0,,,26,4.6,119,0,11,,Matt Hasselbeck,HassMa00
2010,35,SEA,QB,14,14,23,60,3,7,43.5,20.0,2.6,4.3,1.6,0,0,0,,0,0,,,0.0,0.0,,,23,2.6,60,3,7,,Matt Hasselbeck,HassMa00
2011,36,TEN,QB,16,16,20,52,0,4,30.0,21.0,2.6,3.3,1.3,0,0,0,,0,0,,,0.0,0.0,,,20,2.6,52,0,4,,Matt Hasselbeck,HassMa00
2012,37,TEN,QB,8,5,13,38,0,2,23.1,16.0,2.9,4.8,1.6,0,0,0,,0,0,,,0.0,0.0,,,13,2.9,38,0,3,,Matt Hasselbeck,HassMa00
2013,38,IND,QB,3,0,2,-2,0,0,0.0,-1.0,-1.0,-0.7,0.7,0,0,0,,0,0,,,0.0,0.0,,,2,-1.0,-2,0,0,,Matt Hasselbeck,HassMa00
2014,39,IND,QB,4,0,8,-11,0,0,0.0,,-1.4,-2.8,2.0,0,0,0,,0,0,,,0.0,0.0,,,8,-1.4,-11,0,1,,Matt Hasselbeck,HassMa00
2015,40,IND,QB,8,8,16,15,0,2,25.0,10.0,0.9,1.9,2.0,0,0,0,,0,0,,,0.0,0.0,,,16,0.9,15,0,3,,Matt Hasselbeck,HassMa00
2008,23,ATL,QB,16,16,55,104,1,13,30.9,17.0,1.9,6.5,3.4,0,0,0,,0,0,,,0.0,0.0,,,55,1.9,104,1,6,AP ORoY-1,Matt Ryan,RyanMa00
2009,24,ATL,QB,14,14,30,49,1,9,43.3,7.0,1.6,3.5,2.1,0,0,0,,0,0,,,0.0,0.0,,,30,1.6,49,1,5,,Matt Ryan,RyanMa00
2010,25,ATL,QB,16,16,46,122,0,10,34.8,20.0,2.7,7.6,2.9,0,0,0,,0,0,,,0.0,0.0,,,46,2.7,122,0,4,PB,Matt Ryan,RyanMa00
2011,26,ATL,QB,16,16,37,84,2,11,35.1,12.0,2.3,5.3,2.3,0,0,0,,0,0,,,0.0,0.0,,,37,2.3,84,2,5,,Matt Ryan,RyanMa00
2012,27,ATL,QB,16,16,34,141,1,8,44.1,16.0,4.1,8.8,2.1,0,0,0,,0,0,,,0.0,0.0,,,34,4.1,141,1,3,PB,Matt Ryan,RyanMa00
2013,28,ATL,QB,16,16,17,55,0,5,35.3,17.0,3.2,3.4,1.1,0,0,0,,0,0,,,0.0,0.0,,,17,3.2,55,0,5,,Matt Ryan,RyanMa00
2014,29,ATL,QB,16,16,29,145,0,10,58.6,15.0,5.0,9.1,1.8,0,0,0,,0,0,,,0.0,0.0,,,29,5.0,145,0,5,PB,Matt Ryan,RyanMa00
2015,30,ATL,QB,16,16,36,63,0,9,33.3,18.0,1.8,3.9,2.3,0,0,0,,0,0,,,0.0,0.0,,,36,1.8,63,0,12,,Matt Ryan,RyanMa00
2016,31,ATL,QB,16,16,35,117,0,13,42.9,18.0,3.3,7.3,2.2,0,0,0,,0,0,,,0.0,0.0,,,35,3.3,117,0,4,"PB,AP-1,AP MVP-1,AP OPoY-1",Matt Ryan,RyanMa00
2017,32,ATL,QB,16,16,32,143,0,11,50.0,16.0,4.5,8.9,2.0,0,0,0,,0,0,,,0.0,0.0,,,32,4.5,143,0,4,,Matt Ryan,RyanMa00
2018,33,ATL,QB,16,16,33,125,3,15,57.6,15.0,3.8,7.8,2.1,1,1,5,5.0,1,1,100.0,5.0,0.1,0.3,100.0,5.0,34,3.8,130,4,10,,Matt Ryan,RyanMa00
2019,34,ATL,QB,15,15,34,147,1,10,50.0,12.0,4.3,9.8,2.3,0,0,0,,0,0,,,0.0,0.0,,,34,4.3,147,1,9,,Matt Ryan,RyanMa00
2020,35,ATL,QB,16,16,29,92,2,8,37.9,16.0,3.2,5.8,1.8,0,0,0,,0,0,,,0.0,0.0,,,29,3.2,92,2,6,,Matt Ryan,RyanMa00
2021,36,ATL,QB,17,17,40,82,1,9,30.0,17.0,2.1,4.8,2.4,0,0,0,,0,0,,,0.0,0.0,,,40,2.1,82,1,11,,Matt Ryan,RyanMa00
2022,37,IND,QB,12,12,27,70,1,9,37.0,39.0,2.6,5.8,2.3,0,0,0,,0,0,,,0.0,0.0,,,27,2.6,70,1,15,,Matt Ryan,RyanMa00
2009,21,DET,QB,10,10,20,108,2,7,40.0,21.0,5.4,10.8,2.0,0,0,0,,0,0,,,0.0,0.0,,,20,5.4,108,2,4,,Matthew Stafford,StafMa00
2010,22,DET,QB,3,3,4,11,1,1,50.0,9.0,2.8,3.7,1.3,0,0,0,,0,0,,,0.0,0.0,,,4,2.8,11,1,2,,Matthew Stafford,StafMa00
2011,23,DET,QB,16,16,22,78,0,7,31.8,22.0,3.5,4.9,1.4,0,0,0,,0,0,,,0.0,0.0,,,22,3.5,78,0,5,AP CPoY-1,Matthew Stafford,StafMa00
2012,24,DET,QB,16,16,35,126,4,12,51.4,11.0,3.6,7.9,2.2,1,1,3,3.0,0,0,0.0,3.0,0.1,0.2,100.0,3.0,36,3.6,129,4,6,,Matthew Stafford,StafMa00
2013,25,DET,QB,16,16,37,69,2,13,40.5,14.0,1.9,4.3,2.3,0,0,0,,0,0,,,0.0,0.0,,,37,1.9,69,2,12,,Matthew Stafford,StafMa00
2014,26,DET,QB,16,16,43,93,2,11,27.9,18.0,2.2,5.8,2.7,0,0,0,,0,0,,,0.0,0.0,,,43,2.2,93,2,8,PB,Matthew Stafford,StafMa00
2015,27,DET,QB,16,16,44,159,1,13,36.4,18.0,3.6,9.9,2.8,1,1,-6,-6.0,0,0,0.0,-6.0,0.1,-0.4,100.0,-6.0,45,3.4,153,1,4,,Matthew Stafford,StafMa00
2016,28,DET,QB,16,16,37,207,2,16,54.1,24.0,5.6,12.9,2.3,1,0,0,,0,0,0.0,,0.0,0.0,0.0,0.0,37,5.6,207,2,3,,Matthew Stafford,StafMa00
2017,29,DET,QB,16,16,29,98,0,9,34.5,15.0,3.4,6.1,1.8,0,0,0,,0,0,,,0.0,0.0,,,29,3.4,98,0,12,,Matthew Stafford,StafMa00
2018,30,DET,QB,16,16,25,71,0,8,44.0,10.0,2.8,4.4,1.6,0,0,0,,0,0,,,0.0,0.0,,,25,2.8,71,0,6,,Matthew Stafford,StafMa00
2019,31,DET,QB,8,8,20,66,0,5,40.0,12.0,3.3,8.3,2.5,0,0,0,,0,0,,,0.0,0.0,,,20,3.3,66,0,5,,Matthew Stafford,StafMa00
2020,32,DET,QB,16,16,29,112,0,12,51.7,17.0,3.9,7.0,1.8,1,0,0,,0,0,0.0,,0.0,0.0,0.0,0.0,29,3.9,112,0,2,,Matthew Stafford,StafMa00
2021,33,LAR,QB,17,17,32,43,0,13,31.3,12.0,1.3,2.5,1.9,0,0,0,,0,0,,,0.0,0.0,,,32,1.3,43,0,5,,Matthew Stafford,StafMa00
2022,34,LAR,QB,9,9,13,9,1,3,38.5,4.0,0.7,1.0,1.4,0,0,0,,0,0,,,0.0,0.0,,,13,0.7,9,1,5,,Matthew Stafford,StafMa00
2023,35,LAR,QB,15,15,21,65,0,4,33.3,9.0,3.1,4.3,1.4,0,0,0,,0,0,,,0.0,0.0,,,21,3.1,65,0,0,"PB,AP MVP-8,AP CPoY-4",Matthew Stafford,StafMa00
2024,36,LAR,QB,16,16,30,41,0,10,36.7,15.0,1.4,2.6,1.9,0,0,0,,0,0,,,0.0,0.0,,,30,1.4,41,0,6,,Matthew Stafford,StafMa00
2025,37,LAR,QB,17,17,29,1,0,0,3.4,6.0,0.0,0.1,1.7,0,0,0,,0,0,,,0.0,0.0,,,29,0.0,1,0,7,"PB,AP-1,AP MVP-1",Matthew Stafford,StafMa00
2017,23,CHI,QB,12,12,41,248,2,14,39.0,46.0,6.0,20.7,3.4,0,0,0,,0,0,,,0.0,0.0,,,41,6.0,248,2,10,,Mitchell Trubisky,TrubMi00
2018,24,CHI,QB,14,14,68,421,3,29,58.8,39.0,6.2,30.1,4.9,0,0,0,,0,0,,,0.0,0.0,,,68,6.2,421,3,6,PB,Mitchell Trubisky,TrubMi00
2019,25,CHI,QB,15,15,48,193,2,12,43.8,23.0,4.0,12.9,3.2,0,0,0,,0,0,,,0.0,0.0,,,48,4.0,193,2,5,,Mitchell Trubisky,TrubMi00
2020,26,CHI,QB,10,9,33,195,1,12,63.6,45.0,5.9,19.5,3.3,0,0,0,,0,0,,,0.0,0.0,,,33,5.9,195,1,6,,Mitchell Trubisky,TrubMi00
2021,27,BUF,QB,6,0,13,24,1,3,23.1,22.0,1.8,4.0,2.2,0,0,0,,0,0,,,0.0,0.0,,,13,1.8,24,1,0,,Mitchell Trubisky,TrubMi00
2022,28,PIT,QB,7,5,19,38,2,7,52.6,9.0,2.0,5.4,2.7,0,0,0,,0,0,,,0.0,0.0,,,19,2.0,38,2,0,,Mitchell Trubisky,TrubMi00
2023,29,PIT,QB,5,2,16,54,2,6,50.0,15.0,3.4,10.8,3.2,0,0,0,,0,0,,,0.0,0.0,,,16,3.4,54,2,1,,Mitchell Trubisky,TrubMi00
2024,30,BUF,QB,9,0,17,1,0,1,11.8,8.0,0.1,0.1,1.9,0,0,0,,0,0,,,0.0,0.0,,,17,0.1,1,0,1,,Mitchell Trubisky,TrubMi00
2025,31,BUF,QB,4,0,9,6,0,0,11.1,9.0,0.7,1.5,2.3,0,0,0,,0,0,,,0.0,0.0,,,9,0.7,6,0,0,,Mitchell Trubisky,TrubMi00
2017,22,KAN,QB,1,1,7,10,0,0,14.3,5.0,1.4,10.0,7.0,0,0,0,,0,0,,,0.0,0.0,,,7,1.4,10,0,0,,Patrick Mahomes,MahoPa00
2018,23,KAN,QB,16,16,60,272,2,17,53.3,28.0,4.5,17.0,3.8,0,0,0,,0,0,,,0.0,0.0,,,60,4.5,272,2,9,"PB,AP-1,AP MVP-1,AP OPoY-1",Patrick Mahomes,MahoPa00
2019,24,KAN,QB,14,14,43,218,2,15,41.9,25.0,5.1,15.6,3.1,0,0,0,,0,0,,,0.0,0.0,,,43,5.1,218,2,3,"PB,AP OPoY-4",Patrick Mahomes,MahoPa00
2020,25,KAN,QB,15,15,62,308,2,22,53.2,24.0,5.0,20.5,4.1,2,0,0,,0,0,0.0,,0.0,0.0,0.0,0.0,62,5.0,308,2,5,"PB,AP-2,AP MVP-3,AP OPoY-2",Patrick Mahomes,MahoPa00
2021,26,KAN,QB,17,17,66,381,2,30,50.0,32.0,5.8,22.4,3.9,0,0,0,,0,0,,,0.0,0.0,,,66,5.8,381,2,9,PB,Patrick Mahomes,MahoPa00
2022,27,KAN,QB,17,17,61,358,4,26,59.0,20.0,5.9,21.1,3.6,1,1,6,6.0,0,0,100.0,6.0,0.1,0.4,100.0,6.0,62,5.9,364,4,5,"PB,AP-1,AP MVP-1,AP OPoY-2",Patrick Mahomes,MahoPa00
2023,28,KAN,QB,16,16,75,389,0,33,50.7,25.0,5.2,24.3,4.7,0,0,0,,0,0,,,0.0,0.0,,,75,5.2,389,0,5,"PB,AP MVP-7",Patrick Mahomes,MahoPa00
2024,29,KAN,QB,16,16,58,307,2,29,50.0,33.0,5.3,19.2,3.6,1,1,2,2.0,0,0,0.0,2.0,0.1,0.1,100.0,2.0,59,5.2,309,2,2,"AP MVP-6,AP OPoY-17",Patrick Mahomes,MahoPa00
2025,30,KAN,QB,14,14,64,422,5,27,57.8,22.0,6.6,30.1,4.6,1,1,-10,-10.0,0,0,0.0,-10.0,0.1,-0.7,100.0,-10.0,65,6.3,412,5,3,,Patrick Mahomes,MahoPa00
1998,22,IND,QB,16,16,15,62,0,5,40.0,15.0,4.1,3.9,0.9,0,0,0,,0,0,,,0.0,0.0,,,15,4.1,62,0,3,AP ORoY-2,Peyton Manning,MannPe00
1999,23,IND,QB,16,16,35,73,2,15,34.3,13.0,2.1,4.6,2.2,0,0,0,,0,0,,,0.0,0.0,,,35,2.1,73,2,6,"PB,AP-2,AP MVP-2,AP OPoY-3",Peyton Manning,MannPe00
2000,24,IND,QB,16,16,37,116,1,11,35.1,14.0,3.1,7.3,2.3,0,0,0,,0,0,,,0.0,0.0,,,37,3.1,116,1,5,"PB,AP-2,AP MVP-5,AP OPoY-8",Peyton Manning,MannPe00
2001,25,IND,QB,16,16,35,157,4,10,45.7,33.0,4.5,9.8,2.2,0,0,0,,0,0,,,0.0,0.0,,,35,4.5,157,4,7,,Peyton Manning,MannPe00
2002,26,IND,QB,16,16,38,148,2,11,44.7,13.0,3.9,9.3,2.4,0,0,0,,0,0,,,0.0,0.0,,,38,3.9,148,2,6,PB,Peyton Manning,MannPe00
2003,27,IND,QB,16,16,28,26,0,3,14.3,10.0,0.9,1.6,1.8,1,1,-2,-2.0,0,0,0.0,-2.0,0.1,-0.1,100.0,-2.0,29,0.8,24,0,6,"PB,AP-1,AP MVP-1,AP OPoY-3",Peyton Manning,MannPe00
2004,28,IND,QB,16,16,25,38,0,4,20.0,19.0,1.5,2.4,1.6,0,0,0,,0,0,,,0.0,0.0,,,25,1.5,38,0,5,"PB,AP-1,AP MVP-1,AP OPoY-1",Peyton Manning,MannPe00
2005,29,IND,QB,16,16,33,45,0,6,21.2,12.0,1.4,2.8,2.1,0,0,0,,0,0,,,0.0,0.0,,,33,1.4,45,0,5,"PB,AP-1,AP MVP-2,AP OPoY-2",Peyton Manning,MannPe00
2006,30,IND,QB,16,16,23,36,4,7,30.4,12.0,1.6,2.3,1.4,0,0,0,,0,0,,,0.0,0.0,,,23,1.6,36,4,2,"PB,AP-2,AP MVP-3,AP OPoY-3",Peyton Manning,MannPe00
2007,31,IND,QB,16,16,20,-5,3,4,20.0,4.0,-0.3,-0.3,1.3,0,0,0,,0,0,,,0.0,0.0,,,20,-0.3,-5,3,6,PB,Peyton Manning,MannPe00
2008,32,IND,QB,16,16,20,21,1,4,25.0,12.0,1.1,1.3,1.3,0,0,0,,0,0,,,0.0,0.0,,,20,1.1,21,1,1,"PB,AP-1,AP MVP-1,AP OPoY-2",Peyton Manning,MannPe00
2009,33,IND,QB,16,16,19,-13,0,0,0.0,3.0,-0.7,-0.8,1.2,0,0,0,,0,0,,,0.0,0.0,,,19,-0.7,-13,0,2,"PB,AP-1,AP MVP-1,AP OPoY-3",Peyton Manning,MannPe00
2010,34,IND,QB,16,16,18,18,0,2,11.1,27.0,1.0,1.1,1.1,0,0,0,,0,0,,,0.0,0.0,,,18,1.0,18,0,3,PB,Peyton Manning,MannPe00
2012,36,DEN,QB,16,16,23,6,0,2,17.4,10.0,0.3,0.4,1.4,0,0,0,,0,0,,,0.0,0.0,,,23,0.3,6,0,2,"PB,AP-1,AP MVP-2,AP OPoY-2,AP CPoY-1",Peyton Manning,MannPe00
2013,37,DEN,QB,16,16,32,-31,1,1,3.1,1.0,-1.0,-1.9,2.0,0,0,0,,0,0,,,0.0,0.0,,,32,-1.0,-31,1,10,"PB,AP-1,AP MVP-1,AP OPoY-1",Peyton Manning,MannPe00
2014,38,DEN,QB,16,16,24,-24,0,0,0.0,4.0,-1.0,-1.5,1.5,0,0,0,,0,0,,,0.0,0.0,,,24,-1.0,-24,0,5,PB,Peyton Manning,MannPe00
2015,39,DEN,QB,10,9,6,-6,0,0,0.0,-1.0,-1.0,-0.6,0.6,0,0,0,,0,0,,,0.0,0.0,,,6,-1.0,-6,0,1,,Peyton Manning,MannPe00
2004,23,SDG,QB,2,0,4,-5,0,0,0.0,-1.0,-1.3,-2.5,2.0,0,0,0,,0,0,,,0.0,0.0,,,4,-1.3,-5,0,1,,Philip Rivers,RivePh00
2005,24,SDG,QB,2,0,1,-1,0,0,0.0,-1.0,-1.0,-0.5,0.5,0,0,0,,0,0,,,0.0,0.0,,,1,-1.0,-1,0,2,,Philip Rivers,RivePh00
2006,25,SDG,QB,16,16,48,49,0,8,25.0,15.0,1.0,3.1,3.0,0,0,0,,0,0,,,0.0,0.0,,,48,1.0,49,0,8,PB,Philip Rivers,RivePh00
2007,26,SDG,QB,16,16,29,33,1,9,37.9,10.0,1.1,2.1,1.8,0,0,0,,0,0,,,0.0,0.0,,,29,1.1,33,1,11,,Philip Rivers,RivePh00
2008,27,SDG,QB,16,16,31,84,0,12,58.1,11.0,2.7,5.3,1.9,0,0,0,,0,0,,,0.0,0.0,,,31,2.7,84,0,8,"AP MVP-6,AP OPoY-4,AP CPoY-8",Philip Rivers,RivePh00
2009,28,SDG,QB,16,16,26,50,1,5,23.1,15.0,1.9,3.1,1.6,0,0,0,,0,0,,,0.0,0.0,,,26,1.9,50,1,6,"PB,AP MVP-3,AP OPoY-4",Philip Rivers,RivePh00
2010,29,SDG,QB,16,16,29,52,0,6,31.0,14.0,1.8,3.3,1.8,0,0,0,,0,0,,,0.0,0.0,,,29,1.8,52,0,7,"PB,AP OPoY-4",Philip Rivers,RivePh00
2011,30,SDG,QB,16,16,26,36,1,6,26.9,15.0,1.4,2.3,1.6,0,0,0,,0,0,,,0.0,0.0,,,26,1.4,36,1,9,PB,Philip Rivers,RivePh00
2012,31,SDG,QB,16,16,27,40,0,2,14.8,11.0,1.5,2.5,1.7,1,0,0,,0,0,0.0,,0.0,0.0,0.0,0.0,27,1.5,40,0,15,,Philip Rivers,RivePh00
2013,32,SDG,QB,16,16,28,72,0,5,32.1,18.0,2.6,4.5,1.8,1,0,-9,,0,0,0.0,-9.0,0.0,-0.6,0.0,-9.0,28,2.3,63,0,3,"PB,AP CPoY-1",Philip Rivers,RivePh00
2014,33,SDG,QB,16,16,37,102,0,11,27.0,17.0,2.8,6.4,2.3,0,0,0,,0,0,,,0.0,0.0,,,37,2.8,102,0,8,,Philip Rivers,RivePh00
2015,34,SDG,QB,16,16,17,28,0,2,17.6,8.0,1.6,1.8,1.1,0,0,0,,0,0,,,0.0,0.0,,,17,1.6,28,0,4,,Philip Rivers,RivePh00
2016,35,SDG,QB,16,16,14,35,0,3,35.7,10.0,2.5,2.2,0.9,0,0,0,,0,0,,,0.0,0.0,,,14,2.5,35,0,9,PB,Philip Rivers,RivePh00
2017,36,LAC,QB,16,16,18,-2,0,1,11.1,8.0,-0.1,-0.1,1.1,0,0,0,,0,0,,,0.0,0.0,,,18,-0.1,-2,0,8,PB,Philip Rivers,RivePh00
2018,37,LAC,QB,16,16,18,7,0,1,16.7,7.0,0.4,0.4,1.1,0,0,0,,0,0,,,0.0,0.0,,,18,0.4,7,0,2,PB,Philip Rivers,RivePh00
2019,38,LAC,QB,16,16,12,29,0,2,25.0,12.0,2.4,1.8,0.8,0,0,0,,0,0,,,0.0,0.0,,,12,2.4,29,0,8,,Philip Rivers,RivePh00
2020,39,IND,QB,16,16,18,-8,0,0,0.0,3.0,-0.4,-0.5,1.1,0,0,0,,0,0,,,0.0,0.0,,,18,-0.4,-8,0,2,,Philip Rivers,RivePh00
2025,44,IND,QB,3,3,2,-1,0,0,0.0,,-0.5,-0.3,0.7,0,0,0,,0,0,,,0.0,0.0,,,2,-0.5,-1,0,2,,Philip Rivers,RivePh00
1985,22,PHI,QB,6,4,29,205,0,9,55.2,37.0,7.1,34.2,4.8,0,0,0,,0,0,,,0.0,0.0,,,29,7.1,205,0,3,,Randall Cunningham,CunnRa00
1986,23,PHI,QB,15,5,66,540,5,38,66.7,20.0,8.2,36.0,4.4,0,0,0,,0,0,,,0.0,0.0,,,66,8.2,540,5,7,,Randall Cunningham,CunnRa00
1987,24,PHI,QB,12,12,76,505,3,31,50.0,45.0,6.6,42.1,6.3,2,1,-3,-3.0,0,0,0.0,-3.0,0.1,-0.3,50.0,-1.5,77,6.5,502,3,12,,Randall Cunningham,CunnRa00
1988,25,PHI,QB,16,16,93,624,6,42,59.1,33.0,6.7,39.0,5.8,0,0,0,,0,0,,,0.0,0.0,,,93,6.7,624,6,12,"PB,AP-2,AP MVP-2,AP OPoY-3",Randall Cunningham,CunnRa00
1989,26,PHI,QB,16,16,104,621,4,35,51.9,51.0,6.0,38.8,6.5,0,0,0,,0,0,,,0.0,0.0,,,104,6.0,621,4,17,PB,Randall Cunningham,CunnRa00
1990,27,PHI,QB,16,16,118,942,5,52,66.1,52.0,8.0,58.9,7.4,0,0,0,,0,0,,,0.0,0.0,,,118,8.0,942,5,9,"PB,AP MVP-2,AP OPoY-2",Randall Cunningham,CunnRa00
1992,29,PHI,QB,15,15,87,549,5,34,56.3,30.0,6.3,36.6,5.8,1,0,0,,0,0,0.0,,0.0,0.0,0.0,0.0,87,6.3,549,5,13,AP-2,Randall Cunningham,CunnRa00
1993,30,PHI,QB,4,4,18,110,1,5,50.0,26.0,6.1,27.5,4.5,0,0,0,,0,0,,,0.0,0.0,,,18,6.1,110,1,3,,Randall Cunningham,CunnRa00
1994,31,PHI,QB,14,14,65,288,3,25,52.3,22.0,4.4,20.6,4.6,0,0,0,,0,0,,,0.0,0.0,,,65,4.4,288,3,10,,Randall Cunningham,CunnRa00
1995,32,PHI,QB,7,4,21,98,0,8,42.9,20.0,4.7,14.0,3.0,0,0,0,,0,0,,,0.0,0.0,,,21,4.7,98,0,3,,Randall Cunningham,CunnRa00
1997,34,MIN,QB,6,3,19,127,0,5,42.1,28.0,6.7,21.2,3.2,0,0,0,,0,0,,,0.0,0.0,,,19,6.7,127,0,4,,Randall Cunningham,CunnRa00
1998,35,MIN,QB,15,14,32,132,1,11,50.0,22.0,4.1,8.8,2.1,1,1,-3,-3.0,0,0,0.0,-3.0,0.1,-0.2,100.0,-3.0,33,3.9,129,1,2,"PB,AP-1,AP MVP-2,AP OPoY-2,AP CPoY-2",Randall Cunningham,CunnRa00
1999,36,MIN,QB,6,6,10,58,0,7,70.0,14.0,5.8,9.7,1.7,0,0,0,,0,0,,,0.0,0.0,,,10,5.8,58,0,2,,Randall Cunningham,CunnRa00
2000,37,DAL,QB,6,3,23,89,1,9,47.8,19.0,3.9,14.8,3.8,0,0,0,,0,0,,,0.0,0.0,,,23,3.9,89,1,4,,Randall Cunningham,CunnRa00
2001,38,BAL,QB,6,2,14,40,1,3,35.7,15.0,2.9,6.7,2.3,0,0,0,,0,0,,,0.0,0.0,,,14,2.9,40,1,4,,Randall Cunningham,CunnRa00
1988,23,MIN,QB,3,0,4,29,0,1,50.0,15.0,7.3,9.7,1.3,0,0,0,,0,0,,,0.0,0.0,,,4,7.3,29,0,0,,Rich Gannon,GannRi00
1990,25,MIN,QB,14,12,52,268,1,17,46.2,27.0,5.2,19.1,3.7,0,0,0,,0,0,,,0.0,0.0,,,52,5.2,268,1,10,,Rich Gannon,GannRi00
1991,26,MIN,QB,15,11,43,236,2,12,51.2,42.0,5.5,15.7,2.9,1,1,0,0.0,0,0,0.0,,0.1,0.0,100.0,0.0,44,5.4,236,2,2,,Rich Gannon,GannRi00
1992,27,MIN,QB,12,12,45,187,0,8,46.7,14.0,4.2,15.6,3.8,0,0,0,,0,0,,,0.0,0.0,,,45,4.2,187,0,5,,Rich Gannon,GannRi00
1993,28,WAS,QB,8,4,21,88,1,3,33.3,12.0,4.2,11.0,2.6,0,0,0,,0,0,,,0.0,0.0,,,21,4.2,88,1,3,,Rich Gannon,GannRi00
1995,30,KAN,QB,2,0,8,25,1,1,25.0,12.0,3.1,12.5,4.0,0,0,0,,0,0,,,0.0,0.0,,,8,3.1,25,1,0,,Rich Gannon,GannRi00
1996,31,KAN,QB,4,3,12,81,0,7,66.7,19.0,6.8,20.3,3.0,0,0,0,,0,0,,,0.0,0.0,,,12,6.8,81,0,1,,Rich Gannon,GannRi00
1997,32,KAN,QB,9,6,33,109,2,8,39.4,13.0,3.3,12.1,3.7,0,0,0,,0,0,,,0.0,0.0,,,33,3.3,109,2,5,,Rich Gannon,GannRi00
1998,33,KAN,QB,12,10,44,168,3,13,38.6,21.0,3.8,14.0,3.7,0,0,0,,0,0,,,0.0,0.0,,,44,3.8,168,3,9,,Rich Gannon,GannRi00
1999,34,OAK,QB,16,16,46,298,2,16,45.7,39.0,6.5,18.6,2.9,1,1,-3,-3.0,0,0,0.0,-3.0,0.1,-0.2,100.0,-3.0,47,6.3,295,2,8,PB,Rich Gannon,GannRi00
2000,35,OAK,QB,16,16,89,529,4,35,58.4,23.0,5.9,33.1,5.6,0,0,0,,0,0,,,0.0,0.0,,,89,5.9,529,4,9,"PB,AP-1,AP MVP-4,AP OPoY-5",Rich Gannon,GannRi00
2001,36,OAK,QB,16,16,63,231,2,19,39.7,17.0,3.7,14.4,3.9,0,0,0,,0,0,,,0.0,0.0,,,63,3.7,231,2,13,PB,Rich Gannon,GannRi00
2002,37,OAK,QB,16,16,50,156,3,11,36.0,24.0,3.1,9.8,3.1,0,0,0,,0,0,,,0.0,0.0,,,50,3.1,156,3,9,"PB,AP-1,AP MVP-1,AP OPoY-3",Rich Gannon,GannRi00
2003,38,OAK,QB,7,7,6,18,0,1,33.3,6.0,3.0,2.6,0.9,0,0,0,,0,0,,,0.0,0.0,,,6,3.0,18,0,2,,Rich Gannon,GannRi00
2004,39,OAK,QB,3,3,5,26,0,1,20.0,20.0,5.2,8.7,1.7,0,0,0,,0,0,,,0.0,0.0,,,5,5.2,26,0,3,,Rich Gannon,GannRi00
2012,24,SEA,QB,16,16,94,489,4,29,55.3,25.0,5.2,30.6,5.9,0,0,0,,0,0,,,0.0,0.0,,,94,5.2,489,4,6,"PB,AP ORoY-3",Russell Wilson,WilsRu00
2013,25,SEA,QB,16,16,96,539,1,31,47.9,27.0,5.6,33.7,6.0,0,0,0,,0,0,,,0.0,0.0,,,96,5.6,539,1,10,"PB,AP OPoY-4",Russell Wilson,WilsRu00
2014,26,SEA,QB,16,16,118,849,6,47,54.2,55.0,7.2,53.1,7.4,1,1,17,17.0,0,1,100.0,17.0,0.1,1.1,100.0,17.0,119,7.3,866,6,11,PB,Russell Wilson,WilsRu00
2015,27,SEA,QB,16,16,103,553,1,31,56.3,24.0,5.4,34.6,6.4,0,0,0,,0,0,,,0.0,0.0,,,103,5.4,553,1,7,"PB,AP OPoY-3",Russell Wilson,WilsRu00
2016,28,SEA,QB,16,16,72,259,1,18,43.1,18.0,3.6,16.2,4.5,2,2,14,7.0,1,1,50.0,15.0,0.1,0.9,100.0,7.0,74,3.7,273,2,8,,Russell Wilson,WilsRu00
2017,29,SEA,QB,16,16,95,586,3,36,50.5,31.0,6.2,36.6,5.9,0,0,0,,0,0,,,0.0,0.0,,,95,6.2,586,3,14,PB,Russell Wilson,WilsRu00
2018,30,SEA,QB,16,16,67,376,0,23,50.7,40.0,5.6,23.5,4.2,1,1,-11,-11.0,0,0,0.0,-11.0,0.1,-0.7,100.0,-11.0,68,5.4,365,0,10,PB,Russell Wilson,WilsRu00
2019,31,SEA,QB,16,16,75,342,3,17,41.3,21.0,4.6,21.4,4.7,0,0,0,,0,0,,,0.0,0.0,,,75,4.6,342,3,8,"PB,AP-2,AP OPoY-4",Russell Wilson,WilsRu00
2020,32,SEA,QB,16,16,83,513,2,25,50.6,38.0,6.2,32.1,5.2,0,0,0,,0,0,,,0.0,0.0,,,83,6.2,513,2,7,PB,Russell Wilson,WilsRu00
2021,33,SEA,QB,14,14,43,183,2,17,44.2,17.0,4.3,13.1,3.1,0,0,0,,0,0,,,0.0,0.0,,,43,4.3,183,2,6,PB,Russell Wilson,WilsRu00
2022,34,DEN,QB,15,15,55,277,3,21,50.9,19.0,5.0,18.5,3.7,1,1,1,1.0,0,0,0.0,1.0,0.1,0.1,100.0,1.0,56,5.0,278,3,6,,Russell Wilson,WilsRu00
2023,35,DEN,QB,15,15,80,341,3,38,55.0,21.0,4.3,22.7,5.3,0,0,0,,0,0,,,0.0,0.0,,,80,4.3,341,3,10,,Russell Wilson,WilsRu00
2024,36,PIT,QB,11,11,43,155,2,16,46.5,19.0,3.6,14.1,3.9,0,0,0,,0,0,,,0.0,0.0,,,43,3.6,155,2,5,"PB,AP CPoY-14",Russell Wilson,WilsRu00
2025,37,NYG,QB,6,3,18,106,0,6,50.0,15.0,5.9,17.7,3.0,0,0,0,,0,0,,,0.0,0.0,,,18,5.9,106,0,3,,Russell Wilson,WilsRu00
2005,23,STL,QB,4,3,14,64,2,6,50.0,14.0,4.6,16.0,3.5,0,0,0,,0,0,,,0.0,0.0,,,14,4.6,64,2,3,,Ryan Fitzpatrick,FitzRy00
2006,24,STL,QB,1,0,3,0,0,1,33.3,,0.0,0.0,3.0,0,0,0,,0,0,,,0.0,0.0,,,3,0.0,0,0,0,,Ryan Fitzpatrick,FitzRy00
2008,26,CIN,QB,13,12,60,304,2,24,53.3,22.0,5.1,23.4,4.6,1,1,-3,-3.0,0,0,0.0,-3.0,0.1,-0.2,100.0,-3.0,61,4.9,301,2,11,,Ryan Fitzpatrick,FitzRy00
2009,27,BUF,QB,10,8,31,141,1,12,54.8,31.0,4.5,14.1,3.1,0,0,0,,0,0,,,0.0,0.0,,,31,4.5,141,1,3,,Ryan Fitzpatrick,FitzRy00
2010,28,BUF,QB,13,13,40,269,0,15,50.0,22.0,6.7,20.7,3.1,0,0,0,,0,0,,,0.0,0.0,,,40,6.7,269,0,8,,Ryan Fitzpatrick,FitzRy00
2011,29,BUF,QB,16,16,56,215,0,20,48.2,18.0,3.8,13.4,3.5,0,0,0,,0,0,,,0.0,0.0,,,56,3.8,215,0,7,,Ryan Fitzpatrick,FitzRy00
2012,30,BUF,QB,16,16,48,197,1,9,35.4,20.0,4.1,12.3,3.0,0,0,0,,0,0,,,0.0,0.0,,,48,4.1,197,1,8,,Ryan Fitzpatrick,FitzRy00
2013,31,TEN,QB,11,9,43,225,3,17,46.5,26.0,5.2,20.5,3.9,1,1,0,0.0,0,0,0.0,,0.1,0.0,100.0,0.0,44,5.1,225,3,9,,Ryan Fitzpatrick,FitzRy00
2014,32,HOU,QB,12,12,50,184,2,13,46.0,16.0,3.7,15.3,4.2,0,0,0,,0,0,,,0.0,0.0,,,50,3.7,184,2,5,,Ryan Fitzpatrick,FitzRy00
2015,33,NYJ,QB,16,16,60,270,2,23,48.3,19.0,4.5,16.9,3.8,0,0,0,,0,0,,,0.0,0.0,,,60,4.5,270,2,5,,Ryan Fitzpatrick,FitzRy00
2016,34,NYJ,QB,14,11,33,130,0,7,51.5,14.0,3.9,9.3,2.4,0,0,0,,0,0,,,0.0,0.0,,,33,3.9,130,0,9,,Ryan Fitzpatrick,FitzRy00
2017,35,TAM,QB,6,3,15,78,0,5,46.7,15.0,5.2,13.0,2.5,0,0,0,,0,0,,,0.0,0.0,,,15,5.2,78,0,0,,Ryan Fitzpatrick,FitzRy00
2018,36,TAM,QB,8,7,36,152,2,9,44.4,18.0,4.2,19.0,4.5,0,0,0,,0,0,,,0.0,0.0,,,36,4.2,152,2,4,,Ryan Fitzpatrick,FitzRy00
2019,37,MIA,QB,15,13,54,243,4,16,51.9,20.0,4.5,16.2,3.6,0,0,0,,0,0,,,0.0,0.0,,,54,4.5,243,4,9,,Ryan Fitzpatrick,FitzRy00
2020,38,MIA,QB,9,7,30,151,2,12,53.3,17.0,5.0,16.8,3.3,1,1,0,0.0,0,0,0.0,,0.1,0.0,100.0,0.0,31,4.9,151,2,2,,Ryan Fitzpatrick,FitzRy00
2021,39,WAS,QB,1,1,1,2,0,0,0.0,2.0,2.0,2.0,1.0,0,0,0,,0,0,,,0.0,0.0,,,1,2.0,2,0,1,,Ryan Fitzpatrick,FitzRy00
2012,24,MIA,QB,16,16,49,211,2,16,42.9,31.0,4.3,13.2,3.1,0,0,0,,0,0,,,0.0,0.0,,,49,4.3,211,2,9,,Ryan Tannehill,TannRy00
2013,25,MIA,QB,16,16,40,238,1,12,47.5,48.0,6.0,14.9,2.5,0,0,0,,0,0,,,0.0,0.0,,,40,6.0,238,1,9,,Ryan Tannehill,TannRy00
2014,26,MIA,QB,16,16,56,311,1,18,55.4,40.0,5.6,19.4,3.5,1,1,-4,-4.0,0,0,0.0,,0.1,-0.3,100.0,-4.0,57,5.4,307,1,9,,Ryan Tannehill,TannRy00
2015,27,MIA,QB,16,16,32,141,1,8,37.5,28.0,4.4,8.8,2.0,1,1,9,9.0,0,1,100.0,9.0,0.1,0.6,100.0,9.0,33,4.5,150,1,10,,Ryan Tannehill,TannRy00
2016,28,MIA,QB,13,13,39,164,1,11,48.7,18.0,4.2,12.6,3.0,0,0,0,,0,0,,,0.0,0.0,,,39,4.2,164,1,9,,Ryan Tannehill,TannRy00
2018,30,MIA,QB,11,11,32,145,0,9,40.6,20.0,4.5,13.2,2.9,1,1,3,3.0,1,1,100.0,3.0,0.1,0.3,100.0,3.0,33,4.5,148,1,5,,Ryan Tannehill,TannRy00
2019,31,TEN,QB,12,10,43,185,4,14,46.5,25.0,4.3,15.4,3.6,0,0,0,,0,0,,,0.0,0.0,,,43,4.3,185,4,5,"PB,AP CPoY-1",Ryan Tannehill,TannRy00
2020,32,TEN,QB,16,16,43,266,7,22,67.4,45.0,6.2,16.6,2.7,1,1,0,0.0,0,0,0.0,,0.1,0.0,100.0,0.0,44,6.0,266,7,6,,Ryan Tannehill,TannRy00
2021,33,TEN,QB,17,17,55,270,7,33,65.5,28.0,4.9,15.9,3.2,0,0,0,,0,0,,,0.0,0.0,,,55,4.9,270,7,10,,Ryan Tannehill,TannRy00
2022,34,TEN,QB,12,12,34,98,2,12,44.1,17.0,2.9,8.2,2.8,0,0,0,,0,0,,,0.0,0.0,,,34,2.9,98,2,3,,Ryan Tannehill,TannRy00
2023,35,TEN,QB,10,8,17,74,1,4,35.3,23.0,4.4,7.4,1.7,1,0,0,,0,0,0.0,,0.0,0.0,0.0,0.0,17,4.4,74,1,4,,Ryan Tannehill,TannRy00
2018,21,NYJ,QB,13,13,44,138,1,16,38.6,28.0,3.1,10.6,3.4,0,0,0,,0,0,,,0.0,0.0,,,44,3.1,138,1,5,,Sam Darnold,DarnSa00
2019,22,NYJ,QB,13,13,33,62,2,6,27.3,24.0,1.9,4.8,2.5,0,0,0,,0,0,,,0.0,0.0,,,33,1.9,62,2,11,,Sam Darnold,DarnSa00
2020,23,NYJ,QB,12,12,37,217,2,13,59.5,46.0,5.9,18.1,3.1,0,0,0,,0,0,,,0.0,0.0,,,37,5.9,217,2,4,,Sam Darnold,DarnSa00
2021,24,CAR,QB,12,11,48,222,5,20,60.4,30.0,4.6,18.5,4.0,0,0,0,,0,0,,,0.0,0.0,,,48,4.6,222,5,9,,Sam Darnold,DarnSa00
2022,25,CAR,QB,6,6,26,106,2,10,38.5,26.0,4.1,17.7,4.3,0,0,0,,0,0,,,0.0,0.0,,,26,4.1,106,2,6,,Sam Darnold,DarnSa00
2023,26,SFO,QB,10,1,21,15,1,3,23.8,9.0,0.7,1.5,2.1,0,0,0,,0,0,,,0.0,0.0,,,21,0.7,15,1,3,,Sam Darnold,DarnSa00
2024,27,MIN,QB,17,17,67,212,1,26,41.8,19.0,3.2,12.5,3.9,0,0,0,,0,0,,,0.0,0.0,,,67,3.2,212,1,8,"PB,AP MVP-10,AP CPoY-3",Sam Darnold,DarnSa00
2025,28,SEA,QB,17,17,35,95,0,10,40.0,24.0,2.7,5.6,2.1,0,0,0,,0,0,,,0.0,0.0,,,35,2.7,95,0,11,PB,Sam Darnold,DarnSa00
1985,24,TAM,QB,5,5,40,233,1,12,52.5,20.0,5.8,46.6,8.0,0,0,0,,0,0,,,0.0,0.0,,,40,5.8,233,1,4,,Steve Young,YounSt00
1986,25,TAM,QB,14,14,74,425,5,30,58.1,31.0,5.7,30.4,5.3,0,0,0,,0,0,,,0.0,0.0,,,74,5.7,425,5,11,,Steve Young,YounSt00
1987,26,SFO,QB,8,3,26,190,1,8,61.5,29.0,7.3,23.8,3.3,0,0,0,,0,0,,,0.0,0.0,,,26,7.3,190,1,0,,Steve Young,YounSt00
1988,27,SFO,QB,11,3,27,184,1,6,37.0,49.0,6.8,16.7,2.5,0,0,0,,0,0,,,0.0,0.0,,,27,6.8,184,1,5,,Steve Young,YounSt00
1989,28,SFO,QB,10,3,38,126,2,12,39.5,22.0,3.3,12.6,3.8,0,0,0,,0,0,,,0.0,0.0,,,38,3.3,126,2,2,,Steve Young,YounSt00
1990,29,SFO,QB,6,1,15,159,0,11,86.7,31.0,10.6,26.5,2.5,0,0,0,,0,0,,,0.0,0.0,,,15,10.6,159,0,1,,Steve Young,YounSt00
1991,30,SFO,QB,11,10,66,415,4,28,63.6,21.0,6.3,37.7,6.0,0,0,0,,0,0,,,0.0,0.0,,,66,6.3,415,4,3,,Steve Young,YounSt00
1992,31,SFO,QB,16,16,76,537,4,33,52.6,39.0,7.1,33.6,4.8,0,0,0,,0,0,,,0.0,0.0,,,76,7.1,537,4,9,"PB,AP-1,AP MVP-1,AP OPoY-1",Steve Young,YounSt00
1993,32,SFO,QB,16,16,69,407,2,28,55.1,35.0,5.9,25.4,4.3,2,2,2,1.0,0,0,50.0,6.0,0.1,0.1,100.0,1.0,71,5.8,409,2,8,"PB,AP-1,AP MVP-2,AP OPoY-2",Steve Young,YounSt00
1994,33,SFO,QB,16,16,58,293,7,27,60.3,27.0,5.1,18.3,3.6,0,0,0,,0,0,,,0.0,0.0,,,58,5.1,293,7,4,"PB,AP-1,AP MVP-1,AP OPoY-2",Steve Young,YounSt00
1995,34,SFO,QB,11,11,50,250,3,25,74.0,29.0,5.0,22.7,4.5,0,0,0,,0,0,,,0.0,0.0,,,50,5.0,250,3,3,"PB,AP-2",Steve Young,YounSt00
1996,35,SFO,QB,12,12,52,310,4,19,57.7,33.0,6.0,25.8,4.3,0,0,0,,0,0,,,0.0,0.0,,,52,6.0,310,4,3,PB,Steve Young,YounSt00
1997,36,SFO,QB,15,15,50,199,3,15,36.0,13.0,4.0,13.3,3.3,0,0,0,,0,0,,,0.0,0.0,,,50,4.0,199,3,4,"PB,AP-2,AP MVP-4",Steve Young,YounSt00
1998,37,SFO,QB,15,15,70,454,6,35,54.3,24.0,6.5,30.3,4.7,0,0,0,,0,0,,,0.0,0.0,,,70,6.5,454,6,9,"PB,AP-2,AP OPoY-4",Steve Young,YounSt00
1999,38,SFO,QB,3,3,11,57,0,3,45.5,14.0,5.2,19.0,3.7,0,0,0,,0,0,,,0.0,0.0,,,11,5.2,57,0,2,,Steve Young,YounSt00
2001,24,NWE,QB,15,14,36,43,0,7,25.0,12.0,1.2,2.9,2.4,1,1,23,23.0,0,1,100.0,23.0,0.1,1.5,100.0,23.0,37,1.8,66,0,12,PB,Tom Brady,BradTo00
2002,25,NWE,QB,16,16,42,110,1,20,54.8,15.0,2.6,6.9,2.6,0,0,0,,0,0,,,0.0,0.0,,,42,2.6,110,1,11,,Tom Brady,BradTo00
2003,26,NWE,QB,16,16,42,63,1,11,28.6,11.0,1.5,3.9,2.6,0,0,0,,0,0,,,0.0,0.0,,,42,1.5,63,1,13,AP MVP-3,Tom Brady,BradTo00
2004,27,NWE,QB,16,16,43,28,0,12,27.9,10.0,0.7,1.8,2.7,0,0,0,,0,0,,,0.0,0.0,,,43,0.7,28,0,7,PB,Tom Brady,BradTo00
2005,28,NWE,QB,16,16,27,89,1,15,63.0,15.0,3.3,5.6,1.7,0,0,0,,0,0,,,0.0,0.0,,,27,3.3,89,1,4,"PB,AP-2,AP MVP-3,AP OPoY-4",Tom Brady,BradTo00
2006,29,NWE,QB,16,16,49,102,0,13,32.7,22.0,2.1,6.4,3.1,0,0,0,,0,0,,,0.0,0.0,,,49,2.1,102,0,12,,Tom Brady,BradTo00
2007,30,NWE,QB,16,16,37,98,2,14,48.6,19.0,2.6,6.1,2.3,0,0,0,,0,0,,,0.0,0.0,,,37,2.6,98,2,6,"PB,AP-1,AP MVP-1,AP OPoY-1",Tom Brady,BradTo00
2009,32,NWE,QB,16,16,29,44,1,9,37.9,9.0,1.5,2.8,1.8,0,0,0,,0,0,,,0.0,0.0,,,29,1.5,44,1,4,"PB,AP CPoY-1",Tom Brady,BradTo00
2010,33,NWE,QB,16,16,31,30,1,10,32.3,9.0,1.0,1.9,1.9,0,0,0,,0,0,,,0.0,0.0,,,31,1.0,30,1,3,"PB,AP-1,AP MVP-1,AP OPoY-1",Tom Brady,BradTo00
2011,34,NWE,QB,16,16,43,109,3,23,62.8,13.0,2.5,6.8,2.7,0,0,0,,0,0,,,0.0,0.0,,,43,2.5,109,3,6,PB,Tom Brady,BradTo00
2012,35,NWE,QB,16,16,23,32,4,12,56.5,7.0,1.4,2.0,1.4,0,0,0,,0,0,,,0.0,0.0,,,23,1.4,32,4,2,"PB,AP OPoY-3",Tom Brady,BradTo00
2013,36,NWE,QB,16,16,32,18,0,5,18.8,11.0,0.6,1.1,2.0,0,0,0,,0,0,,,0.0,0.0,,,32,0.6,18,0,9,"PB,AP MVP-2,AP OPoY-4",Tom Brady,BradTo00
2014,37,NWE,QB,16,16,36,57,0,11,36.1,17.0,1.6,3.6,2.3,0,0,0,,0,0,,,0.0,0.0,,,36,1.6,57,0,6,"PB,AP MVP-5",Tom Brady,BradTo00
2015,38,NWE,QB,16,16,34,53,3,14,41.2,13.0,1.6,3.3,2.1,1,1,36,36.0,0,1,100.0,36.0,0.1,2.3,100.0,36.0,35,2.5,89,3,6,"PB,AP MVP-2,AP OPoY-4",Tom Brady,BradTo00
2016,39,NWE,QB,12,12,28,64,0,11,42.9,15.0,2.3,5.3,2.3,0,0,0,,0,0,,,0.0,0.0,,,28,2.3,64,0,5,"PB,AP-2,AP MVP-2,AP OPoY-4",Tom Brady,BradTo00
2017,40,NWE,QB,16,16,25,28,0,8,32.0,7.0,1.1,1.8,1.6,0,0,0,,0,0,,,0.0,0.0,,,25,1.1,28,0,7,"PB,AP-1,AP MVP-1,AP OPoY-3",Tom Brady,BradTo00
2018,41,NWE,QB,16,16,23,35,2,10,43.5,10.0,1.5,2.2,1.4,1,1,6,6.0,0,0,0.0,6.0,0.1,0.4,100.0,6.0,24,1.7,41,2,4,PB,Tom Brady,BradTo00
2019,42,NWE,QB,16,16,26,34,3,8,34.6,17.0,1.3,2.1,1.6,0,0,0,,0,0,,,0.0,0.0,,,26,1.3,34,3,4,,Tom Brady,BradTo00
2020,43,TAM,QB,16,16,30,6,3,6,23.3,4.0,0.2,0.4,1.9,0,0,0,,0,0,,,0.0,0.0,,,30,0.2,6,3,4,,Tom Brady,BradTo00
2021,44,TAM,QB,17,17,28,81,2,14,53.6,13.0,2.9,4.8,1.6,0,0,0,,0,0,,,0.0,0.0,,,28,2.9,81,2,4,"PB,AP-2,AP MVP-2,AP OPoY-3",Tom Brady,BradTo00
2022,45,TAM,QB,17,17,29,-1,1,5,17.2,2.0,0.0,-0.1,1.7,1,0,0,,0,0,0.0,,0.0,0.0,0.0,0.0,29,0.0,-1,1,5,,Tom Brady,BradTo00
2005,25,DAL,QB,16,0,2,-2,0,0,0.0,-1.0,-1.0,-0.1,0.1,0,0,0,,0,0,,,0.0,0.0,,,2,-1.0,-2,0,0,,Tony Romo,RomoTo00
2006,26,DAL,QB,16,10,34,102,0,9,38.2,16.0,3.0,6.4,2.1,0,0,0,,0,0,,,0.0,0.0,,,34,3.0,102,0,9,PB,Tony Romo,RomoTo00
2007,27,DAL,QB,16,16,31,129,2,8,41.9,17.0,4.2,8.1,1.9,0,0,0,,0,0,,,0.0,0.0,,,31,4.2,129,2,10,PB,Tony Romo,RomoTo00
2008,28,DAL,QB,13,13,28,41,0,4,28.6,15.0,1.5,3.2,2.2,0,0,0,,0,0,,,0.0,0.0,,,28,1.5,41,0,13,,Tony Romo,RomoTo00
2009,29,DAL,QB,16,16,35,105,1,5,25.7,17.0,3.0,6.6,2.2,0,0,0,,0,0,,,0.0,0.0,,,35,3.0,105,1,6,PB,Tony Romo,RomoTo00
2010,30,DAL,QB,6,6,6,38,0,2,66.7,14.0,6.3,6.3,1.0,0,0,11,,0,0,,11.0,0.0,1.8,,,6,8.2,49,0,0,,Tony Romo,RomoTo00
2011,31,DAL,QB,16,16,22,46,1,4,27.3,17.0,2.1,2.9,1.4,0,0,0,,0,0,,,0.0,0.0,,,22,2.1,46,1,6,,Tony Romo,RomoTo00
2012,32,DAL,QB,16,16,30,49,1,6,30.0,15.0,1.6,3.1,1.9,1,1,-1,-1.0,0,0,0.0,-1.0,0.1,-0.1,100.0,-1.0,31,1.5,48,1,6,,Tony Romo,RomoTo00
2013,33,DAL,QB,15,15,20,38,0,5,20.0,15.0,1.9,2.5,1.3,0,0,0,,0,0,,,0.0,0.0,,,20,1.9,38,0,4,,Tony Romo,RomoTo00
2014,34,DAL,QB,15,15,26,61,0,6,19.2,21.0,2.3,4.1,1.7,0,0,0,,0,0,,,0.0,0.0,,,26,2.3,61,0,7,"PB,AP-2,AP MVP-3,AP OPoY-5",Tony Romo,RomoTo00
2015,35,DAL,QB,4,4,4,13,0,1,25.0,12.0,3.3,3.3,1.0,0,0,0,,0,0,,,0.0,0.0,,,4,3.3,13,0,1,,Tony Romo,RomoTo00
1998,28,WAS,QB,15,14,42,117,2,8,28.6,13.0,2.8,7.8,2.8,2,2,-8,-4.0,0,0,0.0,,0.1,-0.5,100.0,-4.0,44,2.5,109,2,14,,Trent Green,GreeTr00
2000,30,STL,QB,8,5,20,69,1,6,35.0,18.0,3.5,8.6,2.5,0,0,0,,0,0,,,0.0,0.0,,,20,3.5,69,1,3,AP CPoY-12,Trent Green,GreeTr00
2001,31,KAN,QB,16,16,35,158,0,8,40.0,16.0,4.5,9.9,2.2,1,1,1,1.0,0,0,0.0,1.0,0.1,0.1,100.0,1.0,36,4.4,159,0,11,,Trent Green,GreeTr00
2002,32,KAN,QB,16,16,31,225,1,12,74.2,24.0,7.3,14.1,1.9,0,0,0,,0,0,,,0.0,0.0,,,31,7.3,225,1,1,,Trent Green,GreeTr00
2003,33,KAN,QB,16,16,26,83,2,9,46.2,14.0,3.2,5.2,1.6,0,0,0,,0,0,,,0.0,0.0,,,26,3.2,83,2,5,PB,Trent Green,GreeTr00
2004,34,KAN,QB,16,16,25,85,0,4,48.0,13.0,3.4,5.3,1.6,0,0,0,,0,0,,,0.0,0.0,,,25,3.4,85,0,11,,Trent Green,GreeTr00
2005,35,KAN,QB,16,16,35,82,0,10,31.4,13.0,2.3,5.1,2.2,0,0,0,,0,0,,,0.0,0.0,,,35,2.3,82,0,8,PB,Trent Green,GreeTr00
2006,36,KAN,QB,8,8,19,59,0,5,36.8,10.0,3.1,7.4,2.4,0,0,0,,0,0,,,0.0,0.0,,,19,3.1,59,0,5,,Trent Green,GreeTr00
2007,37,MIA,QB,5,5,7,32,0,4,57.1,23.0,4.6,6.4,1.4,0,0,0,,0,0,,,0.0,0.0,,,7,4.6,32,0,2,,Trent Green,GreeTr00
2008,38,STL,QB,3,1,3,4,0,1,33.3,3.0,1.3,1.3,1.0,0,0,0,,0,0,,,0.0,0.0,,,3,1.3,4,0,0,,Trent Green,GreeTr00
2021,22,JAX,QB,17,17,73,334,2,22,50.7,26.0,4.6,19.6,4.3,0,0,0,,0,0,,,0.0,0.0,,,73,4.6,334,2,9,,Trevor Lawrence,LawrTr00
2022,23,JAX,QB,17,17,62,291,5,27,59.7,24.0,4.7,17.1,3.6,0,0,0,,0,0,,,0.0,0.0,,,62,4.7,291,5,12,"PB,AP MVP-7,AP CPoY-12",Trevor Lawrence,LawrTr00
2023,24,JAX,QB,16,16,70,339,4,23,47.1,26.0,4.8,21.2,4.4,0,0,0,,0,0,,,0.0,0.0,,,70,4.8,339,4,12,,Trevor Lawrence,LawrTr00
2024,25,JAX,QB,10,10,26,119,3,13,57.7,33.0,4.6,11.9,2.6,0,0,-5,,0,0,,-5.0,0.0,-0.5,,,26,4.4,114,3,3,,Trevor Lawrence,LawrTr00
2025,26,JAX,QB,17,17,82,359,9,40,57.3,21.0,4.4,21.1,4.8,0,0,0,,0,0,,,0.0,0.0,,,82,4.4,359,9,5,"AP MVP-5,AP CPoY-4",Trevor Lawrence,LawrTr00
1989,23,DAL,QB,11,11,38,302,0,20,73.7,25.0,7.9,27.5,3.5,1,1,-13,-13.0,0,0,0.0,-13.0,0.1,-1.2,100.0,-13.0,39,7.4,289,0,6,,Troy Aikman,AikmTr00
1990,24,DAL,QB,15,15,40,172,1,11,45.0,20.0,4.3,11.5,2.7,0,0,0,,0,0,,,0.0,0.0,,,40,4.3,172,1,5,,Troy Aikman,AikmTr00
1991,25,DAL,QB,12,12,16,5,1,1,12.5,9.0,0.3,0.4,1.3,1,1,-6,-6.0,0,0,0.0,-6.0,0.1,-0.5,100.0,-6.0,17,-0.1,-1,1,4,PB,Troy Aikman,AikmTr00
1992,26,DAL,QB,16,16,37,105,1,6,27.0,19.0,2.8,6.6,2.3,0,0,0,,0,0,,,0.0,0.0,,,37,2.8,105,1,4,PB,Troy Aikman,AikmTr00
1993,27,DAL,QB,14,14,32,125,0,6,40.6,20.0,3.9,8.9,2.3,0,0,0,,0,0,,,0.0,0.0,,,32,3.9,125,0,7,"PB,AP MVP-5,AP OPoY-6",Troy Aikman,AikmTr00
1994,28,DAL,QB,14,14,30,62,1,4,20.0,13.0,2.1,4.4,2.1,0,0,0,,0,0,,,0.0,0.0,,,30,2.1,62,1,2,PB,Troy Aikman,AikmTr00
1995,29,DAL,QB,16,16,21,32,1,4,19.0,12.0,1.5,2.0,1.3,0,0,0,,0,0,,,0.0,0.0,,,21,1.5,32,1,5,PB,Troy Aikman,AikmTr00
1996,30,DAL,QB,15,15,35,42,1,10,37.1,10.0,1.2,2.8,2.3,0,0,0,,0,0,,,0.0,0.0,,,35,1.2,42,1,6,PB,Troy Aikman,AikmTr00
1997,31,DAL,QB,16,16,25,79,0,7,40.0,13.0,3.2,4.9,1.6,0,0,0,,0,0,,,0.0,0.0,,,25,3.2,79,0,6,,Troy Aikman,AikmTr00
1998,32,DAL,QB,11,11,22,69,2,6,36.4,23.0,3.1,6.3,2.0,0,0,0,,0,0,,,0.0,0.0,,,22,3.1,69,2,3,,Troy Aikman,AikmTr00
1999,33,DAL,QB,14,14,21,10,1,7,14.3,7.0,0.5,0.7,1.5,0,0,0,,0,0,,,0.0,0.0,,,21,0.5,10,1,8,,Troy Aikman,AikmTr00
2000,34,DAL,QB,11,11,10,13,0,5,60.0,5.0,1.3,1.2,0.9,0,0,0,,0,0,,,0.0,0.0,,,10,1.3,13,0,2,,Troy Aikman,AikmTr00
2020,22,MIA,QB,10,9,36,109,3,13,52.8,17.0,3.0,10.9,3.6,0,0,0,,0,0,,,0.0,0.0,,,36,3.0,109,3,1,,Tua Tagovailoa,TagoTu00
2021,23,MIA,QB,13,12,42,128,3,13,40.5,23.0,3.0,9.8,3.2,0,0,0,,0,0,,,0.0,0.0,,,42,3.0,128,3,9,,Tua Tagovailoa,TagoTu00
2022,24,MIA,QB,13,13,23,70,0,4,34.8,18.0,3.0,5.4,1.8,0,0,0,,0,0,,,0.0,0.0,,,23,3.0,70,0,6,AP MVP-9,Tua Tagovailoa,TagoTu00
2023,25,MIA,QB,17,17,35,74,0,5,20.0,9.0,2.1,4.4,2.1,0,0,0,,0,0,,,0.0,0.0,,,35,2.1,74,0,13,"PB,AP CPoY-5",Tua Tagovailoa,TagoTu00
2024,26,MIA,QB,11,11,17,49,0,5,41.2,13.0,2.9,4.5,1.5,0,0,0,,0,0,,,0.0,0.0,,,17,2.9,49,0,7,,Tua Tagovailoa,TagoTu00
2025,27,MIA,QB,14,14,20,43,0,1,15.0,8.0,2.2,3.1,1.4,0,0,0,,0,0,,,0.0,0.0,,,20,2.2,43,0,8,,Tua Tagovailoa,TagoTu00
2011,22,BAL,QB,3,0,1,2,0,0,0.0,2.0,2.0,0.7,0.3,0,0,0,,0,0,,,0.0,0.0,,,1,2.0,2,0,0,,Tyrod Taylor,TaylTy00
2012,23,BAL,QB,7,0,14,73,1,5,57.1,28.0,5.2,10.4,2.0,0,0,0,,0,0,,,0.0,0.0,,,14,5.2,73,1,0,,Tyrod Taylor,TaylTy00
2013,24,BAL,QB,3,0,8,64,0,5,62.5,25.0,8.0,21.3,2.7,1,1,6,6.0,0,0,0.0,6.0,0.3,2.0,100.0,6.0,9,7.8,70,0,0,,Tyrod Taylor,TaylTy00
2014,25,BAL,QB,1,0,4,-3,0,0,0.0,,-0.8,-3.0,4.0,0,0,0,,0,0,,,0.0,0.0,,,4,-0.8,-3,0,0,,Tyrod Taylor,TaylTy00
2015,26,BUF,QB,14,14,104,568,4,28,46.2,31.0,5.5,40.6,7.4,1,1,4,4.0,0,0,100.0,4.0,0.1,0.3,100.0,4.0,105,5.4,572,4,9,PB,Tyrod Taylor,TaylTy00
2016,27,BUF,QB,15,15,95,580,6,34,49.5,49.0,6.1,38.7,6.3,0,0,0,,0,0,,,0.0,0.0,,,95,6.1,580,6,4,,Tyrod Taylor,TaylTy00
2017,28,BUF,QB,15,14,84,427,4,28,42.9,32.0,5.1,28.5,5.6,0,0,0,,0,0,,,0.0,0.0,,,84,5.1,427,4,4,,Tyrod Taylor,TaylTy00
2018,29,CLE,QB,4,3,16,125,1,6,56.3,24.0,7.8,31.3,4.0,0,0,0,,0,0,,,0.0,0.0,,,16,7.8,125,1,3,,Tyrod Taylor,TaylTy00
2019,30,LAC,QB,8,0,10,7,0,1,10.0,9.0,0.7,0.9,1.3,1,0,0,,0,0,0.0,,0.0,0.0,0.0,0.0,10,0.7,7,0,0,,Tyrod Taylor,TaylTy00
2020,31,LAC,QB,2,1,6,7,0,1,16.7,4.0,1.2,3.5,3.0,0,0,0,,0,0,,,0.0,0.0,,,6,1.2,7,0,0,,Tyrod Taylor,TaylTy00
2021,32,HOU,QB,6,6,19,151,3,6,52.6,30.0,7.9,25.2,3.2,0,0,0,,0,0,,,0.0,0.0,,,19,7.9,151,3,3,,Tyrod Taylor,TaylTy00
2022,33,NYG,QB,3,0,5,70,0,5,100.0,32.0,14.0,23.3,1.7,0,0,0,,0,0,,,0.0,0.0,,,5,14.0,70,0,2,,Tyrod Taylor,TaylTy00
2023,34,NYG,QB,11,5,38,197,0,10,47.4,31.0,5.2,17.9,3.5,0,0,0,,0,0,,,0.0,0.0,,,38,5.2,197,0,4,,Tyrod Taylor,TaylTy00
2024,35,NYJ,QB,2,0,3,13,0,0,66.7,7.0,4.3,6.5,1.5,0,0,0,,0,0,,,0.0,0.0,,,3,4.3,13,0,1,,Tyrod Taylor,TaylTy00
2025,36,NYJ,QB,6,4,27,143,1,10,48.1,15.0,5.3,23.8,4.5,0,0,0,,0,0,,,0.0,0.0,,,27,5.3,143,1,1,,Tyrod Taylor,TaylTy00
1987,24,TAM,QB,6,4,13,50,1,4,46.2,17.0,3.8,8.3,2.2,0,0,0,,0,0,,,0.0,0.0,,,13,3.8,50,1,7,,Vinny Testaverde,TestVi00
1988,25,TAM,QB,15,15,28,138,1,9,42.9,24.0,4.9,9.2,1.9,0,0,0,,0,0,,,0.0,0.0,,,28,4.9,138,1,8,,Vinny Testaverde,TestVi00
1989,26,TAM,QB,14,14,25,139,0,8,44.0,16.0,5.6,9.9,1.8,0,0,0,,0,0,,,0.0,0.0,,,25,5.6,139,0,4,,Vinny Testaverde,TestVi00
1990,27,TAM,QB,14,13,38,280,1,11,52.6,48.0,7.4,20.0,2.7,1,1,3,3.0,0,0,0.0,3.0,0.1,0.2,100.0,3.0,39,7.3,283,1,10,,Vinny Testaverde,TestVi00
1991,28,TAM,QB,13,12,32,101,0,2,25.0,19.0,3.2,7.8,2.5,0,0,0,,0,0,,,0.0,0.0,,,32,3.2,101,0,5,,Vinny Testaverde,TestVi00
1992,29,TAM,QB,14,14,36,197,2,11,44.4,18.0,5.5,14.1,2.6,0,0,0,,0,0,,,0.0,0.0,,,36,5.5,197,2,4,,Vinny Testaverde,TestVi00
1993,30,CLE,QB,10,6,18,74,0,5,38.9,14.0,4.1,7.4,1.8,0,0,0,,0,0,,,0.0,0.0,,,18,4.1,74,0,4,,Vinny Testaverde,TestVi00
1994,31,CLE,QB,14,13,21,37,2,5,38.1,12.0,1.8,2.6,1.5,0,0,0,,0,0,,,0.0,0.0,,,21,1.8,37,2,3,,Vinny Testaverde,TestVi00
1995,32,CLE,QB,13,12,18,62,2,7,55.6,14.0,3.4,4.8,1.4,1,1,7,7.0,0,1,100.0,7.0,0.1,0.5,100.0,7.0,19,3.6,69,2,4,,Vinny Testaverde,TestVi00
1996,33,BAL,QB,16,16,34,188,2,13,41.2,22.0,5.5,11.8,2.1,0,0,0,,0,0,,,0.0,0.0,,,34,5.5,188,2,9,PB,Vinny Testaverde,TestVi00
1997,34,BAL,QB,13,13,34,138,0,12,38.2,16.0,4.1,10.6,2.6,1,1,-4,-4.0,0,0,0.0,-4.0,0.1,-0.3,100.0,-4.0,35,3.8,134,0,11,,Vinny Testaverde,TestVi00
1998,35,NYJ,QB,14,13,24,104,1,8,37.5,25.0,4.3,7.4,1.7,0,0,0,,0,0,,,0.0,0.0,,,24,4.3,104,1,7,"PB,AP OPoY-7,AP CPoY-3",Vinny Testaverde,TestVi00
2000,37,NYJ,QB,16,16,25,32,0,3,12.0,15.0,1.3,2.0,1.6,0,0,0,,0,0,,,0.0,0.0,,,25,1.3,32,0,7,AP CPoY-7,Vinny Testaverde,TestVi00
2001,38,NYJ,QB,16,16,31,25,0,3,9.7,12.0,0.8,1.6,1.9,0,0,0,,0,0,,,0.0,0.0,,,31,0.8,25,0,12,,Vinny Testaverde,TestVi00
2002,39,NYJ,QB,5,4,2,23,0,0,50.0,24.0,11.5,4.6,0.4,0,0,0,,0,0,,,0.0,0.0,,,2,11.5,23,0,2,,Vinny Testaverde,TestVi00
2003,40,NYJ,QB,7,7,6,17,0,1,33.3,13.0,2.8,2.4,0.9,0,0,0,,0,0,,,0.0,0.0,,,6,2.8,17,0,1,,Vinny Testaverde,TestVi00
2004,41,DAL,QB,16,15,21,38,1,2,23.8,10.0,1.8,2.4,1.3,0,0,0,,0,0,,,0.0,0.0,,,21,1.8,38,1,8,,Vinny Testaverde,TestVi00
2005,42,NYJ,QB,6,4,7,4,2,2,28.6,2.0,0.6,0.7,1.2,0,0,0,,0,0,,,0.0,0.0,,,7,0.6,4,2,8,,Vinny Testaverde,TestVi00
2006,43,NWE,QB,3,0,8,-8,0,0,0.0,-1.0,-1.0,-2.7,2.7,0,0,0,,0,0,,,0.0,0.0,,,8,-1.0,-8,0,0,,Vinny Testaverde,TestVi00
2007,44,CAR,QB,7,6,9,22,0,1,33.3,16.0,2.4,3.1,1.3,0,0,0,,0,0,,,0.0,0.0,,,9,2.4,22,0,3,,Vinny Testaverde,TestVi00
1984,28,HOU,QB,16,16,58,211,1,13,39.7,31.0,3.6,13.2,3.6,0,0,0,,0,0,,,0.0,0.0,,,58,3.6,211,1,17,,Warren Moon,MoonWa00
1985,29,HOU,QB,14,14,39,130,0,12,46.2,17.0,3.3,9.3,2.8,0,0,0,,0,0,,,0.0,0.0,,,39,3.3,130,0,12,,Warren Moon,MoonWa00
1986,30,HOU,QB,15,15,42,157,2,11,42.9,19.0,3.7,10.5,2.8,1,0,0,,0,0,0.0,,0.0,0.0,0.0,0.0,42,3.7,157,2,11,,Warren Moon,MoonWa00
1987,31,HOU,QB,12,12,34,112,3,13,58.8,20.0,3.3,9.3,2.8,1,0,0,,0,0,0.0,,0.0,0.0,0.0,0.0,34,3.3,112,3,8,,Warren Moon,MoonWa00
1988,32,HOU,QB,11,11,33,88,5,11,45.5,14.0,2.7,8.0,3.0,0,0,0,,0,0,,,0.0,0.0,,,33,2.7,88,5,8,"PB,AP MVP-5",Warren Moon,MoonWa00
1989,33,HOU,QB,16,16,70,268,4,25,47.1,19.0,3.8,16.8,4.4,0,0,0,,0,0,,,0.0,0.0,,,70,3.8,268,4,11,PB,Warren Moon,MoonWa00
1990,34,HOU,QB,15,15,55,215,2,20,52.7,17.0,3.9,14.3,3.7,0,0,0,,0,0,,,0.0,0.0,,,55,3.9,215,2,18,"PB,AP-2,AP MVP-3,AP OPoY-1",Warren Moon,MoonWa00
1991,35,HOU,QB,16,16,33,68,2,10,42.4,12.0,2.1,4.3,2.1,0,0,0,,0,0,,,0.0,0.0,,,33,2.1,68,2,11,PB,Warren Moon,MoonWa00
1992,36,HOU,QB,11,10,27,147,1,13,59.3,23.0,5.4,13.4,2.5,0,0,0,,0,0,,,0.0,0.0,,,27,5.4,147,1,7,PB,Warren Moon,MoonWa00
1993,37,HOU,QB,15,14,48,145,1,12,35.4,35.0,3.0,9.7,3.2,0,0,0,,0,0,,,0.0,0.0,,,48,3.0,145,1,13,"PB,AP MVP-6",Warren Moon,MoonWa00
1994,38,MIN,QB,15,15,27,55,0,6,33.3,12.0,2.0,3.7,1.8,0,0,0,,0,0,,,0.0,0.0,,,27,2.0,55,0,9,PB,Warren Moon,MoonWa00
1995,39,MIN,QB,16,16,33,82,0,10,42.4,16.0,2.5,5.1,2.1,0,0,0,,0,0,,,0.0,0.0,,,33,2.5,82,0,13,PB,Warren Moon,MoonWa00
1996,40,MIN,QB,8,8,9,6,0,3,33.3,5.0,0.7,0.8,1.1,0,0,0,,0,0,,,0.0,0.0,,,9,0.7,6,0,7,,Warren Moon,MoonWa00
1997,41,SEA,QB,15,14,17,40,1,3,29.4,17.0,2.4,2.7,1.1,0,0,0,,0,0,,,0.0,0.0,,,17,2.4,40,1,7,PB,Warren Moon,MoonWa00
1998,42,SEA,QB,10,10,16,10,0,0,18.8,9.0,0.6,1.0,1.6,0,0,0,,0,0,,,0.0,0.0,,,16,0.6,10,0,8,,Warren Moon,MoonWa00
2000,44,KAN,QB,2,1,2,2,0,0,0.0,2.0,1.0,1.0,1.0,0,0,0,,0,0,,,0.0,0.0,,,2,1.0,2,0,1,,Warren Moon,MoonWa00
2023,24,TEN,QB,9,9,25,57,1,7,36.0,11.0,2.3,6.3,2.8,0,0,0,,0,0,,,0.0,0.0,,,25,2.3,57,1,7,,Will Levis,LeviWi00
2024,25,TEN,QB,12,12,45,183,0,20,48.9,21.0,4.1,15.3,3.8,0,0,0,,0,0,,,0.0,0.0,,,45,4.1,183,0,10,,Will Levis,LeviWi00
