QB,Season,Starts,Points,Change (Week),Change (Year),Total,/ DB,Comp,Atts,Comp%,CPOE,Yards,YPA,TDs,INTs,Sacks,Carries,Yards.1,YPC,TDs.1,TD%,INT%,TD%-INT%,Success,Passer Rtg,ANY/A,QB Elo,QBR,Rushing,Sacks.1,Inc,INTs.1,Air Yards,YAC,Penalties,aDOT,vs Sticks,W,L,T,CB,CB Opps,CB%,WPA / DB,Total WPA
Drew Brees,2011,16,8.08362,0.710375,4.12583,223.323,0.3093,471,656,0.718,7.2989,5535,8.4375,46,14,24,16,90,5.625,1,0.0701,0.0213,0.0488,0.5499,111.554,8.3338,314.925,82.3,-0.0127,0.05,0.0766,0.0147,0.033,0.1082,-0.0073,7.7287,-0.9253,13,3,0,3,5,0.6,0.0067,4.8423
Peyton Manning,2013,16,6.62627,0.301718,2.82445,260.515,0.3608,450,658,0.6839,6.3854,5477,8.3237,55,10,18,5,-9,-1.8,1,0.0836,0.0152,0.0684,0.5526,115.286,8.8861,323.164,79.0,-0.0217,0.05,0.0382,0.0393,0.0595,0.1439,-0.0082,7.8556,-0.7888,13,3,0,2,5,0.4,0.0069,4.9887
Aaron Rodgers,2011,15,6.22077,0.767115,2.57971,241.421,0.4017,329,480,0.6854,8.811,4424,9.2167,43,6,35,49,268,5.4694,3,0.0896,0.0125,0.0771,0.5424,122.257,9.3223,295.039,83.8,0.0048,0.0147,0.0662,0.0632,0.1238,0.0692,0.0132,9.0271,0.2167,14,1,0,0,1,0.0,0.0083,4.9613
Lamar Jackson,2019,15,5.99662,0.592078,7.22009,208.101,0.3486,265,399,0.6642,3.8127,3127,7.8371,36,6,23,152,1221,8.0329,7,0.0902,0.015,0.0752,0.5193,113.894,8.2251,331.223,83.0,0.0914,0.0647,0.0485,0.0471,0.0641,-0.0111,-0.0212,8.8847,0.1554,13,2,0,1,1,1.0,0.0055,3.2623
Drew Brees,2009,15,5.89,0.246946,1.31226,161.66,0.2856,363,513,0.7076,7.5257,4388,8.5536,34,11,20,10,45,4.5,2,0.0663,0.0214,0.0448,0.5406,109.848,8.3265,261.902,82.0,0.0065,0.0103,0.0667,0.0509,0.0537,0.0708,-0.0069,8.2203,-0.4854,13,2,0,2,3,0.6667,0.0072,4.0929
Patrick Mahomes,2022,17,5.59799,-0.603345,1.06412,216.182,0.2833,435,648,0.6713,3.5722,5250,8.1019,41,12,26,49,366,7.4694,4,0.0633,0.0185,0.0448,0.5387,105.157,7.9258,295.884,79.0,0.0173,0.0479,0.0223,0.0174,0.0084,0.1372,-0.0115,7.2762,-1.037,14,3,0,4,7,0.5714,0.008,6.0783
Lamar Jackson,2024,17,5.49656,0.0187427,3.60289,204.077,0.3149,316,469,0.6738,4.5519,4172,8.8955,41,4,23,122,907,7.4344,4,0.0874,0.0085,0.0789,0.5262,120.882,9.4776,331.75,74.8,0.0175,0.0448,0.0322,0.0423,0.0949,0.0269,-0.0206,8.7548,-0.7356,12,5,0,2,7,0.2857,0.0061,3.9759
Tom Brady,2011,16,5.39706,-0.218312,1.5742,216.223,0.3063,400,609,0.6568,3.9087,5162,8.4762,39,12,32,32,119,3.7188,3,0.064,0.0197,0.0443,0.5609,105.272,8.1576,266.454,73.8,0.0058,0.0279,0.0348,0.0248,0.0415,0.124,0.0007,8.1396,-0.4039,13,3,0,1,4,0.25,0.0076,5.3985
Drew Brees,2013,16,5.17056,1.01821,0.253473,155.305,0.2093,446,649,0.6872,5.4181,5162,7.9538,39,12,37,16,71,4.4375,3,0.0601,0.0185,0.0416,0.5054,104.818,7.519,260.366,69.1,-0.0106,0.0212,0.0328,0.0317,0.0049,0.0867,-0.017,7.9969,-0.9352,11,5,0,2,5,0.4,0.0042,3.0833
Drew Brees,2012,16,5.00849,0.387023,-2.88701,112.636,0.1558,422,667,0.6327,0.9945,5177,7.7616,43,19,26,4,16,4.0,1,0.0645,0.0285,0.036,0.5131,96.7672,7.2035,224.515,66.8,-0.0166,0.0298,-0.0278,-0.0242,0.0854,0.0469,-0.0038,8.1979,-0.1079,7,9,0,1,5,0.2,0.0034,2.4249
Josh Allen,2024,16,4.92369,0.0321021,1.68458,206.105,0.3251,307,482,0.6369,0.8436,3731,7.7407,28,6,14,94,539,5.734,12,0.0581,0.0124,0.0456,0.5221,101.591,7.9798,290.197,74.8,0.0567,0.0659,0.0112,0.0331,0.0055,0.0662,0.0096,8.3444,-0.668,13,3,0,0,1,0.0,0.0073,4.6557
Drew Brees,2019,11,4.60597,0.00591309,1.77036,97.7695,0.2385,281,373,0.7534,6.0577,2979,7.9866,27,4,12,2,3,1.5,1,0.0724,0.0107,0.0617,0.5415,117.8,8.4416,271.273,73.3,-0.0105,0.0549,0.0572,0.0441,-0.0512,0.1015,-0.0226,6.5013,-2.1769,8,3,0,1,2,0.5,0.0072,2.9429
Aaron Rodgers,2014,16,4.54058,0.445245,3.19603,216.057,0.3525,341,520,0.6558,3.1405,4381,8.425,38,5,28,31,283,9.129,2,0.0731,0.0096,0.0635,0.5481,112.188,8.6533,262.492,77.8,0.035,0.0203,-0.0001,0.0557,0.1108,0.0623,0.0115,8.0846,-0.6346,12,4,0,1,2,0.5,0.008,4.9145
Aaron Rodgers,2010,15,4.22506,-0.394451,0.893919,119.615,0.2066,312,473,0.6596,5.9004,3922,8.2918,28,11,31,51,368,7.2157,4,0.0592,0.0233,0.0359,0.5199,101.643,7.5278,217.273,69.6,0.0152,0.0091,0.0263,0.0457,0.0714,-0.0016,-0.0055,9.3256,1.0275,10,5,0,0,3,0.0,0.0035,2.0227
Tom Brady,2010,16,4.21512,0.0105548,1.70811,150.24,0.2669,324,492,0.6585,3.1804,3900,7.9268,36,4,25,17,42,2.4706,1,0.0732,0.0081,0.065,0.4956,110.993,8.2495,222.958,79.1,-0.0028,0.0235,0.0082,0.0918,0.0161,0.0989,-0.0147,7.8699,-1.1646,14,2,0,2,3,0.6667,0.0057,3.1963
Josh Allen,2020,16,4.18407,-0.272981,4.96876,207.245,0.2866,396,572,0.6923,6.593,4544,7.9441,37,10,26,78,441,5.6538,8,0.0647,0.0175,0.0472,0.5615,107.153,7.8177,294.015,76.6,0.011,0.0353,0.0474,0.0247,0.0576,0.0054,-0.0032,8.4913,-0.6748,13,3,0,2,3,0.6667,0.0073,5.3038
Peyton Manning,2012,16,4.15888,0.608047,0.952052,177.119,0.275,400,580,0.6897,7.3683,4659,8.0328,37,11,21,7,26,3.7143,0,0.0638,0.019,0.0448,0.5373,106.386,7.9318,236.678,78.9,-0.0164,0.0344,0.0301,0.0127,0.0842,0.0474,0.0166,8.3466,0.1362,13,3,0,3,4,0.75,0.0055,3.5131
Tom Brady,2012,16,4.1478,0.0125909,-0.593373,208.914,0.2918,401,634,0.6325,1.787,4827,7.6136,34,8,27,16,38,2.375,4,0.0536,0.0126,0.041,0.5447,99.1325,7.5113,242.434,77.2,-0.0032,0.0384,0.0081,0.0511,0.033,0.0954,0.003,8.6877,-0.0836,12,4,0,1,4,0.25,0.006,4.2961
Tom Brady,2021,17,4.12893,0.558735,1.66242,161.998,0.2064,485,717,0.6764,1.6914,5316,7.4142,43,12,22,17,90,5.2941,2,0.06,0.0167,0.0432,0.5223,102.362,7.4317,270.065,73.1,-0.012,0.0492,-0.0034,0.0226,0.0141,0.075,-0.0048,8.0948,-0.2566,13,4,0,3,5,0.6,0.0055,4.2939
Aaron Rodgers,2021,16,4.1243,-0.629079,-0.559293,159.615,0.263,366,528,0.6932,5.7724,4115,7.7936,37,4,30,19,114,6.0,3,0.0701,0.0076,0.0625,0.5222,112.524,8.0412,234.548,74.1,-0.0003,0.0242,0.0076,0.0521,-0.003,0.1137,0.003,7.7348,-0.5587,13,3,0,1,2,0.5,0.0085,5.1446
Drew Brees,2015,15,4.09887,0.221324,1.58077,107.883,0.1524,428,625,0.6848,2.0487,4870,7.792,32,11,31,8,30,3.75,1,0.0512,0.0176,0.0336,0.4788,101.35,7.2866,244.105,66.8,-0.0164,0.0195,0.0289,0.014,-0.0332,0.0715,0.0011,7.8528,-1.2912,7,8,0,1,5,0.2,0.0061,4.3396
Patrick Mahomes,2020,15,4.04233,-0.560283,1.36622,199.809,0.2887,390,587,0.6644,2.8344,4740,8.075,38,6,22,46,337,7.3261,3,0.0647,0.0102,0.0545,0.5448,108.415,8.3465,300.439,78.1,0.0133,0.0378,0.0122,0.033,0.0496,0.0545,-0.0202,8.3765,-0.4003,14,1,0,3,4,0.75,0.0095,6.5644
Aaron Rodgers,2016,16,4.03995,0.558793,4.2431,179.607,0.244,401,608,0.6595,3.5057,4428,7.2829,40,7,35,50,386,7.72,4,0.0658,0.0115,0.0543,0.5054,104.523,7.2582,262.403,72.4,0.0198,0.006,0.0349,0.0561,0.0375,-0.0076,0.0214,8.6941,0.2401,10,6,0,0,2,0.0,0.0057,4.2067
Josh Allen,2022,16,4.02357,-0.140027,-0.518395,164.584,0.2236,359,566,0.6343,1.0026,4283,7.5671,35,14,33,102,783,7.6765,7,0.0618,0.0247,0.0371,0.5326,96.7756,6.9967,263.695,73.4,0.0645,0.027,0.0272,-0.0048,0.1059,-0.03,-0.0105,9.2385,0.5106,13,3,0,3,6,0.5,0.0061,4.4588
Peyton Manning,2009,16,3.99672,-0.562862,-0.109012,185.894,0.3042,393,571,0.6883,6.4634,4500,7.8809,33,16,10,3,4,1.3333,0,0.0578,0.028,0.0298,0.5499,99.865,7.5146,233.649,80.7,-0.0153,0.0693,0.0355,-0.0011,0.0628,0.1064,0.0132,8.5779,0.2154,14,2,0,6,6,1.0,0.0091,5.5449
Josh Allen,2023,17,3.97378,0.212472,0.637199,136.561,0.1848,385,577,0.6672,5.0236,4306,7.4627,29,18,24,100,533,5.33,15,0.0503,0.0312,0.0191,0.5183,92.5368,6.5291,263.767,69.6,0.0651,0.06,0.0203,0.0161,0.0229,-0.0003,-0.0261,8.7019,-0.0953,11,6,0,2,7,0.2857,0.0057,4.1759
Peyton Manning,2010,16,3.92573,0.0712341,-0.744974,134.283,0.1865,450,679,0.6627,4.13,4700,6.9219,33,17,16,2,33,16.5,0,0.0486,0.025,0.0236,0.5181,91.9213,6.4806,218.507,71.6,-0.0082,0.065,0.0171,0.0009,0.0217,0.0394,0.0047,8.6819,0.0913,10,6,0,0,4,0.0,0.0029,2.11
Patrick Mahomes,2021,17,3.92404,0.290043,0.70746,167.67,0.2139,436,658,0.6626,2.6736,4839,7.3541,37,13,28,49,397,8.102,2,0.0562,0.0198,0.0365,0.5319,98.4549,7.0671,247.549,67.7,0.0108,0.0422,0.0373,0.0101,-0.0489,0.1048,-0.0082,7.3389,-1.2918,12,5,0,4,7,0.5714,0.006,4.6762
Aaron Rodgers,2009,16,3.91226,0.537911,2.54105,151.762,0.2282,350,538,0.6506,3.9253,4434,8.2416,30,7,49,43,319,7.4186,5,0.0558,0.013,0.0428,0.4947,103.803,7.5383,206.668,69.1,0.0227,-0.0175,0.0358,0.0656,0.0337,0.0456,0.0087,9.2639,0.3067,11,5,0,2,6,0.3333,0.0041,2.7039
Aaron Rodgers,2012,16,3.90969,0.257256,0.120286,153.311,0.2222,371,549,0.6758,5.836,4295,7.8233,39,8,51,41,276,6.7317,2,0.071,0.0146,0.0565,0.5275,108.603,7.37,217.68,71.3,0.007,-0.0232,0.0371,0.0545,0.0114,0.0558,0.0135,8.1366,-0.2678,11,5,0,2,6,0.3333,0.0051,3.5123
Michael Vick,2010,11,3.88776,-0.30658,4.21511,99.1498,0.1944,233,369,0.6314,5.987,3018,8.1789,21,6,35,88,685,7.7841,9,0.0569,0.0163,0.0407,0.4922,100.977,7.3193,255.979,,0.0727,-0.0224,0.0561,0.066,0.0209,-0.0308,-0.0141,9.2908,0.25,8,4,0,4,5,0.8,0.0037,1.8756
Matthew Stafford,2011,16,3.80636,0.794673,4.26772,78.9502,0.1039,428,673,0.636,1.2825,5100,7.578,41,16,38,15,83,5.5333,0,0.0609,0.0238,0.0371,0.4868,97.0561,6.9409,213.511,60.5,-0.0047,0.0244,-0.007,0.0168,0.0033,0.0506,-0.0231,8.1085,-0.7697,10,6,0,3,7,0.4286,0.0034,2.565
Aaron Rodgers,2020,16,3.7543,0.347288,3.59639,218.435,0.3605,372,523,0.7113,7.1856,4299,8.2199,48,5,20,26,157,6.0385,3,0.0918,0.0096,0.0822,0.5528,122.216,8.9355,287.578,79.8,0.0044,0.0433,0.0078,0.0442,0.0064,0.1382,0.0077,7.9063,-0.5927,13,3,0,1,3,0.3333,0.0082,4.9871
Drew Brees,2016,16,3.73913,-0.270679,0.00600586,121.185,0.1644,471,666,0.7072,4.1957,5208,7.8198,37,15,27,11,32,2.9091,2,0.0556,0.0225,0.033,0.5197,102.734,7.3434,269.951,66.8,-0.0081,0.0165,0.0397,-0.0179,-0.0129,0.0771,-0.0038,7.2229,-1.3373,7,9,0,2,8,0.25,0.0048,3.5632
Joe Burrow,2024,17,3.69418,-0.106101,3.07602,150.96,0.195,460,651,0.7066,6.7868,4918,7.5545,43,9,48,29,212,7.3103,2,0.0661,0.0138,0.0522,0.531,108.701,7.289,270.99,72.1,-0.0078,-0.0196,0.0112,0.0267,0.0533,0.0387,0.0155,7.0876,-1.02,9,8,0,1,5,0.2,0.0075,5.8009
Patrick Mahomes,2019,14,3.68977,-0.506495,0.956945,167.337,0.2812,319,484,0.6591,2.461,4031,8.3285,26,5,17,30,230,7.6667,2,0.0537,0.0103,0.0434,0.5143,105.312,8.3812,271.22,77.7,0.019,0.0548,0.0248,0.0501,-0.0045,0.0634,0.0089,8.845,-0.4236,11,3,0,1,4,0.25,0.008,4.7693
Patrick Mahomes,2018,16,3.61546,-0.337997,5.98959,243.625,0.3516,383,579,0.6615,4.4722,5097,8.8031,50,12,26,46,284,6.1739,2,0.0864,0.0207,0.0656,0.5325,114.036,8.9025,307.031,80.3,0.0057,0.0421,0.0238,0.0305,0.0225,0.1588,-0.0093,9.076,0.1641,12,4,0,2,5,0.4,0.0074,5.16
Tom Brady,2009,16,3.60212,-0.625089,-0.501808,153.163,0.2423,371,565,0.6566,3.7827,4398,7.7841,28,13,16,18,55,3.0556,1,0.0496,0.023,0.0265,0.5269,96.1689,7.3787,214.461,74.1,-0.0034,0.0469,0.0341,0.0241,-0.0058,0.1035,0.0091,8.3381,-0.2053,10,6,0,1,4,0.25,0.0031,1.9581
Russell Wilson,2015,16,3.53464,0.127267,2.95219,159.546,0.2524,329,481,0.684,7.9252,4024,8.3659,34,8,45,84,569,6.7738,1,0.0707,0.0166,0.0541,0.5253,110.573,7.7548,223.428,68.6,0.0144,-0.0133,0.0633,0.0426,0.012,0.0698,-0.0032,8.5696,-0.474,10,6,0,2,6,0.3333,0.0043,2.7437
Tom Brady,2016,12,3.52717,0.485839,2.10728,156.135,0.3167,291,431,0.6752,3.6513,3554,8.2459,28,2,15,18,74,4.1111,0,0.065,0.0046,0.0603,0.5091,112.427,8.8274,278.755,79.4,-0.0051,0.0507,0.007,0.0678,0.0287,0.0845,0.0072,7.7796,-0.8724,11,1,0,1,2,0.5,0.0068,3.3343
Dak Prescott,2019,16,3.48275,0.456912,2.36712,137.794,0.1977,388,595,0.6521,0.9662,4902,8.2387,30,11,23,41,287,7.0,3,0.0504,0.0185,0.0319,0.5265,99.8564,7.8576,266.175,71.9,0.0065,0.0379,-0.0077,0.0156,0.1419,-0.0456,-0.0161,9.4336,0.5681,8,8,0,0,5,0.0,0.0033,2.3286
Jalen Hurts,2022,15,3.47679,-1.02832,3.0004,117.94,0.1766,306,460,0.6652,2.7173,3701,8.0457,22,6,38,140,781,5.5786,13,0.0478,0.013,0.0348,0.4925,101.549,7.3092,257.527,68.3,0.0824,0.0085,0.057,0.0381,-0.0001,-0.0418,-0.0117,8.0978,-1.0043,14,1,0,1,2,0.5,0.0055,3.6696
Matt Schaub,2009,16,3.46423,0.0400696,2.21865,110.586,0.1715,396,578,0.6851,5.0244,4770,8.2526,29,15,26,27,83,3.0741,0,0.0502,0.026,0.0242,0.5209,99.4738,7.4868,207.227,72.9,-0.0213,0.0354,0.0292,-0.0018,0.0413,0.0668,-0.0095,7.6886,-0.9792,9,7,0,2,7,0.2857,0.0045,2.8827
Drew Brees,2010,16,3.4506,-0.73035,-2.54225,85.5315,0.1205,448,655,0.684,5.9919,4620,7.0534,33,22,26,4,9,2.25,0,0.0504,0.0336,0.0168,0.4986,91.2691,6.0132,202.029,70.8,-0.0161,0.0302,0.0476,-0.0325,-0.009,0.0602,-0.006,7.5786,-1.1969,11,5,0,4,7,0.5714,0.0039,2.7783
Josh Allen,2021,17,3.44434,0.0361481,-0.269844,145.601,0.1773,409,646,0.6331,2.0976,4407,6.822,36,15,26,108,778,7.2037,6,0.0557,0.0232,0.0325,0.5164,92.1698,6.381,246.702,66.3,0.0526,0.0585,0.0028,0.0079,0.0727,-0.067,-0.0157,8.1966,-0.6563,11,6,0,0,5,0.0,0.0022,1.8226
Lamar Jackson,2023,16,3.4284,0.945932,2.1504,87.8744,0.1317,307,456,0.6732,3.4752,3678,8.0658,24,7,37,135,830,6.1481,5,0.0526,0.0154,0.0373,0.5052,102.942,7.3529,246.494,64.7,0.0212,0.0054,0.0467,0.0369,0.0314,-0.0325,-0.0044,8.4211,-0.7719,13,3,0,1,3,0.3333,0.0032,2.1669
Cam Newton,2015,16,3.36548,0.342222,3.27395,120.525,0.1788,296,493,0.6004,0.1362,3837,7.783,35,10,33,115,649,5.6435,10,0.071,0.0203,0.0507,0.5015,99.7591,7.23,229.977,61.4,0.0482,0.0113,0.006,0.029,0.1029,-0.0723,-0.0131,10.3732,1.3225,15,1,0,2,3,0.6667,0.0057,3.8579
Ben Roethlisberger,2014,16,3.35429,0.147487,2.21278,160.231,0.2363,408,599,0.6811,5.4659,4952,8.2671,32,9,33,12,41,3.4167,0,0.0534,0.015,0.0384,0.528,104.838,7.9351,224.692,69.4,-0.0106,0.0244,0.0194,0.0341,0.0502,0.0519,0.0098,8.6778,-0.0618,11,5,0,2,3,0.6667,0.0049,3.2896
Justin Herbert,2021,17,3.30735,-0.383239,1.70961,141.781,0.1777,443,671,0.6602,-0.6155,5014,7.4724,38,15,31,50,315,6.3,3,0.0566,0.0224,0.0343,0.5075,97.7987,6.9587,244.414,70.9,0.0105,0.0346,-0.003,-0.0062,0.0301,0.0551,-0.0091,7.538,-1.0343,9,8,0,5,9,0.5556,0.0065,5.1987
Matt Ryan,2016,16,3.29456,0.637833,3.00486,203.024,0.3259,373,534,0.6985,6.9171,4944,9.2584,38,7,37,22,128,5.8182,0,0.0712,0.0131,0.0581,0.5474,117.127,9.0263,258.147,79.6,0.0,-0.0048,0.0398,0.0304,0.0665,0.108,0.01,8.6498,-0.4925,11,5,0,1,5,0.2,0.0075,4.6569
Dak Prescott,2023,17,3.26887,0.57725,1.32333,174.553,0.2434,410,590,0.6949,3.9347,4516,7.6542,36,9,39,42,251,5.9762,2,0.061,0.0153,0.0458,0.5244,105.869,7.275,236.676,72.7,0.0158,0.0123,0.0346,0.0231,0.0688,0.034,0.0277,7.761,-0.8068,12,5,0,2,5,0.4,0.0064,4.5925
Ben Roethlisberger,2018,16,3.26103,-0.321108,-0.0201843,154.656,0.2043,452,672,0.6726,1.6825,5129,7.6324,34,16,24,19,111,5.8421,3,0.0506,0.0238,0.0268,0.5112,96.8812,7.0733,253.698,69.6,-0.0067,0.0547,0.0194,-0.0043,-0.047,0.1058,0.0049,7.8185,-0.7455,9,6,1,2,7,0.2857,0.0078,5.9391
Joe Burrow,2022,16,3.24995,-0.378809,2.14623,115.305,0.1558,414,605,0.6843,2.7299,4475,7.3967,35,12,41,53,278,5.2453,5,0.0579,0.0198,0.038,0.5122,100.947,6.774,229.229,60.8,-0.001,0.0004,0.028,0.0065,0.01,0.0694,-0.0017,6.8463,-1.7306,12,4,0,3,6,0.5,0.0046,3.3935
Philip Rivers,2009,16,3.2249,-0.441478,1.584,184.361,0.3334,317,484,0.655,6.5705,4254,8.7893,28,9,25,20,56,2.8,1,0.0579,0.0186,0.0393,0.5208,104.821,8.334,198.253,77.2,-0.0124,0.0166,0.0307,0.0507,0.1084,0.0834,0.0159,9.793,0.9607,13,3,0,2,4,0.5,0.0081,4.4562
Brett Favre,2009,16,3.22235,1.00238,4.00943,133.502,0.2232,364,529,0.6881,6.0361,4202,7.9433,33,7,34,4,11,2.75,0,0.0624,0.0132,0.0491,0.5067,107.802,7.6377,204.119,74.4,-0.0163,-0.0141,0.0354,0.0532,0.0532,0.0787,-0.0002,8.0095,-0.7689,12,4,0,2,5,0.4,0.0037,2.1912
Josh Allen,2025,16,3.21997,-0.0171667,-0.472433,145.009,0.235,319,459,0.695,3.5149,3668,7.9913,25,10,40,90,599,6.6556,14,0.0545,0.0218,0.0327,0.5138,102.374,6.8537,251.997,64.7,0.0637,0.0046,0.0402,0.0236,-0.0683,0.0912,0.0117,7.3181,-0.9651,11,5,0,3,7,0.4286,0.0054,3.3129
Dak Prescott,2020,5,3.19456,-0.93646,1.3131,33.4799,0.1323,151,221,0.6833,0.3036,1856,8.3982,9,4,10,17,94,5.5294,3,0.0407,0.0181,0.0226,0.5455,100.047,7.7489,310.467,73.1,0.0074,-0.0241,0.0095,0.006,0.0178,0.0418,-0.0348,7.9729,-0.5837,2,3,0,1,3,0.3333,0.0029,0.7294
Peyton Manning,2014,16,3.10682,-0.512627,-3.04908,117.654,0.1783,395,595,0.6639,3.3167,4727,7.9445,39,15,17,6,-9,-1.5,0,0.0655,0.0252,0.0403,0.5091,101.852,7.7026,234.167,72.6,-0.0307,0.0492,-0.0025,-0.0144,0.0922,0.0298,-0.0025,8.5227,-0.2958,12,4,0,1,3,0.3333,0.0049,3.2153
Ben Roethlisberger,2017,15,3.08236,0.0586182,1.52581,115.869,0.1845,361,558,0.647,2.9129,4259,7.6326,28,14,21,11,66,6.0,0,0.0502,0.0251,0.0251,0.5111,94.0711,6.9948,204.385,67.2,-0.016,0.0472,0.0206,-0.0048,-0.0098,0.0949,0.0161,8.9642,0.2043,12,3,0,3,5,0.6,0.0053,3.3139
Alex Smith,2017,15,3.07874,0.0824304,1.98747,109.442,0.178,341,504,0.6766,4.9927,4042,8.0198,26,5,35,49,334,6.8163,1,0.0516,0.0099,0.0417,0.4862,104.944,7.6623,241.467,65.6,0.0015,0.0149,0.0376,0.0562,-0.043,0.0949,-0.0204,7.6925,-1.1349,9,6,0,1,5,0.2,0.005,3.0537
Andrew Luck,2018,16,3.07571,0.191269,2.15739,105.227,0.1451,430,637,0.675,0.8464,4593,7.2104,39,15,18,27,164,6.0741,0,0.0612,0.0235,0.0377,0.5103,98.9763,6.9679,255.865,69.6,-0.0141,0.058,0.0097,-0.007,0.0616,-0.0322,-0.0084,7.4882,-1.2763,10,6,0,3,7,0.4286,0.0043,3.1015
Lamar Jackson,2020,15,3.07093,0.00262634,-0.499655,115.392,0.2021,242,373,0.6488,1.0267,2757,7.3914,26,9,29,149,1012,6.7919,7,0.0697,0.0241,0.0456,0.4834,100.129,6.7463,230.807,67.3,0.071,0.0237,0.0486,0.0233,0.0307,-0.0796,-0.0241,8.7078,-0.3861,11,4,0,1,4,0.25,0.0036,2.0604
Deshaun Watson,2020,16,3.05078,-0.108041,2.13784,145.991,0.2101,382,542,0.7048,6.5225,4823,8.8985,33,7,49,77,454,5.8961,3,0.0609,0.0129,0.048,0.5324,112.808,8.2487,253.968,63.7,0.0111,-0.0179,0.0307,0.0394,0.1139,-0.0496,-0.0261,8.9336,0.2731,4,12,0,0,7,0.0,0.0053,3.703
Drew Brees,2017,16,3.04156,-0.141048,-1.22455,88.6894,0.1496,386,533,0.7242,4.6814,4334,8.1313,23,8,20,13,32,2.4615,2,0.0432,0.015,0.0281,0.4958,104.444,7.7559,225.996,63.1,-0.0119,0.0401,0.046,0.0251,-0.0917,0.1371,-0.0314,6.4128,-2.379,11,5,0,2,4,0.5,0.0037,2.2063
Matt Ryan,2012,16,3.02385,-0.345153,2.03231,162.137,0.2326,422,615,0.6862,5.6589,4719,7.6732,32,14,28,22,152,6.9091,1,0.052,0.0228,0.0293,0.5323,99.0955,7.028,220.812,69.5,-0.0009,0.0303,0.0362,0.0107,0.0074,0.0837,-0.0026,8.1498,-0.2655,13,3,0,4,6,0.6667,0.0057,3.9851
Tony Romo,2009,16,2.97583,0.133929,2.12038,114.387,0.1821,347,548,0.6332,0.7207,4483,8.1807,26,9,34,16,121,7.5625,1,0.0474,0.0164,0.031,0.4841,97.9091,7.5636,186.709,65.5,-0.0034,-0.002,0.0071,0.0516,0.0282,0.0751,-0.008,7.5967,-1.7026,11,5,0,3,7,0.4286,0.0045,2.8236
Michael Vick,2011,13,2.97468,0.255129,0.0528088,59.6969,0.1126,253,418,0.6053,1.0852,3303,7.9019,18,14,23,65,591,9.0923,1,0.0431,0.0335,0.0096,0.5057,85.8453,6.5918,195.314,,0.0309,0.028,0.0151,-0.0039,0.0397,-0.0279,-0.0162,9.2775,0.2105,7,6,0,0,4,0.0,0.0029,1.5137
Drew Brees,2014,16,2.96404,-0.889236,-1.33556,100.283,0.1366,456,653,0.6983,3.4443,4952,7.5835,33,17,29,16,77,4.8125,1,0.0505,0.026,0.0245,0.515,97.872,6.8343,225.732,73.2,-0.0026,0.016,0.0411,-0.0151,0.0111,0.025,0.0041,7.7167,-0.8469,7,9,0,2,7,0.2857,0.003,2.1817
Dak Prescott,2021,16,2.89117,0.772872,-0.298586,106.351,0.1511,410,596,0.6879,2.3142,4449,7.4648,37,10,30,29,142,4.8966,1,0.0621,0.0168,0.0453,0.5,104.216,7.3403,222.763,60.5,-0.0339,0.0258,0.0154,0.0259,0.0468,0.023,-0.0177,7.7668,-0.6091,11,5,0,1,4,0.25,0.004,2.8436
Jared Goff,2024,17,2.83387,-0.381674,1.9737,164.082,0.2721,390,536,0.7276,5.7057,4629,8.6362,37,12,31,20,72,3.6,0,0.069,0.0224,0.0466,0.5373,112.383,8.1041,232.606,65.4,-0.0209,0.0155,0.0282,-0.0096,-0.0196,0.2222,-0.0206,6.3601,-2.0373,15,2,0,4,5,0.8,0.0051,3.1054
Kirk Cousins,2016,16,2.83102,-0.749402,1.25999,132.492,0.1946,406,603,0.6733,4.9747,4917,8.1542,25,12,23,20,109,5.45,4,0.0415,0.0199,0.0216,0.536,97.6956,7.4872,237.223,66.5,-0.0057,0.0178,0.0069,0.0042,0.0789,0.0095,0.007,8.738,0.0315,8,7,1,3,8,0.375,0.0069,4.6784
Kyler Murray,2021,14,2.81827,-0.307114,0.199518,90.1697,0.1469,333,481,0.6923,4.2137,3787,7.8732,24,10,31,72,434,6.0278,5,0.0499,0.0208,0.0291,0.5,100.55,6.8965,231.139,63.2,0.0066,0.0192,0.0223,-0.0027,0.0473,-0.0032,-0.0082,7.948,-0.9917,9,5,0,1,5,0.2,0.0034,2.1087
Cam Newton,2011,16,2.81426,-0.525955,2.91349,87.9536,0.1267,310,513,0.6043,-0.3575,4051,7.8967,21,17,35,117,718,6.1368,14,0.0409,0.0331,0.0078,0.4683,85.1811,6.2883,207.894,56.6,0.0503,0.0132,0.0611,-0.0021,-0.0359,-0.0039,-0.0028,9.5595,-0.2651,6,10,0,1,9,0.1111,0.0015,1.0576
Tom Brady,2022,17,2.7898,-0.543256,-0.892401,57.6939,0.0719,490,730,0.6712,0.5096,4694,6.4301,25,9,22,10,12,1.2,1,0.0342,0.0123,0.0219,0.4813,91.0902,6.1556,207.499,54.6,-0.0318,0.05,-0.0073,0.0315,-0.0539,0.04,-0.0007,6.8863,-1.5836,8,9,0,4,7,0.5714,0.003,2.3896
Kirk Cousins,2015,16,2.70422,0.17494,4.80389,105.567,0.1708,379,543,0.698,5.7217,4166,7.6722,29,11,26,11,56,5.0909,4,0.0534,0.0203,0.0331,0.4935,101.577,7.1441,217.586,67.8,0.0017,0.0077,0.0306,0.0157,-0.0007,0.0601,-0.0111,8.0147,-0.7956,9,7,0,2,5,0.4,0.0042,2.6239
Drew Brees,2018,15,2.63741,0.0296509,0.330915,183.938,0.335,364,489,0.7444,6.4946,3992,8.1636,32,5,17,13,40,3.0769,4,0.0654,0.0102,0.0552,0.5774,115.683,8.4704,273.423,79.2,0.0057,0.0573,0.0381,0.0475,-0.0098,0.0919,0.0268,7.1616,-1.5235,13,2,0,6,7,0.8571,0.0084,4.6195
Robert Griffin III,2012,15,2.61611,-0.21542,3.40519,135.956,0.2472,258,391,0.6598,4.0952,3200,8.1841,20,5,30,108,825,7.6389,7,0.0512,0.0128,0.0384,0.5055,102.893,7.5012,237.187,68.0,0.0658,0.0122,0.0537,0.0615,0.0031,-0.0067,-0.0084,8.5115,-1.0793,9,6,0,3,7,0.4286,0.0056,3.0849
Matt Ryan,2011,16,2.61105,-0.285612,1.60827,99.2345,0.1527,347,560,0.6196,1.9866,4177,7.4589,29,12,26,21,107,5.0952,2,0.0518,0.0214,0.0304,0.4846,93.1324,6.901,170.205,69.3,-0.0077,0.0189,-0.001,0.0348,0.0542,0.0031,0.0036,9.138,0.1882,10,6,0,3,7,0.4286,0.0035,2.2673
Baker Mayfield,2024,17,2.60553,0.169645,3.77597,148.117,0.2144,407,569,0.7153,3.604,4500,7.9086,41,16,40,48,386,8.0417,3,0.0721,0.0281,0.0439,0.5268,106.946,7.1461,248.22,58.4,-0.0013,0.0071,0.0574,-0.0255,0.0016,0.0938,0.0042,6.9789,-2.0404,10,7,0,2,6,0.3333,0.0044,3.0615
Matthew Stafford,2025,17,2.6047,0.237283,2.33035,150.46,0.2273,388,594,0.6532,1.5916,4707,7.9242,46,8,23,9,22,2.4444,0,0.0774,0.0135,0.064,0.5347,109.736,8.2934,246.171,71.0,-0.0413,0.0337,-0.0231,0.0118,0.1549,0.0209,0.002,9.138,1.0253,12,5,0,1,5,0.2,0.0071,4.6973
Aaron Rodgers,2017,7,2.58175,-0.274521,-1.99936,37.7377,0.1254,154,237,0.6498,0.8471,1675,7.0675,16,6,22,18,131,7.2778,0,0.0675,0.0253,0.0422,0.515,97.6354,6.0116,170.633,66.6,0.0089,-0.0242,0.0463,0.0031,0.0207,0.0338,0.0007,6.9325,-1.443,4,3,0,2,3,0.6667,0.0052,1.5719
Matt Schaub,2010,16,2.58152,0.250118,0.0475952,95.4232,0.1477,364,569,0.6397,0.5747,4369,7.6784,24,12,32,11,36,3.2727,0,0.0422,0.0211,0.0211,0.4876,92.6589,6.7937,162.346,61.0,-0.0157,0.0,0.0196,0.0304,0.0283,0.0271,0.0112,7.7676,-1.1021,6,10,0,2,8,0.25,0.0024,1.5715
Patrick Mahomes,2024,16,2.53881,0.793575,-0.380846,110.702,0.1593,392,579,0.677,2.5634,3928,6.7841,26,11,36,38,337,8.8684,2,0.0449,0.019,0.0259,0.5079,93.822,6.039,208.316,64.6,0.0139,0.0287,0.0243,0.0035,-0.0701,0.091,-0.0088,6.3592,-2.1209,15,1,0,5,5,1.0,0.0069,4.7809
Kirk Cousins,2023,8,2.53078,0.25377,1.03558,39.9181,0.1118,216,309,0.699,4.2879,2331,7.5437,18,5,17,10,32,3.2,0,0.0583,0.0162,0.0421,0.4762,104.443,7.227,243.108,63.2,-0.004,0.0094,0.0,-0.002,0.0419,0.0258,0.0137,7.2848,-1.2589,4,4,0,0,4,0.0,0.0024,0.8658
Jared Goff,2022,17,2.52794,-0.143943,2.14803,112.963,0.1709,382,586,0.6519,-1.4849,4438,7.5734,29,7,23,17,83,4.8824,0,0.0495,0.0119,0.0375,0.4917,99.4809,7.4663,201.857,63.3,-0.0281,0.0245,-0.0338,0.0292,-0.0043,0.1345,0.0046,7.0461,-1.5068,9,8,0,3,7,0.4286,0.0046,3.0652
Philip Rivers,2011,16,2.50916,0.499444,0.871603,112.202,0.1692,366,579,0.6321,3.86,4624,7.9862,27,20,30,20,41,2.05,1,0.0466,0.0345,0.0121,0.5038,89.1875,6.6765,162.885,64.9,-0.0213,0.0215,0.0315,-0.0404,0.0701,0.0571,0.0039,9.019,0.1554,8,8,0,1,6,0.1667,0.0032,2.1105
Ben Roethlisberger,2019,2,2.49617,-0.831916,-1.36517,-10.249,-0.1404,35,62,0.5645,-10.2371,351,5.6613,0,1,2,1,7,7.0,0,0.0,0.0161,-0.0161,0.4384,65.9946,4.6719,72.713,,-0.0202,0.0726,-0.1053,0.0356,-0.1339,-0.061,0.0171,9.2903,0.0,0,2,0,0,0,,0.0047,0.3485
Joe Burrow,2021,16,2.48628,0.829467,2.3807,108.021,0.1698,366,518,0.7066,6.6403,4611,8.9015,34,14,51,32,126,3.9375,2,0.0656,0.027,0.0386,0.4921,108.671,7.5413,193.601,60.2,-0.0044,-0.0426,0.0571,-0.0288,0.0421,0.0928,-0.0121,8.1602,-0.7819,10,6,0,2,7,0.2857,0.0077,4.9135
Tony Romo,2014,15,2.48308,0.0148651,2.08477,151.835,0.3037,304,434,0.7005,6.7268,3705,8.5369,34,9,29,9,76,8.4444,0,0.0783,0.0207,0.0576,0.53,113.498,8.1317,201.233,79.2,0.0011,-0.0044,0.0448,0.0104,0.112,0.0683,0.0143,9.0415,0.3203,12,3,0,3,3,1.0,0.0079,3.9399
Matt Ryan,2018,16,2.48157,0.249689,2.02686,145.092,0.2058,422,607,0.6952,4.3499,4924,8.112,35,7,42,24,132,5.5,3,0.0577,0.0115,0.0461,0.5248,108.234,7.7242,250.333,65.7,-0.0025,-0.0205,0.0176,0.0336,0.0259,0.0609,0.0134,8.5684,-0.4794,7,9,0,1,6,0.1667,0.0049,3.4809
Jordan Love,2023,17,2.46232,0.484362,2.70767,104.311,0.1552,372,577,0.6447,1.1351,4159,7.208,32,11,30,37,259,7.0,4,0.0555,0.0191,0.0364,0.4777,96.3858,6.6919,203.759,62.1,-0.0174,0.0429,-0.0174,0.0209,0.0584,0.0361,0.0046,8.4887,-0.0867,9,8,0,2,7,0.2857,0.0036,2.4437
Tony Romo,2010,6,2.44637,-0.386536,0.991316,10.7222,0.0454,148,213,0.6948,6.1023,1599,7.507,11,7,7,4,40,10.0,0,0.0516,0.0329,0.0188,0.4746,94.7868,6.65,209.895,66.4,0.0067,0.0412,0.0674,-0.0333,-0.0386,0.0096,-0.0532,7.1455,-2.3944,1,5,0,0,4,0.0,0.0018,0.4366
Ben Roethlisberger,2015,11,2.43892,0.206905,-0.0556628,117.65,0.2207,319,468,0.6816,6.5209,3938,8.4145,21,16,20,6,38,6.3333,0,0.0449,0.0342,0.0107,0.5253,94.6581,7.166,212.21,72.8,-0.0115,0.0394,0.0249,-0.0269,0.1345,-0.0429,0.0365,10.1218,1.5214,8,4,0,1,4,0.25,0.0033,1.7561
Kyler Murray,2020,16,2.43323,-0.784026,3.02254,89.9918,0.1228,375,550,0.6818,2.2247,3971,7.22,26,12,27,122,838,6.8689,11,0.0473,0.0218,0.0255,0.5034,95.6515,6.5425,277.713,61.9,0.0423,0.0148,0.0177,0.0001,-0.0019,-0.057,-0.0016,7.9182,-0.9855,8,8,0,3,7,0.4286,0.0044,3.2501
Patrick Mahomes,2023,16,2.42782,-0.0929431,-2.16677,70.0562,0.098,401,595,0.6739,2.7465,4183,7.0303,27,14,27,52,411,7.9038,0,0.0454,0.0235,0.0218,0.4853,92.8606,6.2814,214.462,63.1,0.0283,0.0431,0.0197,-0.001,-0.0882,0.0818,-0.0129,6.5092,-2.5597,10,6,0,1,5,0.2,0.002,1.4657
Aaron Rodgers,2013,9,2.41988,-0.224908,-0.317229,106.803,0.3069,193,289,0.6678,5.8723,2536,8.7751,17,6,21,20,130,6.5,0,0.0588,0.0208,0.0381,0.5259,105.255,8.029,203.023,61.6,0.0172,0.0303,0.0404,0.0303,0.0291,0.1052,-0.0054,8.1799,-0.346,6,3,0,1,3,0.3333,0.0063,2.1824
Philip Rivers,2017,16,2.38571,0.96093,2.93638,131.703,0.2087,360,573,0.6283,1.0183,4515,7.8796,28,10,18,3,13,4.3333,0,0.0489,0.0175,0.0314,0.496,96.2878,7.6227,207.099,61.3,-0.0202,0.0585,-0.012,0.0321,0.0267,0.0777,0.0095,8.281,-0.7836,9,7,0,2,7,0.2857,0.0052,3.295
Tony Romo,2011,16,2.34373,-0.193726,0.503248,95.2181,0.1628,346,518,0.668,4.4282,4184,8.0772,31,10,36,11,56,5.0909,1,0.0598,0.0193,0.0405,0.4923,103.306,7.4495,182.945,69.0,-0.0185,-0.0047,0.025,0.0246,0.0092,0.0771,0.0034,7.7606,-1.3166,8,8,0,4,8,0.5,0.0053,3.0826
Carson Wentz,2017,13,2.33636,0.413597,3.07797,135.152,0.248,265,440,0.6023,0.4146,3296,7.4909,33,7,28,48,305,6.3542,0,0.075,0.0159,0.0591,0.4991,101.856,7.4338,219.902,78.6,0.0249,0.0164,0.0098,0.0448,0.1464,-0.0416,0.011,9.9068,0.7705,11,2,0,1,2,0.5,0.0057,3.0856
Jalen Hurts,2023,17,2.33123,-1.08652,-0.818987,86.7122,0.1162,352,538,0.6543,3.7886,3858,7.171,23,15,36,146,615,4.2123,15,0.0428,0.0279,0.0149,0.4826,89.1186,5.9599,221.042,60.1,0.0195,0.0463,0.0609,-0.0013,0.0321,-0.0607,-0.0077,8.6208,-0.2937,11,6,0,3,6,0.5,0.0035,2.5926
Ben Roethlisberger,2010,12,2.32345,0.639508,1.42267,93.9824,0.2079,239,380,0.6289,3.6382,3195,8.4079,17,5,31,22,183,8.3182,2,0.0447,0.0132,0.0316,0.4801,98.9583,7.5328,177.125,67.4,0.029,-0.0143,0.0253,0.0474,0.0376,0.0508,-0.0138,9.6316,0.1842,9,3,0,2,4,0.5,0.003,1.3698
Cam Newton,2012,16,2.23595,-0.600926,0.715037,119.839,0.1794,280,483,0.5797,-1.6395,3869,8.0104,19,12,36,115,779,6.7739,8,0.0393,0.0248,0.0145,0.4746,86.5295,6.6763,181.888,55.7,0.0565,0.0259,0.0206,0.0148,0.0051,-0.0085,-0.0009,9.3395,-0.1511,7,9,0,1,7,0.1429,0.0026,1.751
Russell Wilson,2012,16,2.22795,0.178708,4.34102,117.829,0.2174,252,393,0.6412,5.1525,3118,7.9338,26,10,33,82,501,6.1098,4,0.0662,0.0254,0.0407,0.5,100.026,7.007,173.939,74.8,0.0356,0.0035,0.0432,0.0319,0.0483,-0.0091,-0.002,9.9313,1.4631,11,5,0,3,7,0.4286,0.006,3.2439
Matt Ryan,2014,16,2.21032,-1.14441,1.56013,63.723,0.0892,415,623,0.6661,1.4361,4694,7.5345,28,14,31,24,149,6.2083,0,0.0449,0.0225,0.0225,0.493,94.6061,6.7569,206.099,66.8,-0.0061,0.0115,0.012,-0.0015,0.024,0.0069,-0.0146,7.8023,-1.1334,6,10,0,3,7,0.4286,0.0027,1.9206
Drake Maye,2025,17,2.20326,0.102089,2.64887,201.011,0.3074,354,492,0.7195,10.7813,4394,8.9309,31,8,47,79,477,6.038,4,0.063,0.0163,0.0467,0.5489,113.482,8.2616,229.233,77.2,0.0143,-0.0051,0.0588,0.0271,0.1703,-0.0221,-0.0043,9.1321,0.2967,14,3,0,1,4,0.25,0.0072,4.6858
Daniel Jones,2022,16,2.18921,1.27873,2.95611,57.3555,0.0874,317,467,0.6788,2.3301,3205,6.863,15,5,44,107,723,6.757,7,0.0321,0.0107,0.0214,0.497,93.4913,5.9432,188.696,62.9,0.0401,0.0118,0.0316,0.0483,-0.059,-0.0213,-0.0083,6.4925,-2.7024,9,6,1,4,8,0.5,0.0022,1.4183
Andrew Luck,2014,16,2.17963,-0.136545,1.20304,100.367,0.1386,380,616,0.6169,1.0681,4761,7.7289,40,16,27,44,285,6.4773,3,0.0649,0.026,0.039,0.489,96.5165,7.2784,235.156,64.0,0.0039,0.0242,-0.0088,-0.0128,0.0341,0.044,-0.003,8.8896,0.4188,11,5,0,1,3,0.3333,0.0018,1.3242
Philip Rivers,2010,16,2.1758,-0.787948,-0.265251,152.307,0.2481,357,539,0.6623,6.0711,4710,8.7384,30,13,38,19,62,3.2632,0,0.0557,0.0241,0.0315,0.5,102.192,7.7955,180.722,66.9,-0.014,-0.0185,0.0221,0.0363,0.0753,0.1162,-0.0154,8.5436,-0.4638,9,7,0,1,6,0.1667,0.0024,1.4532
Tom Brady,2014,16,2.16721,-0.572789,0.929672,121.169,0.1811,373,582,0.6409,1.5923,4109,7.0601,33,9,21,22,75,3.4091,0,0.0567,0.0155,0.0412,0.4888,97.3654,7.0149,204.581,77.2,-0.009,0.0406,0.0018,0.0367,0.0486,0.0056,-0.0001,8.0601,-0.7113,12,4,0,2,4,0.5,0.003,2.0208
Tom Brady,2017,16,2.15574,-0.490241,-2.0556,175.154,0.2576,385,581,0.6627,3.7357,4577,7.8778,32,8,35,13,39,3.0,0,0.0551,0.0138,0.0413,0.5235,102.75,7.5584,212.053,71.1,-0.0225,0.0102,0.0251,0.0555,0.1007,0.0233,0.029,9.136,0.3373,13,3,0,2,4,0.5,0.007,4.7497
Eli Manning,2011,16,2.13682,0.748434,1.17839,106.21,0.1612,358,588,0.6088,1.4393,4926,8.3776,29,16,28,11,34,3.0909,1,0.0493,0.0272,0.0221,0.4841,92.8288,7.4464,176.203,64.2,-0.0218,0.013,-0.0067,-0.0179,0.0982,0.0265,0.023,9.818,1.0153,9,7,0,5,10,0.5,0.0046,3.0472
Joe Burrow,2025,8,2.11466,0.343366,-0.504215,39.6646,0.1313,173,259,0.668,4.6543,1809,6.9846,17,5,17,13,42,3.2308,0,0.0656,0.0193,0.0463,0.5033,100.684,6.5616,190.031,63.2,-0.0189,0.0203,0.0251,-0.0669,0.1117,-0.008,-0.0004,7.2124,-1.1081,5,3,0,0,2,0.0,0.0019,0.576
Brock Purdy,2025,9,2.10664,-0.616384,1.1649,84.8856,0.2497,197,284,0.6937,7.2285,2167,7.6303,20,10,11,29,151,5.2069,3,0.0704,0.0352,0.0352,0.5529,100.484,6.9966,237.286,73.1,0.0213,0.0404,0.0373,-0.0595,0.1536,-0.0144,0.0024,7.5986,-0.6162,7,2,0,2,3,0.6667,0.008,2.7304
Tony Romo,2012,16,2.10311,-0.89188,0.935095,86.1366,0.1185,425,645,0.6589,2.7152,4903,7.6016,28,19,36,13,71,5.4615,1,0.0434,0.0295,0.014,0.5117,90.8624,6.3803,182.036,64.6,-0.0117,0.0067,0.0367,-0.0221,0.0494,0.0069,-0.0135,8.8605,-0.1674,8,8,0,5,10,0.5,0.0035,2.5443
Kyler Murray,2024,17,2.07284,0.729143,1.17282,93.963,0.1384,372,540,0.6889,2.1179,3851,7.1315,21,11,30,67,581,8.6716,5,0.0389,0.0204,0.0185,0.511,93.6806,6.2386,228.634,63.4,0.0145,0.0306,0.0295,0.017,-0.0346,0.0009,0.0033,6.8389,-1.8759,8,9,0,3,7,0.4286,0.0012,0.8289
Russell Wilson,2014,16,2.0583,-0.654817,1.88614,105.731,0.173,285,451,0.6319,3.8078,3475,7.7051,20,7,42,94,869,9.2447,6,0.0443,0.0155,0.0288,0.4599,95.1635,6.7302,204.499,69.7,0.0836,0.0054,0.0187,0.0606,-0.0995,0.0496,-0.0018,8.204,-0.9956,12,4,0,1,5,0.2,0.0049,3.0226
Matthew Stafford,2012,16,2.05206,0.215377,-0.577175,35.527,0.0442,435,723,0.6017,-2.5444,4967,6.87,20,17,29,28,130,4.6429,4,0.0277,0.0235,0.0041,0.4826,80.2703,5.8378,181.474,57.7,-0.0039,0.0199,-0.0216,-0.0162,-0.0001,0.0016,-0.0016,8.7372,0.1674,4,12,0,3,10,0.3,0.0006,0.4623
Kurt Warner,2009,15,2.03004,-0.499724,-1.88039,43.237,0.0764,340,507,0.6706,4.0374,3758,7.4122,27,14,24,8,20,2.5,0,0.0533,0.0276,0.0256,0.5088,95.0978,6.5838,160.407,66.2,-0.0133,0.0028,0.02,0.0066,0.015,0.0162,-0.0045,7.7436,-1.1183,10,5,0,1,2,0.5,0.0021,1.2033
Brock Purdy,2023,16,2.00452,0.254434,2.40965,173.405,0.3328,308,441,0.6984,5.3839,4280,9.7052,31,11,28,26,155,5.9615,2,0.0703,0.0249,0.0454,0.5643,113.761,9.0661,227.515,72.8,0.0113,0.0185,0.0356,-0.0202,0.1625,0.0919,0.0063,8.2472,-0.8912,12,4,0,0,3,0.0,0.0063,3.2601
Matt Ryan,2010,16,2.00282,0.396927,2.04775,113.303,0.1845,331,526,0.6293,0.6748,3456,6.5703,28,8,21,29,141,4.8621,0,0.0532,0.0152,0.038,0.4886,93.3064,6.4223,176.917,71.2,-0.0123,0.0288,0.0136,0.0691,0.0429,-0.0175,0.014,8.3745,-0.251,13,3,0,5,7,0.7143,0.0058,3.5576
Tom Brady,2018,16,1.99528,0.439543,-0.954615,114.786,0.1822,375,568,0.6602,1.0274,4355,7.6673,29,11,21,13,43,3.3077,2,0.0511,0.0194,0.0317,0.5254,97.9974,7.2886,215.339,68.4,-0.0127,0.0405,-0.0403,0.0157,0.0155,0.0708,0.0152,7.8996,-0.8574,11,5,0,1,3,0.3333,0.0052,3.2513
Tua Tagovailoa,2024,11,1.99183,0.0476569,1.36851,93.6803,0.2091,291,397,0.733,3.7809,2867,7.2217,19,7,21,8,54,6.75,0,0.0479,0.0176,0.0302,0.5357,101.863,6.6459,234.672,57.1,-0.021,0.0129,0.0367,0.0048,-0.083,0.1951,-0.0134,5.7204,-2.8463,6,5,0,2,4,0.5,0.0054,2.4328
Matt Schaub,2011,10,1.98482,0.246275,0.0429785,66.9452,0.206,178,290,0.6138,-0.1225,2479,8.5483,15,6,16,7,16,2.2857,2,0.0517,0.0207,0.031,0.4923,97.4713,7.8791,161.556,73.8,-0.0067,0.0238,-0.0367,0.0197,0.0443,0.1301,-0.0153,8.4931,-0.2345,7,3,0,0,3,0.0,0.0045,1.4633
Tom Brady,2020,16,1.98079,0.254718,2.88722,165.29,0.2434,401,606,0.6617,3.5639,4633,7.6452,40,12,21,10,18,1.8,3,0.066,0.0198,0.0462,0.5096,102.833,7.5758,231.227,66.0,-0.0216,0.0472,-0.0187,-0.0062,0.0963,0.0102,0.0278,9.1287,0.3548,11,5,0,3,6,0.5,0.0061,4.1103
Drew Brees,2020,12,1.97978,-0.109597,-1.45471,73.8647,0.175,275,388,0.7088,1.598,2942,7.5825,24,6,13,6,10,1.6667,2,0.0619,0.0155,0.0464,0.5071,106.916,7.6384,218.905,68.3,-0.0231,0.0186,0.022,0.0093,-0.0314,0.0818,-0.0107,6.0851,-2.5206,9,3,0,1,3,0.3333,0.0074,3.1331
Russell Wilson,2017,16,1.95816,0.114068,1.52367,59.4619,0.0824,339,549,0.6175,4.6189,3983,7.255,34,11,43,77,619,8.039,3,0.0619,0.02,0.0419,0.4695,96.0648,6.4966,216.496,62.4,0.0251,0.0001,0.0098,0.0229,0.0552,-0.047,-0.0196,9.8561,0.4281,9,7,0,2,7,0.2857,0.0032,2.2927
Tom Brady,2015,16,1.8455,-0.859562,-1.17827,131.288,0.1806,402,622,0.6463,-0.0933,4770,7.6688,36,7,38,20,69,3.45,3,0.0579,0.0113,0.0466,0.4732,102.499,7.5,228.221,68.4,-0.006,0.0107,0.0233,0.0338,-0.0123,0.0759,-0.0118,7.9019,-1.1672,12,4,0,2,6,0.3333,0.0032,2.2906
Josh Freeman,2010,16,1.83647,0.359542,4.23684,111.01,0.1921,291,473,0.6152,1.7863,3451,7.296,25,5,28,54,373,6.9074,0,0.0529,0.0106,0.0423,0.4844,96.9653,7.0479,170.199,69.5,0.0454,0.0188,0.0153,0.0548,0.0268,-0.011,-0.0043,9.1966,0.315,10,6,0,5,8,0.625,0.0057,3.3075
Kyler Murray,2023,8,1.83151,0.31936,0.286871,12.7347,0.0376,176,267,0.6592,-2.2771,1799,6.7378,10,5,18,38,249,6.5526,3,0.0375,0.0187,0.0187,0.4425,89.7706,5.807,195.936,47.2,0.0165,0.0397,0.0148,-0.0114,-0.0829,0.0231,0.0107,7.2472,-2.1423,3,5,0,2,5,0.4,0.0024,0.7986
Philip Rivers,2013,16,1.82216,-0.114735,2.90197,176.071,0.2764,378,543,0.6961,7.9863,4478,8.2468,32,11,30,23,75,3.2609,0,0.0589,0.0203,0.0387,0.5306,105.659,7.8063,219.467,75.1,-0.0219,0.0323,0.0456,0.0256,0.0335,0.0903,0.0113,7.768,-0.639,9,7,0,4,9,0.4444,0.0066,4.2347
Trevor Lawrence,2022,17,1.81947,-0.362369,3.36787,109.053,0.1583,387,582,0.6649,1.427,4113,7.067,25,8,27,51,300,5.8824,5,0.043,0.0137,0.0292,0.5225,95.5326,6.6814,202.63,56.1,-0.0114,0.0215,0.0051,0.0379,-0.0083,0.0696,-0.0004,7.3797,-1.5017,9,8,0,3,9,0.3333,0.0029,2.0167
Jared Goff,2023,17,1.81412,0.352684,0.398969,76.308,0.1146,407,601,0.6772,1.2739,4575,7.6123,30,12,30,11,39,3.5455,2,0.0499,0.02,0.03,0.494,98.5545,7.0333,202.052,60.3,-0.0233,0.0257,-0.0226,0.0002,-0.0019,0.1269,-0.0175,6.7621,-1.8319,12,5,0,2,4,0.5,0.0059,3.9265
Matt Ryan,2017,16,1.80156,0.307433,-3.05217,106.828,0.1786,342,526,0.6502,2.9681,4095,7.7852,20,12,24,19,153,8.0526,0,0.038,0.0228,0.0152,0.51,91.8726,6.9073,176.326,66.7,0.0028,0.0299,0.0159,-0.0013,0.0228,0.0636,0.0086,8.9715,0.1635,10,6,0,2,6,0.3333,0.0045,2.7094
Andrew Luck,2016,15,1.78892,-0.14798,1.7118,97.4587,0.1448,346,542,0.6384,1.2222,4240,7.8229,31,13,41,46,356,7.7391,2,0.0572,0.024,0.0332,0.5022,96.948,6.8731,206.878,65.9,0.0191,-0.0262,0.0281,-0.0089,0.0962,-0.0482,0.0088,8.2509,-0.6753,8,7,0,4,8,0.5,0.0036,2.4008
Bo Nix,2024,17,1.78766,1.21125,3.84743,47.2952,0.0675,376,566,0.6643,0.5609,3775,6.6696,29,12,24,76,448,5.8947,4,0.0512,0.0212,0.03,0.4508,93.4776,6.1305,214.929,53.5,0.0113,0.0468,0.0073,0.0153,-0.0714,0.0064,-0.0253,7.2721,-1.6131,10,7,0,3,7,0.4286,0.0011,0.7454
Ryan Tannehill,2020,16,1.76652,0.110934,1.67202,183.395,0.3246,315,481,0.6549,2.6561,3819,7.9397,33,7,24,34,273,8.0294,7,0.0686,0.0146,0.0541,0.5558,106.545,7.903,234.675,72.6,0.0294,0.0151,-0.0101,0.0222,0.1623,-0.0291,0.0262,8.3659,-0.1247,11,5,0,5,6,0.8333,0.0089,5.0273
Carson Wentz,2019,16,1.71472,-0.0776965,0.514001,57.6049,0.0786,388,606,0.6403,-0.6361,4039,6.665,27,7,37,50,250,5.0,1,0.0446,0.0116,0.033,0.4911,93.2481,6.2737,190.387,62.8,-0.0026,0.0173,-0.0208,0.0522,-0.0162,-0.0292,0.0128,8.081,-0.4909,9,7,0,2,6,0.3333,0.0021,1.5727
Tua Tagovailoa,2023,17,1.69063,-0.331126,0.701345,115.377,0.1834,388,558,0.6953,4.4996,4624,8.2867,29,14,29,17,84,4.9412,0,0.052,0.0251,0.0269,0.504,101.426,7.5009,222.288,60.8,-0.0323,0.0331,0.0121,-0.0105,0.0863,0.076,-0.0083,7.6756,-1.0108,11,6,0,2,6,0.3333,0.0048,3.0452
Carson Palmer,2015,16,1.67043,-0.592419,1.69062,178.356,0.2914,342,531,0.6441,5.2834,4671,8.7966,35,11,25,7,40,5.7143,1,0.0659,0.0207,0.0452,0.5261,105.748,8.4982,214.365,76.4,-0.0106,0.0123,-0.0004,0.0197,0.1835,-0.0095,0.0289,10.8569,2.1262,13,3,0,1,3,0.3333,0.0078,4.8015
Tom Brady,2013,16,1.65548,-0.479322,-2.37535,108.216,0.1511,380,624,0.609,-1.3511,4343,6.9599,25,11,40,12,37,3.0833,0,0.0401,0.0176,0.0224,0.4902,87.8405,6.1627,146.215,63.1,-0.0132,0.0003,0.0042,0.0486,0.0046,0.0119,0.035,8.4744,-0.2516,12,4,0,5,9,0.5556,0.0029,2.0737
Matthew Stafford,2017,16,1.65243,0.444719,0.690123,55.3144,0.0822,371,565,0.6566,0.6306,4446,7.869,29,10,47,18,107,5.9444,0,0.0513,0.0177,0.0336,0.4681,99.3252,7.0082,181.006,65.3,-0.0113,-0.0464,0.0239,0.0139,0.0123,0.0506,0.003,8.0407,-1.1628,9,7,0,1,6,0.1667,0.0028,1.8713
Jalen Hurts,2024,15,1.62369,-0.578171,0.465463,94.4449,0.1723,248,360,0.6889,7.5215,2903,8.0639,18,5,38,126,648,5.1429,13,0.05,0.0139,0.0361,0.5018,103.97,6.9523,215.288,62.5,0.0731,-0.0287,0.0426,0.0445,0.026,-0.0317,-0.0303,7.8194,-0.9861,12,3,0,3,4,0.75,0.0051,2.7927
Andrew Luck,2013,16,1.62149,0.301774,2.71742,75.74,0.1101,343,570,0.6018,-1.476,3822,6.7053,23,9,32,48,390,8.125,4,0.0404,0.0158,0.0246,0.4767,87.0395,6.0631,183.065,63.8,0.0297,0.0113,-0.0159,0.0433,-0.0617,0.0272,0.0163,8.1789,-0.2193,11,5,0,3,5,0.6,0.0015,1.0039
Donovan McNabb,2009,14,1.59534,-0.50944,-0.815276,56.3281,0.1069,267,441,0.6054,0.0285,3553,8.0567,22,10,36,21,155,7.381,2,0.0499,0.0227,0.0272,0.4535,93.287,6.8721,146.526,58.2,0.0181,-0.0283,0.0108,0.0381,0.0438,-0.0052,-0.0032,8.7494,-0.2688,10,4,0,2,5,0.4,0.0019,1.0134
Matthew Stafford,2019,8,1.58839,0.261272,2.07849,74.6714,0.2236,187,289,0.6471,2.0878,2499,8.6471,19,5,18,12,73,6.0833,0,0.0657,0.0173,0.0484,0.5,106.74,8.1987,230.405,71.3,-0.0136,-0.0018,-0.0041,0.0302,0.1871,-0.0339,-0.0039,10.7578,1.872,3,4,1,1,4,0.25,0.01,3.3356
Aaron Rodgers,2023,1,1.58677,-0.783293,-0.783293,-1.1682,-0.3894,0,1,0.0,,0,0.0,0,0,1,0,0,,0,0.0,0.0,0.0,0.3333,39.5833,-5.0,-14.7017,,-0.0253,-0.3952,0.0609,0.084,-0.0573,-0.3487,0.2652,17.0,7.0,1,0,0,0,0,,-0.0074,-0.0222
Kyler Murray,2022,11,1.58359,-0.631568,-0.0850458,13.8273,0.0281,259,387,0.6693,-0.8063,2368,6.1189,14,7,25,59,423,7.1695,3,0.0362,0.0181,0.0181,0.4451,87.8714,5.1966,191.716,53.6,0.0124,0.0179,-0.0206,0.0296,-0.0793,0.0226,0.0012,6.9199,-1.845,3,8,0,1,5,0.2,0.0013,0.6185
Kirk Cousins,2021,16,1.57703,0.0494739,-0.353986,83.8826,0.1321,372,556,0.6691,1.3503,4221,7.5917,33,7,28,18,130,7.2222,1,0.0594,0.0126,0.0468,0.4614,104.009,7.4812,210.987,58.3,-0.0161,0.0096,-0.0108,0.0341,0.0516,0.0008,-0.0029,8.2248,-1.1277,8,8,0,3,10,0.3,0.0055,3.4995
Justin Herbert,2022,17,1.54686,0.379416,-1.28374,36.5166,0.0459,477,697,0.6844,1.316,4739,6.7991,25,10,38,35,165,4.7143,0,0.0359,0.0143,0.0215,0.4686,93.4212,6.2354,184.409,60.2,-0.0075,0.0123,-0.0024,0.0197,-0.0734,0.0587,-0.0057,6.462,-2.1306,10,7,0,4,8,0.5,0.0016,1.2453
Sam Bradford,2016,15,1.51106,0.59641,1.80533,45.2417,0.0724,395,552,0.7156,4.5222,3877,7.0236,20,5,37,7,66,9.4286,0,0.0362,0.0091,0.0272,0.4816,99.2829,6.4109,190.552,53.1,-0.0097,-0.036,0.0182,0.0478,-0.1244,0.113,-0.0125,6.3666,-2.4501,7,8,0,1,4,0.25,0.0017,1.0855
Matthew Stafford,2015,16,1.5012,0.213301,2.26192,33.1908,0.0477,398,592,0.6723,0.5553,4262,7.1993,32,13,44,31,175,5.6452,1,0.0541,0.022,0.0321,0.4943,96.9735,6.3931,181.422,58.3,-0.0041,-0.0056,0.0184,-0.0017,-0.0872,0.0604,0.0006,6.4527,-2.3699,7,9,0,2,6,0.3333,0.003,2.0759
Deshaun Watson,2017,6,1.49216,0.463204,2.99272,62.1523,0.2228,126,202,0.6238,2.2591,1699,8.4109,19,8,19,35,270,7.7143,2,0.0941,0.0396,0.0545,0.4982,103.96,7.2534,265.21,83.7,0.0399,-0.0128,0.0674,-0.0557,0.1384,-0.031,0.0403,11.099,1.7426,3,4,0,0,2,0.0,0.0062,1.7219
Joe Burrow,2023,10,1.4916,-0.312883,-0.605175,11.0113,0.0258,244,364,0.6703,1.2338,2309,6.3434,15,6,24,19,99,5.2105,0,0.0412,0.0165,0.0247,0.4789,91.2431,5.5644,167.524,51.6,-0.0237,0.0014,0.0177,0.0189,-0.0881,0.0735,-0.0009,6.4656,-1.8209,5,5,0,0,1,0.0,0.0022,0.9431
Ben Roethlisberger,2016,14,1.48786,0.230671,-0.160283,103.532,0.1859,328,506,0.6482,1.946,3819,7.5474,29,13,17,4,26,6.5,1,0.0573,0.0257,0.0316,0.4973,95.9486,7.0229,203.831,60.5,-0.0087,0.0345,-0.0057,-0.0218,0.0356,0.0745,0.0015,8.7194,0.0217,10,4,0,2,3,0.6667,0.0055,3.0632
Deshaun Watson,2018,16,1.47064,-0.0575598,0.901313,102.526,0.1482,345,499,0.6914,4.6085,4165,8.3467,26,9,62,87,560,6.4368,5,0.0521,0.018,0.0341,0.5058,104.329,6.9447,197.211,61.8,0.0166,-0.037,0.0343,0.0378,0.0707,-0.0675,0.0156,8.6553,-0.3226,11,5,0,4,7,0.5714,0.0056,3.8642
Trevor Lawrence,2023,16,1.46351,0.114625,0.356736,35.6514,0.0517,370,564,0.656,0.9033,4016,7.1206,21,14,35,57,352,6.1754,4,0.0372,0.0248,0.0124,0.4877,88.49,5.98,191.804,56.1,-0.0074,-0.0025,0.0078,-0.0004,0.0371,-0.0516,0.0416,8.1791,-0.5035,8,8,0,1,4,0.25,0.002,1.3928
Derek Carr,2019,16,1.43126,0.374387,2.0873,84.4191,0.1463,361,511,0.7065,5.6902,4054,7.9335,21,8,29,16,89,5.5625,2,0.0411,0.0157,0.0254,0.4939,101.186,7.2778,197.001,64.1,-0.0104,0.0274,0.0188,0.0039,-0.0305,0.0965,-0.0245,6.5675,-1.9589,7,9,0,2,5,0.4,0.0058,3.3324
Deshaun Watson,2019,15,1.42585,-0.976351,-0.10489,109.479,0.1705,333,493,0.6755,1.9919,3852,7.8134,26,12,44,69,419,6.0725,7,0.0527,0.0243,0.0284,0.5031,98.3646,6.6574,209.605,70.5,0.0294,0.0049,0.0318,0.0167,0.0348,-0.0114,-0.0008,8.9655,0.3854,10,5,0,3,6,0.5,0.005,3.2239
Nick Foles,2013,10,1.42357,-0.495999,3.48313,121.983,0.3027,203,317,0.6404,5.2928,2891,9.1199,27,2,28,40,261,6.525,3,0.0852,0.0063,0.0789,0.4938,119.21,9.1826,226.203,69.5,0.0106,-0.0142,0.0329,0.0745,0.0671,0.0662,0.0057,9.3438,0.1167,9,4,0,1,2,0.5,0.0042,1.6966
Trevor Lawrence,2025,17,1.41367,0.225724,1.55537,82.8678,0.1167,341,557,0.6122,-1.8818,4007,7.1939,29,12,41,73,368,5.0411,9,0.0521,0.0215,0.0305,0.4887,91.4535,6.3545,187.198,58.3,0.0099,0.015,-0.0167,0.0057,0.0862,-0.0567,0.0049,8.754,-0.377,13,4,0,3,6,0.5,0.0029,2.0453
Dak Prescott,2025,17,1.39768,-0.640968,-0.0805511,134.111,0.1886,404,597,0.6767,2.1646,4552,7.6248,30,10,31,33,189,5.7273,2,0.0503,0.0168,0.0335,0.4937,100.017,7.1561,221.802,70.6,-0.0163,0.0366,-0.0046,0.0198,0.0685,0.0077,0.0084,8.0603,-0.4405,7,9,1,3,7,0.4286,0.0076,5.4107
Bo Nix,2025,17,1.38712,-0.38692,0.124135,69.0792,0.0942,388,611,0.635,-1.1956,3931,6.4337,25,11,22,66,373,5.6515,5,0.0409,0.018,0.0229,0.4461,87.9467,6.03,202.198,58.5,-0.0062,0.0589,-0.0101,0.0281,-0.0639,0.0461,-0.0271,7.3437,-1.5696,14,3,0,5,5,1.0,0.0046,3.3576
Colin Kaepernick,2013,16,1.37493,0.533353,-0.856542,89.2693,0.1594,243,416,0.5841,-1.4885,3197,7.6851,21,8,39,79,531,6.7215,4,0.0505,0.0192,0.0312,0.4554,91.5966,6.6505,148.425,67.3,0.0336,-0.0103,0.016,0.0517,0.0453,-0.0314,-0.0053,9.4952,0.3005,12,4,0,2,4,0.5,0.0035,1.987
Jared Goff,2025,17,1.30252,-0.0926111,-0.0183685,114.137,0.1764,393,576,0.6823,1.7766,4564,7.9236,34,8,38,8,53,6.625,0,0.059,0.0139,0.0451,0.49,105.845,7.5326,209.325,58.0,-0.0253,-0.0107,-0.0122,0.0331,0.0104,0.1296,-0.0169,6.4531,-2.3194,9,8,0,1,5,0.2,0.003,1.9305
Andy Dalton,2013,16,1.30023,-0.0322327,2.96918,78.0471,0.1144,363,585,0.6205,1.0326,4293,7.3385,33,20,29,42,196,4.6667,2,0.0564,0.0342,0.0222,0.4765,88.9281,6.3046,172.716,54.8,-0.0012,0.0267,0.0158,-0.0369,0.0386,0.0094,0.0023,8.5487,-0.1436,11,5,0,0,4,0.0,0.0018,1.2218
Ben Roethlisberger,2013,16,1.29552,-0.607508,0.980203,58.0555,0.0881,375,578,0.6488,3.0391,4261,7.372,28,14,42,16,111,6.9375,1,0.0484,0.0242,0.0242,0.475,92.921,6.3048,164.257,58.0,-0.0159,-0.0212,0.0274,0.0156,0.0029,0.0354,-0.016,8.526,-0.3339,8,8,0,1,8,0.125,0.001,0.6411
Josh McCown,2013,5,1.28744,1.28557,3.19945,92.2766,0.3591,149,224,0.6652,4.8726,1829,8.1652,13,1,11,9,72,8.0,1,0.058,0.0045,0.0536,0.5447,109.022,8.5404,271.03,82.4,0.0011,0.0205,0.0086,0.0861,0.0968,0.071,0.0152,7.8973,-0.9732,3,5,0,1,3,0.3333,0.0103,2.645
Ben Roethlisberger,2009,15,1.28671,0.319514,2.17222,93.7251,0.1531,337,505,0.6673,5.3932,4328,8.5703,26,12,50,23,96,4.1739,2,0.0515,0.0238,0.0277,0.4984,100.664,7.1351,164.584,69.0,0.0092,-0.0459,0.043,0.0159,0.0926,0.018,-0.0114,9.0059,-0.004,9,6,0,2,6,0.3333,0.0037,2.2749
Ben Roethlisberger,2020,15,1.28551,0.610148,-0.438608,80.68,0.1206,399,608,0.6562,-1.0606,3803,6.2549,33,10,13,6,27,4.5,0,0.0543,0.0164,0.0378,0.4798,94.0721,6.2721,206.344,52.5,-0.0236,0.0631,-0.0368,0.0197,-0.1248,0.0947,0.0198,6.949,-1.4868,12,3,0,4,6,0.6667,0.0033,2.202
Eli Manning,2014,16,1.24803,0.248274,4.92607,48.9492,0.0732,379,600,0.6317,0.8332,4410,7.35,30,14,28,6,38,6.3333,1,0.05,0.0233,0.0267,0.4589,92.2917,6.6768,177.887,61.0,-0.0058,0.0129,-0.0258,0.0032,0.0685,-0.0238,-0.0131,8.255,-0.37,6,10,0,1,8,0.125,0.0034,2.2868
Patrick Mahomes,2025,14,1.24726,-0.561614,-1.18939,113.246,0.18,315,500,0.63,0.3364,3587,7.174,22,11,34,56,429,7.6607,5,0.044,0.022,0.022,0.4992,89.975,6.2528,213.872,68.8,0.0202,0.0417,0.0029,0.0029,-0.0185,0.0625,0.0002,8.1,-0.606,6,8,0,1,9,0.1111,0.0039,2.446
Derek Carr,2023,17,1.2288,0.547186,0.45249,30.5481,0.0499,375,548,0.6843,3.0328,3878,7.0766,25,8,31,14,61,4.3571,0,0.0456,0.0146,0.031,0.4673,97.719,6.563,162.137,56.5,-0.0372,0.0139,-0.0282,0.0174,0.0052,0.0551,-0.0033,7.8102,-0.8887,9,8,0,0,3,0.0,0.0012,0.7058
Sam Bradford,2017,2,1.18362,-1.25941,-0.480254,13.1187,0.2624,32,43,0.7442,10.8658,382,8.8837,3,0,5,0,0,,0,0.0698,0.0,0.0698,0.42,124.37,8.375,136.732,75.1,-0.0232,-0.0264,0.0308,0.0907,0.1391,0.0371,-0.0222,8.3488,0.2093,2,0,0,0,0,,0.0047,0.2359
Colin Kaepernick,2012,7,1.16312,0.454528,2.56885,61.971,0.2087,136,218,0.6239,4.4803,1814,8.3211,10,3,16,51,424,8.3137,5,0.0459,0.0138,0.0321,0.4815,98.2989,7.5513,221.285,73.7,0.039,0.0182,0.0392,0.0603,0.0186,-0.0127,-0.0199,9.8165,0.711,9,3,1,0,1,0.0,0.0059,1.7521
Lamar Jackson,2022,12,1.15255,-0.799407,0.486321,53.8169,0.1147,203,325,0.6246,-0.6174,2242,6.8985,17,7,26,98,776,7.9184,3,0.0523,0.0215,0.0308,0.4947,91.3397,6.1339,207.807,61.1,0.0689,0.026,0.0228,0.0217,0.0074,-0.0645,-0.0118,8.4738,-0.7723,8,4,0,1,4,0.25,0.0038,1.7736
Kirk Cousins,2019,15,1.14394,-1.13992,0.270579,98.1704,0.1884,307,444,0.6914,4.3801,3603,8.1149,26,6,28,18,71,3.9444,1,0.0586,0.0135,0.045,0.4837,107.404,7.7267,191.571,60.4,-0.0122,-0.0026,0.0217,0.0293,-0.0123,0.0889,0.0107,7.6374,-1.3221,10,5,0,1,5,0.2,0.0048,2.477
Ryan Tannehill,2019,10,1.13807,0.0848145,2.93359,77.1941,0.215,201,283,0.7102,7.7397,2742,9.689,22,6,31,25,201,8.04,4,0.0777,0.0212,0.0565,0.5515,118.721,8.5987,222.44,64.2,0.0338,-0.0638,0.0596,-0.0194,0.1298,0.0307,-0.0206,9.6784,0.6042,7,4,0,2,4,0.5,0.0052,1.8627
Kirk Cousins,2022,17,1.13453,0.193743,-0.670137,43.2601,0.0581,424,640,0.6625,1.3007,4547,7.1047,29,14,46,19,110,5.7895,2,0.0453,0.0219,0.0234,0.4919,92.8841,6.0758,165.991,52.3,-0.0232,-0.0133,0.0,-0.0133,0.0423,0.0137,0.0076,7.5328,-1.1406,13,4,0,8,8,1.0,0.0045,3.3187
Brock Purdy,2024,15,1.134,0.541962,0.348538,114.2,0.2014,300,450,0.6667,2.0626,3864,8.5867,20,12,31,59,328,5.5593,5,0.0444,0.0267,0.0178,0.5185,97.1204,7.4179,199.691,64.8,0.0136,0.0203,0.004,-0.0193,0.1364,-0.0236,-0.0068,8.6778,-0.2667,6,9,0,1,7,0.1429,0.0039,2.213
Carson Palmer,2011,9,1.12312,0.82366,0.528237,36.3047,0.0997,193,311,0.6206,2.7707,2689,8.6463,13,14,17,13,21,1.6154,1,0.0418,0.045,-0.0032,0.4918,85.0013,6.7073,136.911,53.5,-0.0151,0.0239,0.0163,-0.0505,0.1091,-0.0156,-0.0151,10.4244,1.1576,4,6,0,0,2,0.0,0.0036,1.3192
Derek Carr,2016,15,1.11835,0.429583,1.9208,95.2261,0.149,357,558,0.6398,-0.0306,3937,7.0556,28,6,16,21,98,4.6667,0,0.0502,0.0108,0.0394,0.4585,97.043,7.2265,215.866,56.1,-0.0156,0.0496,-0.0313,0.0434,0.0041,0.0119,0.011,7.7832,-1.2778,12,3,0,7,9,0.7778,0.0069,4.3784
Justin Herbert,2024,17,1.10385,0.824471,0.817197,97.2438,0.1553,332,501,0.6627,1.9456,3870,7.7246,23,3,41,46,341,7.413,2,0.0459,0.006,0.0399,0.4728,102.3,7.2897,179.9,61.7,-0.0053,0.0056,-0.0065,0.0576,0.052,-0.0312,0.0062,8.6547,-0.521,11,6,0,1,5,0.2,0.0042,2.6382
Matthew Stafford,2023,15,1.09955,-0.364702,0.382463,64.6365,0.1085,326,518,0.6293,-2.5568,3965,7.6544,24,11,30,16,75,4.6875,0,0.0463,0.0212,0.0251,0.4648,93.018,6.8339,170.781,63.5,-0.014,0.0315,-0.0229,-0.0033,0.0595,0.034,-0.0033,7.7857,-0.7876,9,6,0,1,6,0.1667,0.0034,2.0287
Jared Goff,2019,16,1.09019,0.407412,1.05688,64.8204,0.0914,394,625,0.6304,-1.7886,4638,7.4208,22,16,22,18,53,2.9444,2,0.0352,0.0256,0.0096,0.4654,86.6033,6.473,170.531,50.6,-0.0165,0.0316,-0.0063,-0.0199,0.021,0.0393,-0.0227,7.7456,-1.2208,9,7,0,1,5,0.2,0.0024,1.7293
Kirk Cousins,2020,16,1.08924,0.456846,1.67258,110.287,0.1811,349,513,0.6803,4.5845,4265,8.3138,35,13,39,23,164,7.1304,1,0.0682,0.0253,0.0429,0.5255,105.6,7.471,180.581,55.8,-0.0038,-0.0274,0.0252,-0.0075,0.0474,0.0444,-0.0059,7.9981,-0.846,7,9,0,1,5,0.2,0.0046,2.8039
Justin Herbert,2020,15,1.07187,0.522597,3.55819,113.438,0.1623,396,591,0.6701,0.0118,4336,7.3367,31,10,32,43,242,5.6279,5,0.0525,0.0169,0.0355,0.485,98.9248,6.8828,230.898,62.6,-0.0105,0.0193,-0.0137,0.028,-0.0597,0.0896,0.0006,7.3909,-1.3993,6,9,0,0,5,0.0,0.0061,4.2894
Russell Wilson,2020,16,1.0684,-0.184484,0.252539,119.522,0.1712,384,557,0.6894,6.846,4212,7.5619,40,13,47,62,530,8.5484,2,0.0718,0.0233,0.0485,0.5143,105.255,6.8311,234.63,67.1,0.0022,-0.0178,0.0367,-0.0183,0.046,0.0037,0.0101,8.6338,0.0539,12,4,0,3,4,0.75,0.0051,3.5259
Geno Smith,2023,15,1.06644,0.120721,0.32887,53.4687,0.0908,323,495,0.6525,2.4441,3624,7.3212,20,9,31,27,164,6.0741,1,0.0404,0.0182,0.0222,0.489,92.8577,6.4411,170.586,59.5,-0.0146,0.0191,-0.0092,0.0285,0.0156,0.0206,0.0037,7.0707,-1.7535,8,7,0,4,8,0.5,0.0048,2.8276
Matt Ryan,2013,16,1.06462,-0.580818,-1.67889,52.0376,0.07,439,650,0.6754,2.8341,4515,6.9462,26,17,44,8,71,8.875,0,0.04,0.0262,0.0138,0.4791,89.7436,5.7233,172.029,67.5,-0.0074,-0.0055,0.0221,0.011,-0.0442,0.0191,0.0152,6.8292,-1.9785,4,12,0,1,10,0.1,0.0002,0.1647
Dak Prescott,2022,12,1.06045,-0.959242,-1.04355,72.2588,0.1534,261,394,0.6624,0.0204,2860,7.2589,23,15,20,35,191,5.4571,1,0.0584,0.0381,0.0203,0.5244,91.1273,6.0845,167.75,59.9,-0.0042,0.0349,0.0129,-0.0749,0.0767,0.0339,0.0297,8.1802,-0.5685,8,4,0,2,3,0.6667,0.0041,1.9228
Joe Flacco,2015,10,1.05495,-0.234384,0.200715,2.4765,0.0054,266,409,0.6504,-0.1941,2791,6.824,14,12,16,9,24,2.6667,3,0.0342,0.0293,0.0049,0.4706,83.8987,5.6635,170.71,50.8,-0.0167,0.021,0.0206,-0.0296,-0.1331,0.0947,-0.0181,7.4303,-1.5183,3,7,0,3,10,0.3,-0.0005,-0.2341
Tua Tagovailoa,2022,13,1.05123,-0.460483,1.32646,107.812,0.2375,259,399,0.6491,1.4326,3548,8.8922,25,8,21,12,77,6.4167,0,0.0627,0.0201,0.0426,0.5,105.759,8.3929,206.447,70.6,-0.0214,0.0119,-0.0252,0.0099,0.2377,-0.0284,0.0087,9.6065,0.6717,8,5,0,2,5,0.4,0.0059,2.6896
Matt Ryan,2019,15,1.0441,-0.519564,-2.03778,52.1898,0.0716,408,615,0.6634,1.8014,4466,7.2618,26,14,48,25,156,6.24,1,0.0423,0.0228,0.0195,0.4774,92.2324,6.0935,182.123,59.6,-0.0022,-0.0251,0.0147,-0.0072,0.0446,-0.021,0.0027,8.213,-1.2211,7,8,0,3,5,0.6,0.0028,2.042
Jalen Hurts,2025,16,1.0394,-0.493585,-0.618635,66.2482,0.1093,294,452,0.6504,3.1833,3224,7.1327,25,6,32,92,436,4.7391,8,0.0553,0.0133,0.042,0.4587,98.9122,6.7624,197.283,55.9,0.0139,0.0195,0.0327,0.0226,0.0325,-0.077,-0.0031,9.0088,0.1814,11,5,0,1,3,0.3333,0.0017,1.0336
Eli Manning,2015,16,1.02565,-0.000125732,0.223562,69.2882,0.0991,387,617,0.6272,-1.2532,4432,7.1831,35,14,27,8,70,8.75,0,0.0567,0.0227,0.034,0.4678,93.7365,6.7469,187.833,57.9,-0.0177,0.0169,-0.0181,-0.0089,0.0213,0.0304,0.0082,7.5656,-0.7585,6,10,0,1,8,0.125,0.0041,2.8819
Ryan Fitzpatrick,2019,13,1.01989,0.850025,0.72706,34.2833,0.0556,311,499,0.6232,-0.5458,3529,7.0721,20,13,40,42,263,6.2619,4,0.0401,0.0261,0.014,0.483,85.9928,5.8163,147.926,68.3,-0.0053,0.0038,0.0087,-0.0122,0.0895,-0.1043,0.0103,9.0441,-0.008,5,10,0,3,6,0.5,0.0042,2.5649
Eli Manning,2009,16,1.01559,-0.649953,1.86116,104.545,0.1815,317,507,0.6252,2.2707,4021,7.931,27,14,30,9,72,8.0,0,0.0533,0.0276,0.0256,0.4809,93.4788,6.9181,154.977,71.7,-0.005,-0.0061,0.0191,0.0182,0.1071,0.0066,0.0081,8.9229,-0.168,8,8,0,1,4,0.25,0.0045,2.5913
Ryan Fitzpatrick,2015,16,1.01257,-0.932672,1.31702,85.0914,0.1313,335,562,0.5961,-1.5266,3905,6.9484,31,15,19,44,276,6.2727,2,0.0552,0.0267,0.0285,0.4552,87.9745,6.4647,180.999,62.0,0.0168,0.0432,-0.0182,0.0224,0.0422,-0.0321,-0.0098,9.2046,0.3132,10,6,0,2,6,0.3333,0.0034,2.2275
Eli Manning,2010,16,1.0116,-0.0511194,0.314153,49.7517,0.0832,339,538,0.6301,2.5469,4002,7.4387,31,25,16,12,87,7.25,0,0.0576,0.0465,0.0112,0.4783,85.4322,6.1011,146.182,57.7,-0.0092,0.0325,0.0081,-0.0549,0.0754,-0.0183,0.0038,9.277,0.3123,10,6,0,1,2,0.5,0.0022,1.3155
Case Keenum,2017,14,1.00167,-0.0344934,2.51515,94.5577,0.1662,325,481,0.6757,3.5839,3547,7.3742,22,7,22,22,180,8.1818,1,0.0457,0.0146,0.0312,0.4903,98.2978,7.0298,196.354,73.3,0.0021,0.0319,0.004,0.0355,-0.0555,0.0895,0.0223,7.5696,-1.3721,12,3,0,1,3,0.3333,0.0051,2.9258
Jayden Daniels,2024,17,0.96785,-0.928609,2.76965,139.018,0.2003,331,478,0.6925,3.5468,3568,7.4644,25,9,47,136,902,6.6324,6,0.0523,0.0188,0.0335,0.4957,100.479,6.5238,224.88,67.7,0.0663,0.0121,0.0489,0.0259,0.0091,-0.0411,0.0022,7.4247,-1.5649,12,5,0,3,6,0.5,0.0056,3.8758
Andy Dalton,2015,13,0.95619,-0.884323,1.84557,132.687,0.2788,255,386,0.6606,3.9546,3250,8.4197,25,7,20,41,154,3.7561,3,0.0648,0.0181,0.0466,0.5273,106.25,8.17,211.133,72.5,-0.0047,0.0173,0.0366,0.04,0.0852,0.028,0.0094,8.9637,-0.2202,10,3,0,3,5,0.6,0.0059,2.8296
C.J. Stroud,2023,15,0.95137,0.36929,2.01374,68.1095,0.1152,319,493,0.6471,0.2103,4108,8.3327,23,5,38,33,161,4.8788,3,0.0467,0.0101,0.0365,0.4721,102.049,7.5556,198.748,57.5,-0.0058,-0.0099,-0.0326,0.0464,0.1488,-0.0367,-0.022,9.0953,0.288,9,6,0,1,3,0.3333,0.0051,3.0293
Justin Herbert,2023,13,0.950077,-1.00949,-0.292344,28.7222,0.0516,297,456,0.6513,-0.3111,3134,6.8728,20,7,29,41,244,5.9512,3,0.0439,0.0154,0.0285,0.4686,93.22,6.1567,192.324,64.1,-0.0063,0.0173,-0.0295,0.0437,-0.0179,0.0253,-0.0082,7.6535,-0.9956,5,8,0,1,8,0.125,0.0034,1.8743
Carson Wentz,2018,11,0.944189,0.138375,0.0105194,51.9284,0.1086,279,399,0.6992,5.0962,3074,7.7043,21,7,31,25,101,4.04,0,0.0526,0.0175,0.0351,0.5042,102.689,6.9233,197.667,62.0,-0.0215,-0.0349,0.0079,0.0215,0.0111,0.0416,0.0055,7.8195,-1.0551,5,6,0,2,7,0.2857,0.0032,1.5179
Aaron Rodgers,2018,16,0.920129,-0.943688,-0.738779,89.1934,0.1237,372,595,0.6252,-0.5936,4442,7.4655,25,2,49,38,274,7.2105,2,0.042,0.0034,0.0387,0.4771,97.8957,6.986,201.748,58.0,0.0092,-0.0145,-0.0272,0.075,0.0189,-0.014,-0.0015,8.8084,-0.1513,6,9,1,3,8,0.375,0.0038,2.7144
Alex Smith,2016,15,0.903783,0.582108,0.610493,58.7327,0.1036,328,488,0.6721,1.95,3502,7.1762,15,8,28,30,150,5.0,5,0.0307,0.0164,0.0143,0.4727,91.4105,6.3992,169.837,60.8,0.0058,0.0166,0.0167,-0.0033,-0.0948,0.1,-0.0133,6.7541,-1.9611,11,4,0,3,4,0.75,0.0036,2.0394
Ryan Tannehill,2014,16,0.899618,-0.659312,2.09596,56.3879,0.0789,392,589,0.6655,2.2295,4045,6.8676,27,12,46,41,324,7.9024,1,0.0458,0.0204,0.0255,0.5105,92.9506,5.8394,175.233,60.5,-0.0043,-0.0014,0.0247,0.0086,-0.0121,-0.0077,0.014,7.6367,-1.4295,8,8,0,2,8,0.25,0.0021,1.4927
Ben Roethlisberger,2011,15,0.889245,-0.206459,-0.693328,77.818,0.1301,324,511,0.6341,2.9447,4077,7.9785,21,14,40,17,81,4.7647,0,0.0411,0.0274,0.0137,0.4749,90.4477,6.5299,136.406,68.3,-0.0108,-0.0214,0.0255,0.0113,0.0752,0.0085,-0.0051,9.3796,0.4129,11,4,0,1,3,0.3333,0.0036,2.1396
Russell Wilson,2019,16,0.864241,0.344619,-0.0843011,77.9095,0.1173,341,513,0.6647,6.9756,4110,8.0117,31,5,48,57,357,6.2632,3,0.0604,0.0097,0.0507,0.494,106.94,7.4617,204.706,71.5,0.0048,-0.0127,0.0262,0.0396,0.075,-0.0696,-0.0111,9.4152,0.2261,11,5,0,4,6,0.6667,0.005,3.3075
Blake Bortles,2017,16,0.855864,-1.14908,0.638121,68.8608,0.1111,315,522,0.6034,-2.8849,3687,7.0632,21,13,24,44,333,7.5682,2,0.0402,0.0249,0.0153,0.4758,84.834,6.2253,166.598,59.3,0.0173,0.0312,-0.0228,0.0015,-0.0237,0.0671,0.0042,7.7816,-0.9598,10,6,0,1,5,0.2,-0.0006,-0.3958
Geno Smith,2022,17,0.8433,-0.243757,1.40099,42.489,0.0598,399,571,0.6988,5.6222,4282,7.4991,30,11,46,54,374,6.9259,1,0.0525,0.0193,0.0333,0.5007,101.047,6.5462,191.32,62.8,-0.0049,-0.0073,0.0372,0.002,0.0421,-0.0625,0.0089,7.5632,-1.5193,9,8,0,2,5,0.4,0.0016,1.1123
Matthew Stafford,2016,16,0.840474,0.145737,0.0662451,120.662,0.1724,388,591,0.6565,0.1185,4327,7.3215,24,10,37,29,216,7.4483,2,0.0406,0.0169,0.0237,0.5057,93.7853,6.5939,195.78,65.2,0.0202,0.0038,0.0233,0.0177,-0.0434,0.0636,0.0113,7.4805,-1.2724,9,7,0,8,12,0.6667,0.0064,4.46
Shaun Hill,2010,10,0.818417,0.299351,2.36624,18.8664,0.0407,257,413,0.6223,-2.0362,2686,6.5036,16,12,17,19,121,6.3684,0,0.0387,0.0291,0.0097,0.4579,81.8452,5.4721,167.896,53.2,0.0068,0.0357,0.007,-0.029,-0.0742,0.0712,-0.0226,7.2446,-1.4479,3,8,0,1,6,0.1667,-0.0016,-0.7325
Philip Rivers,2015,16,0.807375,-0.214479,1.06272,52.2069,0.0685,437,660,0.6621,2.7373,4792,7.2606,29,13,40,10,36,3.6,0,0.0439,0.0197,0.0242,0.4777,93.952,6.4614,195.815,57.3,-0.02,0.0048,0.0111,0.0022,-0.0785,0.0959,-0.0137,7.214,-1.9848,4,12,0,1,9,0.1111,0.0004,0.3326
Jayden Daniels,2025,6,0.807206,-0.277349,-0.5866,12.3702,0.0447,114,186,0.6129,-2.7291,1262,6.7849,8,3,18,52,283,5.4423,2,0.043,0.0161,0.0269,0.4693,89.0457,5.9216,169.989,,0.0029,0.0052,-0.0342,0.0232,0.007,-0.0378,0.01,7.4731,-1.2473,2,5,0,0,0,,0.0024,0.6688
Kyler Murray,2025,5,0.79918,0.0366272,-0.835747,23.545,0.107,110,161,0.6832,-0.5288,962,5.9752,6,3,16,27,175,6.4815,1,0.0373,0.0186,0.0186,0.45,88.574,4.7232,151.272,,0.0082,0.0026,0.0482,0.0371,-0.0953,0.018,0.02,5.8447,-3.0683,2,3,0,0,2,0.0,0.0042,0.9272
Carson Palmer,2010,16,0.785563,0.371542,1.60074,37.4793,0.0573,359,580,0.619,0.7752,3936,6.7862,26,20,26,17,61,3.5882,0,0.0448,0.0345,0.0103,0.4939,82.5144,5.5363,136.697,55.1,-0.0182,0.039,-0.0062,-0.0301,0.029,-0.0105,0.0084,8.4328,-0.2603,4,12,0,1,11,0.0909,-0.0021,-1.3795
Ryan Fitzpatrick,2021,1,0.779169,-0.769579,-0.769579,-3.2262,-0.3585,3,6,0.5,-17.9195,13,2.1667,0,0,1,1,2,2.0,0,0.0,0.0,0.0,0.2222,56.25,1.5714,-1.9282,,-0.1586,-0.0356,-0.0663,0.0861,-0.1854,-0.2918,0.2274,1.5,-7.5,0,1,0,0,0,,-0.0046,-0.0418
Cam Newton,2013,16,0.77684,-0.025528,-0.789386,86.3266,0.1359,292,470,0.6213,0.8516,3379,7.1894,24,13,43,98,600,6.1224,6,0.0511,0.0277,0.0234,0.4724,89.3085,5.7271,154.508,64.3,0.0542,-0.0134,0.0422,0.0193,-0.0028,-0.0207,-0.0026,9.017,-0.3723,12,4,0,4,7,0.5714,0.0033,2.1082
Kevin Kolb,2009,2,0.762714,1.07027,1.34572,-0.8986,-0.0086,62,96,0.6458,1.5924,741,7.7188,4,3,4,2,6,3.0,1,0.0417,0.0312,0.0104,0.4615,88.9323,6.53,268.69,62.2,-0.0044,-0.0151,-0.0233,-0.0422,0.0195,0.0293,-0.006,7.1562,-1.0521,2,1,0,0,0,,0.0016,0.1714
Nick Foles,2014,8,0.753933,-0.60429,-0.252866,4.4862,0.0126,186,310,0.6,-2.0155,2163,6.9774,13,10,9,13,71,5.4615,0,0.0419,0.0323,0.0097,0.4342,81.6935,5.953,158.596,63.6,-0.017,0.0415,-0.0215,-0.0224,0.0228,-0.0511,0.0032,9.6742,0.4258,6,2,0,2,4,0.5,0.0014,0.5037
Joe Flacco,2014,16,0.745363,0.504791,3.06253,100.041,0.1578,344,548,0.6277,-0.7294,3986,7.2737,27,12,19,24,85,3.5417,2,0.0493,0.0219,0.0274,0.4968,92.0012,6.7354,176.577,68.6,0.0018,0.0399,0.0035,0.0076,0.0461,-0.0265,0.0284,8.4361,-0.6533,10,6,0,2,6,0.3333,0.0028,1.7882
Caleb Williams,2025,17,0.736483,-0.114126,1.98755,70.8952,0.103,330,566,0.583,-3.5054,3942,6.9647,27,7,24,61,395,6.4754,3,0.0477,0.0124,0.0353,0.4535,90.4373,6.7831,194.807,58.3,-0.0011,0.0439,-0.0487,0.0359,0.0209,-0.0031,-0.0132,8.6572,-0.3357,11,6,0,5,10,0.5,0.004,2.7285
Ryan Fitzpatrick,2020,7,0.706967,-0.408351,0.459133,77.823,0.2447,183,266,0.688,3.4095,2091,7.8609,13,8,14,24,156,6.5,2,0.0489,0.0301,0.0188,0.5597,95.9273,6.8786,205.152,70.9,0.0127,0.0374,0.0181,-0.0166,0.0575,-0.0013,0.0284,7.8195,-0.7068,5,4,0,1,4,0.25,0.0069,2.194
Matthew Stafford,2021,17,0.692777,-0.506992,0.285616,133.127,0.1978,404,601,0.6722,-0.1168,4886,8.1298,41,17,30,15,59,3.9333,0,0.0682,0.0283,0.0399,0.5082,102.929,7.4453,200.33,69.2,-0.0207,0.0123,-0.0135,-0.0178,0.1385,0.0356,-0.0022,8.4759,0.1115,12,5,0,3,3,1.0,0.0052,3.5134
Russell Wilson,2013,16,0.692286,-0.499251,-1.29644,91.4207,0.1633,257,405,0.6346,5.7166,3357,8.2889,26,9,44,79,557,7.0506,1,0.0642,0.0222,0.042,0.4839,101.641,7.1269,157.329,67.2,0.0095,-0.0347,0.0309,0.0568,0.0608,-0.0154,-0.0043,9.5753,0.4864,13,3,0,3,6,0.5,0.0035,1.9382
Aaron Rodgers,2019,16,0.674601,-0.362907,-0.845842,82.1848,0.1214,353,568,0.6215,0.6599,4002,7.0458,26,4,36,27,202,7.4815,1,0.0458,0.007,0.0387,0.4549,95.5546,6.7185,186.004,52.5,0.003,0.0028,-0.0299,0.0567,-0.0215,0.0331,0.0121,8.8134,0.0123,13,3,0,2,3,0.6667,0.0041,2.7722
Kirk Cousins,2017,16,0.674262,-1.09287,-1.97958,31.8093,0.0502,347,540,0.6426,0.8388,4093,7.5796,27,13,41,33,189,5.7273,4,0.05,0.0241,0.0259,0.4637,93.8503,6.3787,177.13,56.2,0.0038,-0.0233,-0.0094,-0.0051,-0.0202,0.0624,0.0056,7.705,-1.1132,7,9,0,1,5,0.2,0.0033,2.0849
Dak Prescott,2016,16,0.664713,-0.680743,4.92308,139.029,0.2519,311,457,0.6805,4.2491,3667,8.0241,23,4,25,43,302,7.0233,6,0.0503,0.0088,0.0416,0.5308,105.356,7.8921,218.068,77.6,0.034,0.0034,0.0411,0.0552,0.0719,-0.0168,-0.0128,8.1904,-0.9037,13,3,0,5,7,0.7143,0.006,3.3394
Alex Smith,2013,15,0.656869,-0.791281,0.937002,45.1971,0.0707,308,504,0.6111,-2.5042,3313,6.5734,23,7,39,60,440,7.3333,1,0.0456,0.0139,0.0317,0.4507,89.8231,5.9816,147.001,45.0,0.0189,0.0006,0.0141,0.0544,-0.1083,0.0426,-0.0113,6.6706,-2.369,11,4,0,1,3,0.3333,0.0009,0.5551
Matt Ryan,2015,16,0.655451,0.132056,-1.10893,90.3564,0.1283,407,614,0.6629,0.1643,4591,7.4772,21,16,30,16,78,4.875,0,0.0342,0.0261,0.0081,0.5156,89.0201,6.3432,165.49,64.1,-0.0094,0.0101,0.0119,-0.0102,0.0876,-0.0319,0.0034,7.7215,-1.1775,8,8,0,4,8,0.5,0.0033,2.2967
Derek Carr,2024,10,0.632451,-0.13938,0.611467,43.6033,0.1375,189,279,0.6774,3.2764,2145,7.6882,15,5,8,14,73,5.2143,1,0.0538,0.0179,0.0358,0.4353,101.023,7.5679,195.732,60.2,-0.0338,0.0719,-0.0183,0.0131,-0.0312,0.0786,-0.0197,7.8065,-1.2294,5,5,0,0,4,0.0,0.0031,0.9906
Jared Goff,2018,16,0.619775,0.312635,1.21947,127.275,0.1952,364,559,0.6512,1.5231,4688,8.3864,32,12,33,25,123,4.92,2,0.0572,0.0215,0.0358,0.5123,101.427,7.7111,210.781,63.6,-0.0208,-0.0026,-0.0028,0.0224,0.0939,0.0291,-0.0015,8.703,-0.0161,13,3,0,4,6,0.6667,0.006,3.9229
Nick Foles,2018,5,0.615118,0.0902588,1.07487,26.7923,0.1196,141,193,0.7306,5.7201,1413,7.3212,7,4,9,8,18,2.25,0,0.0363,0.0207,0.0155,0.4732,96.9236,6.5644,208.432,65.4,0.0109,0.017,0.0701,-0.0155,-0.0603,0.0366,-0.0168,6.8446,-2.3109,4,1,0,2,3,0.6667,0.0042,0.94
Jordan Love,2024,15,0.614316,-0.312618,-0.717595,87.3076,0.1811,268,425,0.6306,0.6199,3389,7.9741,25,11,14,15,90,6.0,1,0.0588,0.0259,0.0329,0.4917,96.6814,7.5148,181.743,66.3,-0.0077,0.0625,-0.0391,-0.0353,0.0402,0.0534,0.0302,8.84,0.08,9,6,0,2,4,0.5,0.0039,1.8828
Deshaun Watson,2022,6,0.59136,-0.462905,-2.71819,-19.8548,-0.0871,99,168,0.5893,-3.3267,1102,6.5595,7,5,20,26,178,6.8462,1,0.0417,0.0298,0.0119,0.4211,80.0099,4.8457,85.3434,,0.0264,-0.0131,-0.0362,-0.024,0.0034,-0.057,-0.0309,7.2321,-1.7083,3,3,0,0,1,0.0,-0.0033,-0.7506
Jared Goff,2017,15,0.59124,0.612569,5.29225,90.447,0.1672,296,475,0.6232,-0.9075,3804,8.0084,28,7,25,14,65,4.6429,1,0.0589,0.0147,0.0442,0.4621,100.89,7.754,193.619,56.3,-0.0308,0.0171,-0.0012,0.0321,0.0066,0.102,0.005,7.9368,-0.9621,11,4,0,1,5,0.2,0.0021,1.1533
Tim Tebow,2010,3,0.584209,0.232516,1.06556,28.7613,0.223,41,81,0.5062,-5.3339,654,8.0741,5,3,6,38,231,6.0789,6,0.0617,0.037,0.0247,0.4496,83.0504,6.8161,202.245,56.0,0.0939,0.0433,0.0176,0.0146,0.0521,-0.0575,0.013,12.4321,3.3827,2,5,0,1,3,0.3333,0.0042,0.5471
Andrew Luck,2015,7,0.571706,0.547394,-0.252456,-3.5996,-0.0103,162,291,0.5567,-4.2354,1881,6.4639,15,12,15,26,202,7.7692,0,0.0515,0.0412,0.0103,0.4143,75.4081,5.0752,151.288,52.4,0.0113,0.0281,-0.023,-0.0551,0.0869,-0.0883,-0.037,9.7045,0.6667,2,5,0,1,2,0.5,-0.0001,-0.0275
Kyle Orton,2009,15,0.570381,-0.0288553,1.78828,41.8131,0.0681,336,540,0.6222,-1.1252,3802,7.0407,21,12,29,19,76,4.0,0,0.0389,0.0222,0.0167,0.4446,86.9753,6.1916,142.125,56.9,-0.0063,0.0238,-0.0082,0.0241,-0.061,0.0529,0.0092,7.0612,-1.8126,8,8,0,3,7,0.4286,0.0024,1.4991
David Garrard,2010,14,0.561284,-0.092962,0.699076,39.7197,0.084,236,365,0.6466,4.417,2734,7.4904,23,15,32,55,278,5.0545,5,0.063,0.0411,0.0219,0.4778,91.0559,5.7128,127.876,63.1,0.0298,-0.0244,0.0556,-0.0241,-0.0043,0.0229,-0.0175,8.6082,-0.9342,8,6,0,1,3,0.3333,0.0039,1.8609
Jimmy Garoppolo,2017,5,0.56075,0.151069,1.64363,67.0828,0.3405,120,176,0.6818,6.0059,1560,8.8636,7,5,8,7,18,2.5714,1,0.0398,0.0284,0.0114,0.5482,97.2538,7.7065,213.469,83.0,-0.0094,0.0363,0.035,-0.0112,0.2043,0.0398,0.0095,8.9318,0.1364,5,1,0,2,2,1.0,0.0104,2.0567
Tony Romo,2013,15,0.552313,-0.152759,-0.914282,53.6969,0.0882,342,534,0.6404,0.1702,3828,7.1685,31,10,35,9,44,4.8889,0,0.0581,0.0187,0.0393,0.4778,96.8711,6.5483,161.944,61.9,-0.0131,0.0078,-0.0043,0.0297,0.009,0.0024,-0.003,7.9551,-0.9419,8,7,0,2,7,0.2857,0.0009,0.5597
Cam Newton,2014,14,0.537913,0.215983,0.323609,32.6263,0.0536,262,446,0.5874,-3.0232,3127,7.0112,18,12,38,93,538,5.7849,5,0.0404,0.0269,0.0135,0.486,82.4925,5.469,143.777,56.2,0.0507,-0.0163,0.0013,0.0015,0.0744,-0.1085,-0.0065,9.9126,0.8049,5,8,1,2,5,0.4,0.0021,1.307
Jalen Hurts,2021,15,0.531671,-0.0972089,1.82041,65.8818,0.1084,265,430,0.6163,0.1154,3144,7.3116,16,9,26,124,795,6.4113,10,0.0372,0.0209,0.0163,0.4737,87.5872,6.3794,191.548,54.6,0.0681,0.0223,0.0049,0.0231,0.0446,-0.0966,-0.0238,9.0279,0.0465,8,7,0,2,4,0.5,0.0016,0.9998
Jordan Love,2025,15,0.50976,-0.467632,0.450242,150.346,0.2897,291,438,0.6644,5.533,3381,7.7192,23,6,21,32,211,6.5938,0,0.0525,0.0137,0.0388,0.5164,101.408,7.4118,196.858,73.1,0.013,0.0346,0.0023,0.0283,0.091,0.0377,0.0144,8.8379,0.032,9,5,1,2,6,0.3333,0.0108,5.6158
Kirk Cousins,2018,16,0.507706,-0.46571,0.820607,-3.254,-0.0046,425,603,0.7048,2.6106,4298,7.1277,30,10,40,29,129,4.4483,1,0.0498,0.0166,0.0332,0.4843,100.19,6.5101,207.729,59.5,-0.0224,-0.0196,-0.0089,0.0125,-0.0384,-0.0053,0.0002,7.2902,-1.3367,8,7,1,0,5,0.0,0.0021,1.445
Russell Wilson,2021,14,0.493527,0.283179,-0.91778,30.0368,0.0611,259,400,0.6475,3.1963,3113,7.7825,25,6,33,35,188,5.3714,2,0.0625,0.015,0.0475,0.4573,103.052,7.1062,153.535,60.6,-0.0057,-0.0219,-0.0121,0.0363,0.0119,-0.0197,0.0066,9.8875,1.065,6,8,0,0,3,0.0,0.0011,0.5564
Aaron Rodgers,2025,16,0.492612,0.282946,-1.17875,23.7927,0.042,327,496,0.6593,0.0417,3322,6.6976,24,7,29,12,68,5.6667,1,0.0484,0.0141,0.0343,0.4364,95.1781,6.299,165.321,44.1,-0.0253,0.0133,-0.0178,0.0311,-0.158,0.1408,-0.0105,6.0685,-2.9798,10,6,0,2,5,0.4,0.0013,0.7148
Mitchell Trubisky,2018,14,0.492571,0.0803522,2.64113,109.133,0.1981,289,433,0.6674,1.9969,3223,7.4434,24,12,24,56,433,7.7321,3,0.0554,0.0277,0.0277,0.5154,95.6457,6.6083,208.955,,0.0438,0.0326,0.0317,-0.0071,-0.0025,-0.0055,0.0275,8.9122,0.2102,11,3,0,1,3,0.3333,0.0045,2.4697
Derek Carr,2020,16,0.463156,-0.21261,0.120314,91.3514,0.151,348,513,0.6784,2.5728,4103,7.9981,27,9,26,29,150,5.1724,3,0.0526,0.0175,0.0351,0.5174,102.173,7.5844,204.956,64.3,0.0039,-0.0201,-0.0043,-0.0056,0.0001,0.0464,0.022,8.154,-0.0643,8,8,0,3,7,0.4286,0.0083,5.0142
Joe Flacco,2023,5,0.462448,0.549545,0.98197,-12.7021,-0.0562,123,204,0.6029,-2.8756,1616,7.9216,13,8,8,4,6,1.5,0,0.0637,0.0392,0.0245,0.4292,90.2369,6.8821,200.086,54.9,-0.0155,0.0393,-0.0485,-0.1143,0.0938,-0.0013,-0.0367,9.3627,0.4461,4,1,0,1,2,0.5,0.0002,0.0477
Alex Smith,2015,16,0.455409,-0.0989648,1.03188,48.9411,0.0788,307,470,0.6532,-0.218,3486,7.417,20,7,45,71,510,7.1831,2,0.0426,0.0149,0.0277,0.4605,95.3989,6.4777,161.742,61.1,0.032,-0.0097,0.0525,0.0326,-0.1158,0.0306,-0.0102,6.7511,-2.3447,11,5,0,1,4,0.25,0.0028,1.7584
Jason Campbell,2009,16,0.433741,0.653844,0.456092,21.7175,0.0361,327,505,0.6475,1.4414,3618,7.1644,20,15,42,32,248,7.75,1,0.0396,0.0297,0.0099,0.4642,86.7203,5.6088,117.624,55.2,0.0237,-0.0297,0.0409,0.004,-0.1391,0.1084,-0.0057,6.5683,-2.2475,4,12,0,1,6,0.1667,-0.0008,-0.5031
Carson Palmer,2014,6,0.425745,-0.450427,0.738515,39.7075,0.1563,141,224,0.6295,0.3295,1626,7.2589,11,3,9,5,28,5.6,0,0.0491,0.0134,0.0357,0.4449,95.5729,7.0901,180.778,56.8,-0.021,0.0246,-0.0063,0.0191,0.03,0.041,0.0119,9.1518,-0.1384,6,0,0,3,3,1.0,0.0067,1.6927
Lamar Jackson,2021,12,0.421522,-0.587698,-1.79082,37.9633,0.0677,246,378,0.6508,0.6795,2882,7.6243,16,13,38,126,772,6.127,2,0.0423,0.0344,0.0079,0.4955,87.8638,5.8341,175.008,56.8,0.0094,0.0118,0.0597,-0.009,0.0446,-0.1022,-0.0124,9.3492,0.0979,7,5,0,4,6,0.6667,0.0031,1.7293
Russell Wilson,2023,15,0.407913,0.116622,-0.702035,6.3818,0.0109,297,443,0.6704,4.853,3070,6.93,26,8,45,65,359,5.5231,3,0.0587,0.0181,0.0406,0.4566,98.8666,6.0902,161.636,50.7,0.0211,-0.0372,0.0495,0.0197,-0.0968,0.0212,0.0064,7.1964,-1.6659,7,8,0,3,8,0.375,0.0011,0.67
Ben Roethlisberger,2012,13,0.406718,-0.00802002,0.589185,74.406,0.1468,284,443,0.6411,2.4679,3265,7.3702,26,8,30,16,103,6.4375,0,0.0587,0.0181,0.0406,0.5049,98.2553,6.8562,167.981,71.9,-0.0054,-0.0224,0.0067,0.0221,0.0482,0.0448,-0.0134,8.3612,-0.2731,7,6,0,2,5,0.4,0.0042,2.1351
Jameis Winston,2017,13,0.396902,0.0938245,0.830015,51.9566,0.0993,282,439,0.6424,4.9259,3504,7.9818,19,11,33,25,139,5.56,1,0.0433,0.0251,0.0182,0.5105,92.8578,6.7415,158.74,52.1,-0.0114,-0.0364,0.0246,0.0047,0.1503,-0.0664,-0.0021,10.6902,1.6834,3,10,0,2,9,0.2222,0.0037,1.9511
Cam Newton,2018,14,0.35269,-1.10455,0.608275,52.423,0.0862,320,468,0.6838,3.0427,3395,7.2543,24,13,29,88,502,5.7045,4,0.0513,0.0278,0.0235,0.5016,94.8095,6.1911,212.648,53.2,-0.0016,0.0313,0.0346,-0.0069,-0.035,-0.0088,-0.0049,7.2222,-1.5534,6,8,0,2,8,0.25,0.0015,0.9076
Dak Prescott,2018,16,0.340079,0.584711,1.05523,38.0559,0.0558,356,526,0.6768,1.1092,3885,7.3859,22,8,56,59,321,5.4407,6,0.0418,0.0152,0.0266,0.4648,96.8631,6.2165,163.733,55.2,0.002,-0.0248,0.027,0.0326,-0.036,-0.0069,-0.0156,7.5532,-1.5437,10,6,0,3,7,0.4286,0.0043,2.905
Baker Mayfield,2018,13,0.33053,0.202733,2.55442,35.3267,0.0621,310,483,0.6418,1.3214,3725,7.7122,27,14,25,25,143,5.72,0,0.0559,0.029,0.0269,0.4692,94.259,6.815,175.182,51.2,-0.0166,0.0204,-0.0009,-0.0147,0.0202,-0.0128,-0.011,9.3478,0.3395,7,7,0,3,6,0.5,0.0006,0.319
Eli Manning,2012,16,0.314643,0.616666,-1.88125,87.8044,0.1444,321,536,0.5989,0.7349,3948,7.3657,26,15,19,9,41,4.5556,0,0.0485,0.028,0.0205,0.5033,87.1891,6.5892,141.736,65.2,-0.019,0.0437,-0.0204,-0.0232,0.1233,-0.0546,0.0283,9.5738,1.0037,9,7,0,3,7,0.4286,0.0042,2.5425
Jacoby Brissett,2022,11,0.308194,-0.290172,1.4396,54.0378,0.1167,236,366,0.6448,2.8882,2608,7.1257,12,6,24,43,247,5.7442,2,0.0328,0.0164,0.0164,0.4795,89.6061,6.2,161.419,62.0,0.0313,-0.0019,-0.005,0.0515,0.0639,-0.0712,0.0037,8.7978,-0.0082,6,8,0,2,6,0.3333,0.002,0.9425
Josh Freeman,2011,15,0.277143,0.0365573,-1.10591,-39.2596,-0.0602,345,543,0.6354,-1.0074,3587,6.6059,16,21,29,42,247,5.881,4,0.0295,0.0387,-0.0092,0.4663,76.2623,4.8916,119.513,46.1,0.0121,0.0201,0.0129,-0.0316,-0.107,0.0098,-0.0233,7.3591,-1.663,4,11,0,1,5,0.2,-0.001,-0.6202
Jimmy Garoppolo,2022,10,0.269759,-0.765488,0.710892,76.8392,0.2134,207,308,0.6721,-1.0455,2437,7.9123,16,4,18,16,38,2.375,2,0.0519,0.013,0.039,0.5056,102.963,7.5982,162.67,56.3,-0.0116,0.0112,-0.0045,0.0439,-0.0556,0.1819,0.0039,6.8961,-2.0487,8,3,0,1,2,0.5,0.0031,1.1297
Tom Brady,2019,16,0.266936,-0.326851,-2.2198,52.0055,0.075,373,613,0.6085,-2.0979,4057,6.6183,24,8,27,11,46,4.1818,3,0.0392,0.0131,0.0261,0.4387,87.9792,6.2375,167.851,55.7,-0.009,0.0346,-0.0564,0.0262,-0.0271,0.0202,0.0215,7.5253,-1.615,12,4,0,1,3,0.3333,0.0004,0.2596
Jason Campbell,2011,6,0.265048,-0.230567,0.493368,23.7938,0.1226,100,164,0.6098,2.7263,1170,7.1341,6,4,5,15,65,4.3333,2,0.0366,0.0244,0.0122,0.4845,84.6545,6.4556,146.204,56.2,-0.0222,0.0656,0.0041,0.0387,-0.0068,-0.0331,0.0297,10.1463,1.3415,4,2,0,1,2,0.5,0.0043,0.8329
Dak Prescott,2024,8,0.262258,-0.244095,-1.48337,-3.6627,-0.0107,185,284,0.6514,-0.8513,1978,6.9648,11,8,21,11,56,5.0909,1,0.0387,0.0282,0.0106,0.437,86.561,5.659,147.816,41.9,-0.0222,0.0064,-0.019,-0.0262,-0.0019,-0.0323,0.0083,7.9894,-0.8732,3,5,0,1,2,0.5,0.0038,1.3052
Andy Dalton,2011,16,0.260267,0.0520529,0.976147,12.0237,0.0198,300,516,0.5814,-1.4935,3398,6.5853,20,13,24,29,160,5.5172,1,0.0388,0.0252,0.0136,0.4375,80.3941,5.6537,121.973,49.5,-0.0175,0.0356,-0.0289,0.0167,-0.0019,-0.0371,0.0062,8.3456,-0.732,9,7,0,4,9,0.4444,-0.0013,-0.808
Lamar Jackson,2025,13,0.256656,-0.0514948,-3.55537,41.3792,0.0995,192,300,0.64,1.7587,2549,8.4967,21,7,36,58,359,6.1897,2,0.07,0.0233,0.0467,0.476,104.431,7.1875,151.753,62.8,0.0263,-0.0536,0.0088,-0.0069,0.1054,-0.0529,0.004,8.8267,-0.2167,6,7,0,1,4,0.25,0.004,1.6794
Jameis Winston,2018,9,0.254651,0.764202,0.775572,80.3084,0.1694,244,377,0.6472,2.2004,2992,7.9363,19,14,27,43,285,6.6279,1,0.0504,0.0371,0.0133,0.5105,90.4122,6.3985,181.579,66.2,0.0166,0.0043,0.0243,-0.0311,0.1924,-0.1313,0.0168,10.8382,1.5411,3,8,0,0,5,0.0,0.003,1.4129
Tyrod Taylor,2016,15,0.254166,0.980853,0.615383,57.2333,0.0952,269,435,0.6184,2.2177,3023,6.9494,17,6,42,88,586,6.6591,6,0.0391,0.0138,0.0253,0.4443,89.8515,6.0818,162.812,62.4,0.0227,-0.0052,0.0274,0.0503,0.011,-0.0678,-0.019,9.4138,0.2598,7,8,0,1,7,0.1429,0.0012,0.7147
Vince Young,2009,10,0.235021,-0.417402,1.28581,42.1602,0.1326,152,258,0.5891,-0.918,1879,7.2829,10,7,9,42,289,6.881,2,0.0388,0.0271,0.0116,0.4686,83.1395,6.4719,149.623,69.6,0.0288,0.0545,-0.0098,0.0277,0.0465,-0.0509,0.0021,9.6163,0.9225,8,4,0,3,3,1.0,0.0069,2.2052
Matt Ryan,2020,16,0.23216,0.463807,-0.0398883,101.492,0.141,407,625,0.6512,1.2328,4581,7.3296,26,11,41,19,100,5.2632,2,0.0416,0.0176,0.024,0.4903,93.4233,6.53,180.68,59.8,-0.0115,-0.0005,-0.0226,0.0273,0.0927,-0.0672,0.014,8.5609,-0.0561,4,12,0,0,6,0.0,0.001,0.724
Andy Dalton,2016,16,0.224565,-0.00912598,-0.140909,76.9801,0.1151,364,561,0.6488,2.8122,4206,7.4973,18,8,41,34,192,5.6471,4,0.0321,0.0143,0.0178,0.4978,92.1457,6.5482,170.446,52.3,0.0011,0.0016,0.0078,0.0318,0.0008,-0.009,0.0051,7.8717,-1.0446,6,9,1,1,9,0.1111,0.003,2.0268
Tony Romo,2015,4,0.219999,-1.09153,-1.28836,-12.466,-0.091,83,121,0.686,2.9095,884,7.3058,5,7,6,2,15,7.5,0,0.0413,0.0579,-0.0165,0.5036,79.3561,4.9921,111.473,,-0.0133,0.0065,0.0517,-0.1776,-0.022,-0.0305,0.0274,7.0992,-1.562,3,1,0,1,1,1.0,0.002,0.2796
Marcus Mariota,2016,15,0.204646,-0.709332,1.44686,77.2213,0.1391,276,448,0.6161,1.3749,3426,7.6473,26,9,23,47,361,7.6809,2,0.058,0.0201,0.0379,0.4901,96.2612,7.1868,188.841,59.1,0.0116,0.0165,0.0035,0.002,0.1176,-0.0845,-0.0035,9.6964,0.6763,8,7,0,2,7,0.2857,0.0022,1.1964
Cam Newton,2017,16,0.201732,-0.923066,1.22958,47.7935,0.0709,291,490,0.5939,-2.321,3302,6.7388,22,16,35,117,775,6.6239,5,0.0449,0.0327,0.0122,0.4525,81.0119,5.2952,159.059,52.7,0.0285,0.0215,0.0296,-0.0141,-0.023,-0.0059,-0.0019,8.4694,-0.5286,11,5,0,2,3,0.6667,0.003,2.0499
Joe Flacco,2016,16,0.194396,-0.305911,-0.494806,-21.5027,-0.0286,436,665,0.6556,-0.1876,4317,6.4917,20,15,33,13,65,5.0,2,0.0301,0.0226,0.0075,0.4335,84.3954,5.4427,152.911,52.5,-0.0024,0.008,0.0042,-0.0064,-0.1069,0.0159,-0.0169,7.4692,-1.5519,8,8,0,2,8,0.25,-0.0011,-0.8551
Philip Rivers,2014,16,0.190596,-0.994092,-1.23493,91.3112,0.1347,379,569,0.6661,4.8592,4286,7.5325,31,18,36,30,104,3.4667,0,0.0545,0.0316,0.0228,0.4971,93.955,6.4579,169.446,65.1,-0.01,0.0106,0.0301,-0.0127,0.0394,0.0131,0.0074,8.529,-0.4851,9,7,0,3,6,0.5,0.0046,3.0997
Kyler Murray,2019,16,0.188395,0.196069,1.81198,23.8604,0.0338,349,538,0.6487,-1.5166,3722,6.9182,20,12,48,81,558,6.8889,4,0.0372,0.0223,0.0149,0.444,88.0654,5.5853,167.818,57.7,0.0056,0.01,0.0236,0.0037,-0.0914,0.0138,0.0035,7.5372,-1.4015,5,10,1,0,6,0.0,0.0025,1.7331
Carson Palmer,2012,15,0.185695,-0.515567,-0.265709,33.9803,0.0543,345,561,0.615,-0.4272,4018,7.1622,22,14,26,12,39,3.25,1,0.0392,0.025,0.0143,0.4617,85.8474,6.1823,147.114,44.3,-0.0084,0.0041,-0.0009,-0.006,-0.0462,0.0376,0.008,8.3993,-0.8342,4,11,0,2,5,0.4,0.0004,0.2586
Derek Carr,2017,15,0.182112,0.0374585,-1.18723,9.7099,0.0166,323,515,0.6272,-0.3161,3496,6.7883,22,13,20,11,76,6.9091,0,0.0427,0.0252,0.0175,0.4437,86.3552,6.0748,153.741,50.4,-0.0261,0.0411,-0.0025,0.0167,-0.0138,-0.0361,0.0011,8.2568,-0.8385,6,9,0,1,4,0.25,0.0022,1.2685
Ryan Tannehill,2021,17,0.176686,0.750018,-2.06461,79.5834,0.1222,357,530,0.6736,2.3622,3734,7.0453,21,14,47,41,279,6.8049,7,0.0396,0.0264,0.0132,0.5207,89.772,5.5407,135.375,61.8,0.048,-0.0286,0.0277,-0.0057,-0.0165,0.022,0.0097,7.4604,-1.2717,12,5,0,3,6,0.5,0.0035,2.3006
Gardner Minshew,2022,2,0.170463,-0.596273,0.0200848,5.9129,0.0672,44,75,0.5867,-1.7785,663,8.84,3,3,6,4,5,1.25,1,0.04,0.04,0.0,0.4318,84.4722,6.9136,160.032,4.3,-0.0545,0.0175,0.0007,-0.0923,0.2469,-0.079,-0.0165,9.56,-0.4133,2,2,0,0,2,0.0,0.0013,0.1136
Russell Wilson,2025,3,0.158192,-0.720878,-0.42435,-4.0004,-0.0253,69,119,0.5798,-1.48,831,6.9832,3,3,10,18,106,5.8889,0,0.0252,0.0252,0.0,0.4051,77.3985,5.3488,140.057,,-0.0388,0.0141,-0.0958,0.0229,0.0124,-0.0683,0.0597,8.8908,-0.1092,2,4,0,0,3,0.0,0.0049,0.7727
Dak Prescott,2017,16,0.137925,0.0563727,-1.0752,17.6779,0.0286,308,488,0.6311,-0.241,3324,6.8115,22,13,32,51,363,7.1176,6,0.0451,0.0266,0.0184,0.4563,86.9877,5.7577,167.348,70.0,0.0302,0.0083,0.0193,-0.0274,0.0155,-0.0595,0.0059,8.0779,-0.5328,9,7,0,0,2,0.0,0.0017,1.02
Ryan Fitzpatrick,2014,12,0.12946,-0.468619,0.732949,33.229,0.0841,197,311,0.6334,0.3449,2483,7.9839,17,8,21,37,195,5.2703,2,0.0547,0.0257,0.0289,0.4785,95.6391,7.1687,145.257,61.8,0.0084,0.019,0.0136,0.0171,0.0437,-0.0583,-0.0163,8.508,-0.3537,6,6,0,0,2,0.0,0.0003,0.1051
Russell Wilson,2016,16,0.128735,0.0738922,-1.5555,58.2723,0.0861,353,544,0.6489,4.4978,4219,7.7555,21,11,41,57,274,4.807,1,0.0386,0.0202,0.0184,0.4845,92.9151,6.5829,156.132,57.1,-0.0043,-0.0051,0.0126,0.0165,0.0128,-0.0232,0.001,8.6654,-0.5846,10,5,1,3,7,0.4286,0.004,2.7371
Ryan Tannehill,2015,16,0.100873,0.866332,-0.172299,4.1644,0.0061,363,584,0.6216,0.9179,4208,7.2055,24,12,45,23,149,6.4783,1,0.0411,0.0205,0.0205,0.4265,89.0411,5.9269,143.239,45.6,-0.0107,-0.0127,-0.0277,0.0126,0.019,-0.0302,-0.0109,8.8116,-0.4863,6,10,0,2,6,0.3333,-0.001,-0.6913
Geno Smith,2024,17,0.0981799,0.521,0.0165179,43.9269,0.062,407,576,0.7066,5.6395,4320,7.5,21,15,50,34,286,8.4118,2,0.0365,0.026,0.0104,0.4859,93.5185,5.9537,173.005,50.4,-0.0131,-0.0136,0.0385,-0.0233,-0.0357,0.021,0.0113,6.941,-2.4792,10,7,0,4,9,0.4444,0.0033,2.358
Sam Bradford,2013,7,0.0884027,0.0626477,0.635274,-5.6168,-0.0188,159,262,0.6069,-3.519,1687,6.4389,14,4,15,8,39,4.875,0,0.0534,0.0153,0.0382,0.4631,90.9351,6.1011,156.169,56.9,-0.0316,0.0135,-0.071,0.0073,-0.0603,0.0292,0.0343,6.9618,-1.4618,3,4,0,1,1,1.0,-0.0002,-0.0555
Philip Rivers,2019,16,0.0853375,0.0663544,-0.479901,75.4673,0.1116,390,588,0.6633,3.7151,4615,7.8486,23,20,34,7,30,4.2857,0,0.0391,0.034,0.0051,0.5104,88.9243,6.3553,159.485,50.5,-0.021,0.0089,0.0223,-0.0418,0.0214,0.0497,0.007,8.5833,-0.6446,5,11,0,1,9,0.1111,0.0018,1.2284
Sam Bradford,2015,14,0.0765228,0.428616,0.527263,8.2357,0.0135,346,531,0.6516,-0.2633,3725,7.0151,19,14,28,10,50,5.0,0,0.0358,0.0264,0.0094,0.4508,86.5545,5.8587,142.319,39.2,-0.014,0.0294,-0.0115,-0.0221,-0.0886,0.0559,-0.0025,6.9812,-2.1073,7,7,0,0,3,0.0,0.0002,0.1433
Derek Carr,2021,17,0.0747528,-0.363416,-1.23018,69.7423,0.0959,428,623,0.687,2.1973,4804,7.7111,23,14,40,26,118,4.5385,0,0.0369,0.0225,0.0144,0.4814,94.4054,6.6259,168.011,58.4,-0.0132,-0.001,0.0114,-0.0067,-0.0486,0.0612,0.027,8.1605,-0.6132,10,7,0,3,7,0.4286,0.0064,4.6644
Kyle Orton,2010,13,0.0680441,-1.09144,-0.295488,40.5339,0.0707,292,495,0.5899,-1.8891,3641,7.3556,20,9,34,16,104,6.5,0,0.0404,0.0182,0.0222,0.438,87.782,6.4159,148.584,53.8,-0.0113,0.0025,-0.0219,0.0293,0.0494,-0.0302,0.0016,9.1818,-0.002,3,10,0,1,7,0.1429,0.0,0.0209
Justin Fields,2022,15,0.0676697,-0.894761,1.46042,6.8133,0.0126,192,318,0.6038,-2.4807,2242,7.0503,17,11,55,143,1143,7.993,8,0.0535,0.0346,0.0189,0.4483,85.1808,4.6327,142.93,56.3,0.1132,-0.0595,0.0454,0.0079,-0.0127,-0.1275,0.0015,9.0849,-0.2453,3,12,0,1,10,0.1,0.0,0.0242
Jameis Winston,2015,16,0.056842,0.058833,1.51913,73.0549,0.1127,312,533,0.5854,-0.0207,4042,7.5835,22,15,27,39,231,5.9231,6,0.0413,0.0281,0.0131,0.4784,84.4942,6.4589,149.4,57.2,0.0137,0.0289,-0.031,-0.0183,0.1408,-0.0913,0.0032,10.0188,0.6923,6,10,0,2,8,0.25,0.0012,0.7909
Joe Flacco,2017,16,0.0506458,-0.194348,-0.670734,-38.2855,-0.0634,352,546,0.6447,-1.2153,3141,5.7527,18,13,27,10,68,6.8,1,0.033,0.0238,0.0092,0.4288,80.8455,4.7312,114.043,47.1,-0.0142,0.0287,0.0037,-0.0184,-0.0918,-0.006,-0.0017,6.7381,-2.0018,9,7,0,0,3,0.0,-0.003,-1.8315
Jared Goff,2021,14,0.0397656,0.41689,-0.315879,-25.4393,-0.0449,332,489,0.6789,0.553,3245,6.636,19,8,35,15,87,5.8,0,0.0389,0.0164,0.0225,0.4621,92.4463,5.6966,144.079,45.5,-0.0314,-0.0332,-0.0013,0.021,-0.1217,0.0527,0.0033,6.4417,-2.3742,3,10,1,2,6,0.3333,0.0011,0.6118
Matthew Stafford,2024,16,0.0370392,-0.300267,-0.188771,73.2555,0.1237,340,516,0.6589,-0.6664,3762,7.2907,20,8,28,13,59,4.5385,0,0.0388,0.0155,0.0233,0.5068,93.8307,6.5974,163.209,61.5,-0.0193,0.0152,-0.0304,0.0225,0.0024,0.0263,0.0301,7.4981,-0.9922,10,6,0,3,6,0.5,0.0048,2.8237
Russell Wilson,2018,16,0.0354218,-1.15175,-0.999898,115.661,0.2092,280,419,0.6683,7.4647,3448,8.2291,35,7,51,48,402,8.375,0,0.0835,0.0167,0.0668,0.4973,112.942,7.4,168.285,63.3,0.0222,-0.0474,0.0255,0.0189,0.12,-0.032,0.0245,9.1456,-0.0621,10,6,0,2,8,0.25,0.0055,3.0352
Teddy Bridgewater,2019,5,0.034519,0.498096,1.45033,20.0585,0.0843,133,196,0.6786,0.4077,1384,7.0612,9,2,12,15,44,2.9333,0,0.0459,0.0102,0.0357,0.4538,99.1071,6.6587,202.487,50.9,-0.0338,0.0272,0.0208,0.0511,-0.1562,0.1354,-0.0251,6.1837,-3.3112,6,1,0,1,1,1.0,0.0031,0.7294
Matt Ryan,2009,14,0.0257672,0.086077,0.0548035,56.3788,0.1103,263,446,0.5897,-0.6694,2916,6.5381,22,14,19,19,61,3.2105,1,0.0493,0.0314,0.0179,0.4736,81.8292,5.6645,120.042,67.7,-0.0046,0.0276,-0.0106,0.0064,0.0905,-0.0299,-0.0021,8.418,-0.3034,9,5,0,1,4,0.25,0.0028,1.4151
Deshaun Watson,2023,6,0.0156775,-0.197328,-1.1761,-11.7527,-0.0527,105,170,0.6176,-0.3261,1115,6.5588,7,4,17,25,143,5.72,1,0.0412,0.0235,0.0176,0.4215,84.8039,5.2941,111.049,,0.0047,-0.0184,0.0103,-0.0218,-0.0083,-0.0592,0.0129,9.3706,-0.1235,5,1,0,1,2,0.5,-0.0068,-1.5274
Matthew Stafford,2022,9,0.0156708,0.121624,-2.15339,-25.2376,-0.0727,206,303,0.6799,-0.0387,2087,6.8878,10,8,29,6,17,2.8333,1,0.033,0.0264,0.0066,0.4726,87.4381,5.1777,106.472,52.3,-0.0284,-0.0588,0.0086,-0.055,-0.0799,0.1066,-0.01,6.6898,-1.7525,3,6,0,0,2,0.0,-0.0007,-0.2351
Philip Rivers,2018,16,0.0119751,-0.474672,-1.4509,130.616,0.2264,347,508,0.6831,3.6086,4308,8.4803,32,12,32,9,14,1.5556,0,0.063,0.0236,0.0394,0.5113,105.495,7.7852,196.276,67.8,-0.0251,0.0209,0.0164,0.0034,0.0641,0.078,-0.0086,7.7717,-1.2756,12,4,0,2,4,0.5,0.0037,2.1072
Jon Kitna,2010,9,0.00974182,-0.825362,2.37366,26.6508,0.0713,209,317,0.6593,2.1379,2365,7.4606,16,12,21,21,153,7.2857,1,0.0505,0.0379,0.0126,0.4733,89.1627,6.0503,156.877,52.9,0.007,0.0043,0.0737,-0.0729,-0.105,0.1273,-0.0103,6.7508,-2.0631,4,6,0,1,3,0.3333,0.0007,0.2439
Cam Newton,2019,2,0.00389221,-0.437349,-0.949111,-22.9137,-0.2246,50,88,0.5682,-6.8209,572,6.5,0,1,6,5,-2,-0.4,0,0.0,0.0114,-0.0114,0.402,71.7803,5.1489,52.2803,,-0.1125,0.0197,-0.0429,0.0323,-0.0439,-0.1129,-0.0297,9.0114,-0.1591,0,2,0,0,2,0.0,-0.0068,-0.6966
Mac Jones,2025,8,0.00170654,0.884056,1.54932,47.1029,0.1402,201,286,0.7028,3.6786,2151,7.521,13,6,16,22,74,3.3636,0,0.0455,0.021,0.0245,0.5268,98.3974,6.7318,197.377,62.3,-0.0087,0.0141,0.031,0.0072,0.0534,-0.0068,-0.0185,7.4266,-1.6608,6,3,0,1,2,0.5,0.0042,1.413
Seneca Wallace,2009,2,-0.000409241,0.47523,0.356348,-7.0544,-0.05,78,120,0.65,1.6547,700,5.8333,3,2,9,8,7,0.875,1,0.025,0.0167,0.0083,0.4468,81.9444,4.7364,145.746,,-0.0468,-0.0237,0.0102,0.064,-0.0763,-0.0132,0.0022,7.425,-1.9333,3,7,0,0,1,0.0,-0.0012,-0.1655
Aaron Rodgers,2015,16,-0.00703979,-0.284644,-3.57048,52.8578,0.0719,347,571,0.6077,-1.1024,3818,6.6865,31,8,46,45,356,7.9111,1,0.0543,0.014,0.0403,0.4517,92.8452,6.1005,168.997,60.0,0.008,-0.0314,0.0044,0.0439,-0.0531,-0.0089,0.0421,8.1068,-0.7723,10,6,0,2,6,0.3333,0.0027,1.9815
Tyrod Taylor,2015,13,-0.0127325,0.324272,4.69604,60.2237,0.1117,242,380,0.6368,3.0225,3035,7.9868,20,6,36,87,584,6.7126,4,0.0526,0.0158,0.0368,0.4286,99.3969,7.0986,188.126,66.3,0.0275,-0.0094,0.0182,0.0641,0.0616,-0.0782,-0.0378,10.5462,0.9868,8,6,0,1,5,0.2,0.0013,0.7226
Ryan Fitzpatrick,2011,16,-0.0262839,-0.0900055,0.215502,22.3177,0.0337,351,562,0.6246,1.1319,3808,6.7758,24,23,22,43,222,5.1628,0,0.0427,0.0409,0.0018,0.4713,79.5448,5.3168,137.117,50.1,-0.0021,0.0453,0.0163,-0.0503,-0.0494,0.0065,0.0208,7.6584,-1.2242,6,10,0,2,7,0.2857,0.0008,0.5049
Michael Vick,2012,10,-0.0281067,-0.258374,-1.66933,1.5222,0.0034,204,349,0.5845,0.2107,2362,6.7679,12,10,28,51,339,6.6471,1,0.0344,0.0287,0.0057,0.4392,78.516,5.3024,117.218,,-0.0092,-0.014,0.0155,-0.0164,0.0152,-0.0363,-0.0174,8.9397,-0.3103,3,7,0,3,4,0.75,-0.0008,-0.3332
Jimmy Garoppolo,2019,16,-0.0435736,0.129041,0.4178,109.441,0.1927,329,474,0.6941,2.3877,3978,8.3924,27,13,36,23,78,3.3913,1,0.057,0.0274,0.0295,0.5158,102.452,7.2471,156.221,60.8,-0.0046,-0.0264,0.0512,-0.0392,-0.0262,0.1581,0.0147,6.557,-2.403,13,3,0,4,5,0.8,0.0068,3.8703
Aaron Rodgers,2024,17,-0.0473572,0.24597,-1.97334,25.9185,0.0382,368,584,0.6301,-2.584,3897,6.6729,28,11,40,17,111,6.5294,0,0.0479,0.0188,0.0291,0.4433,90.5322,5.8654,151.065,44.7,-0.0264,0.0048,-0.0401,-0.0039,-0.0207,0.0343,0.013,6.8733,-1.6541,5,12,0,2,9,0.2222,0.0008,0.552
Jay Cutler,2011,10,-0.0522137,0.659151,0.718141,8.2661,0.0226,182,314,0.5796,-1.1358,2319,7.3854,13,7,23,10,49,4.9,1,0.0414,0.0223,0.0191,0.4454,85.6688,6.2463,110.663,60.5,-0.0184,0.0069,-0.035,-0.0003,0.0627,-0.0533,0.013,8.7675,-0.7166,7,3,0,1,1,1.0,0.0021,0.76
Vince Young,2010,8,-0.0567957,-0.0337717,-0.168808,35.3577,0.1804,93,156,0.5962,1.6695,1255,8.0449,10,3,13,17,131,7.7059,0,0.0641,0.0192,0.0449,0.4694,98.6378,7.3373,104.529,59.4,-0.0187,-0.05,0.0199,0.0567,0.14,-0.0777,0.0504,11.3013,2.5962,4,5,0,0,3,0.0,0.0032,0.6275
Aaron Rodgers,2022,17,-0.063006,-0.476887,-4.14531,21.9273,0.0353,350,540,0.6481,0.547,3695,6.8426,26,12,32,17,110,6.4706,1,0.0481,0.0222,0.0259,0.4662,91.3966,5.9738,136.036,41.3,-0.0035,-0.0041,-0.0326,-0.0039,-0.0373,0.052,0.0203,8.013,-0.4704,8,9,0,3,7,0.4286,0.0003,0.1887
Josh McCown,2017,13,-0.0631525,-1.17826,0.472832,34.2169,0.072,267,392,0.6811,5.5341,2926,7.4643,18,9,39,20,138,6.9,5,0.0459,0.023,0.023,0.4653,95.6845,6.0719,145.371,56.6,0.0257,-0.0524,0.0367,0.0263,0.0215,-0.0077,-0.0135,7.7647,-1.1662,5,8,0,1,6,0.1667,0.0006,0.2845
Daniel Jones,2019,12,-0.0717047,-0.119842,1.64256,-9.2847,-0.0163,284,459,0.6187,-1.9408,3027,6.5948,24,12,38,39,283,7.2564,2,0.0523,0.0261,0.0261,0.4378,87.6589,5.3763,158.223,55.7,0.0272,-0.0542,-0.0119,0.0024,-0.0027,-0.0384,-0.0037,8.037,-0.8693,3,10,0,1,8,0.125,0.0008,0.4603
Daniel Jones,2025,13,-0.0781219,-0.663871,1.31358,86.9912,0.1875,261,382,0.6832,2.2971,3101,8.1178,19,8,22,36,167,4.6389,5,0.0497,0.0209,0.0288,0.5172,100.698,7.3342,203.07,63.7,0.013,0.0103,0.0302,0.0063,0.0382,0.0283,-0.0071,8.0471,-0.7906,8,5,0,3,5,0.6,0.0038,1.7749
Jay Cutler,2014,15,-0.0846844,-0.0399982,0.505443,-17.2052,-0.026,370,561,0.6595,0.2906,3812,6.795,28,18,38,23,189,8.2174,2,0.0499,0.0321,0.0178,0.4691,88.6252,5.5743,161.297,50.9,0.0035,-0.0174,0.0127,-0.0348,-0.073,0.0204,0.0054,7.3191,-1.8289,5,10,0,1,4,0.25,0.0004,0.2609
Matt Cassel,2010,15,-0.0932425,-1.65388,1.51671,74.7663,0.1446,262,445,0.5888,-0.8021,3116,7.0022,27,7,26,23,134,5.8261,0,0.0607,0.0157,0.0449,0.4739,93.9934,6.707,129.274,55.8,-0.0113,-0.0009,-0.038,0.0602,0.0295,0.0527,0.0032,8.0921,-0.6921,10,5,0,1,5,0.2,0.0028,1.4275
David Garrard,2009,16,-0.0980524,0.0406772,-0.396667,8.5042,0.0134,314,513,0.6121,1.8395,3597,7.0117,15,10,42,59,339,5.7458,3,0.0292,0.0195,0.0097,0.4497,83.9303,5.7946,113.982,54.4,0.024,-0.0324,0.0165,0.0305,-0.0135,-0.0395,-0.0058,8.2339,-0.7173,7,9,0,3,6,0.5,-0.0014,-0.8952
Marcus Mariota,2017,15,-0.116754,0.129796,-0.800818,26.6445,0.0477,281,452,0.6217,0.692,3232,7.1504,13,15,27,46,325,7.0652,5,0.0288,0.0332,-0.0044,0.4695,79.4432,5.5198,145.74,59.0,0.0326,0.0359,0.0116,-0.0378,0.0279,-0.0695,0.0107,8.9447,-0.2301,9,6,0,3,6,0.5,0.0024,1.356
Ryan Tannehill,2016,13,-0.117579,0.342187,0.158434,8.4869,0.0182,261,387,0.6744,5.3111,2995,7.739,19,12,29,31,168,5.4194,1,0.0491,0.031,0.0181,0.4635,93.9761,6.2957,149.748,48.6,-0.0099,-0.0046,0.0235,-0.0353,-0.0577,0.0498,-0.0233,7.8966,-1.0982,8,5,0,3,5,0.6,0.0013,0.6078
Michael Vick,2013,6,-0.122881,-0.88834,-0.00336914,9.5868,0.0497,77,141,0.5461,-2.0932,1207,8.5603,5,3,15,30,310,10.3333,2,0.0355,0.0213,0.0142,0.4404,86.2145,6.8782,152.162,,0.0549,-0.0246,-0.0272,0.0305,0.0124,-0.0233,-0.0327,10.8582,1.0638,2,4,0,0,1,0.0,0.0018,0.3465
Justin Fields,2023,13,-0.124316,-0.554089,-0.597697,-11.3414,-0.0207,227,370,0.6135,0.7928,2562,6.9243,16,9,44,116,665,5.7328,4,0.0432,0.0243,0.0189,0.4135,86.3401,5.2947,140.228,46.1,0.0304,-0.0338,0.0415,0.0247,0.0041,-0.0957,-0.019,8.0027,-1.2946,5,8,0,1,6,0.1667,-0.0001,-0.0275
Josh Allen,2019,16,-0.12777,-0.719963,-0.0284131,30.5648,0.0494,271,458,0.5917,-1.6203,3089,6.7445,20,9,38,94,521,5.5426,9,0.0437,0.0197,0.024,0.4507,85.8624,5.7399,157.137,49.4,0.0278,0.0068,-0.0104,0.0167,0.0111,-0.0688,0.0011,9.3057,0.024,10,6,0,4,8,0.5,0.0017,1.077
Alex Smith,2014,15,-0.13053,-0.222918,-1.39742,59.4373,0.1023,303,464,0.653,-1.3205,3265,7.0366,18,6,45,43,258,6.0,1,0.0388,0.0129,0.0259,0.4664,93.3639,6.1415,130.008,52.0,0.0068,-0.0146,0.0233,0.0636,-0.1134,0.088,-0.0085,5.8233,-3.0108,8,7,0,3,7,0.4286,0.0014,0.8135
Sam Darnold,2024,17,-0.151285,-0.737602,1.81483,87.0914,0.1277,361,544,0.6636,3.8546,4319,7.9393,35,12,48,42,233,5.5476,1,0.0643,0.0221,0.0423,0.5103,102.719,7.0,176.442,57.3,-0.0072,-0.0215,-0.0217,-0.0054,0.1162,-0.0349,0.0253,8.4688,-0.4853,14,3,0,3,5,0.6,0.0062,4.2015
Seneca Wallace,2010,4,-0.158401,-0.0395398,-0.0938403,10.1589,0.0883,64,101,0.6337,1.5902,694,6.8713,4,2,6,3,12,4.0,0,0.0396,0.0198,0.0198,0.4435,88.4695,6.0841,105.471,,-0.0248,0.0302,0.0032,0.019,-0.1356,0.114,0.0362,7.6337,-1.604,1,4,0,0,2,0.0,0.0015,0.1698
Carson Palmer,2013,16,-0.15877,0.592915,-0.253058,21.4067,0.0328,362,571,0.634,3.732,4274,7.4851,24,22,41,6,23,3.8333,0,0.042,0.0385,0.0035,0.4647,84.0594,5.6781,111.244,54.0,-0.0231,0.0011,-0.0007,-0.0622,0.048,-0.0033,0.0132,9.2224,0.2242,10,6,0,3,6,0.5,0.0007,0.4397
Mitchell Trubisky,2025,1,-0.192822,0.781438,0.781438,25.6117,0.6922,25,35,0.7143,7.8043,313,8.9429,4,0,0,2,13,6.5,0,0.1143,0.0,0.1143,0.6216,136.964,11.2286,372.54,91.5,-0.0311,0.1037,-0.0459,0.0787,0.2738,0.2669,-0.0224,7.2857,-0.3143,3,1,0,0,0,,0.0076,0.2798
Matthew Stafford,2013,16,-0.19498,-0.439473,-1.62329,63.8581,0.092,371,631,0.588,-3.322,4650,7.3693,29,19,23,20,81,4.05,2,0.046,0.0301,0.0158,0.4712,84.5582,6.4327,160.598,53.5,0.0015,0.0378,-0.048,-0.0309,0.0237,0.0549,-0.0067,8.3043,-0.2203,7,9,0,2,10,0.2,0.0023,1.5865
Justin Fields,2024,6,-0.199256,0.0820587,0.505258,26.4243,0.107,106,160,0.6625,2.3884,1106,6.9125,5,1,16,54,290,5.3704,5,0.0312,0.0062,0.025,0.4737,93.9062,5.892,179.443,5.1,0.0304,-0.0116,0.0422,0.0562,-0.0518,-0.0463,0.0109,7.825,-1.875,6,4,0,0,2,0.0,0.0035,0.8723
Jameis Winston,2021,7,-0.199476,-0.113337,-0.108575,43.506,0.2133,95,161,0.5901,-3.1375,1170,7.2671,14,3,11,24,174,7.25,1,0.087,0.0186,0.0683,0.4951,102.756,7.2442,146.719,69.8,0.0858,-0.0084,-0.0303,0.038,0.0512,0.0094,0.0018,8.323,-0.9317,5,2,0,0,0,,0.0054,1.1066
Chad Pennington,2009,3,-0.20025,-0.320986,-0.918925,-12.5405,-0.1511,51,72,0.7083,9.3565,413,5.7361,1,2,6,2,7,3.5,0,0.0139,0.0278,-0.0139,0.4819,78.0671,3.9872,44.8768,,0.0079,-0.0586,0.0681,0.0143,-0.0069,-0.1733,-0.0362,7.6944,-0.5139,0,3,0,0,1,0.0,-0.0043,-0.3601
Matt Schaub,2012,16,-0.201762,-0.598257,-1.10059,103.989,0.1739,350,544,0.6434,0.3659,4008,7.3676,22,12,27,4,10,2.5,0,0.0404,0.0221,0.0184,0.4883,90.6863,6.4658,141.626,59.4,-0.0185,0.0206,0.0147,0.0246,-0.0114,0.0677,0.0102,7.9982,-0.8768,12,4,0,2,3,0.6667,0.0058,3.491
Jay Cutler,2015,15,-0.203643,-0.51653,0.326979,56.0702,0.0992,311,482,0.6452,2.276,3659,7.5913,21,11,29,29,207,7.1379,1,0.0436,0.0228,0.0207,0.4796,92.4965,6.7202,159.609,61.0,0.0079,-0.0133,0.0083,-0.0249,0.001,0.0486,0.0047,8.39,-0.2739,6,9,0,4,9,0.4444,0.0043,2.4476
Baker Mayfield,2025,17,-0.221885,0.00013916,-1.14642,57.8965,0.0868,343,542,0.6328,-2.1161,3693,6.8137,26,11,36,45,391,8.6889,1,0.048,0.0203,0.0277,0.4633,90.7442,6.0277,169.308,60.9,0.0336,0.0125,-0.0041,0.0097,-0.0599,0.0238,0.0027,8.1292,-0.6771,8,9,0,4,9,0.4444,0.0027,1.7941
Alex Smith,2012,9,-0.225863,-0.344995,0.0438516,43.6031,0.1591,153,218,0.7018,5.2337,1737,7.9679,13,5,24,21,142,6.7619,0,0.0596,0.0229,0.0367,0.5146,104.09,6.7562,130.392,64.3,0.004,-0.0304,0.0766,0.0345,-0.0625,0.0786,-0.0077,7.6789,-1.1468,7,2,1,0,0,,0.0039,1.0605
Kyle Orton,2013,1,-0.244319,0.57089,0.57089,3.7537,0.0708,33,51,0.6471,1.4474,398,7.8039,2,2,0,1,8,8.0,0,0.0392,0.0392,0.0,0.5283,85.2533,6.8235,256.802,,-0.0101,0.0996,-0.0405,-0.0653,-0.2061,0.2369,-0.0034,8.3333,-0.3922,0,2,0,0,1,0.0,-0.0028,-0.1477
Alex Smith,2011,16,-0.247424,0.305709,0.277948,31.4574,0.0574,273,444,0.6149,-0.7351,3144,7.0811,17,5,43,33,195,5.9091,2,0.0383,0.0113,0.027,0.438,90.8971,6.1663,111.102,54.5,0.0033,-0.0192,0.0002,0.0707,-0.0631,0.032,-0.0134,7.6104,-1.3559,13,3,0,5,7,0.7143,0.0002,0.1002
Drew Lock,2023,2,-0.259805,-0.0542053,-0.155539,7.8829,0.0866,48,76,0.6316,-5.0828,543,7.1447,3,3,6,4,16,4.0,0,0.0395,0.0395,0.0,0.3626,81.1952,5.3902,127.918,,-0.0276,-0.0108,0.01,0.0394,-0.0941,0.0694,0.0734,8.1711,-1.2368,2,2,0,1,1,1.0,0.0072,0.656
Gardner Minshew,2021,2,-0.266285,-0.231761,-0.00726929,21.3056,0.2803,41,60,0.6833,3.1599,439,7.3167,4,1,5,7,22,3.1429,0,0.0667,0.0167,0.05,0.4868,104.792,6.8154,147.17,66.2,-0.0069,0.0299,0.0419,0.0149,-0.2247,0.3414,0.0181,5.7667,-2.85,2,1,0,0,0,,0.007,0.5307
Kyle Orton,2011,8,-0.267583,-0.278057,-0.324323,10.596,0.0369,150,251,0.5976,-1.8654,1758,7.004,9,9,10,3,23,7.6667,0,0.0359,0.0359,0.0,0.4774,78.0793,5.6667,102.249,53.0,-0.0087,0.0304,0.0104,-0.0321,-0.0235,0.0235,-0.01,7.8924,-0.8725,4,5,0,0,3,0.0,0.0001,0.0335
Jameis Winston,2019,16,-0.269434,-0.437824,-0.953005,71.2997,0.0952,380,624,0.609,0.6668,5109,8.1875,33,30,47,42,262,6.2381,1,0.0529,0.0481,0.0048,0.4913,84.5419,6.1654,133.973,55.7,0.0079,-0.0056,0.022,-0.1095,0.1627,-0.047,-0.0005,10.3862,1.1955,7,9,0,2,7,0.2857,0.0011,0.805
Russell Wilson,2024,11,-0.288754,-0.425465,-0.756982,11.9331,0.0288,214,334,0.6407,4.4718,2482,7.4311,16,5,33,31,165,5.3226,2,0.0479,0.015,0.0329,0.4348,96.1702,6.4251,158.972,47.9,-0.0172,-0.029,-0.0137,0.0138,0.0343,-0.037,0.0006,7.988,-1.0269,6,5,0,1,4,0.25,0.0002,0.0757
Jay Cutler,2009,16,-0.290159,0.646565,-2.24805,-27.8205,-0.0435,336,550,0.6109,0.5614,3666,6.6655,27,26,34,29,179,6.1724,1,0.0491,0.0473,0.0018,0.4304,77.4318,4.851,95.3608,49.9,0.0042,0.0228,0.0036,-0.0665,0.0066,-0.054,0.0062,8.2945,-0.5855,7,9,0,2,7,0.2857,0.0009,0.5756
Joe Flacco,2011,16,-0.296919,0.188636,0.0644989,69.4558,0.1111,312,542,0.5756,-1.8753,3610,6.6605,20,12,31,18,109,6.0556,1,0.0369,0.0221,0.0148,0.4448,80.881,5.7016,107.658,63.7,0.0042,0.0079,-0.0155,0.0211,-0.0056,0.0264,0.0258,9.262,0.2583,12,4,0,1,2,0.5,0.003,1.8657
Carson Palmer,2016,15,-0.303221,-0.00519226,-0.541471,45.1314,0.0658,364,595,0.6118,0.3938,4233,7.1143,26,14,40,5,42,8.4,0,0.0437,0.0235,0.0202,0.4883,87.4685,6.0504,138.315,52.9,-0.0111,-0.013,-0.0012,-0.0097,0.0487,-0.0321,0.0083,9.4706,0.2336,6,8,1,1,5,0.2,0.0036,2.4428
Ryan Fitzpatrick,2018,7,-0.307483,-0.717211,1.22987,48.9343,0.1604,164,246,0.6667,5.2484,2366,9.6179,17,12,14,29,157,5.4138,2,0.0691,0.0488,0.0203,0.5016,100.423,8.0385,219.242,61.0,-0.0138,0.0319,0.0438,-0.1073,0.1709,-0.0275,-0.0151,10.3496,1.3252,2,6,0,0,2,0.0,0.0032,0.9852
Philip Rivers,2020,16,-0.307806,-0.577145,0.378912,115.941,0.1945,369,540,0.6833,0.7446,4169,7.7204,24,11,19,2,6,3.0,0,0.0444,0.0204,0.0241,0.505,97.5231,7.22,176.477,55.0,-0.0286,0.0416,0.0017,0.0067,-0.0504,0.1063,0.0087,7.2,-1.9315,11,5,0,2,5,0.4,0.0055,3.2758
Andy Dalton,2014,16,-0.310944,-0.170921,-0.884416,10.2955,0.0176,309,481,0.6424,1.064,3398,7.0644,19,17,21,45,182,4.0444,4,0.0395,0.0353,0.0042,0.4658,83.4936,5.755,135.084,49.0,0.0039,0.0342,0.0156,-0.049,-0.0983,0.0592,-0.0047,7.7983,-1.0977,10,5,1,3,6,0.5,0.003,1.7774
Jason Campbell,2010,12,-0.312037,0.115609,-0.573089,23.0631,0.054,194,326,0.5951,-0.1387,2387,7.3221,13,8,33,35,229,6.5429,1,0.0399,0.0245,0.0153,0.4192,85.2505,5.7911,81.4117,48.8,0.012,-0.0087,0.0054,0.0316,-0.0752,0.0493,-0.0057,8.5644,-0.5245,8,5,0,2,5,0.4,0.0018,0.7616
Vince Young,2011,3,-0.316311,-0.623337,-0.279422,-6.6075,-0.0465,66,114,0.5789,-1.8211,866,7.5965,4,9,8,15,83,5.5333,0,0.0351,0.0789,-0.0439,0.4437,60.7822,4.1557,93.2541,,-0.0084,0.0306,0.0493,-0.1613,0.0349,-0.0085,-0.0304,11.3421,2.2456,3,2,0,0,0,,-0.0004,-0.0593
Mitchell Trubisky,2020,9,-0.318127,0.316155,0.964319,36.9879,0.1045,199,297,0.67,1.099,2055,6.9192,16,8,18,33,195,5.9091,1,0.0539,0.0269,0.0269,0.5339,93.4834,6.0,170.23,,-0.0015,-0.0053,0.0002,-0.0138,-0.0154,0.0487,-0.0169,7.8283,-0.2492,6,4,0,1,3,0.3333,0.0028,0.9806
Ryan Fitzpatrick,2010,13,-0.329991,-0.857946,1.41078,3.5293,0.0069,255,440,0.5795,-1.1836,2992,6.8,23,15,24,35,271,7.7429,0,0.0523,0.0341,0.0182,0.435,81.9318,5.6724,137.473,52.3,-0.0082,0.0007,-0.0323,-0.0197,0.0765,-0.052,-0.0042,9.0455,0.2455,4,9,0,1,6,0.1667,-0.0003,-0.1416
Baker Mayfield,2020,16,-0.332128,0.202867,1.34075,104.975,0.1829,305,481,0.6341,2.7965,3563,7.4075,26,8,26,38,180,4.7368,1,0.0541,0.0166,0.0374,0.5244,96.8772,7.0237,156.147,65.5,-0.0131,0.009,-0.0253,0.0153,0.1162,-0.0301,0.0023,8.5967,-0.0457,11,5,0,2,5,0.4,0.0069,3.9558
Joe Flacco,2010,16,-0.336588,-0.712196,1.19547,72.0088,0.1235,305,488,0.625,2.741,3608,7.3934,25,10,40,23,102,4.4348,1,0.0512,0.0205,0.0307,0.4494,93.5109,6.3712,126.581,59.1,-0.0058,-0.0289,0.0037,0.0396,0.0505,-0.0119,0.0302,9.0738,0.1557,12,4,0,2,5,0.4,0.0029,1.6723
Jaxson Dart,2025,12,-0.344335,-0.0144525,1.94123,60.2605,0.1248,216,338,0.6391,-0.1931,2272,6.7219,15,5,35,78,492,6.3077,9,0.0444,0.0148,0.0296,0.472,91.9749,5.8847,188.501,57.8,0.0586,-0.0009,0.0309,0.0439,-0.0913,-0.0144,0.0295,8.2041,-1.0888,4,10,0,0,4,0.0,0.0024,1.1415
Andy Dalton,2023,1,-0.349084,0.352534,0.352534,9.3405,0.1374,34,58,0.5862,-5.5063,361,6.2241,2,0,3,3,12,4.0,0,0.0345,0.0,0.0345,0.4412,88.3621,6.1311,237.415,,-0.0043,0.0101,-0.0235,0.084,0.0943,-0.0771,0.0267,8.2241,-1.2241,0,2,0,0,0,,0.0028,0.1921
C.J. Stroud,2025,14,-0.371519,0.158221,1.12499,76.7115,0.1478,273,420,0.65,0.3577,3041,7.2405,19,8,23,36,214,5.9444,1,0.0452,0.019,0.0262,0.4817,93.5615,6.4831,165.518,62.4,0.0106,0.0295,-0.0008,0.0256,0.0334,-0.0227,0.0037,8.1071,-0.9357,9,5,0,0,3,0.0,0.0035,1.8271
Colin Kaepernick,2014,16,-0.372634,0.603941,-1.63306,24.3716,0.0368,289,478,0.6046,-2.0571,3369,7.0481,19,10,52,86,653,7.593,1,0.0397,0.0209,0.0188,0.4449,86.3668,5.5755,121.145,58.1,-0.0018,-0.033,0.0262,0.0304,0.0406,-0.0899,0.0072,9.6674,0.7406,8,8,0,3,6,0.5,0.0008,0.5013
Nick Foles,2019,4,-0.387612,-1.04555,-1.12145,-12.9009,-0.0956,77,117,0.6581,1.4681,736,6.2906,3,2,8,4,23,5.75,0,0.0256,0.0171,0.0085,0.363,84.562,5.168,98.7149,,-0.0094,-0.0506,0.001,0.0322,-0.1256,0.02,-0.0281,8.4615,-1.188,0,4,0,0,0,,-0.0032,-0.431
Charlie Batch,2011,1,-0.388997,0.0891534,0.0891534,1.0264,0.0354,15,24,0.625,0.0468,208,8.6667,0,1,2,0,0,,0,0.0,0.0417,-0.0417,0.4138,72.9167,5.8846,125.717,,-0.0161,-0.0079,-0.0083,-0.0303,-0.0638,0.0924,0.0226,7.875,-0.5,3,0,0,0,0,,-0.0054,-0.1575
Joe Flacco,2012,16,-0.400922,-0.488401,0.298748,39.165,0.0628,317,531,0.597,0.0191,3817,7.1883,22,10,35,19,34,1.7895,3,0.0414,0.0188,0.0226,0.4423,87.7472,6.3251,131.089,51.4,-0.0243,0.0036,-0.023,0.0088,-0.004,0.0143,0.0214,10.0584,0.9454,10,6,0,3,4,0.75,0.0014,0.8453
Matt Schaub,2019,1,-0.404288,0.809427,0.809427,22.2781,0.3183,50,65,0.7692,7.4676,580,8.9231,3,1,2,0,0,,0,0.0462,0.0154,0.0308,0.6,112.34,8.597,325.505,80.2,-0.0206,0.0724,0.089,0.018,0.0624,0.0381,-0.0061,7.5077,-1.7846,0,3,0,0,0,,0.0001,0.0092
Robert Griffin III,2013,13,-0.415428,-0.766562,-1.85434,9.3212,0.0159,274,454,0.6035,-1.3538,3203,7.0551,16,12,38,79,492,6.2278,0,0.0352,0.0264,0.0088,0.442,82.5073,5.5061,126.698,50.4,-0.0028,-0.01,0.0069,0.0136,-0.0125,-0.0196,-0.0195,8.7196,-0.404,3,10,0,1,7,0.1429,-0.0002,-0.1195
Blake Bortles,2016,16,-0.417115,0.365208,0.369286,6.9661,0.0092,368,625,0.5888,-4.475,3905,6.248,23,16,34,51,364,7.1373,3,0.0368,0.0256,0.0112,0.4497,78.7833,5.2322,150.354,43.0,0.017,0.009,-0.0334,-0.0132,-0.041,-0.0266,0.0215,8.224,-0.4144,3,13,0,1,10,0.1,-0.0012,-0.9118
Terrelle Pryor,2012,1,-0.427397,0.343546,0.343546,3.9545,0.086,14,30,0.4667,-9.0911,155,5.1667,2,1,0,10,51,5.1,1,0.0667,0.0333,0.0333,0.4565,70.8333,5.0,198.788,,0.0106,0.0934,-0.0356,0.0027,0.2027,-0.2597,0.0058,11.2667,3.1667,1,2,0,0,0,,-0.0006,-0.0253
Jimmy Garoppolo,2021,15,-0.431034,0.00684082,0.528943,94.6773,0.1856,301,438,0.6872,2.6226,3810,8.6986,20,12,29,21,58,2.7619,3,0.0457,0.0274,0.0183,0.4961,99.4007,7.4283,144.58,59.2,-0.0046,0.0025,0.0332,-0.0145,0.0661,0.047,-0.0079,7.5502,-1.7215,9,6,0,1,5,0.2,0.008,4.0828
Philip Rivers,2025,3,-0.432025,-0.558907,-0.912782,-5.9001,-0.0578,58,92,0.6304,-3.6927,544,5.913,4,3,5,0,0,,0,0.0435,0.0326,0.0109,0.4412,80.163,4.6598,86.4008,,-0.0307,0.0119,-0.0535,-0.0792,-0.133,0.1286,0.0295,7.7935,-1.2283,0,3,0,0,2,0.0,-0.0001,-0.0054
Matthew Stafford,2020,16,-0.43462,0.429378,-1.25095,94.0095,0.1519,339,521,0.6507,-1.0241,4084,7.8388,26,10,38,22,119,5.4091,0,0.0499,0.0192,0.0307,0.5057,97.6048,6.9767,151.523,61.3,-0.0048,-0.0002,-0.0124,-0.0152,0.0555,0.0112,0.0091,8.8712,0.0365,5,11,0,2,4,0.5,0.0043,2.6313
Jay Cutler,2013,11,-0.436127,0.111924,0.740022,15.0165,0.0375,224,351,0.6382,4.8034,2621,7.4672,19,12,19,14,124,8.8571,0,0.0541,0.0342,0.0199,0.48,90.1769,6.2946,146.38,70.1,0.0098,-0.0055,0.014,-0.0528,0.0918,-0.0669,-0.0126,9.2906,0.3447,5,6,0,3,6,0.5,0.002,0.7858
Seneca Wallace,2011,3,-0.442203,-0.360073,-0.32911,-14.2963,-0.1182,55,105,0.5238,-10.287,567,5.4,2,2,6,6,71,11.8333,0,0.019,0.019,0.0,0.3636,66.6468,4.3874,87.1865,59.8,0.0266,0.0055,-0.0478,0.0262,0.018,-0.1789,-0.0145,7.8381,-0.8286,0,5,0,0,3,0.0,-0.0072,-0.8757
Jared Goff,2020,15,-0.444719,-0.668013,-0.53176,27.1353,0.0434,370,550,0.6727,0.9244,3952,7.1855,20,13,23,33,116,3.5152,4,0.0364,0.0236,0.0127,0.4848,90.3561,6.2932,178.972,50.8,-0.0201,0.0048,-0.0122,-0.0203,-0.0695,0.067,-0.015,6.5073,-1.9655,9,6,0,0,3,0.0,0.002,1.227
Baker Mayfield,2023,17,-0.450942,-0.373326,1.78024,78.9678,0.1153,364,566,0.6431,0.2398,4044,7.1449,28,10,40,39,183,4.6923,1,0.0495,0.0177,0.0318,0.4569,94.5745,6.4719,160.105,54.3,-0.0099,0.0152,-0.0103,0.0298,0.0254,0.0171,0.021,8.5583,-0.1166,9,8,0,1,5,0.2,0.0034,2.2969
Mason Rudolph,2023,3,-0.465305,0.180992,0.85195,13.6409,0.1533,55,74,0.7432,12.4109,719,9.7162,3,0,6,7,10,1.4286,0,0.0405,0.0,0.0405,0.4719,118.018,9.2,212.167,70.6,0.0144,-0.0107,0.0003,0.084,-0.1597,0.2345,-0.0367,7.0,-1.1351,3,1,0,0,0,,0.0095,0.8463
Matt Hasselbeck,2011,16,-0.480283,0.565583,0.402405,4.6456,0.0082,315,513,0.614,-1.0235,3518,6.8577,18,14,19,9,64,7.1111,0,0.0351,0.0273,0.0078,0.4364,82.1516,5.8177,119.633,51.4,-0.0055,0.0343,-0.0171,-0.0103,-0.0355,-0.0108,0.0062,7.9493,-1.2534,9,7,0,2,5,0.4,0.001,0.5518
Donovan McNabb,2010,13,-0.481589,0.434976,-1.47731,-15.6159,-0.0284,275,469,0.5864,-3.2843,3377,7.2004,14,15,37,20,158,7.9,0,0.0299,0.032,-0.0021,0.4317,77.572,5.3577,92.8893,47.8,-0.0104,-0.0029,-0.0119,0.0017,-0.057,0.0046,0.0013,8.7164,-0.6716,5,8,0,2,7,0.2857,0.0009,0.4668
Justin Herbert,2025,16,-0.492452,-0.0482776,-0.709684,56.5731,0.0848,340,512,0.6641,1.5749,3727,7.2793,26,13,54,71,510,7.1831,2,0.0508,0.0254,0.0254,0.4873,94.0999,5.9382,159.815,60.8,0.0242,-0.0229,0.023,-0.0209,0.0208,-0.0086,0.0009,7.834,-1.0059,11,5,0,3,5,0.6,0.0024,1.6238
Mitchell Trubisky,2023,2,-0.501624,-0.343196,-0.220321,-14.1405,-0.1047,67,106,0.6321,-2.2354,632,5.9623,4,5,7,13,56,4.3077,2,0.0377,0.0472,-0.0094,0.4667,72.5236,3.9381,117.132,,0.0109,0.0144,-0.0016,-0.0532,-0.0165,-0.0647,-0.0211,9.2736,1.2075,0,5,0,0,2,0.0,-0.0069,-0.9256
Trevor Lawrence,2024,10,-0.508098,-0.651018,-0.987071,8.6034,0.0258,172,283,0.6078,-0.9684,2045,7.2261,11,7,18,22,122,5.5455,3,0.0389,0.0247,0.0141,0.4491,85.4903,6.0133,141.449,56.1,-0.0051,0.0007,-0.0539,0.0032,0.103,-0.0914,-0.0077,9.3958,0.8869,2,8,0,0,4,0.0,-0.0003,-0.084
Kyle Orton,2014,12,-0.526911,-0.0313519,-0.195389,-3.0311,-0.006,287,445,0.6449,-0.955,3018,6.782,18,10,33,6,24,4.0,1,0.0404,0.0225,0.018,0.4458,88.2069,5.7113,131.349,44.5,-0.0142,-0.0179,-0.0074,0.0094,-0.0803,0.0623,-0.015,7.1236,-1.6831,7,5,0,2,5,0.4,-0.0006,-0.3033
Jameis Winston,2025,2,-0.52988,0.247235,0.207612,24.1347,0.3017,37,66,0.5606,-3.0971,567,8.5909,2,2,3,5,25,5.0,1,0.0303,0.0303,0.0,0.4625,82.0707,7.3333,178.09,68.2,0.0229,0.0348,-0.0891,-0.0314,0.2972,-0.0345,0.0333,9.3788,1.3939,0,3,0,0,1,0.0,0.0046,0.3664
Mitchell Trubisky,2022,5,-0.541469,0.21293,-1.43031,6.0624,0.0282,117,179,0.6536,1.608,1252,6.9944,4,5,11,14,43,3.0714,2,0.0223,0.0279,-0.0056,0.4651,81.5061,5.4684,81.5854,,-0.0169,0.0316,0.0257,-0.0144,0.0907,-0.1237,-0.0093,9.7989,0.8436,3,4,0,0,3,0.0,0.004,0.8556
Chris Redman,2009,2,-0.578203,0.525191,0.231832,8.9214,0.0671,69,117,0.5897,-5.3786,781,6.6752,4,3,8,2,7,3.5,0,0.0342,0.0256,0.0085,0.4737,79.7543,5.536,116.668,64.6,-0.0013,0.0066,-0.0368,-0.0272,0.06,0.0028,0.0293,8.4274,-0.641,2,2,0,1,2,0.5,0.0038,0.5078
Blake Bortles,2015,16,-0.579645,-1.30133,2.71095,31.6382,0.0434,355,603,0.5887,-2.9583,4428,7.3433,35,18,51,41,316,7.7073,2,0.058,0.0299,0.0282,0.4582,88.6505,6.1131,150.949,51.4,0.0046,-0.0286,-0.0057,-0.0314,0.0655,-0.0258,-0.0021,9.2206,0.3582,5,11,0,3,9,0.3333,0.0008,0.5768
Sam Bradford,2012,16,-0.581514,0.331571,2.29888,3.9455,0.0063,328,544,0.6029,-2.1072,3702,6.8051,21,13,35,21,136,6.4762,1,0.0386,0.0239,0.0147,0.4554,83.5938,5.7064,119.454,52.9,-0.0018,0.0016,-0.0355,0.008,0.0118,-0.0216,-0.0223,8.2849,-0.4522,7,8,1,3,8,0.375,0.0008,0.4899
Jake Browning,2023,7,-0.596503,0.429319,2.33177,41.3875,0.1361,171,243,0.7037,3.8663,1936,7.9671,12,7,24,23,132,5.7391,3,0.0494,0.0288,0.0206,0.4836,98.3796,6.3371,211.408,60.1,0.0119,-0.0018,0.0419,-0.0249,-0.0242,0.1034,0.0028,6.3951,-2.4074,4,5,0,2,4,0.5,0.0046,1.4084
Derek Carr,2015,16,-0.60105,-0.505616,1.10058,18.3934,0.0283,350,572,0.6119,-2.7759,3987,6.9703,32,13,31,19,150,7.8947,0,0.0559,0.0227,0.0332,0.4446,91.2952,6.3217,170.677,43.1,-0.0058,0.0116,-0.036,-0.0359,0.02,0.0017,0.0059,7.9895,-1.0892,7,9,0,4,12,0.3333,0.001,0.6527
Anthony Richardson,2023,4,-0.604314,-0.303906,0.46022,3.3864,0.028,50,84,0.5952,-7.6875,577,6.869,3,1,7,23,137,5.9565,4,0.0357,0.0119,0.0238,0.4298,87.252,6.1868,167.683,,-0.0094,0.0353,-0.0313,0.0542,-0.026,-0.0151,-0.0067,8.0476,-1.7143,2,2,0,0,2,0.0,0.0003,0.0414
Ryan Fitzpatrick,2013,9,-0.606942,-0.457377,0.105503,53.5126,0.1256,217,347,0.6254,1.039,2454,7.072,14,12,21,35,232,6.6286,3,0.0403,0.0346,0.0058,0.4577,82.7029,5.6658,128.051,58.7,0.0364,0.0069,0.0151,-0.0004,-0.0069,0.0224,-0.0078,8.6772,-0.1585,4,7,0,2,8,0.25,0.0021,0.8943
Carson Wentz,2023,1,-0.610798,0.424569,0.424569,12.2435,0.2662,17,24,0.7083,6.6631,163,6.7917,2,1,2,16,57,3.5625,1,0.0833,0.0417,0.0417,0.5652,99.8264,5.5385,251.984,89.9,0.0241,-0.0035,0.138,-0.0159,0.2499,-0.1937,0.0404,6.625,-1.3333,1,0,0,1,1,1.0,0.0108,0.4956
Teddy Bridgewater,2020,15,-0.610939,-0.771639,0.0937769,64.0558,0.1075,340,490,0.6939,4.0386,3733,7.6184,15,11,31,43,286,6.6512,5,0.0306,0.0224,0.0082,0.4983,92.5,6.3973,178.665,56.8,0.0005,0.0087,0.0381,0.0073,-0.1063,0.0493,0.0009,7.1571,-1.7735,4,11,0,0,9,0.0,0.0023,1.3958
Kirk Cousins,2025,8,-0.611553,-0.5893,-1.40007,8.0912,0.0273,166,266,0.6241,-2.7993,1721,6.4699,10,5,13,7,17,2.4286,1,0.0376,0.0188,0.0188,0.4628,85.7456,5.7957,121.463,,-0.0225,0.0265,-0.0591,-0.0085,-0.0421,0.0526,0.012,7.0263,-1.9737,5,5,0,1,2,0.5,0.0022,0.6658
Chad Henne,2009,13,-0.613131,-0.0624023,0.350749,17.0999,0.0342,274,448,0.6116,-0.0909,2878,6.4241,12,14,26,9,39,4.3333,1,0.0268,0.0312,-0.0045,0.46,75.7254,4.8776,90.8335,53.1,-0.0109,0.0215,0.0026,-0.0116,0.0488,-0.0419,-0.0078,8.433,-0.2545,7,7,0,3,8,0.375,0.0012,0.5846
Ryan Fitzpatrick,2017,3,-0.614515,0.275423,0.435076,14.4737,0.075,96,163,0.589,-1.6116,1103,6.7669,7,3,7,12,81,6.75,0,0.0429,0.0184,0.0245,0.4715,86.0046,6.3176,154.708,59.1,-0.0011,0.0461,-0.0558,0.0217,0.102,-0.0788,0.0045,9.0736,0.1902,3,3,0,0,1,0.0,0.0005,0.0985
Chad Pennington,2010,1,-0.618242,-0.403801,-0.403801,0.9215,0.4607,1,2,0.5,-10.3328,19,9.5,0,0,0,0,0,,0,0.0,0.0,0.0,0.5,83.3333,9.5,7.7419,94.1,-0.0152,0.091,0.074,0.1053,-0.2043,0.3805,-0.0167,4.5,-5.5,1,0,0,0,0,,0.0093,0.0186
Matthew Stafford,2014,16,-0.622645,0.353592,-0.328127,52.1639,0.074,363,599,0.606,-4.6936,4257,7.1068,22,12,45,22,111,5.0455,2,0.0367,0.02,0.0167,0.4567,86.0914,6.0606,125.192,44.7,-0.0029,-0.0021,-0.0314,0.0295,-0.041,0.0675,-0.0027,8.0771,-1.1625,11,5,0,5,8,0.625,0.0036,2.5611
Matthew Stafford,2010,3,-0.622762,0.625878,1.01208,1.4283,0.013,57,94,0.6064,-4.6915,535,5.6915,6,1,4,3,11,3.6667,1,0.0638,0.0106,0.0532,0.4,93.1738,5.8571,159.696,,-0.0108,0.0395,-0.0151,0.0591,-0.1135,-0.0006,0.0084,6.9787,-2.117,1,2,0,1,1,1.0,0.0037,0.4091
Drew Stanton,2010,3,-0.635282,0.738271,0.974013,0.998,0.007,69,117,0.5897,-4.9761,780,6.6667,4,3,6,15,116,7.7333,1,0.0342,0.0256,0.0085,0.4266,79.7187,5.5528,160.798,60.2,0.0407,0.0189,-0.017,0.055,-0.0755,-0.0158,-0.0453,7.2137,-1.8974,3,3,0,2,4,0.5,0.0003,0.0459
Jameis Winston,2022,3,-0.643824,0.113835,-0.844309,-15.1101,-0.1128,73,113,0.646,2.746,858,7.5929,4,5,11,3,11,3.6667,0,0.0354,0.0442,-0.0088,0.4552,80.9181,5.1532,72.751,,-0.0424,0.0033,0.0266,-0.0902,0.1667,-0.2007,-0.0204,11.646,2.5133,1,2,0,1,3,0.3333,0.0,0.0029
Charlie Batch,2010,2,-0.645144,-0.36653,0.103304,1.682,0.0276,29,48,0.6042,2.1042,352,7.3333,3,3,4,3,30,10.0,0,0.0625,0.0625,0.0,0.4262,77.7778,4.9231,114.128,53.4,0.0286,-0.0275,-0.0236,-0.0401,0.1269,-0.0838,0.0012,11.2083,2.3125,2,1,0,0,1,0.0,0.0017,0.1025
Carson Palmer,2009,16,-0.651791,-0.782112,-0.594737,43.6283,0.0803,282,462,0.6104,0.2366,3094,6.697,21,13,26,25,104,4.16,3,0.0455,0.0281,0.0173,0.4825,84.2803,5.5656,109.13,58.6,0.0022,0.0096,-0.0163,0.0222,0.0587,-0.0296,0.0,8.2944,-0.8701,10,6,0,3,6,0.5,0.0033,1.8099
Carson Palmer,2017,7,-0.702689,-0.537949,-0.926451,-8.4065,-0.0266,164,267,0.6142,-0.035,1978,7.4082,9,7,22,6,14,2.3333,0,0.0337,0.0262,0.0075,0.4525,84.4491,5.8581,102.575,50.1,-0.0153,0.0098,-0.0154,-0.0283,0.0876,-0.0952,-0.0061,9.3596,-0.0412,3,4,0,2,4,0.5,0.0009,0.2952
Alex Smith,2010,10,-0.708106,0.383525,0.866417,-6.0032,-0.0154,203,338,0.6006,-2.1584,2367,7.003,14,10,25,11,66,6.0,0,0.0414,0.0296,0.0118,0.4165,82.7909,5.6667,102.126,43.8,-0.0111,-0.0215,-0.0254,0.0054,-0.0779,0.0583,0.0102,7.5473,-1.4497,3,8,0,0,3,0.0,-0.0004,-0.1582
Kevin Kolb,2010,5,-0.711224,-1.28679,-1.37609,-18.1908,-0.0808,115,186,0.6183,0.575,1197,6.4355,7,7,14,12,70,5.8333,0,0.0376,0.0376,0.0,0.4178,77.2849,4.615,55.1504,,-0.0186,-0.0231,0.0303,0.0019,-0.0737,-0.008,-0.0339,8.3441,-1.0161,2,4,0,0,3,0.0,-0.0053,-1.1833
Jacoby Brissett,2025,12,-0.725004,-0.155347,1.18196,8.742,0.0148,315,484,0.6508,1.6353,3366,6.9545,23,8,43,35,169,4.8286,1,0.0475,0.0165,0.031,0.4635,94.2493,6.0304,176.229,41.1,-0.0165,-0.0431,-0.0027,0.0215,-0.0244,0.024,-0.0124,7.6384,-1.5847,2,12,0,0,6,0.0,-0.001,-0.5915
Drake Maye,2024,11,-0.732391,-0.425292,1.06468,8.5896,0.019,225,337,0.6677,2.8359,2276,6.7537,15,10,34,48,423,8.8125,2,0.0445,0.0297,0.0148,0.479,88.3346,5.1132,170.945,55.2,0.0441,-0.0571,0.0362,-0.0205,-0.0461,-0.0063,-0.0083,7.3383,-1.543,3,10,0,0,3,0.0,0.0009,0.4144
Mitchell Trubisky,2019,15,-0.735788,-0.120956,-1.59447,-21.0651,-0.0338,326,513,0.6355,-2.3254,3138,6.117,17,10,38,40,196,4.9,2,0.0331,0.0195,0.0136,0.4462,83.4511,5.0708,112.556,,-0.0157,-0.0033,-0.0045,0.014,-0.0426,-0.0461,0.0001,8.0058,-1.0663,8,7,0,3,8,0.375,-0.0008,-0.5163
Mac Jones,2021,17,-0.739385,0.102054,1.06839,63.2617,0.1032,352,520,0.6769,2.3822,3801,7.3096,22,13,28,33,147,4.4545,0,0.0423,0.025,0.0173,0.5041,92.6362,6.2318,136.774,56.9,-0.0037,0.0073,0.0326,-0.021,0.0412,-0.0296,0.0106,7.9962,-0.9308,10,7,0,2,6,0.3333,0.0025,1.5282
Colt McCoy,2021,3,-0.745015,0.933824,0.497888,20.8298,0.1707,74,99,0.7475,3.5182,740,7.4747,3,1,6,11,46,4.1818,0,0.0303,0.0101,0.0202,0.5164,101.41,6.8095,161.874,60.4,-0.0377,-0.0006,0.0533,0.0388,-0.1574,0.1652,0.0434,5.1717,-3.2626,2,2,0,0,0,,0.0047,0.5693
Eli Manning,2019,4,-0.746942,-0.163831,-0.0454529,-7.1206,-0.0442,91,147,0.619,-2.6077,1042,7.0884,6,5,5,2,8,4.0,0,0.0408,0.034,0.0068,0.4286,82.6389,5.875,138.444,,-0.0169,0.0375,-0.0631,-0.0176,0.0584,-0.0811,-0.0265,8.1565,-0.8095,1,3,0,0,0,,-0.0018,-0.2936
Tyrod Taylor,2017,14,-0.747332,0.0678021,-1.46854,23.4863,0.0418,263,420,0.6262,1.2595,2799,6.6643,14,4,46,68,443,6.5147,4,0.0333,0.0095,0.0238,0.4235,89.1766,5.6717,120.66,56.2,0.0302,-0.0283,0.0318,0.0583,-0.0108,-0.0472,-0.0285,8.569,-0.7452,8,7,0,1,3,0.3333,0.0014,0.8112
Eli Manning,2016,16,-0.75342,-0.232463,-1.41332,-21.0479,-0.0321,377,598,0.6304,-1.6218,4027,6.7341,26,16,21,3,11,3.6667,0,0.0435,0.0268,0.0167,0.4482,86.0229,5.9532,144.634,45.7,-0.0142,0.0125,-0.0526,-0.0137,-0.0568,0.0352,-0.0185,7.8629,-0.7375,11,5,0,3,5,0.6,-0.0001,-0.0627
Josh McCown,2015,8,-0.77144,0.00697083,2.14707,25.4844,0.0716,186,292,0.637,0.7404,2109,7.2226,12,4,23,17,99,5.8235,1,0.0411,0.0137,0.0274,0.4747,93.2506,6.4508,170.505,52.9,-0.0021,-0.0408,0.0108,0.0423,-0.0248,-0.0064,0.0257,7.7869,-1.0275,1,7,0,1,6,0.1667,0.0012,0.4207
Nick Foles,2021,1,-0.777952,-0.0913593,-0.0913593,10.6277,0.2415,24,35,0.6857,2.478,250,7.1429,1,0,4,3,9,3.0,0,0.0286,0.0,0.0286,0.5227,98.5119,6.3846,111.743,,0.0034,-0.0179,-0.0388,0.0861,-0.172,0.2265,0.0885,5.6571,-4.2286,1,0,0,1,1,1.0,0.0073,0.32
Drew Lock,2021,3,-0.778807,0.20403,0.159697,-2.1603,-0.0154,67,110,0.6091,-3.3091,787,7.1545,2,2,9,10,53,5.3,2,0.0182,0.0182,0.0,0.4214,81.1364,5.7563,138.221,,-0.0248,0.0279,-0.0467,0.0276,-0.0358,-0.0567,0.0274,10.0636,0.4273,1,5,0,0,3,0.0,-0.0012,-0.17
Josh Allen,2018,11,-0.789252,1.36765,1.54346,2.3251,0.0051,168,319,0.5266,-6.881,2044,6.4075,10,12,28,81,637,7.8642,8,0.0313,0.0376,-0.0063,0.427,67.4438,4.2968,136.351,49.8,0.0707,0.0068,-0.0177,0.0005,-0.0402,-0.0803,-0.0122,11.0,1.373,5,7,0,2,4,0.5,-0.0004,-0.1782
Matt Leinart,2011,1,-0.794022,0.0529477,0.0529477,-3.453,-0.2302,10,13,0.7692,7.6047,57,4.3846,1,0,0,0,0,,0,0.0769,0.0,0.0769,0.4,110.096,5.9231,107.445,,-0.0162,0.0972,0.0855,0.1047,-0.5572,0.0813,-0.0728,1.3846,-7.1538,1,0,0,0,0,,-0.009,-0.1346
Ryan Fitzpatrick,2012,16,-0.80228,0.25641,-0.192781,5.4855,0.0093,306,503,0.6083,-1.5371,3400,6.7594,24,16,30,39,204,5.2308,1,0.0477,0.0318,0.0159,0.4322,83.5943,5.6266,120.435,45.2,-0.0129,-0.0064,-0.0033,-0.0109,-0.0617,0.0423,-0.0038,7.7654,-1.2883,6,10,0,0,4,0.0,-0.0006,-0.3703
Nick Mullens,2023,3,-0.804893,0.132252,-0.0840625,17.0916,0.0971,100,147,0.6803,5.6518,1306,8.8844,7,8,12,10,25,2.5,0,0.0476,0.0544,-0.0068,0.4489,88.9881,6.1698,126.514,,-0.0255,0.0033,0.0475,-0.0494,0.1006,-0.0095,0.0034,9.3878,-0.068,1,4,0,0,1,0.0,0.0043,0.7628
Jason Campbell,2013,8,-0.814618,-0.247218,0.245109,-16.7494,-0.047,180,316,0.5696,-4.2511,2015,6.3766,11,8,16,13,108,8.3077,0,0.0348,0.0253,0.0095,0.4129,77.1756,5.3554,134.559,43.3,0.008,0.004,-0.0468,0.0123,-0.0784,-0.0011,-0.0046,7.5778,-0.9683,1,8,0,0,5,0.0,-0.0011,-0.3742
Tyler Shough,2025,9,-0.820522,0.205378,1.60368,5.508,0.0135,221,324,0.6821,1.6082,2384,7.358,10,6,31,37,197,5.3243,3,0.0309,0.0185,0.0123,0.4474,92.1553,5.969,168.511,49.2,0.0008,-0.0438,0.0518,0.011,-0.0028,-0.0489,-0.0231,8.3611,-0.571,5,6,0,2,4,0.5,0.0032,1.3005
Tua Tagovailoa,2021,12,-0.833756,0.342257,0.105005,33.3391,0.072,263,387,0.6796,1.9254,2653,6.8553,16,10,20,26,138,5.3077,3,0.0413,0.0258,0.0155,0.4881,90.2939,5.8256,141.246,55.7,-0.0067,0.0198,0.0099,-0.0133,-0.0031,0.014,-0.0144,7.0672,-1.4109,8,5,0,0,2,0.0,0.0047,2.1594
Matt Hasselbeck,2012,5,-0.840126,0.0399469,0.311872,-29.3265,-0.1168,138,221,0.6244,-1.0785,1367,6.1855,7,5,14,6,45,7.5,0,0.0317,0.0226,0.009,0.4303,81.0238,5.017,118.317,45.5,-0.0095,-0.0154,-0.0084,-0.0328,-0.0152,-0.076,-0.0255,7.724,-1.2353,3,5,0,2,2,1.0,0.001,0.2525
Sam Darnold,2023,1,-0.847026,0.12509,0.12509,5.1581,0.0832,28,45,0.6222,-1.4349,297,6.6,2,1,6,7,28,4.0,1,0.0444,0.0222,0.0222,0.5323,86.9907,4.9412,164.983,,0.0028,-0.0582,0.0387,0.0361,0.0086,-0.0064,0.0345,8.2444,-0.8,4,2,0,0,1,0.0,-0.0035,-0.218
Mitchell Trubisky,2024,1,-0.858907,0.0712634,0.0712634,8.1588,0.272,19,26,0.7308,5.7728,179,6.8846,2,0,0,4,12,3.0,0,0.0769,0.0,0.0769,0.4,117.308,8.4231,166.619,57.8,-0.0874,0.1048,0.063,0.0764,-0.4281,0.4858,-0.0195,5.4615,-3.7692,3,2,0,0,0,,0.0025,0.0742
Joe Flacco,2018,9,-0.864558,-0.241146,0.00763611,42.1132,0.0979,232,376,0.617,-2.6123,2466,6.5585,12,6,16,12,52,4.3333,0,0.0319,0.016,0.016,0.4767,84.8183,6.0128,160.781,54.8,-0.0069,0.0544,-0.0379,0.0375,0.0291,-0.0801,0.0243,8.609,-0.1596,4,5,0,0,4,0.0,0.0024,1.0473
Joe Flacco,2025,10,-0.872291,-0.397565,0.0528418,-35.0549,-0.0749,251,412,0.6092,-2.8235,2479,6.017,15,10,18,12,52,4.3333,1,0.0364,0.0243,0.0121,0.4295,79.9454,5.1419,138.003,40.6,-0.0145,0.012,-0.0406,-0.0262,-0.0559,-0.0141,-0.0039,7.3981,-1.5607,4,9,0,2,6,0.3333,-0.0021,-0.9818
Drew Lock,2024,5,-0.888614,0.111127,0.0264551,-30.3849,-0.1407,107,180,0.5944,-6.0963,1071,5.95,6,5,12,13,138,10.6154,2,0.0333,0.0278,0.0056,0.4259,75.9491,4.5729,140.232,,0.0348,-0.0248,-0.0681,-0.0603,-0.0805,0.0149,-0.0337,6.15,-3.1889,1,6,0,0,2,0.0,-0.0044,-0.9547
Andy Dalton,2017,16,-0.891977,0.404228,-1.59098,-27.679,-0.0477,297,495,0.6,-1.6825,3320,6.7071,25,12,39,19,117,6.1579,0,0.0505,0.0242,0.0263,0.4259,86.7635,5.6648,111.856,44.6,-0.0158,-0.019,-0.0324,-0.0098,-0.0232,0.0146,0.0017,8.2101,-0.6586,7,9,0,3,5,0.6,0.0007,0.3931
Derek Carr,2022,15,-0.901993,-0.835138,-0.917581,40.7063,0.0709,305,502,0.6076,-2.8706,3522,7.0159,24,14,27,18,106,5.8889,0,0.0478,0.0279,0.0199,0.4321,86.2633,6.0132,130.008,57.6,-0.02,0.0276,-0.0316,-0.0255,0.0631,-0.001,0.014,9.1673,-0.2948,6,9,0,4,11,0.3636,0.002,1.1421
Colt McCoy,2022,3,-0.904054,-0.637735,-0.695384,-31.8877,-0.1933,90,132,0.6818,-0.2532,780,5.9091,1,3,13,11,37,3.3636,0,0.0076,0.0227,-0.0152,0.4,76.5783,3.9172,84.3695,,-0.0182,-0.0207,-0.0229,0.0021,-0.1265,-0.0566,0.0052,6.0682,-2.8106,1,3,0,0,0,,-0.0022,-0.3619
Ben Roethlisberger,2021,16,-0.916137,-0.00809753,-3.60571,-16.8924,-0.0245,390,603,0.6468,-2.3932,3740,6.2023,22,10,38,7,17,2.4286,1,0.0365,0.0166,0.0199,0.4151,87.075,5.4462,119.673,41.3,-0.0199,-0.006,-0.0327,0.0259,-0.1155,0.0391,0.019,6.7479,-1.8955,9,7,0,6,8,0.75,0.0007,0.4929
Tyler Huntley,2025,2,-0.917534,0.300076,0.667059,16.7665,0.1747,52,66,0.7879,12.9309,426,6.4545,2,0,8,19,156,8.2105,0,0.0303,0.0,0.0303,0.5208,103.662,5.7838,227.737,80.8,0.1184,0.0085,0.0819,0.0787,-0.0454,-0.1148,-0.0185,6.5,-3.0303,2,2,0,0,1,0.0,0.0041,0.3925
Joe Burrow,2020,10,-0.917668,-0.147614,1.47797,48.2702,0.1001,264,401,0.6584,2.1007,2688,6.7032,13,5,32,30,140,4.6667,3,0.0324,0.0125,0.02,0.4876,90.4873,5.7552,168.175,48.5,-0.0173,-0.0224,0.0151,0.0342,0.0522,-0.0593,-0.0108,8.5725,-0.325,2,7,1,0,3,0.0,0.003,1.4592
Marcus Mariota,2022,13,-0.918653,-0.201577,0.462332,15.9393,0.0385,184,296,0.6216,-0.6461,2219,7.4966,15,9,28,73,445,6.0959,4,0.0507,0.0304,0.0203,0.4903,89.344,5.9228,130.464,57.7,0.0077,-0.0138,0.0305,-0.0047,0.0669,-0.0947,0.0024,10.4493,1.473,5,8,0,2,7,0.2857,0.0014,0.5784
Matt Moore,2019,2,-0.9442,0.131566,0.620497,8.6555,0.084,59,90,0.6556,-0.556,659,7.3222,4,0,8,1,3,3.0,0,0.0444,0.0,0.0444,0.466,102.037,6.8776,198.047,57.5,-0.0248,-0.0002,-0.0184,0.0833,-0.0252,0.0035,0.001,7.0,-1.4444,3,1,0,1,2,0.5,0.004,0.4154
Mark Brunell,2009,1,-0.948211,-0.357044,-0.357044,-17.4083,-0.544,15,30,0.5,-10.7457,102,3.4,0,1,1,0,0,,0,0.0,0.0333,-0.0333,0.2812,44.0278,1.5484,7.5668,,-0.0134,0.0648,-0.1628,-0.0265,-0.4038,-0.0434,0.0075,2.0333,-6.9667,2,1,0,0,0,,-0.0128,-0.4091
Colin Kaepernick,2016,11,-0.950415,-0.0484113,0.931269,3.4918,0.0078,196,330,0.5939,-4.7465,2241,6.7909,16,4,36,62,476,7.6774,2,0.0485,0.0121,0.0364,0.4315,90.9848,5.9399,149.072,49.2,0.0541,-0.0351,0.0017,0.0345,-0.0535,-0.0405,-0.029,8.0667,-1.2788,1,10,0,1,3,0.3333,-0.0014,-0.6448
Tyler Huntley,2023,1,-0.985241,-0.141481,-0.141481,5.0184,0.0965,21,37,0.5676,-7.0784,203,5.4865,3,0,4,11,59,5.3636,0,0.0811,0.0,0.0811,0.4231,99.268,5.7317,93.2282,56.7,-0.0019,0.0138,-0.0697,0.084,0.1662,-0.1003,-0.0227,6.7297,-1.7838,4,1,0,0,1,0.0,-0.0032,-0.1689
Philip Rivers,2012,16,-0.988398,0.0415219,-2.82585,4.9262,0.0079,338,525,0.6438,2.8971,3606,6.8686,26,15,49,18,49,2.7222,0,0.0495,0.0286,0.021,0.4551,88.9563,5.4704,97.9154,43.5,-0.0282,-0.0579,0.0204,0.0059,-0.0292,0.025,0.0058,7.5543,-1.4362,7,9,0,0,6,0.0,-0.0011,-0.7047
Ryan Tannehill,2022,12,-1.00583,-0.486347,-0.824717,29.4314,0.0734,212,324,0.6543,0.5388,2536,7.8272,13,6,33,22,109,4.9545,2,0.0401,0.0185,0.0216,0.4788,94.8817,6.409,115.959,51.2,-0.0008,-0.0398,0.0016,0.0082,0.032,0.0404,-0.0125,7.8148,-1.0432,6,6,0,0,3,0.0,0.0033,1.3074
Alex Smith,2018,10,-1.00813,-1.00288,-3.15375,9.5267,0.0236,205,326,0.6288,-1.7018,2180,6.6871,10,5,22,34,173,5.0882,1,0.0307,0.0153,0.0153,0.469,86.1835,5.8448,118.64,46.9,0.0178,0.0202,-0.0221,0.0104,-0.008,-0.0678,-0.0043,8.1538,-0.8277,6,4,0,0,1,0.0,0.0005,0.1967
Sam Darnold,2025,17,-1.00822,-0.170651,-0.285806,81.6553,0.1485,323,473,0.6829,5.2382,4048,8.5581,25,14,27,20,108,5.4,0,0.0529,0.0296,0.0233,0.5327,99.9339,7.464,161.236,55.7,-0.019,-0.0035,0.035,-0.0531,0.0721,0.0449,0.0042,7.9154,-0.9894,14,3,0,2,5,0.4,0.0018,0.9806
Joe Flacco,2009,16,-1.00912,-0.666346,0.27243,59.0021,0.0995,315,497,0.6338,2.8089,3613,7.2696,21,12,37,27,68,2.5185,0,0.0423,0.0241,0.0181,0.4688,89.2145,6.1217,112.133,58.5,-0.0073,0.0058,0.0186,0.0306,0.0276,-0.0132,0.0038,8.7062,-0.2113,9,7,0,1,7,0.1429,0.0014,0.833
Terrelle Pryor,2013,9,-1.0099,0.428542,-0.491094,-23.7921,-0.0601,156,271,0.5756,-3.5722,1798,6.6347,7,11,31,77,580,7.5325,2,0.0258,0.0406,-0.0148,0.4217,69.3958,4.106,109.996,,0.0277,-0.0166,0.0237,-0.0191,-0.0527,-0.0628,-0.0201,7.8037,-1.537,3,8,0,0,3,0.0,-0.0013,-0.525
Brian Hoyer,2016,5,-1.02352,-0.575693,2.06502,21.2429,0.0993,134,198,0.6768,3.3986,1445,7.298,6,0,4,2,2,1.0,0,0.0303,0.0,0.0303,0.4813,98.9899,7.6584,220.947,55.1,-0.0214,0.0564,-0.0203,0.0831,-0.0633,0.0301,-0.0412,7.9091,-1.1465,1,5,0,0,2,0.0,0.0004,0.08
Matt Leinart,2009,1,-1.03905,0.156858,0.156858,-16.5818,-0.1998,51,77,0.6623,3.1877,435,5.6494,0,3,2,1,1,1.0,0,0.0,0.039,-0.039,0.4096,64.5833,3.6456,120.924,69.8,-0.0253,0.0492,0.0097,-0.0858,-0.0742,-0.0878,-0.0192,8.0909,-1.1169,4,3,0,0,1,0.0,0.0003,0.026
Byron Leftwich,2009,3,-1.04995,-0.622111,-0.0371207,-10.5709,-0.0896,58,107,0.5421,-1.9231,594,5.5514,4,3,2,3,7,2.3333,0,0.0374,0.028,0.0093,0.3475,71.1643,4.945,93.1581,61.0,-0.0138,0.0847,-0.0657,-0.0534,0.0294,-0.0947,-0.0097,9.2991,0.5234,0,3,0,0,0,,-0.0032,-0.3721
Tyler Thigpen,2010,1,-1.05081,-0.590404,-0.590404,-8.4584,-0.1032,33,62,0.5323,-6.9991,435,7.0161,2,2,8,10,72,7.2,0,0.0323,0.0323,0.0,0.3902,72.9839,4.7857,-45.0578,,-0.0072,-0.0598,-0.0285,0.0557,0.0573,-0.1721,0.0055,10.9194,1.5323,2,3,0,0,0,,-0.0023,-0.1873
Case Keenum,2021,2,-1.07097,0.0271136,0.154487,-3.1714,-0.0373,47,72,0.6528,-0.6546,462,6.4167,3,1,5,8,26,3.25,0,0.0417,0.0139,0.0278,0.5176,91.3194,5.8182,142.015,,0.0343,-0.0845,-0.0407,0.0526,-0.2254,0.1828,-0.0219,5.8333,-2.4722,3,2,0,0,0,,0.0018,0.1494
Philip Rivers,2016,16,-1.07765,0.14481,-1.51927,61.4532,0.094,349,577,0.6049,0.2148,4386,7.6014,33,21,36,7,41,5.8571,0,0.0572,0.0364,0.0208,0.4694,88.0596,6.3834,140.175,58.7,-0.011,-0.0124,-0.0035,-0.0637,0.027,0.0722,0.0097,8.4159,-0.3882,5,11,0,1,9,0.1111,0.0013,0.8653
Davis Mills,2021,11,-1.07824,0.795201,1.67265,-47.6977,-0.1015,263,392,0.6709,-0.2197,2664,6.7959,16,10,31,15,47,3.1333,0,0.0408,0.0255,0.0153,0.434,89.2857,5.5035,121.964,41.2,-0.0383,-0.016,-0.0219,-0.0052,-0.0546,-0.0281,-0.003,7.3189,-1.6786,2,11,0,0,3,0.0,-0.0004,-0.1673
Marcus Mariota,2025,9,-1.0829,-0.335056,0.111455,11.5778,0.0381,139,225,0.6178,3.1971,1695,7.5333,10,7,16,44,303,6.8864,1,0.0444,0.0311,0.0133,0.4868,86.8056,6.112,152.579,,-0.0087,0.004,-0.0197,-0.0431,0.1225,-0.0826,-0.0029,10.1956,1.1867,2,8,0,0,1,0.0,0.0009,0.2651
Sam Bradford,2010,16,-1.08394,-0.759464,-1.03787,-43.2816,-0.0648,352,585,0.6017,-4.4203,3475,5.9402,18,15,34,17,72,4.2353,1,0.0308,0.0256,0.0051,0.4222,76.5491,4.7108,87.2515,46.9,-0.0146,0.008,-0.0297,-0.0044,-0.136,0.0695,-0.0037,6.6889,-2.0137,7,9,0,0,4,0.0,-0.002,-1.3352
Sam Darnold,2019,13,-1.08834,-0.124639,0.431925,-5.195,-0.01,273,439,0.6219,1.0426,3024,6.8884,19,13,33,13,77,5.9231,2,0.0433,0.0296,0.0137,0.4344,84.6953,5.5233,118.107,45.6,-0.0064,-0.0055,-0.015,-0.0236,-0.0387,0.0255,-0.0113,8.5535,-0.0478,7,6,0,2,4,0.5,0.0002,0.1175
Gardner Minshew,2023,13,-1.08899,-0.256382,-1.19504,12.7821,0.0221,305,490,0.6224,-3.2766,3305,6.7449,15,9,34,23,114,4.9565,3,0.0306,0.0184,0.0122,0.4343,84.6088,5.75,119.058,59.6,-0.0172,-0.0052,-0.0354,0.0176,-0.0179,0.0519,0.0012,7.3041,-1.4367,9,7,0,1,4,0.25,0.0018,1.0493
Matthew Stafford,2018,16,-1.09041,0.301523,-1.82,29.1875,0.045,367,554,0.6625,-2.11,3777,6.8177,21,11,40,17,80,4.7059,0,0.0379,0.0199,0.0181,0.4515,90.0572,5.803,140.561,51.3,-0.0262,-0.0042,-0.0057,0.0127,-0.0656,0.0405,0.0162,6.9242,-2.0487,6,10,0,0,5,0.0,0.0014,0.9239
Bryce Young,2025,16,-1.09074,0.231387,-0.00759583,13.653,0.0238,304,476,0.6387,0.9989,3011,6.3256,23,11,27,37,234,6.3243,2,0.0483,0.0231,0.0252,0.452,88.139,5.5149,132.658,47.7,-0.0031,0.005,-0.0134,-0.0122,-0.0343,0.003,0.0104,6.5147,-2.0126,8,8,0,4,8,0.5,0.0016,0.9404
Tim Tebow,2011,11,-1.09384,-0.97189,-1.62488,-43.4067,-0.1,126,268,0.4701,-8.0983,1729,6.4515,12,6,33,117,663,5.6667,6,0.0448,0.0224,0.0224,0.3848,73.7407,4.897,87.1642,38.6,0.0193,-0.053,0.0152,0.0399,-0.0138,-0.1537,-0.0009,13.0261,3.9888,7,6,0,5,7,0.7143,-0.0014,-0.615
Justin Fields,2025,9,-1.10505,0.217464,-1.01745,-10.985,-0.036,128,202,0.6337,-1.8688,1242,6.1485,7,1,27,65,387,5.9538,4,0.0347,0.005,0.0297,0.4492,89.9959,5.0,128.06,,0.019,-0.0323,0.0324,0.0611,-0.0454,-0.1097,-0.0296,6.8267,-2.1485,2,7,0,1,4,0.25,-0.004,-1.2298
Jimmy Garoppolo,2024,1,-1.12141,0.288073,0.288073,1.0361,0.0225,27,41,0.6585,-3.0715,334,8.1463,2,1,3,2,5,2.5,0,0.0488,0.0244,0.0244,0.4783,97.002,7.1364,216.939,,-0.0787,-0.0234,-0.0442,0.0002,-0.0968,0.2079,-0.0195,5.3902,-2.0732,0,1,0,0,1,0.0,-0.0025,-0.1141
EJ Manuel,2017,1,-1.12887,-0.193877,-0.193877,-10.7502,-0.215,24,43,0.5581,-2.7584,265,6.1628,1,1,4,2,15,7.5,0,0.0233,0.0233,0.0,0.42,72.3353,4.4894,73.5838,57.0,0.0228,-0.0385,-0.0299,0.0512,0.1255,-0.3464,-0.036,9.5581,-0.6744,0,2,0,0,1,0.0,-0.0091,-0.4548
Donovan McNabb,2011,6,-1.13498,-0.321208,-0.600227,-10.9201,-0.0575,94,156,0.6026,-3.1374,1026,6.5769,4,2,16,11,61,5.5455,1,0.0256,0.0128,0.0128,0.4053,82.906,5.25,70.2971,54.6,0.0224,-0.0273,-0.0408,0.053,0.0063,-0.1235,0.0056,7.891,-0.9038,1,5,0,0,4,0.0,-0.0051,-0.9763
Christian Ponder,2012,16,-1.14602,0.779405,1.31423,15.9445,0.0273,300,483,0.6211,-2.3841,2935,6.0766,18,12,32,43,271,6.3023,2,0.0373,0.0248,0.0124,0.4418,81.2327,4.9922,108.101,52.6,-0.0044,-0.0052,0.0083,0.0261,-0.1424,0.0658,0.0132,6.9234,-1.4141,10,6,0,1,3,0.3333,0.002,1.1538
Mark Sanchez,2011,16,-1.14761,-0.188864,-1.00749,-34.2864,-0.0533,307,539,0.5696,-3.8988,3474,6.4453,26,18,39,25,110,4.4,6,0.0482,0.0334,0.0148,0.4246,78.5676,5.0882,94.281,42.1,0.0061,-0.0171,-0.011,-0.0356,-0.0226,-0.0401,0.02,8.1317,-0.833,8,8,0,4,7,0.5714,-0.0019,-1.2235
Mark Brunell,2010,1,-1.15419,-0.108134,-0.108134,-0.9361,-0.0624,7,13,0.5385,2.3956,117,9.0,2,1,1,0,0,,0,0.1538,0.0769,0.0769,0.4667,91.9872,7.5,60.8682,62.9,-0.0152,0.005,-0.0595,-0.4377,0.5802,-0.1527,-0.0167,12.2308,5.6923,2,0,0,0,0,,-0.0045,-0.0677
Mark Sanchez,2010,15,-1.16243,0.482917,0.442992,6.8943,0.0121,278,502,0.5538,-5.3718,3291,6.5558,17,13,27,19,115,6.0526,3,0.0339,0.0259,0.008,0.4246,76.0458,5.4348,93.8478,51.3,0.001,0.0197,-0.0794,0.033,0.0467,-0.0589,0.0016,9.2849,0.6713,10,5,0,3,7,0.4286,0.0041,2.3139
Charlie Batch,2012,2,-1.16382,0.331584,-0.28229,-6.676,-0.0834,45,70,0.6429,1.4495,475,6.7857,1,4,3,0,0,,0,0.0143,0.0571,-0.0429,0.4625,64.881,4.1507,67.1771,,-0.0181,0.0426,0.051,-0.0825,-0.1155,-0.0304,0.0033,9.4714,-0.2286,1,1,0,1,2,0.5,0.0006,0.0502
Desmond Ridder,2023,13,-1.16411,0.579599,0.50953,-22.2253,-0.0465,249,386,0.6451,-1.3355,2836,7.3472,12,12,31,40,201,5.025,5,0.0311,0.0311,0.0,0.4728,83.8623,5.6091,120.879,40.1,-0.0108,-0.0052,-0.0207,-0.0446,0.0288,-0.0204,-0.0005,8.2461,-0.5829,6,9,0,2,5,0.4,0.0011,0.5271
Shaun Hill,2014,8,-1.17072,-0.25688,-1.02404,-30.51,-0.113,145,229,0.6332,-2.4026,1657,7.2358,8,7,18,3,13,4.3333,1,0.0349,0.0306,0.0044,0.4481,83.9065,5.6113,82.4947,,-0.0146,-0.0263,-0.0245,-0.0296,-0.0954,0.0481,-0.0277,7.8908,-1.6507,3,5,0,0,3,0.0,-0.0026,-0.7097
Marcus Mariota,2015,12,-1.18739,-0.738661,0.293033,22.9912,0.0491,230,367,0.6267,0.7848,2818,7.6785,19,10,38,31,253,8.1613,2,0.0518,0.0272,0.0245,0.4658,92.2059,6.1481,138.778,48.4,0.008,-0.0745,0.0187,-0.0017,0.0763,-0.0695,0.0248,9.3488,0.0736,3,9,0,2,6,0.3333,0.001,0.4644
Geno Smith,2017,1,-1.19141,-0.0701532,-0.0701532,-8.8651,-0.2062,21,36,0.5833,-5.8102,212,5.8889,1,0,3,3,13,4.3333,0,0.0278,0.0,0.0278,0.3953,84.4907,5.641,99.8583,39.8,-0.0161,-0.1641,-0.0576,0.0907,-0.0549,-0.0421,0.0015,5.6389,-2.0833,0,2,0,0,0,,-0.0087,-0.3727
Tarvaris Jackson,2010,1,-1.19472,-0.802086,-0.802086,-9.0215,-0.1271,34,58,0.5862,-4.4679,341,5.8793,3,4,6,5,63,12.6,0,0.0517,0.069,-0.0172,0.4225,63.9368,2.7812,-96.284,,0.0445,-0.0242,0.057,-0.1861,0.0518,-0.1326,0.0166,8.5862,-0.5,1,2,0,0,0,,-0.0004,-0.0316
Jake Locker,2013,7,-1.20372,-0.707282,0.497024,26.6553,0.1185,111,182,0.6099,1.3929,1256,6.9011,8,4,16,19,160,8.4211,2,0.044,0.022,0.022,0.4489,87.1566,5.7121,127.069,55.2,0.0489,0.0195,-0.0132,0.0395,0.0428,-0.077,-0.0023,9.8242,0.9451,4,3,0,1,2,0.5,0.0043,0.9647
Charlie Whitehurst,2010,2,-1.20901,0.552038,0.288002,-24.518,-0.2043,57,99,0.5758,-5.6802,507,5.1212,2,3,5,12,50,4.1667,1,0.0202,0.0303,-0.0101,0.3417,65.5093,3.8365,109.328,,0.0231,0.0463,-0.0307,-0.0247,-0.1897,-0.0506,-0.024,7.0707,-2.4848,2,3,0,0,0,,-0.0051,-0.6126
Geno Smith,2021,3,-1.21037,0.309908,-0.186992,5.0155,0.0418,65,94,0.6915,6.505,702,7.4681,5,1,13,7,44,6.2857,1,0.0532,0.0106,0.0426,0.45,104.122,5.9813,105.38,,0.0048,-0.0964,0.0403,0.0606,-0.0393,0.0029,0.0033,7.0638,-2.0106,1,3,0,0,3,0.0,-0.0034,-0.411
Eli Manning,2017,15,-1.21478,-0.745892,-0.832005,-54.8492,-0.0854,352,571,0.6165,-3.6361,3468,6.0736,19,13,32,5,35,7.0,1,0.0333,0.0228,0.0105,0.4424,80.367,5.0978,123.879,47.6,-0.0222,-0.0086,-0.0532,0.0194,-0.0285,-0.0106,-0.0182,7.3175,-1.0596,3,12,0,0,8,0.0,-0.0009,-0.587
Malik Willis,2025,1,-1.22617,1.18608,1.18608,41.0481,0.733,30,35,0.8571,21.9849,422,12.0571,3,0,3,16,127,7.9375,2,0.0857,0.0,0.0857,0.6964,145.476,12.2895,466.24,93.3,0.1914,0.044,0.1715,0.0787,0.2591,-0.0671,-0.0129,10.1143,1.6286,2,2,0,0,0,,0.0207,1.1594
Jimmy Garoppolo,2023,6,-1.23663,-1.0258,-1.51555,-12.699,-0.0619,110,168,0.6548,-1.9459,1205,7.1726,7,9,14,13,47,3.6154,0,0.0417,0.0536,-0.0119,0.4829,78.1002,4.6099,82.7282,,-0.0248,-0.0222,0.013,-0.1141,0.0723,-0.0199,0.0067,8.131,-0.75,4,3,0,1,2,0.5,0.0021,0.4204
Andrew Luck,2012,16,-1.23743,0.187337,-0.46649,78.3989,0.1048,339,619,0.5477,-4.3137,4374,7.0662,23,18,41,42,270,6.4286,5,0.0372,0.0291,0.0081,0.4759,77.4334,5.7242,112.942,64.3,0.0292,0.0034,-0.0191,-0.0158,0.0528,-0.0279,0.0162,10.3053,1.1648,11,5,0,4,6,0.6667,0.0053,3.9458
EJ Manuel,2015,2,-1.246,-0.149635,0.284491,-10.5453,-0.0986,52,83,0.6265,0.2898,561,6.759,3,3,6,16,66,4.125,1,0.0361,0.0361,0.0,0.486,79.4428,4.9551,152.184,,0.0298,-0.0235,0.0044,-0.0312,0.092,-0.2307,-0.0061,8.8795,-0.988,0,3,0,0,1,0.0,-0.0048,-0.5135
Chad Henne,2011,4,-1.24679,-0.479711,0.236431,21.2535,0.1507,64,112,0.5714,1.1564,868,7.75,4,4,11,13,113,8.6923,1,0.0357,0.0357,0.0,0.461,79.0179,5.6992,109.131,62.5,0.072,-0.0096,-0.0064,0.0301,-0.0209,0.0324,0.0063,9.1786,0.0714,0,4,0,0,2,0.0,0.0001,0.008
Tyrod Taylor,2023,5,-1.24968,0.505117,0.756863,7.7923,0.0323,116,174,0.6667,4.385,1341,7.7069,5,3,17,33,201,6.0909,0,0.0287,0.0172,0.0115,0.444,92.1456,6.3455,152.569,,-0.0093,0.0119,0.0051,0.0467,0.0104,-0.0426,-0.0169,8.8621,-0.4655,2,8,0,0,3,0.0,-0.0011,-0.2574
Baker Mayfield,2019,16,-1.25636,-0.727507,-1.99684,15.9947,0.0247,317,532,0.5959,-2.9552,3827,7.1936,22,21,40,24,144,6.0,3,0.0414,0.0395,0.0019,0.4414,79.0492,5.3094,106.057,54.4,0.0012,0.0007,0.0061,-0.0551,0.0159,-0.0214,0.0124,8.4887,-0.6165,6,10,0,1,5,0.2,0.0001,0.086
Jameis Winston,2024,7,-1.26509,-1.07099,-0.312882,-10.6222,-0.03,181,295,0.6136,-1.775,2121,7.1898,13,12,24,24,84,3.5,1,0.0441,0.0407,0.0034,0.4463,80.911,5.3636,142.338,52.2,0.0117,-0.0075,-0.0188,-0.1199,0.117,-0.0817,-0.0077,8.9492,0.1627,3,8,0,2,5,0.4,0.0,-0.0084
Jason Campbell,2012,1,-1.26532,-0.874322,-0.874322,-11.5666,-0.1753,32,51,0.6275,2.5529,265,5.1961,2,2,6,4,31,7.75,0,0.0392,0.0392,0.0,0.4091,72.7533,2.9123,-96.1803,,-0.0063,-0.0339,0.0201,0.005,-0.0561,-0.157,-0.013,7.6275,-2.3725,1,3,0,0,1,0.0,-0.0072,-0.4725
Kerry Collins,2010,7,-1.26992,0.856923,0.665018,30.7946,0.1,160,276,0.5797,-0.8489,1823,6.6051,14,8,13,3,5,1.6667,0,0.0507,0.029,0.0217,0.4643,82.7446,5.7163,88.4331,55.4,-0.0166,0.018,-0.0365,0.0255,0.1509,-0.1193,0.0319,9.8696,1.3188,3,7,0,1,4,0.25,0.0013,0.3872
Jimmy Garoppolo,2018,3,-1.27194,0.158171,-0.90985,13.1094,0.112,53,89,0.5955,-6.8766,718,8.0674,5,3,13,6,34,5.6667,0,0.0562,0.0337,0.0225,0.5385,90.0047,5.7451,67.7405,,0.0018,-0.0331,0.0162,-0.0485,-0.0213,0.0437,0.0757,8.8989,-0.382,1,2,0,0,1,0.0,0.0024,0.2774
Trey Lance,2021,2,-1.2769,0.376322,0.313229,10.5019,0.089,41,71,0.5775,-4.1442,603,8.493,5,2,4,36,171,4.75,1,0.0704,0.0282,0.0423,0.4153,97.3298,7.9733,150.36,,-0.0496,0.0278,0.0072,0.0217,0.0616,-0.0458,0.0003,9.2676,-0.2676,3,3,0,0,1,0.0,0.001,0.1233
Jameis Winston,2016,16,-1.28492,-0.309581,-0.975886,67.8233,0.0987,345,567,0.6085,1.6573,4090,7.2134,28,18,35,34,185,5.4412,1,0.0494,0.0317,0.0176,0.4876,86.078,5.9817,134.334,59.5,-0.0068,-0.0143,0.0024,-0.0188,0.14,-0.073,-0.0066,10.1869,0.8307,9,7,0,1,4,0.25,0.0027,1.8762
Joe Flacco,2024,6,-1.28914,-0.229332,-0.326373,20.0581,0.0692,162,248,0.6532,1.0691,1761,7.1008,12,7,18,5,29,5.8,0,0.0484,0.0282,0.0202,0.4759,90.4738,5.8759,133.583,,-0.0318,-0.0194,-0.0012,-0.0478,0.0968,-0.04,0.0357,8.9315,-0.0726,3,4,0,1,4,0.25,0.0009,0.2521
Davis Mills,2025,3,-1.29034,0.156083,0.53834,-10.6874,-0.0584,91,159,0.5723,-6.6134,915,5.7547,5,1,8,9,63,7.0,1,0.0314,0.0063,0.0252,0.4098,81.6169,5.4491,178.798,,-0.0068,0.0203,-0.0864,0.0485,0.1015,-0.1912,-0.0127,8.5535,-0.239,5,1,0,2,2,1.0,0.0004,0.0709
Mason Rudolph,2025,1,-1.30054,-0.0940161,-0.0940161,6.1037,0.1001,38,52,0.7308,5.7623,310,5.9615,2,2,2,3,7,2.3333,0,0.0385,0.0385,0.0,0.5246,84.6154,4.5926,110.534,,-0.0087,-0.0023,0.1334,-0.055,-0.3614,0.3109,0.0147,5.2308,-2.9038,1,3,0,0,1,0.0,-0.0038,-0.2298
Eli Manning,2018,16,-1.3018,0.226785,0.835821,39.7637,0.0605,380,575,0.6609,0.4645,4299,7.4765,21,11,47,11,24,2.1818,1,0.0365,0.0191,0.0174,0.4338,92.5109,6.2154,137.206,49.1,-0.0157,-0.0265,-0.0086,0.0149,-0.0078,0.031,-0.0043,7.3548,-1.8383,5,11,0,1,8,0.125,0.0001,0.0751
Andy Dalton,2019,13,-1.30332,-0.0154617,-0.0873682,-5.586,-0.0092,314,521,0.6027,-3.272,3494,6.7063,16,14,37,21,80,3.8095,4,0.0307,0.0269,0.0038,0.441,79.2906,5.2599,121.148,42.1,-0.0114,-0.0007,-0.0293,-0.026,0.025,-0.0348,0.0029,8.2111,-0.7486,2,11,0,0,6,0.0,-0.0001,-0.067
Seneca Wallace,2013,1,-1.3128,-0.366628,-0.366628,-12.0912,-0.4318,16,24,0.6667,-1.5636,139,5.7917,0,1,4,0,0,,0,0.0,0.0417,-0.0417,0.3929,64.4097,2.4643,19.1489,,-0.0193,-0.0398,-0.0412,-0.1097,-0.1869,-0.076,-0.0187,5.25,-3.0417,0,2,0,0,1,0.0,-0.0157,-0.4405
Matt Moore,2016,3,-1.31551,0.433297,1.20196,21.793,0.2449,55,86,0.6395,1.5547,721,8.3837,8,3,1,0,0,,0,0.093,0.0349,0.0581,0.4944,106.783,8.5747,206.935,79.1,-0.0163,0.0818,-0.0552,-0.012,0.0357,0.1526,-0.0176,8.4767,0.407,3,1,0,1,1,1.0,0.0036,0.3209
Kirk Cousins,2024,14,-1.32708,-0.605287,-2.37267,34.5077,0.0666,303,449,0.6748,0.9587,3508,7.8129,18,16,28,6,20,3.3333,0,0.0401,0.0356,0.0045,0.4961,89.3885,6.1782,130.67,47.0,-0.0329,-0.0009,-0.0057,-0.0707,0.0617,0.0267,0.0114,7.5145,-1.7194,7,7,0,3,7,0.4286,0.0037,1.9256
Tua Tagovailoa,2025,14,-1.32857,0.22737,-2.8891,3.1613,0.0071,260,382,0.6806,2.0203,2660,6.9634,20,15,30,11,44,4.0,0,0.0524,0.0393,0.0131,0.4449,88.9071,5.3155,109.311,37.0,-0.0332,-0.0026,0.0196,-0.0362,-0.0174,0.0409,-0.0326,6.8403,-1.911,6,8,0,1,5,0.2,-0.0002,-0.0947
Teddy Bridgewater,2022,2,-1.33251,0.00690948,-0.662323,-2.4175,-0.0269,49,79,0.6203,1.5612,683,8.6456,4,4,7,3,27,9.0,0,0.0506,0.0506,0.0,0.4778,85.5749,6.2558,38.1467,,0.0059,-0.0102,-0.0378,-0.1114,0.133,-0.0228,-0.0277,8.9114,-0.7215,1,4,0,0,2,0.0,-0.0036,-0.3236
Matt Ryan,2021,17,-1.33253,-0.151235,-2.40647,1.5523,0.0024,375,559,0.6708,1.7592,3968,7.0984,20,12,40,26,92,3.5385,1,0.0358,0.0215,0.0143,0.4726,90.5449,5.9332,124.413,52.2,-0.0355,-0.0091,-0.0317,0.0007,0.0333,-0.0341,0.0131,7.161,-1.2898,7,10,0,3,6,0.5,0.0025,1.6469
Lamar Jackson,2018,7,-1.34018,0.59145,1.44595,18.6319,0.057,99,170,0.5824,-6.0179,1201,7.0647,6,3,16,127,715,5.6299,5,0.0353,0.0176,0.0176,0.4862,84.4608,5.9946,161.177,42.6,0.0435,0.0045,0.0384,0.0483,0.0033,-0.1462,-0.0122,8.6765,-0.1588,9,6,0,0,0,,0.0019,0.6056
Jay Cutler,2010,15,-1.34958,-0.945058,-1.0677,-7.7737,-0.0142,260,431,0.6032,1.5514,3239,7.5151,23,16,52,32,251,7.8438,1,0.0534,0.0371,0.0162,0.4479,85.987,5.4389,82.6467,51.4,0.0195,-0.0819,0.033,-0.0166,0.0425,-0.0614,0.0046,8.9397,-0.4037,10,5,0,4,6,0.6667,-0.0006,-0.3086
Teddy Bridgewater,2021,14,-1.36037,-0.624642,-1.696,73.5638,0.1471,285,426,0.669,3.9106,3052,7.1643,18,7,31,24,112,4.6667,2,0.0423,0.0164,0.0258,0.488,94.9237,6.3151,122.97,53.4,-0.0004,0.0096,0.017,0.0327,-0.0327,0.0612,-0.0059,8.0376,-1.2183,7,7,0,0,1,0.0,0.0022,1.1049
Easton Stick,2023,4,-1.36444,0.384427,1.29623,-21.9283,-0.0979,111,173,0.6416,-4.8077,1126,6.5087,3,1,14,27,144,5.3333,1,0.0173,0.0058,0.0116,0.4286,86.0429,5.4492,192.615,,0.0106,-0.0986,-0.0113,0.0537,-0.0141,-0.0519,-0.0132,6.9595,-1.9364,0,5,0,0,2,0.0,-0.0044,-0.9943
Michael Penix Jr.,2025,9,-1.36917,0.108951,0.265782,19.7522,0.0612,166,276,0.6014,-3.6197,1982,7.1812,9,3,13,13,77,5.9231,1,0.0326,0.0109,0.0217,0.4768,88.4662,6.6644,138.634,57.1,0.0052,0.0156,-0.0706,0.0208,0.0698,-0.0577,0.0094,8.3333,-0.529,3,6,0,0,4,0.0,0.0035,1.1247
Teddy Bridgewater,2014,12,-1.37428,-0.199081,0.204312,12.6894,0.0254,259,397,0.6524,0.015,2919,7.3526,14,12,39,40,220,5.5,1,0.0353,0.0302,0.005,0.45,86.2458,5.5275,96.1565,51.6,0.0138,-0.0189,0.0342,-0.0078,-0.0542,0.0228,-0.0215,7.9068,-1.2217,6,7,0,3,6,0.5,0.0018,0.8883
C.J. Beathard,2023,1,-1.3753,-0.0245059,-0.0245059,5.5155,0.0823,40,53,0.7547,9.7684,349,6.5849,1,0,6,4,38,9.5,0,0.0189,0.0,0.0189,0.4925,98.7028,5.7966,113.077,,0.0208,0.024,0.034,0.084,0.0423,-0.1559,0.0061,6.3962,-1.5283,1,4,0,0,1,0.0,-0.0022,-0.1446
Cam Newton,2020,15,-1.38402,0.708607,-0.615853,12.5084,0.0231,242,366,0.6612,-1.0236,2657,7.2596,8,10,31,123,602,4.8943,12,0.0219,0.0273,-0.0055,0.4852,83.3333,5.471,143.355,39.4,0.0284,0.004,0.0545,-0.0139,-0.056,-0.0833,-0.0193,6.8197,-2.4645,7,8,0,1,6,0.1667,0.0006,0.319
Josh Freeman,2012,16,-1.38607,0.00738983,-1.00414,34.3515,0.0541,306,556,0.5504,-4.16,4065,7.3112,27,17,26,28,163,5.8214,0,0.0486,0.0306,0.018,0.4268,81.857,6.3213,111.4,46.8,-0.0053,0.026,-0.0398,-0.0239,0.0763,-0.0226,-0.0226,10.0342,1.1691,7,9,0,1,7,0.1429,0.0014,0.9193
Brian Hoyer,2022,1,-1.38636,-0.398502,-0.398502,-2.1265,-0.3038,5,6,0.8333,12.9522,37,6.1667,0,0,1,0,0,,0,0.0,0.0,0.0,0.4286,92.3611,4.1429,21.7351,,-0.0316,-0.2584,0.1348,0.0818,-0.4741,0.2177,-0.0181,4.6667,-2.5,0,1,0,0,0,,-0.0059,-0.041
Trevor Siemian,2022,1,-1.39648,-0.275375,-0.275375,-8.0209,-0.2587,15,26,0.5769,-5.7814,184,7.0769,1,1,2,3,9,3.0,0,0.0385,0.0385,0.0,0.3548,76.4423,5.1786,49.1857,,-0.0595,-0.0092,-0.1669,-0.0685,-0.1056,0.1249,-0.0181,6.5769,-1.5385,0,2,0,0,0,,0.0045,0.1382
Ryan Tannehill,2013,16,-1.39741,-0.365739,0.0303088,11.5867,0.0169,355,584,0.6079,0.1182,3913,6.7003,24,17,58,28,245,8.75,1,0.0411,0.0291,0.012,0.4454,82.2275,5.0296,98.3969,48.4,-0.0072,-0.033,0.0154,0.0209,0.0227,-0.0477,-0.0141,9.5592,0.7513,8,8,0,4,10,0.4,-0.0006,-0.4231
Gardner Minshew,2020,8,-1.4038,0.0804431,0.63769,35.0583,0.0892,216,326,0.6626,4.2744,2259,6.9294,16,5,27,26,157,6.0385,1,0.0491,0.0153,0.0337,0.4758,96.1401,6.2521,158.127,44.0,-0.0058,-0.0455,0.0016,0.0313,-0.0135,0.0251,-0.0126,7.8466,-0.6472,1,8,0,1,3,0.3333,0.0021,0.8205
Case Keenum,2018,16,-1.41768,0.311447,-1.22981,-5.413,-0.008,365,584,0.625,-1.252,3890,6.661,18,15,34,15,101,6.7333,2,0.0308,0.0257,0.0051,0.4425,81.4926,5.4045,125.038,44.5,-0.0015,0.0226,-0.0343,0.0014,-0.0473,-0.0095,-0.0169,7.4812,-1.4709,6,10,0,3,8,0.375,0.0001,0.0817
Jay Cutler,2012,15,-1.42055,0.285066,-0.791604,8.8448,0.0168,255,434,0.5876,-1.0629,3033,6.9885,19,14,38,24,248,10.3333,0,0.0438,0.0323,0.0115,0.4318,81.3172,5.3665,79.8058,45.3,0.022,-0.0192,-0.0273,-0.0161,0.031,-0.0455,0.0058,10.2327,1.341,10,5,0,1,3,0.3333,-0.0004,-0.2274
Taylor Heinicke,2023,4,-1.42074,-0.485651,-0.526718,12.3757,0.0778,74,134,0.5522,-9.087,890,6.6418,5,4,8,13,125,9.6154,1,0.0373,0.0299,0.0075,0.4465,75.7774,5.3732,90.6429,,0.047,0.039,-0.0705,-0.0086,0.0201,0.0322,-0.0084,8.4776,-0.4403,1,4,0,0,3,0.0,0.0002,0.032
Michael Vick,2014,3,-1.4213,-1.13094,-1.14441,-44.4489,-0.271,64,119,0.5378,-4.685,604,5.0756,3,2,19,22,156,7.0909,0,0.0252,0.0168,0.0084,0.372,69.4503,3.5435,37.38,,-0.0102,-0.0903,-0.041,0.0375,-0.0499,-0.1718,-0.0023,8.8655,0.2017,2,7,0,0,2,0.0,-0.0027,-0.4422
Josh McCown,2016,3,-1.42209,-0.253789,-0.491837,-21.7394,-0.1104,90,164,0.5488,-6.2452,1100,6.7073,6,6,18,5,21,4.2,0,0.0366,0.0366,0.0,0.3858,72.7134,4.5275,90.3735,,-0.0234,-0.1473,-0.0349,0.0062,0.0373,-0.034,0.0106,10.0549,0.8049,0,5,0,0,4,0.0,-0.0031,-0.6026
Matt Schaub,2013,8,-1.42832,-0.217842,-1.84116,-38.3767,-0.0959,219,358,0.6117,-1.7288,2310,6.4525,10,14,21,4,24,6.0,0,0.0279,0.0391,-0.0112,0.4225,72.9632,4.533,83.4436,38.3,-0.0174,0.03,-0.0122,-0.0675,-0.006,-0.0788,-0.0038,7.8101,-1.3324,2,8,0,2,6,0.3333,-0.0047,-1.8983
Taylor Heinicke,2022,9,-1.43431,0.00522888,0.635381,-9.254,-0.0299,161,257,0.6265,1.7016,1859,7.2335,12,6,19,22,103,4.6818,1,0.0467,0.0233,0.0233,0.4531,90.2643,6.1159,121.512,,-0.0379,-0.0478,-0.0263,-0.0126,0.0608,-0.0092,-0.001,8.3502,-0.1907,5,3,1,1,4,0.25,-0.0003,-0.08
Mac Jones,2022,14,-1.44639,0.188321,-1.34557,-27.1486,-0.0516,288,440,0.6545,-0.441,2997,6.8114,14,11,34,29,132,4.5517,1,0.0318,0.025,0.0068,0.4087,85.1989,5.3819,96.3975,38.4,-0.0155,-0.0138,0.0,-0.001,-0.0584,0.0015,-0.0088,7.8614,-1.25,6,8,0,0,4,0.0,0.0,-0.0124
Mason Rudolph,2024,6,-1.45101,-0.21992,-0.68949,15.671,0.0568,146,225,0.6489,0.2381,1530,6.8,9,9,11,21,106,5.0476,1,0.04,0.04,0.0,0.5,81.1574,5.2288,114.889,52.2,0.0064,0.0432,0.0037,-0.0713,0.0191,-0.0419,0.0206,7.2489,-1.5867,2,6,0,0,2,0.0,0.0017,0.4714
Patrick Mahomes,2017,1,-1.45129,0.0129971,0.0129971,8.1939,0.1906,22,35,0.6286,3.0655,284,8.1143,0,1,2,5,11,2.2,0,0.0,0.0286,-0.0286,0.5349,76.369,6.0541,112.07,66.8,-0.0369,0.0442,0.0359,0.002,-0.053,0.1655,-0.0035,7.4571,-1.6286,1,0,0,0,0,,0.0127,0.5452
Brett Favre,2010,13,-1.45796,-0.309878,-4.64669,-34.5044,-0.0844,217,358,0.6061,-1.4843,2509,7.0084,11,19,22,4,16,4.0,0,0.0307,0.0531,-0.0223,0.4474,69.9255,4.5658,42.763,38.4,-0.014,0.0043,-0.0149,-0.1005,-0.0485,0.0264,0.0168,8.6201,-0.6201,5,8,0,1,6,0.1667,-0.003,-1.2165
Trey Lance,2024,1,-1.46143,0.0047644,0.0047644,-13.1019,-0.2221,25,41,0.6098,-6.8584,266,6.4878,0,1,4,11,41,3.7273,0,0.0,0.0244,-0.0244,0.3729,69.7663,4.4,134.264,,-0.0713,-0.0023,-0.0548,0.0148,-0.063,-0.1613,0.0388,6.5366,-2.7805,1,3,0,0,1,0.0,0.0025,0.1486
Joshua Dobbs,2024,1,-1.47513,0.366398,0.366398,3.3578,0.0579,32,46,0.6957,1.6368,361,7.8478,2,2,2,8,25,3.125,2,0.0435,0.0435,0.0,0.5172,89.1304,5.8958,228.073,,-0.0836,0.0276,0.0271,-0.0519,0.1592,-0.0791,-0.0183,8.1087,-1.1739,0,2,0,0,0,,0.002,0.1137
Dan Orlovsky,2011,5,-1.47868,0.00433075,0.572681,6.7706,0.0319,122,190,0.6421,2.7126,1201,6.3211,6,4,14,2,9,4.5,0,0.0316,0.0211,0.0105,0.4858,83.6842,5.1814,103.563,47.3,-0.0089,-0.0408,-0.0111,0.0538,0.0636,-0.0754,0.0039,7.7632,-0.4947,2,6,0,1,2,0.5,0.0013,0.2687
Bruce Gradkowski,2009,4,-1.48305,-0.0721381,1.37829,6.7039,0.037,81,147,0.551,-2.2771,1004,6.8299,6,3,11,14,108,7.7143,0,0.0408,0.0204,0.0204,0.4309,81.5618,5.8101,140.084,58.3,0.0362,-0.0112,-0.0433,0.0527,0.0766,-0.105,-0.0025,10.5034,1.5782,2,5,0,2,4,0.5,0.0117,2.1091
Case Keenum,2023,2,-1.48534,-0.703546,-0.929993,-17.1153,-0.248,34,53,0.6415,-2.893,291,5.4906,1,3,6,1,1,1.0,0,0.0189,0.0566,-0.0377,0.4203,61.1242,1.9661,3.8967,,-0.0284,-0.0257,0.041,-0.1,-0.0593,-0.1343,0.0316,7.1132,-2.6981,1,1,0,1,1,1.0,-0.0023,-0.1618
Peyton Manning,2015,9,-1.48865,-1.7629,-3.748,-29.0464,-0.0796,198,330,0.6,-2.3888,2249,6.8152,9,17,16,0,0,,0,0.0273,0.0515,-0.0242,0.4137,68.1061,4.5347,68.4066,44.2,-0.0191,0.0311,-0.006,-0.1222,-0.0091,-0.0167,-0.0044,9.4303,0.4121,8,2,0,3,4,0.75,-0.0009,-0.3131
Daniel Jones,2021,11,-1.48933,0.121242,-0.252166,4.3956,0.0095,232,360,0.6444,-0.8439,2428,6.7444,10,7,22,52,307,5.9038,2,0.0278,0.0194,0.0083,0.4461,85.0463,5.6361,133.284,47.5,-0.0102,0.003,-0.0054,0.0287,-0.0161,-0.0609,0.0047,7.3333,-1.8028,4,7,0,1,4,0.25,0.0021,0.9766
Nick Mullens,2021,1,-1.49576,-0.008284,-0.008284,3.1487,0.105,20,29,0.6897,4.7436,147,5.069,1,0,0,0,0,,0,0.0345,0.0,0.0345,0.4667,92.1695,5.7586,112.49,81.5,-0.0258,0.1012,0.06,0.0861,-0.0462,-0.1423,0.0063,7.3448,-0.5862,0,1,0,0,1,0.0,0.01,0.2998
EJ Manuel,2014,4,-1.50526,-0.442748,0.317817,-14.7165,-0.0949,76,130,0.5846,-4.6407,838,6.4462,5,3,6,13,58,4.4615,1,0.0385,0.0231,0.0154,0.4129,80.8654,5.5809,124.146,,-0.0401,0.0347,-0.0716,-0.0174,-0.1782,0.1171,0.0035,7.4846,-0.8154,2,2,0,0,1,0.0,0.0017,0.2604
Shaun Hill,2016,1,-1.50563,0.0585355,0.0585355,5.1333,0.1351,19,35,0.5429,-5.4402,242,6.9143,0,0,1,1,9,9.0,0,0.0,0.0,0.0,0.4474,76.131,6.5278,134.132,57.8,-0.0252,0.0806,-0.1022,0.0831,0.2169,-0.1587,-0.0354,9.9429,0.6286,2,1,0,0,0,,0.0041,0.1572
Bryce Young,2024,12,-1.50746,1.14142,2.18252,-0.7856,-0.0017,234,384,0.6094,0.6654,2403,6.2578,15,9,29,38,255,6.7105,6,0.0391,0.0234,0.0156,0.4189,82.194,5.1138,135.903,50.7,0.0002,-0.0135,-0.0264,0.006,0.0457,-0.0957,0.005,8.7448,0.1432,4,10,0,1,4,0.25,0.0018,0.8735
Tarvaris Jackson,2011,14,-1.51018,-0.181274,-0.619847,-3.0858,-0.0057,271,448,0.6049,1.438,3091,6.8996,14,13,41,28,115,4.1071,1,0.0312,0.029,0.0022,0.4309,79.5666,5.1022,69.5807,46.1,-0.019,-0.0344,0.0055,0.0135,-0.0152,-0.0054,0.0025,8.8594,-0.1629,7,8,0,0,5,0.0,-0.0015,-0.822
Drew Stanton,2009,1,-1.51145,-0.801483,-0.801483,-35.3183,-0.5271,26,51,0.5098,-9.8433,259,5.0784,0,6,5,8,34,4.25,1,0.0,0.1176,-0.1176,0.3582,26.1438,-0.6786,-106.513,,-0.0048,-0.0364,-0.0175,-0.3082,-0.1155,-0.124,0.0457,8.9608,0.6667,0,3,0,0,1,0.0,-0.0057,-0.3804
Matt Schaub,2015,2,-1.51346,-0.0276605,0.0748254,-7.8971,-0.0887,52,80,0.65,1.2762,540,6.75,3,4,3,4,10,2.5,0,0.0375,0.05,-0.0125,0.4494,76.0417,4.7349,120.386,,-0.0512,0.0237,0.0586,-0.172,-0.0046,-0.0189,-0.0227,7.1026,-1.6282,1,1,0,0,1,0.0,-0.0077,-0.6855
Matt Ryan,2022,12,-1.51354,-0.380014,-0.408643,-33.9782,-0.0632,309,460,0.6717,-0.0987,3057,6.6457,14,13,38,18,77,4.2778,1,0.0304,0.0283,0.0022,0.4442,84.1214,4.9498,106.833,44.9,-0.0256,-0.0305,0.0277,-0.0387,-0.038,0.0068,-0.0092,6.0261,-2.8935,4,7,1,4,8,0.5,0.0028,1.5029
Sam Bradford,2018,3,-1.52174,-0.431848,-1.59086,-31.6055,-0.3512,50,80,0.625,-7.3088,400,5.0,2,4,6,1,8,8.0,0,0.025,0.05,-0.025,0.3222,62.5,2.6395,23.1433,,-0.0217,-0.018,-0.0443,-0.0596,-0.1093,-0.1441,-0.0318,6.4,-2.2,0,3,0,0,0,,-0.0036,-0.322
Matt Moore,2009,5,-1.52325,0.104158,1.8335,18.2387,0.1169,85,138,0.6159,0.7621,1053,7.6304,8,2,9,2,6,3.0,0,0.058,0.0145,0.0435,0.4423,98.4903,7.1088,135.421,64.6,-0.0095,-0.0017,-0.0282,0.05,0.0583,0.0359,-0.0191,8.8529,0.1618,5,2,0,1,2,0.5,0.0014,0.2231
Matt Moore,2011,12,-1.52468,-0.130568,0.53722,6.3149,0.0151,210,347,0.6052,2.8532,2497,7.196,16,9,36,18,74,4.1111,2,0.0461,0.0259,0.0202,0.4125,87.0617,5.6997,83.692,55.7,-0.004,-0.0469,-0.0032,0.0217,0.0452,-0.0604,0.0159,10.0029,1.1153,6,7,0,1,4,0.25,-0.0004,-0.1762
Derek Carr,2018,16,-1.5315,-0.630652,-0.849484,2.8314,0.0044,381,546,0.6978,3.7973,4049,7.4158,19,10,51,13,57,4.3846,1,0.0348,0.0183,0.0165,0.4774,95.1007,6.1642,143.681,46.5,-0.0214,-0.0418,0.0161,-0.0076,-0.0325,0.0283,-0.014,6.9194,-1.7985,4,12,0,3,6,0.5,0.0029,1.8438
Sam Darnold,2022,6,-1.54188,-0.911352,0.657453,34.9723,0.1954,82,137,0.5985,4.8928,1143,8.3431,7,3,10,21,109,5.1905,2,0.0511,0.0219,0.0292,0.4916,94.632,7.2789,134.566,,0.0143,0.0254,-0.0013,0.0195,0.0568,0.027,0.0094,8.3212,-0.3212,4,2,0,0,1,0.0,0.0026,0.47
Jacoby Brissett,2019,15,-1.54914,-0.481153,0.262266,40.5614,0.0733,272,444,0.6126,-3.2636,2942,6.6261,18,6,27,45,237,5.2667,4,0.0405,0.0135,0.027,0.4738,88.6261,6.0998,140.455,52.1,0.0158,0.0139,-0.0164,0.0318,-0.0555,0.0028,0.016,7.9842,-1.3131,7,8,0,2,8,0.25,0.0025,1.3711
Brian Hoyer,2017,6,-1.56425,-0.618903,-1.32719,-20.1315,-0.0835,123,211,0.5829,-6.3027,1287,6.0995,4,4,16,3,7,2.3333,1,0.019,0.019,0.0,0.3983,74.4964,4.7357,65.6323,,-0.0095,-0.0259,-0.0207,-0.003,-0.0854,0.0218,0.0029,7.9005,-1.2464,2,6,0,0,3,0.0,-0.003,-0.7247
Ryan Fitzpatrick,2016,11,-1.57658,0.413388,-2.22339,-2.3925,-0.0051,228,403,0.5658,-4.1038,2710,6.7246,12,17,19,25,142,5.68,0,0.0298,0.0422,-0.0124,0.447,69.5978,4.9858,90.5726,39.2,-0.0032,0.0459,-0.0403,-0.0644,-0.027,-0.0234,0.0315,9.0223,0.3027,4,10,0,0,4,0.0,0.0016,0.7724
Andy Dalton,2012,16,-1.58146,-0.143149,-0.80687,13.4436,0.0214,329,525,0.6267,1.4555,3669,6.9886,27,16,46,31,135,4.3548,4,0.0514,0.0305,0.021,0.4563,87.869,5.7093,116.809,47.3,0.0054,-0.0167,-0.0239,0.0055,-0.0421,0.0341,-0.0071,8.6248,-0.1924,10,6,0,1,5,0.2,0.0001,0.0638
Brock Osweiler,2015,7,-1.58261,-0.173629,0.895337,3.8933,0.0118,170,275,0.6182,-1.1523,1967,7.1527,10,6,23,18,63,3.5,1,0.0364,0.0218,0.0145,0.4683,86.4318,5.8591,127.164,54.9,-0.0059,-0.0187,-0.0279,0.0095,0.0125,-0.0203,-0.0043,8.8073,0.0255,5,3,0,2,4,0.5,0.0011,0.3645
Joe Flacco,2022,4,-1.58798,-0.246437,-0.155394,-26.565,-0.1247,110,191,0.5759,-4.0901,1051,5.5026,5,3,10,2,7,3.5,0,0.0262,0.0157,0.0105,0.3991,75.1854,4.7264,106.577,,-0.0307,-0.0217,-0.0907,0.0186,0.0277,-0.0699,-0.0022,8.0471,-1.1152,1,4,0,1,2,0.5,-0.002,-0.4277
Anthony Richardson,2024,11,-1.59006,0.287155,-0.443935,-16.0605,-0.0435,126,262,0.4809,-10.8596,1814,6.9237,8,12,14,76,521,6.8553,6,0.0305,0.0458,-0.0153,0.4092,62.1024,4.779,117.221,,0.0478,0.032,-0.0583,-0.0544,0.0395,-0.0979,-0.0292,12.3053,2.9389,6,5,0,2,5,0.4,0.0009,0.3195
Jake Locker,2014,5,-1.60511,-0.370564,-0.554036,-12.6563,-0.068,86,146,0.589,-1.9631,993,6.8014,5,7,14,17,146,8.5882,1,0.0342,0.0479,-0.0137,0.4624,70.9475,4.3312,80.9635,45.3,0.052,-0.0453,-0.0194,-0.0791,-0.0431,-0.0083,0.0182,9.6096,0.5137,1,6,0,0,0,,0.0013,0.2342
Mark Sanchez,2014,8,-1.60644,0.244263,2.0338,44.9778,0.1236,198,309,0.6408,0.3455,2418,7.8252,14,11,23,19,96,5.0526,1,0.0453,0.0356,0.0097,0.5027,88.3563,6.1807,138.798,55.3,-0.0099,0.0014,0.0048,-0.0346,0.0348,0.0652,0.0044,8.356,-0.4951,5,4,0,0,2,0.0,0.0036,1.2987
Jimmy Garoppolo,2016,2,-1.60986,0.782131,1.32452,27.0555,0.3607,43,63,0.6825,2.7116,502,7.9683,4,0,3,2,13,6.5,0,0.0635,0.0,0.0635,0.52,113.327,8.5909,257.588,87.5,-0.0075,0.0144,0.0351,0.0831,0.0198,0.1065,0.0335,7.9048,-1.4444,6,0,0,1,1,1.0,0.0094,0.7055
Drew Lock,2019,5,-1.61519,-0.0847916,0.752001,25.538,0.1366,100,156,0.641,-0.8257,1020,6.5385,7,3,5,12,77,6.4167,0,0.0449,0.0192,0.0256,0.4545,89.6902,6.205,145.107,,-0.0095,0.0697,0.0191,-0.0019,-0.0598,0.0238,0.0302,6.8269,-2.0,4,1,0,1,1,1.0,0.0032,0.6018
Carson Wentz,2021,17,-1.61834,-0.863143,0.35281,54.8795,0.0868,322,516,0.624,-2.1208,3563,6.905,27,7,32,42,228,5.4286,1,0.0523,0.0136,0.0388,0.4699,94.6463,6.4982,138.126,60.6,0.0123,-0.0205,-0.0245,0.0338,0.0183,-0.0143,0.016,7.6298,-1.5213,9,8,0,0,4,0.0,0.0018,1.1679
Matt Cassel,2013,6,-1.62696,-0.266056,0.781777,-3.0093,-0.0105,153,254,0.6024,-2.1436,1807,7.1142,11,9,16,12,62,5.1667,1,0.0433,0.0354,0.0079,0.4286,81.5945,5.6926,130.837,52.3,-0.0176,0.0181,-0.0434,-0.0563,0.0035,0.0149,0.0105,8.4449,-0.1969,5,4,0,2,3,0.6667,0.0021,0.6165
Byron Leftwich,2012,1,-1.62699,-0.136489,-0.136489,-0.0439,-0.0007,25,53,0.4717,-12.9016,272,5.1321,0,1,3,1,31,31.0,1,0.0,0.0189,-0.0189,0.3607,54.9135,3.625,60.7904,,0.0324,0.0057,-0.003,0.0425,-0.1367,-0.0774,0.0699,10.2075,1.283,1,1,0,0,1,0.0,-0.007,-0.4244
Aidan O'Connell,2024,7,-1.64436,0.398519,0.426683,4.558,0.0162,154,242,0.6364,-3.5798,1612,6.6612,8,4,10,12,43,3.5833,1,0.0331,0.0165,0.0165,0.4574,87.0007,5.9921,134.815,,-0.0245,0.0419,-0.0488,0.0177,-0.0119,-0.0052,-0.0299,7.938,-0.938,2,7,0,1,2,0.5,0.0005,0.1398
Brian Brohm,2009,1,-1.65134,-0.7056,-0.7056,-10.139,-0.3168,17,29,0.5862,-8.9647,146,5.0345,0,2,2,0,0,,0,0.0,0.069,-0.069,0.5,43.1753,1.5484,-88.4365,,-0.0134,0.0119,-0.0572,-0.1751,-0.1842,0.0937,-0.0261,5.931,-2.1379,0,1,0,0,0,,-0.0051,-0.1634
Kirk Cousins,2014,5,-1.65374,-0.353644,0.991042,11.5793,0.0499,126,204,0.6176,-3.2122,1710,8.3824,10,9,8,5,22,4.4,0,0.049,0.0441,0.0049,0.4741,86.4379,6.7689,144.102,52.3,-0.0151,0.0158,0.005,-0.0926,-0.0539,0.123,0.0105,8.7304,0.1471,2,4,0,0,3,0.0,0.0006,0.1381
Rex Grossman,2010,3,-1.65422,0.487383,0.364158,-17.3083,-0.1162,74,132,0.5606,-6.5443,884,6.697,7,4,9,2,7,3.5,0,0.053,0.0303,0.0227,0.4295,81.7551,5.4397,93.8114,,-0.0162,-0.0914,-0.0369,-0.0034,0.0224,-0.0368,0.0001,7.1061,-1.0379,1,3,0,0,3,0.0,-0.0065,-0.9718
Geno Smith,2014,13,-1.6582,1.35406,0.0487311,-2.5628,-0.0055,219,366,0.5984,-2.4621,2525,6.8989,13,13,28,53,278,5.2453,1,0.0355,0.0355,0.0,0.427,77.7322,5.1396,80.9657,45.8,-0.0248,-0.0025,0.0117,-0.0296,-0.0136,-0.0113,0.0075,8.2186,-0.5984,3,11,0,1,9,0.1111,-0.0007,-0.332
Joe Flacco,2021,1,-1.66022,0.374203,0.374203,6.4612,0.1405,27,42,0.6429,5.4231,338,8.0476,3,0,2,2,3,1.5,0,0.0714,0.0,0.0714,0.5435,112.996,8.75,194.438,,-0.0221,-0.0734,-0.1293,0.0861,0.1844,0.051,-0.0219,8.0,0.4762,0,2,0,0,1,0.0,0.0031,0.144
Trey Lance,2025,1,-1.66072,-0.433122,-0.433122,-36.3424,-0.4782,27,53,0.5094,-9.7815,226,4.2642,0,1,6,15,87,5.8,0,0.0,0.0189,-0.0189,0.3026,54.4418,2.322,13.7489,,0.0136,-0.0835,-0.0365,-0.0173,-0.1617,-0.2216,-0.0397,10.0943,0.6792,1,3,0,0,0,,-0.0059,-0.4466
Rex Grossman,2011,13,-1.66466,0.0843753,-0.429706,-4.4895,-0.0087,265,456,0.5811,-1.215,3151,6.9101,16,20,25,7,22,3.1429,1,0.0351,0.0439,-0.0088,0.4436,72.7248,4.9272,68.1539,41.5,-0.0122,-0.0122,-0.0373,-0.0355,0.0545,-0.0167,0.0037,9.0768,0.1667,5,8,0,2,9,0.2222,0.0002,0.0946
Russell Wilson,2022,15,-1.67434,0.479494,-2.3955,-0.6646,-0.0011,292,482,0.6058,-1.1704,3524,7.3112,16,11,55,46,284,6.1739,3,0.0332,0.0228,0.0104,0.4103,84.5868,5.5512,81.4483,38.7,0.0047,-0.0506,0.0004,0.0045,-0.011,-0.0275,0.0341,8.8465,-0.6037,4,11,0,3,8,0.375,-0.0011,-0.6949
Jake Browning,2025,3,-1.69385,0.134011,-0.769697,-35.7222,-0.232,81,125,0.648,0.3757,771,6.168,6,8,9,8,40,5.0,1,0.048,0.064,-0.016,0.4351,71.1167,3.5149,58.974,,0.0134,0.009,0.0286,-0.1748,-0.0823,-0.1394,0.045,7.672,-1.528,1,4,0,1,1,1.0,-0.0004,-0.0545
Carson Wentz,2016,16,-1.69626,0.41682,0.149913,26.3568,0.0375,379,605,0.6264,-0.8624,3782,6.2512,16,14,33,31,164,5.2903,2,0.0264,0.0231,0.0033,0.4495,79.5076,5.1082,118.929,46.7,-0.0007,0.0204,0.0011,0.0144,-0.0525,-0.0088,-0.0122,7.4678,-1.4628,7,9,0,1,6,0.1667,-0.0002,-0.1583
Matt Flynn,2011,1,-1.69763,1.73173,1.73173,20.2873,0.3439,33,49,0.6735,5.8793,518,10.5714,6,2,5,2,4,2.0,1,0.1224,0.0408,0.0816,0.5424,124.83,9.8148,462.581,83.5,0.015,-0.07,0.0794,-0.0612,0.1519,0.139,0.043,9.6735,2.1633,5,0,0,1,1,1.0,0.0155,0.9149
Robert Griffin III,2014,7,-1.70698,0.33441,-1.24713,-32.8076,-0.1116,147,214,0.6869,3.0048,1694,7.9159,4,6,33,33,177,5.3636,1,0.0187,0.028,-0.0093,0.4286,86.8575,5.17,66.1318,,-0.0137,-0.1138,0.0647,0.0089,-0.18,0.0438,0.0211,6.8879,-2.1355,2,7,0,0,4,0.0,-0.002,-0.5878
Brandon Weeden,2015,4,-1.7114,0.539398,0.508767,22.1392,0.1287,97,139,0.6978,4.3688,1043,7.5036,5,2,10,9,55,6.1111,1,0.036,0.0144,0.0216,0.5116,97.497,6.5503,126.659,53.2,0.0364,-0.0174,0.038,0.0305,-0.0501,-0.0268,0.0512,7.3094,-2.0,3,3,0,1,3,0.3333,0.0028,0.4754
Joshua Dobbs,2023,12,-1.71248,-0.886934,0.770951,-38.2656,-0.0697,262,417,0.6283,-1.7743,2464,5.9089,13,10,30,67,426,6.3582,6,0.0312,0.024,0.0072,0.4262,79.4614,4.6018,143.352,51.8,0.0214,-0.0186,-0.0028,0.0029,0.0102,-0.1179,0.008,7.9616,-1.0168,4,9,0,1,7,0.1429,-0.0022,-1.2074
Josh McCown,2011,2,-1.72998,-0.721351,-0.340596,-4.2323,-0.0564,35,55,0.6364,2.5748,414,7.5273,2,4,7,10,70,7.0,0,0.0364,0.0727,-0.0364,0.4933,68.2955,3.7258,42.8325,,0.0583,-0.0355,0.0799,-0.1014,0.0633,-0.119,-0.0489,8.9091,-0.4545,1,2,0,0,0,,-0.0064,-0.4785
Derek Carr,2014,16,-1.73345,-0.564758,-0.0823175,-58.0631,-0.0871,348,593,0.5868,-6.2126,3270,5.5143,21,12,24,19,97,5.1053,0,0.0354,0.0202,0.0152,0.4093,77.3363,4.8639,108.793,42.1,-0.0078,0.0287,-0.0572,0.013,-0.036,-0.081,-0.0038,7.8651,-1.0169,3,13,0,1,6,0.1667,-0.0009,-0.5743
Colt McCoy,2019,1,-1.73749,0.0717044,0.0717044,-25.6916,-0.6944,18,27,0.6667,-5.3981,122,4.5185,0,1,6,2,14,7.0,0,0.0,0.037,-0.037,0.2703,61.034,1.0,126.187,,0.0116,-0.1973,0.0233,-0.052,-0.1368,-0.3928,-0.0155,6.5556,-5.2963,0,1,0,0,0,,-0.0166,-0.6146
Kirk Cousins,2012,1,-1.74682,0.855938,0.855938,15.7715,0.2868,33,48,0.6875,6.9274,466,9.7083,4,3,3,2,23,11.5,0,0.0833,0.0625,0.0208,0.5273,101.562,7.5294,281.091,77.3,0.0056,0.0228,0.0428,-0.103,0.0598,0.1712,0.0216,9.2708,0.9167,2,1,0,1,2,0.5,0.0062,0.3415
Gardner Minshew,2019,12,-1.74784,0.41799,3.08595,4.0158,0.0068,285,469,0.6077,-3.8396,3271,6.9744,21,6,33,53,356,6.717,0,0.0448,0.0128,0.032,0.4307,91.3779,6.4482,147.978,44.6,-0.002,-0.0003,-0.0302,0.0381,-0.0272,-0.0326,-0.0041,7.403,-1.9126,6,8,0,3,6,0.5,0.0021,1.2638
Andy Dalton,2022,14,-1.74914,-0.0302139,0.576486,7.6597,0.0176,252,378,0.6667,0.618,2871,7.5952,18,9,25,17,65,3.8235,0,0.0476,0.0238,0.0238,0.4943,95.2381,6.5434,120.149,53.1,-0.0345,-0.0097,-0.0133,-0.0211,0.0362,0.0276,-0.0118,7.8862,-0.7513,6,8,0,0,4,0.0,-0.0005,-0.1973
Ryan Tannehill,2012,16,-1.75597,-0.80829,-0.858073,1.0945,0.0019,282,482,0.5851,-3.4488,3294,6.834,12,13,35,31,224,7.2258,2,0.0249,0.027,-0.0021,0.4586,76.3745,5.2515,82.0689,49.7,0.0045,-0.0074,-0.0243,-0.0007,-0.0178,-0.0363,0.0178,8.529,-0.7676,7,9,0,1,6,0.1667,0.0001,0.0784
Bruce Gradkowski,2010,4,-1.75962,-0.0218118,-0.583084,-15.1728,-0.0816,83,158,0.5253,-7.3995,1059,6.7025,5,7,10,9,46,5.1111,0,0.0316,0.0443,-0.0127,0.414,65.8755,4.5655,42.2586,,-0.0229,0.0095,-0.0742,-0.0406,-0.0313,0.0126,0.0195,8.8101,-0.0949,2,4,0,0,2,0.0,0.001,0.189
Teddy Bridgewater,2015,16,-1.7622,-0.794931,-0.32995,40.4924,0.0735,292,447,0.6532,3.2641,3231,7.2282,14,9,44,32,205,6.4062,3,0.0313,0.0201,0.0112,0.4301,88.6885,5.7006,105.314,57.7,0.0255,-0.0221,0.026,0.0226,-0.123,0.0601,0.0176,7.1902,-1.5906,11,5,0,1,3,0.3333,0.0029,1.5857
Mitchell Trubisky,2017,12,-1.77328,0.0538715,-0.454087,-37.3573,-0.0892,196,329,0.5957,-5.3866,2193,6.6657,7,7,31,31,250,8.0645,2,0.0213,0.0213,0.0,0.4057,77.7292,5.0611,85.1943,,0.0036,-0.0299,-0.0198,0.0311,-0.0396,-0.0514,-0.0194,7.8146,-2.2219,4,8,0,0,4,0.0,-0.0024,-1.0083
Tua Tagovailoa,2020,9,-1.78054,0.117453,0.687642,7.3262,0.0208,186,287,0.6481,-1.2081,1814,6.3206,11,5,20,27,120,4.4444,3,0.0383,0.0174,0.0209,0.483,87.9428,5.4495,137.489,44.8,0.0061,-0.0073,-0.0144,0.0181,-0.0352,-0.0658,0.0107,7.5784,-0.8397,7,3,0,3,3,1.0,0.0014,0.5009
Case Keenum,2019,8,-1.78218,-0.461017,-1.2115,1.2014,0.0042,160,245,0.6531,-1.0946,1707,6.9673,11,5,15,5,15,3.0,1,0.0449,0.0204,0.0245,0.4755,91.9983,5.9885,107.381,,-0.0298,-0.0113,-0.0359,-0.0075,-0.0435,0.0482,0.019,6.9429,-1.902,1,8,0,0,2,0.0,0.0008,0.217
Charlie Frye,2009,3,-1.79112,0.559683,0.108747,-11.8445,-0.1139,53,87,0.6092,4.3239,581,6.6782,1,4,5,4,41,10.25,0,0.0115,0.046,-0.0345,0.4712,65.3496,4.1413,68.8965,,0.0116,0.0253,-0.0311,-0.0772,-0.0641,-0.0061,-0.006,8.0345,-0.092,1,2,0,1,1,1.0,-0.0032,-0.3372
Kenny Pickett,2024,1,-1.79473,0.276444,0.276444,12.9739,0.2199,25,42,0.5952,0.4755,291,6.9286,2,1,4,7,17,2.4286,1,0.0476,0.0238,0.0238,0.4407,86.5079,5.5,196.785,73.1,-0.0062,0.0245,-0.0221,0.0072,0.1977,-0.1709,0.1129,8.2619,-0.5952,3,1,0,0,1,0.0,0.0074,0.4388
Jay Cutler,2017,14,-1.80234,-0.369704,-0.0875848,-35.5118,-0.0746,266,429,0.62,-0.3911,2666,6.2145,19,14,20,8,37,4.625,0,0.0443,0.0326,0.0117,0.4265,80.8129,5.0379,100.771,43.5,-0.0216,0.0458,-0.0136,-0.0493,-0.0585,-0.0051,-0.0085,8.2284,-0.9627,6,8,0,2,4,0.5,-0.0013,-0.6005
Davis Mills,2022,15,-1.80239,0.296464,-1.34381,-58.6374,-0.1042,292,478,0.6109,-3.7768,3118,6.523,17,15,31,23,117,5.087,2,0.0356,0.0314,0.0042,0.389,78.9487,4.9882,84.6566,35.0,-0.0268,-0.0088,-0.0265,-0.0421,-0.0655,0.0164,0.0048,7.8117,-1.2469,3,11,1,2,7,0.2857,-0.0025,-1.4126
Joe Flacco,2019,8,-1.80751,-0.147296,-1.54327,-19.2106,-0.0612,171,261,0.6552,-0.2114,1822,6.9808,6,5,26,7,24,3.4286,0,0.023,0.0192,0.0038,0.4331,85.4486,5.3066,91.9146,50.8,-0.0091,-0.0665,0.0045,0.0084,-0.0904,0.0301,-0.0033,6.8084,-2.0345,2,6,0,0,4,0.0,0.0002,0.068
Trey Lance,2022,2,-1.81591,-0.366936,-0.766648,-6.9722,-0.1367,15,31,0.4839,-16.5258,194,6.2581,0,1,2,16,67,4.1875,0,0.0,0.0323,-0.0323,0.3922,55.0403,4.2424,18.9981,,0.0639,0.0317,-0.0352,-0.0198,0.048,-0.2099,-0.0596,6.7742,-1.8065,1,1,0,0,1,0.0,-0.0012,-0.0616
Andy Dalton,2018,11,-1.81627,-0.23162,-0.00144897,42.9213,0.101,226,362,0.6243,-3.0416,2566,7.0884,21,11,21,13,101,7.7692,0,0.058,0.0304,0.0276,0.4918,90.32,6.094,140.237,59.4,-0.0174,0.0122,-0.0026,-0.0294,0.0714,-0.0291,0.0183,8.1409,-0.8674,5,6,0,2,5,0.4,0.0049,2.0964
Caleb Williams,2024,17,-1.82017,0.335368,-0.0231052,-15.5879,-0.0209,351,558,0.629,-0.1022,3541,6.3459,20,6,68,72,495,6.875,0,0.0358,0.0108,0.0251,0.4163,88.411,5.1198,113.404,43.3,0.0012,-0.0525,-0.0124,0.0508,-0.0491,-0.0299,-0.0058,8.0394,-1.0824,5,12,0,2,9,0.2222,-0.0011,-0.8156
Matt Moore,2017,2,-1.8202,-0.724001,-1.44838,-19.191,-0.1306,78,126,0.619,-0.0989,861,6.8333,4,5,12,3,9,3.0,0,0.0317,0.0397,-0.0079,0.415,76.1905,4.5,-53.9693,41.5,-0.0225,-0.015,-0.0095,-0.1022,0.0477,-0.0547,-0.0106,8.246,-1.3651,1,3,0,1,2,0.5,0.0025,0.374
Daniel Jones,2023,6,-1.82334,-0.633296,-2.86862,-56.1639,-0.236,108,160,0.675,0.2797,909,5.6812,2,6,30,38,206,5.4211,1,0.0125,0.0375,-0.025,0.4118,70.5469,2.6947,12.1249,,0.0134,-0.0749,0.0723,-0.0704,-0.1077,-0.071,-0.0248,6.85,-2.4875,1,5,0,1,1,1.0,-0.0017,-0.4158
Andy Dalton,2024,5,-1.82643,-0.790473,-0.457791,-21.7098,-0.1186,106,160,0.6625,-1.142,989,6.1812,7,6,7,7,38,5.4286,0,0.0438,0.0375,0.0062,0.4208,82.0052,4.9222,116.902,52.0,-0.0404,0.0455,0.0031,-0.0972,-0.0103,-0.097,0.0007,6.6375,-2.0625,1,5,0,0,2,0.0,-0.0004,-0.0668
Kenny Pickett,2022,12,-1.83222,0.0502286,-0.161401,17.0897,0.0346,245,388,0.6314,0.8181,2404,6.1959,7,9,27,48,244,5.0833,3,0.018,0.0232,-0.0052,0.4615,76.8686,4.7157,101.943,53.6,0.0072,0.0131,-0.0048,0.0224,-0.0142,-0.033,-0.0004,7.6211,-1.3582,7,6,0,3,6,0.5,0.0027,1.3212
Kerry Collins,2009,6,-1.83709,-0.906553,-1.1499,-24.6934,-0.1046,119,216,0.5509,-4.6718,1225,5.6713,6,8,5,7,18,2.5714,1,0.0278,0.037,-0.0093,0.4237,65.4514,4.2896,46.5643,,-0.0135,0.0647,-0.0887,0.0002,-0.0213,-0.0503,-0.0077,8.0648,-0.7083,1,6,0,0,2,0.0,-0.0051,-1.2139
Stephen McGee,2010,1,-1.84221,0.017536,0.017536,-1.6204,-0.0275,22,43,0.5116,-13.0628,238,5.5349,2,0,3,11,75,6.8182,0,0.0465,0.0,0.0465,0.3559,83.2849,5.5,71.9435,64.5,0.0747,0.0187,-0.1305,0.1053,-0.1339,-0.0088,0.0011,5.5349,-3.3256,1,1,0,1,2,0.5,0.002,0.119
Brodie Croyle,2009,1,-1.84877,0.398356,0.398356,-7.4633,-0.1659,23,40,0.575,-2.877,230,5.75,2,0,3,0,0,,0,0.05,0.0,0.05,0.3333,90.625,5.8605,155.018,74.8,-0.0134,-0.0373,-0.0503,0.1098,-0.1829,-0.0526,0.0272,7.8,-1.025,0,3,0,0,1,0.0,0.0042,0.1891
Michael Penix Jr.,2024,3,-1.85465,0.403302,0.0907126,20.0418,0.167,61,105,0.581,-4.4384,775,7.381,3,3,4,5,14,2.8,1,0.0286,0.0286,0.0,0.4833,78.869,6.2936,126.098,,-0.0306,0.0578,-0.0269,-0.0488,0.1822,-0.065,0.0214,10.219,0.7238,1,4,0,0,2,0.0,0.0045,0.542
Tyler Huntley,2024,4,-1.86546,-0.305552,0.0559674,-9.927,-0.0551,86,132,0.6515,3.105,829,6.2803,3,3,15,22,136,6.1818,2,0.0227,0.0227,0.0,0.4056,80.6503,4.5034,127.94,,0.0163,-0.0361,0.0316,0.011,-0.0528,-0.0994,-0.0027,7.8485,-1.803,2,3,0,1,1,1.0,-0.0022,-0.4032
Colt McCoy,2011,13,-1.86725,-0.470307,0.30712,-21.1036,-0.037,264,461,0.5727,-3.7007,2682,5.8178,14,11,32,48,220,4.5833,0,0.0304,0.0239,0.0065,0.4326,74.2272,4.6531,83.4052,45.9,0.0013,0.0196,-0.0251,0.0174,-0.0563,-0.0381,-0.0025,7.321,-1.1171,4,9,0,1,6,0.1667,-0.0015,-0.841
Drew Stanton,2014,8,-1.86974,-0.196461,-0.264175,12.0229,0.0412,132,240,0.55,-4.7432,1711,7.1292,7,5,11,13,78,6.0,0,0.0292,0.0208,0.0083,0.4178,78.6632,6.2151,84.4604,53.6,-0.0001,0.0385,-0.0381,0.0042,0.0666,-0.1123,0.0252,11.0667,1.5875,6,3,0,2,2,1.0,0.0024,0.7124
Drew Stanton,2017,4,-1.88107,-0.374066,-0.651935,-3.0014,-0.0162,79,159,0.4969,-8.3103,894,5.6226,6,5,7,4,12,3.0,0,0.0377,0.0314,0.0063,0.4108,66.3915,4.512,72.2351,39.5,-0.0138,0.0537,-0.1488,-0.0148,0.138,-0.1371,0.0704,10.805,1.7107,3,2,0,1,1,1.0,0.003,0.5485
Mike Glennon,2017,4,-1.8963,-0.148018,-0.160431,-29.5114,-0.1844,93,140,0.6643,1.7492,833,5.95,4,5,8,2,4,2.0,0,0.0286,0.0357,-0.0071,0.3938,76.875,4.1216,93.3124,,-0.0355,-0.042,0.0202,-0.0692,-0.0091,-0.054,-0.0311,6.1429,-3.5286,1,3,0,0,1,0.0,-0.0052,-0.8303
Gardner Minshew,2024,9,-1.90179,-0.147134,-0.490003,-33.8791,-0.0921,203,303,0.67,0.5195,2013,6.6436,9,10,29,13,62,4.7692,0,0.0297,0.033,-0.0033,0.4565,81.745,4.756,112.067,35.0,-0.0343,-0.0551,0.0089,-0.0539,-0.0984,0.0495,0.0144,6.099,-2.637,2,8,0,1,5,0.2,-0.0023,-0.8515
Davis Mills,2024,1,-1.91986,-0.289653,-0.289653,-3.0112,-0.0717,20,36,0.5556,-11.7243,212,5.8889,0,0,2,2,12,6.0,0,0.0,0.0,0.0,0.4048,72.9167,5.1053,45.9437,64.8,0.025,0.0375,-0.238,0.0764,0.107,-0.2522,0.0957,6.1944,-1.6111,2,2,0,0,0,,0.0015,0.0649
Matt Cassel,2011,9,-1.92107,-0.557313,-0.95498,-19.9686,-0.0613,160,268,0.597,-1.0548,1713,6.3918,10,9,22,19,104,5.4737,0,0.0373,0.0336,0.0037,0.408,76.9123,4.7862,58.7984,48.4,-0.001,-0.0137,-0.0056,0.0147,-0.0709,-0.0154,-0.0162,9.1194,0.2836,4,5,0,1,3,0.3333,0.0019,0.6149
Kerry Collins,2011,3,-1.92773,-0.189898,-0.604639,-20.5951,-0.2,48,96,0.5,-10.8268,481,5.0104,2,1,5,0,0,,0,0.0208,0.0104,0.0104,0.3981,67.2309,4.3168,27.0647,,-0.0162,-0.0616,-0.1444,0.0636,-0.0634,-0.0462,0.0214,8.3958,-0.7812,0,3,0,0,1,0.0,-0.0072,-0.7461
Desmond Ridder,2024,1,-1.92956,-0.45046,-0.45046,-18.8911,-0.1799,52,84,0.619,-3.1811,458,5.4524,2,2,10,8,36,4.5,0,0.0238,0.0238,0.0,0.3905,74.4048,3.6596,1.111,,-0.0112,-0.1335,0.0118,0.0356,-0.0608,-0.0847,-0.014,8.119,-0.2262,0,5,0,0,3,0.0,-0.0043,-0.448
Marcus Mariota,2018,13,-1.93543,-0.269219,-1.04441,29.2256,0.0649,228,331,0.6888,3.4468,2528,7.6375,11,8,42,57,364,6.386,2,0.0332,0.0242,0.0091,0.4867,92.315,5.7507,110.768,53.2,0.0201,-0.0348,0.0349,-0.0022,-0.0196,-0.0054,-0.0057,7.6012,-1.2024,8,6,0,2,4,0.5,0.005,2.2647
Jarrett Stidham,2023,2,-1.94629,-0.334621,-0.273572,3.5452,0.0432,40,66,0.6061,-3.7116,496,7.5152,2,1,7,5,11,2.2,0,0.0303,0.0152,0.0152,0.4268,87.6894,6.0959,73.8062,,-0.0561,-0.0212,-0.0395,0.0536,-0.0567,0.1464,-0.0104,8.5606,-0.6515,1,1,0,0,0,,0.0004,0.0289
Cam Newton,2021,5,-1.95033,-0.530398,-1.4081,-25.8403,-0.1412,69,126,0.5476,-12.6353,684,5.4286,4,5,10,42,228,5.4286,5,0.0317,0.0397,-0.0079,0.4262,64.3849,3.3529,59.1107,,0.0403,-0.009,-0.0236,-0.0377,-0.0265,-0.1441,-0.0064,6.9683,-1.9762,1,6,0,0,1,0.0,-0.0031,-0.562
EJ Manuel,2016,1,-1.9541,-0.667934,-0.667934,-3.5225,-0.0952,11,26,0.4231,-16.4798,131,5.0385,0,0,3,7,23,3.2857,0,0.0,0.0,0.0,0.4054,58.3333,3.8276,-40.5349,,-0.0261,-0.0891,-0.1067,0.0831,0.0533,-0.1634,0.0778,10.7692,1.5,2,3,0,0,1,0.0,-0.0044,-0.162
Chad Henne,2013,13,-1.9608,0.14463,0.441827,-43.5694,-0.0742,305,502,0.6076,-2.3543,3241,6.4562,13,14,38,22,80,3.6364,0,0.0259,0.0279,-0.002,0.4276,76.6268,4.8667,76.945,34.9,-0.0271,0.0047,-0.0236,0.0032,-0.1663,0.0848,-0.0097,6.506,-2.5757,4,11,0,1,3,0.3333,-0.0009,-0.5174
Trevor Siemian,2021,4,-1.96159,-0.11309,0.51934,0.3524,0.0016,108,188,0.5745,-4.7217,1154,6.1383,11,3,9,5,24,4.8,1,0.0585,0.016,0.0426,0.4352,88.3865,5.9645,129.717,,-0.0262,0.0059,-0.0908,0.0033,0.0662,-0.0336,0.0112,7.107,-2.0428,2,4,0,1,3,0.3333,-0.0003,-0.0549
Nick Foles,2012,6,-1.96816,0.142509,0.380689,-11.3068,-0.0367,161,263,0.6122,0.2268,1699,6.4601,6,5,20,8,42,5.25,1,0.0228,0.019,0.0038,0.4123,79.6974,5.1696,82.1936,48.2,0.0076,-0.0332,0.0179,0.0214,-0.0613,-0.0538,-0.0014,8.2281,-1.1293,1,6,0,1,5,0.2,-0.0003,-0.0821
Nick Foles,2020,7,-1.9739,-0.758309,-0.952586,-28.4571,-0.0818,202,311,0.6495,1.6632,1852,5.955,10,8,18,5,12,2.4,1,0.0322,0.0257,0.0064,0.4167,81.0222,4.7021,107.825,36.0,-0.024,0.0059,-0.0418,-0.0254,-0.0001,-0.1175,0.0125,8.071,-0.6903,4,5,0,2,4,0.5,-0.0022,-0.7557
Jacoby Brissett,2021,5,-1.97533,-0.536126,-0.92465,-12.6211,-0.0454,141,224,0.6295,-2.2146,1283,5.7277,5,4,19,18,71,3.9444,1,0.0223,0.0179,0.0045,0.446,78.404,4.4074,81.0766,,-0.0148,-0.0414,-0.0053,0.0273,-0.0225,-0.0749,0.0205,7.6027,-0.6205,5,6,0,0,1,0.0,0.0014,0.3768
Shaun Hill,2009,6,-1.97809,-0.481284,-1.02817,-10.3387,-0.055,87,155,0.5613,-4.6492,943,6.0839,5,2,18,6,72,12.0,0,0.0323,0.0129,0.0194,0.3511,79.5833,4.8902,40.6647,,0.0017,-0.0567,-0.0528,0.0764,-0.0855,0.0145,0.0138,6.9871,-2.471,3,3,0,1,2,0.5,-0.0004,-0.0695
Ryan Tannehill,2023,8,-1.98303,-0.14275,-2.41415,1.9701,0.0068,149,228,0.6535,1.0427,1616,7.0877,4,7,32,11,79,7.1818,1,0.0175,0.0307,-0.0132,0.4296,79.1301,4.4269,45.317,,-0.0121,-0.0536,0.0258,0.0029,-0.0006,-0.0312,0.0486,7.9693,-1.0088,3,6,0,1,4,0.25,0.0034,0.9786
Chad Henne,2010,14,-1.98524,-0.822084,-1.46114,0.2231,0.0004,302,489,0.6176,-0.3813,3298,6.7444,15,18,30,21,68,3.2381,0,0.0307,0.0368,-0.0061,0.4492,76.538,5.0289,75.9591,45.7,-0.0162,0.0073,0.0052,-0.0257,0.0281,-0.0414,-0.0026,8.1084,-0.9714,7,8,0,0,5,0.0,-0.0019,-1.0647
Trent Edwards,2009,7,-1.98917,-0.0748076,-1.4699,-20.4791,-0.0898,110,183,0.6011,0.1901,1169,6.388,6,7,22,14,106,7.5714,0,0.0328,0.0383,-0.0055,0.3772,73.7819,4.122,35.7916,,0.0199,-0.0129,0.0225,-0.0301,-0.1111,-0.0145,0.0028,7.0273,-2.2732,2,6,0,0,4,0.0,-0.0044,-1.0053
Aidan O'Connell,2023,10,-1.99275,0.325219,0.862621,-18.2487,-0.0474,213,342,0.6228,-3.9035,2218,6.4854,12,7,24,10,17,1.7,1,0.0351,0.0205,0.0146,0.4208,84.174,5.3825,107.945,40.5,-0.0229,-0.0088,-0.0382,0.0087,-0.064,0.0683,-0.0176,7.4883,-1.4854,5,6,0,0,4,0.0,-0.0037,-1.4214
Colt McCoy,2014,4,-2.00026,-0.0993774,0.120797,4.1515,0.0247,91,128,0.7109,4.3704,1057,8.2578,4,3,17,13,68,5.2308,1,0.0312,0.0234,0.0078,0.4464,96.3867,6.1034,103.748,,-0.0023,-0.0904,0.0802,0.0296,-0.1051,0.0631,-0.0071,7.1562,-2.6953,2,3,0,1,1,1.0,0.0063,1.0618
Kevin Kolb,2011,9,-2.00397,-0.311037,-1.23958,3.4493,0.011,146,252,0.5794,-4.9468,1955,7.7579,9,8,30,12,68,5.6667,0,0.0357,0.0317,0.004,0.4313,81.3657,5.5177,55.0287,33.3,-0.0005,-0.0551,-0.0116,0.0115,0.019,-0.016,0.017,8.0992,-0.746,3,6,0,2,6,0.3333,-0.0026,-0.8114
Gardner Minshew,2025,1,-2.00658,-0.551778,-0.551778,-6.3405,-0.4227,6,13,0.4615,-20.5305,37,2.8462,0,1,0,1,8,8.0,0,0.0,0.0769,-0.0769,0.2667,20.9936,-0.6154,-30.6994,,-0.064,0.1037,-0.1139,-0.0392,-0.2571,-0.1365,0.0159,5.2308,-6.3077,0,2,0,0,1,0.0,-0.0303,-0.4545
Alex Smith,2009,10,-2.01369,0.0326805,0.980044,-22.42,-0.0528,225,371,0.6065,-1.5763,2350,6.3342,18,12,22,14,61,4.3571,0,0.0485,0.0323,0.0162,0.4071,81.7105,5.1807,74.5233,41.8,-0.0154,0.0088,-0.0051,-0.0044,-0.0752,0.0122,-0.0071,6.8916,-1.9756,5,6,0,0,4,0.0,-0.0038,-1.599
Mark Sanchez,2015,2,-2.01495,-0.160005,-0.408576,-13.2996,-0.1243,59,91,0.6484,-3.7985,616,6.7692,4,4,9,5,23,4.6,0,0.044,0.044,0.0,0.4206,80.6548,4.62,55.1203,,-0.0073,-0.0726,0.0459,-0.0824,-0.0503,0.0116,-0.0361,5.9121,-3.1319,0,3,0,0,1,0.0,-0.0035,-0.3754
Brandon Weeden,2012,15,-2.0198,-0.201845,-0.867981,-25.5572,-0.0438,297,516,0.5756,-4.6545,3385,6.5601,14,17,28,21,116,5.5238,0,0.0271,0.0329,-0.0058,0.4195,72.6986,4.989,77.0149,33.7,-0.0008,0.0174,-0.0287,-0.0295,-0.0998,0.0557,-0.0242,7.4516,-1.345,5,10,0,0,6,0.0,-0.0032,-1.8967
Blaine Gabbert,2015,8,-2.02036,0.417885,1.99515,-25.9955,-0.0753,178,282,0.6312,-1.766,2031,7.2021,10,7,25,23,191,8.3043,1,0.0355,0.0248,0.0106,0.4087,86.1702,5.7068,140.502,37.6,0.0158,-0.0245,0.0068,0.0026,-0.1412,0.0185,-0.0202,7.1879,-2.3582,3,5,0,2,3,0.6667,0.0003,0.1008
Christian Ponder,2013,9,-2.02397,-0.677206,-1.05372,2.8584,0.0094,152,239,0.636,1.1317,1648,6.8954,7,9,27,29,154,5.3103,4,0.0293,0.0377,-0.0084,0.4492,77.8853,4.7519,77.2,,0.0251,-0.0453,0.0527,-0.0305,-0.0241,-0.0642,0.036,8.5397,-0.2343,2,6,1,0,3,0.0,0.0012,0.3602
Davis Webb,2022,1,-2.02553,0.860454,0.860454,5.3594,0.1165,23,40,0.575,-6.9941,168,4.2,1,0,0,6,41,6.8333,1,0.025,0.0,0.025,0.413,75.8333,4.7,289.021,76.9,0.1179,0.1016,-0.065,0.0818,-0.1669,0.021,-0.0181,5.1,-3.875,0,1,0,0,0,,-0.0019,-0.0873
Nick Foles,2017,3,-2.02622,-0.718254,-0.611638,-13.4028,-0.1186,57,101,0.5644,-3.2101,537,5.3168,5,2,5,1,1,1.0,0,0.0495,0.0198,0.0297,0.3894,79.5173,4.7453,65.2728,83.9,-0.0185,-0.0253,-0.0681,0.0169,-0.0347,-0.026,0.0008,8.1683,-1.2376,5,1,0,1,1,1.0,-0.0045,-0.5032
Trevor Siemian,2023,3,-2.02798,-0.360569,0.143636,-51.6087,-0.2867,86,153,0.5621,-8.9282,724,4.732,2,4,8,9,40,4.4444,0,0.0131,0.0261,-0.0131,0.3611,62.1051,3.3789,119.456,,-0.0244,0.0317,-0.0579,-0.0479,-0.2152,0.0071,-0.0071,5.3203,-4.3399,2,3,0,1,2,0.5,-0.0062,-1.1092
Andy Dalton,2020,9,-2.03656,-0.472425,0.0388126,9.5559,0.0241,216,333,0.6486,-0.4075,2170,6.5165,14,8,24,23,118,5.1304,0,0.042,0.024,0.018,0.4848,87.2935,5.3389,109.997,46.1,0.0026,-0.0025,-0.0129,-0.0148,-0.038,-0.0215,0.0026,6.8739,-1.6697,6,5,0,2,4,0.5,0.0007,0.2823
Daniel Jones,2024,10,-2.0368,-0.27654,-0.261916,-9.7868,-0.0218,216,337,0.6409,1.4571,2070,6.1424,8,7,29,59,274,4.6441,2,0.0237,0.0208,0.003,0.461,80.3474,4.7623,112.322,44.4,0.0015,-0.0159,0.0134,0.0133,-0.0307,-0.0725,-0.0079,7.4451,-1.5134,2,8,0,0,5,0.0,0.0,-0.0054
Andy Dalton,2025,1,-2.03796,-0.783859,-0.783859,-8.708,-0.1814,25,37,0.6757,6.5959,293,7.9189,1,1,8,1,1,1.0,0,0.027,0.027,0.0,0.4583,89.1329,4.7556,-93.4208,,-0.1201,-0.2723,0.0209,-0.0738,0.2859,-0.0941,0.0036,9.4054,1.5405,1,2,0,0,0,,-0.0082,-0.3953
Blaine Gabbert,2016,5,-2.03809,-0.376056,-0.17115,-19.0159,-0.0872,91,160,0.5688,-6.6801,925,5.7812,5,6,11,38,175,4.6053,2,0.0312,0.0375,-0.0062,0.4037,68.3594,4.1345,109.321,54.1,0.0441,0.0287,0.0027,-0.0263,-0.0589,-0.1592,0.0058,8.4438,-0.1812,1,5,0,0,2,0.0,-0.0017,-0.361
Kenny Pickett,2023,12,-2.03917,-0.225784,-1.08292,-24.9552,-0.0638,201,323,0.6223,-2.1204,2070,6.4087,6,4,23,23,77,3.3478,1,0.0186,0.0124,0.0062,0.4297,81.6757,5.3092,86.3138,38.1,-0.0046,0.0051,-0.06,0.0401,-0.0588,-0.0219,0.0093,7.0836,-1.5728,7,5,0,4,5,0.8,-0.0002,-0.0857
Colin Kaepernick,2015,8,-2.04002,-0.398053,-1.359,-8.343,-0.0261,144,244,0.5902,-5.2159,1615,6.6189,6,5,28,39,253,6.4872,1,0.0246,0.0205,0.0041,0.4094,78.5007,4.9412,83.1294,43.7,0.026,-0.0192,-0.0312,0.0278,-0.076,-0.016,-0.0044,7.6844,-0.873,3,6,0,0,1,0.0,0.0,-0.01
Tyrod Taylor,2025,4,-2.05113,-0.727367,-0.592448,-4.5903,-0.0255,80,133,0.6015,-0.8776,779,5.8571,5,5,14,25,145,5.8,1,0.0376,0.0376,0.0,0.4444,73.4806,3.8912,87.3154,51.0,-0.0006,0.0008,-0.0293,-0.0218,0.0336,-0.072,-0.0047,8.609,-0.4135,1,5,0,1,2,0.5,-0.0014,-0.2539
Matt Cassel,2009,15,-2.06093,0.0997992,-2.12585,-70.146,-0.1156,272,490,0.5551,-4.9918,2924,5.9673,16,16,42,38,199,5.2368,0,0.0327,0.0327,0.0,0.3855,70.4847,4.2744,43.8601,29.7,-0.0252,-0.0129,-0.0174,0.0156,-0.0223,-0.1027,0.0157,8.127,-1.1578,4,11,0,1,6,0.1667,-0.0024,-1.4835
Matt Hasselbeck,2010,14,-2.06649,0.054157,0.477707,-23.3805,-0.0466,264,440,0.6,-0.8803,2935,6.6705,12,17,29,13,70,5.3846,3,0.0273,0.0386,-0.0114,0.4602,72.8693,4.7676,76.9029,52.3,-0.0109,-0.0274,-0.0093,-0.0405,-0.0089,0.0061,-0.0017,8.6636,-0.2864,6,8,0,0,0,,-0.0009,-0.4277
Cam Newton,2016,14,-2.07791,-0.673571,-3.76714,-11.056,-0.0167,270,507,0.5325,-5.5116,3509,6.9211,19,14,36,85,364,4.2824,5,0.0375,0.0276,0.0099,0.429,76.2862,5.4917,102.956,47.1,-0.0085,-0.007,-0.033,-0.0195,0.0809,-0.0996,-0.0058,10.3609,1.1341,6,9,0,0,4,0.0,0.0002,0.1217
Geno Smith,2013,16,-2.07819,0.747952,-0.526647,-39.9976,-0.0705,247,442,0.5588,-4.1597,3046,6.8914,12,21,43,61,372,6.0984,6,0.0271,0.0475,-0.0204,0.4145,66.6195,4.1773,57.3871,41.0,0.0261,-0.0367,0.0052,-0.0803,0.0326,-0.0614,-0.0158,8.9661,-0.5611,8,8,0,2,4,0.5,-0.0006,-0.3557
Chris Simms,2009,1,-2.08613,-0.511025,-0.511025,-23.5368,-0.9807,5,17,0.2941,-28.5446,23,1.3529,0,1,5,0,0,,0,0.0,0.0588,-0.0588,0.2083,15.0735,-2.7727,-55.5268,,-0.0134,-0.2941,-0.148,-0.0784,-0.1316,-0.2953,-0.0537,8.1176,-2.0,0,2,0,0,1,0.0,-0.0261,-0.626
Matthew Stafford,2009,10,-2.09412,-0.725007,-2.14591,-68.189,-0.1597,201,370,0.5432,-7.6632,2267,6.127,13,20,23,19,110,5.7895,2,0.0351,0.0541,-0.0189,0.4052,62.0721,3.7099,35.1492,37.1,-0.0086,0.0112,-0.0444,-0.1104,-0.0712,0.0324,-0.0023,8.2027,-0.3243,2,8,0,1,3,0.3333,-0.0007,-0.2784
Jake Locker,2012,11,-2.12002,-0.31826,-1.22212,-6.2964,-0.0159,177,314,0.5637,-3.7366,2176,6.9299,10,11,25,39,292,7.4872,1,0.0318,0.035,-0.0032,0.3949,73.9517,5.1032,87.4503,40.0,0.0189,-0.011,-0.0046,0.0105,0.0061,-0.0972,-0.0044,9.6529,0.4299,4,7,0,0,2,0.0,0.0005,0.1992
Colt McCoy,2010,8,-2.12121,-0.614343,-0.551646,3.804,0.0138,135,221,0.6109,1.9652,1576,7.1312,6,9,23,22,142,6.4545,1,0.0271,0.0407,-0.0136,0.4601,74.7832,4.75,60.804,52.8,0.0244,-0.0189,0.0354,-0.0017,-0.0535,-0.0102,-0.008,8.8009,0.1312,2,6,0,0,2,0.0,-0.0018,-0.5094
Carson Wentz,2022,7,-2.12727,-0.65649,-1.26361,-18.5367,-0.0555,172,276,0.6232,-3.7504,1755,6.3587,11,9,26,16,86,5.375,1,0.0399,0.0326,0.0072,0.4192,80.2083,4.6722,78.5085,34.4,-0.0069,-0.0379,-0.0103,-0.011,-0.086,0.0391,0.0134,7.779,-1.0399,2,6,0,2,3,0.6667,-0.0017,-0.5626
Mac Jones,2024,7,-2.12737,-0.10476,0.0742392,2.9138,0.0093,171,262,0.6527,-0.4917,1672,6.3817,8,8,14,22,97,4.4091,1,0.0305,0.0305,0.0,0.4331,80.5184,4.971,109.0,,-0.008,0.0223,-0.0033,0.0198,-0.0929,0.0179,-0.0234,7.3588,-1.9084,2,8,0,1,5,0.2,0.0006,0.1872
Jalen Hurts,2020,4,-2.13052,-0.388304,1.20824,13.4126,0.0586,77,147,0.5238,-8.3333,1061,7.2177,6,4,13,58,358,6.1724,3,0.0408,0.0272,0.0136,0.4323,78.0754,5.8875,190.13,,0.0015,0.0264,-0.0206,0.0194,0.0247,-0.1206,0.0191,9.2041,-0.0884,4,9,1,1,4,0.25,0.0011,0.2449
Mac Jones,2023,11,-2.14684,-0.662832,-1.39325,-61.4458,-0.1532,224,345,0.6493,-2.8928,2120,6.1449,10,12,22,21,102,4.8571,0,0.029,0.0348,-0.0058,0.4414,76.9626,4.5041,98.2394,36.7,-0.0218,0.0257,-0.0278,-0.0802,-0.095,0.0296,-0.0107,6.9855,-1.771,2,9,0,1,6,0.1667,-0.0041,-1.6269
Jacoby Brissett,2017,15,-2.14914,-0.0247711,0.193581,-35.5213,-0.0596,276,466,0.5923,-4.4544,3098,6.6481,13,7,52,50,264,5.28,4,0.0279,0.015,0.0129,0.4111,82.1799,5.2857,95.1816,44.0,-0.0123,-0.0387,-0.0215,0.024,-0.0565,0.0144,-0.0053,7.5386,-1.4227,4,12,0,0,5,0.0,-0.0025,-1.4988
Joe Flacco,2013,16,-2.16317,-0.381592,-3.04316,10.2928,0.0144,362,613,0.5905,-1.1361,3912,6.3817,19,22,48,19,138,7.2632,1,0.031,0.0359,-0.0049,0.4134,73.2633,4.5053,72.3189,48.0,0.0106,0.0006,-0.0175,-0.0087,-0.0278,-0.0165,0.0147,9.402,0.4788,8,8,0,2,7,0.2857,0.0018,1.3122
Carson Wentz,2024,1,-2.18907,-0.539419,-0.539419,-6.3142,-0.2526,12,19,0.6316,-1.1948,118,6.2105,0,0,4,1,2,2.0,0,0.0,0.0,0.0,0.28,80.5921,4.1739,-26.7786,,-0.0454,-0.1581,-0.0589,0.0764,-0.2672,0.1156,0.0082,6.5789,-2.0526,1,1,0,0,0,,-0.001,-0.0257
Brady Quinn,2009,9,-2.19022,-0.323315,-1.15847,-37.7254,-0.1262,136,256,0.5312,-7.2693,1339,5.2305,8,7,19,16,101,6.3125,1,0.0312,0.0273,0.0039,0.3712,67.1712,3.9273,32.4927,,0.0325,-0.0223,-0.0523,0.0093,-0.1086,-0.0079,-0.0104,8.4078,-0.098,2,8,0,0,1,0.0,-0.0028,-0.8297
Cooper Rush,2024,8,-2.19027,-0.4205,0.21509,-30.513,-0.0852,187,307,0.6091,-8.0643,1844,6.0065,12,5,13,14,27,1.9286,0,0.0391,0.0163,0.0228,0.419,84.1137,5.5125,118.009,37.7,-0.0461,0.0076,-0.0327,0.0097,-0.0517,-0.0488,-0.0001,6.9609,-1.8925,4,7,0,0,1,0.0,-0.0006,-0.2106
Geno Smith,2016,1,-2.20244,-0.272674,-0.272674,-1.1612,-0.0581,8,14,0.5714,-10.5329,126,9.0,1,1,3,2,9,4.5,0,0.0714,0.0714,0.0,0.4,81.25,4.8235,42.1898,,0.0081,-0.1634,-0.0178,-0.0089,-0.1096,0.136,0.0217,6.9286,-1.4286,1,1,0,0,0,,0.0052,0.1039
Jordan Love,2021,1,-2.20312,-0.195842,-0.195842,-6.2385,-0.0866,36,62,0.5806,-5.5146,411,6.629,2,3,3,5,33,6.6,0,0.0323,0.0484,-0.0161,0.4306,68.6828,4.5077,52.6056,,0.0057,-0.0311,-0.0692,-0.0451,-0.0251,0.0289,-0.0166,7.9677,-0.0484,1,3,0,0,1,0.0,-0.0041,-0.2938
Mike Glennon,2014,5,-2.21024,0.044198,0.169528,-9.2559,-0.0375,117,202,0.5792,-0.4062,1417,7.0149,10,6,16,7,49,7.0,0,0.0495,0.0297,0.0198,0.4211,83.7046,5.7615,94.455,49.7,-0.0004,0.0203,-0.0276,-0.0056,0.1628,-0.202,-0.042,10.9208,0.9158,1,5,0,1,3,0.3333,-0.0011,-0.2654
Carson Wentz,2025,5,-2.21514,-0.605439,-0.248695,12.9683,0.063,110,168,0.6548,1.1112,1216,7.2381,6,5,19,9,57,6.3333,0,0.0357,0.0298,0.006,0.4806,86.3095,5.2727,107.76,,-0.0208,-0.0304,0.0268,-0.0275,0.0084,0.0332,0.0049,7.6667,-1.3571,2,3,0,1,3,0.3333,0.0012,0.2388
Johnny Manziel,2015,6,-2.22108,0.353756,0.92619,-11.2637,-0.0395,129,222,0.5811,-2.5569,1500,6.7568,7,5,19,32,235,7.3438,0,0.0315,0.0225,0.009,0.4105,79.786,5.2863,118.259,58.6,0.0066,-0.0451,-0.027,0.0178,-0.0531,0.0058,-0.0113,8.2387,-0.8784,2,7,0,0,1,0.0,0.0003,0.0892
Cam Ward,2025,17,-2.22843,0.00405792,-0.978523,-85.7049,-0.1293,323,537,0.6015,-2.9297,3169,5.9013,15,7,55,32,169,5.2812,2,0.0279,0.013,0.0149,0.3952,80.6758,4.6351,76.7164,33.1,-0.0109,-0.0779,-0.0328,0.0353,-0.0815,-0.0299,-0.0003,7.2756,-1.7728,3,14,0,1,5,0.2,-0.0028,-1.8343
Blake Bortles,2018,12,-2.22945,-0.863082,-2.32147,-26.4914,-0.053,243,403,0.603,-6.9319,2718,6.7444,13,11,31,51,370,7.2549,1,0.0323,0.0273,0.005,0.436,79.8129,5.3226,120.504,43.4,0.0231,0.0265,-0.0497,-0.0131,-0.0839,-0.0038,-0.0297,7.1687,-1.3995,4,9,0,0,5,0.0,-0.0021,-1.0622
EJ Manuel,2013,10,-2.23306,0.351115,-1.09866,-34.8418,-0.0873,180,305,0.5902,-2.4845,1972,6.4656,11,9,28,40,212,5.3,2,0.0361,0.0295,0.0066,0.4411,77.9303,4.8889,73.3094,38.2,0.014,-0.0223,-0.0215,0.0025,-0.0404,-0.0755,-0.0036,8.2164,-0.659,4,6,0,1,3,0.3333,-0.0011,-0.4388
Ryan Fitzpatrick,2009,8,-2.23536,0.788095,-0.0214859,-36.7223,-0.1302,127,226,0.5619,-3.033,1422,6.292,9,10,22,25,146,5.84,1,0.0398,0.0442,-0.0044,0.3759,69.9668,4.0927,45.0941,,0.0243,-0.0336,-0.0148,-0.0064,-0.0744,-0.0462,-0.0131,9.0487,-0.0442,5,5,0,1,3,0.3333,-0.0031,-0.8863
Brian Hoyer,2019,1,-2.24099,-0.868256,-0.868256,-28.522,-0.3854,35,65,0.5385,-8.7229,372,5.7231,4,4,5,2,7,3.5,0,0.0615,0.0615,0.0,0.3919,65.6731,3.2143,-97.8913,,-0.074,-0.0335,-0.0588,-0.2845,-0.0303,0.0319,-0.0013,8.6,-1.0923,0,2,0,0,2,0.0,-0.011,-0.8156
Jay Cutler,2016,5,-2.24174,-0.24986,-1.67235,-27.5936,-0.1642,81,137,0.5912,-2.3839,1059,7.7299,4,5,17,4,24,6.0,0,0.0292,0.0365,-0.0073,0.3869,78.087,5.2597,43.3023,,-0.0181,-0.0948,-0.0235,-0.0647,0.04,-0.0514,-0.0276,9.2117,-0.2336,1,4,0,0,2,0.0,-0.0041,-0.6969
Nick Foles,2022,2,-2.24798,-0.487418,-2.01461,-35.9177,-0.6651,25,42,0.5952,-8.2345,225,5.3571,0,4,8,2,8,4.0,0,0.0,0.0952,-0.0952,0.3333,34.4246,-0.06,-130.693,,-0.1104,-0.1098,-0.0306,-0.3116,-0.0493,-0.126,0.0283,8.1667,-0.5476,0,2,0,0,0,,-0.0117,-0.6325
Kyle Allen,2022,2,-2.26207,-0.260675,-0.853849,-43.6698,-0.4852,46,78,0.5897,-9.1088,416,5.3333,2,4,5,5,13,2.6,0,0.0256,0.0513,-0.0256,0.3444,60.6303,2.8313,-3.2943,,-0.0779,0.0188,-0.0609,-0.1564,-0.1779,-0.0551,-0.02,7.1795,-1.7821,0,2,0,0,0,,-0.0105,-0.941
Desmond Ridder,2022,4,-2.26348,0.456524,0.386726,-7.4844,-0.052,73,115,0.6348,-1.3212,708,6.1565,2,0,9,13,64,4.9231,0,0.0174,0.0,0.0174,0.4097,86.4312,5.7661,100.18,52.0,-0.0497,-0.0028,-0.0506,0.0818,0.0509,-0.1167,-0.0093,8.1739,-0.5391,2,2,0,1,2,0.5,-0.0019,-0.2792
Cooper Rush,2025,2,-2.26517,-0.378133,-0.795162,-25.8893,-0.4542,34,52,0.6538,-1.9399,303,5.8269,0,4,1,0,0,,0,0.0,0.0769,-0.0769,0.4211,48.7981,2.0189,12.2344,,-0.0307,0.062,-0.0523,-0.2243,-0.2191,-0.0211,-0.0371,6.4423,-2.0577,0,3,0,0,0,,-0.0069,-0.3918
Jake Delhomme,2010,4,-2.288,-0.312956,0.146592,-42.1594,-0.2555,93,148,0.6284,2.1229,872,5.8919,2,7,6,3,3,1.0,0,0.0135,0.0473,-0.0338,0.4,63.795,3.5584,65.9863,,-0.0273,0.0292,-0.0064,-0.1275,-0.1074,-0.0945,0.0311,7.5608,-1.4122,2,3,0,1,4,0.25,-0.0063,-1.0459
Marcus Mariota,2019,6,-2.29306,-1.27055,-1.33407,3.5591,0.0164,95,158,0.6013,-3.5526,1203,7.6139,7,2,25,23,130,5.6522,0,0.0443,0.0127,0.0316,0.4055,93.4072,5.9617,75.0776,90.5,-0.003,-0.0631,0.004,0.0608,-0.0316,-0.023,0.0073,7.1266,-2.6456,3,4,0,0,2,0.0,-0.001,-0.2094
Josh Freeman,2009,9,-2.30253,-0.461302,-2.06412,-50.7828,-0.1481,159,288,0.5521,-4.1644,1857,6.4479,10,18,19,24,166,6.9167,0,0.0347,0.0625,-0.0278,0.4111,60.489,3.7296,30.8627,37.0,0.0157,0.0258,-0.0347,-0.1138,0.0516,-0.1035,-0.0229,9.1806,0.2951,3,7,0,2,6,0.3333,-0.003,-1.0149
Drew Lock,2020,13,-2.30978,0.449186,0.0774631,-13.6318,-0.0265,254,441,0.576,-5.5433,2933,6.6508,16,15,19,33,172,5.2121,3,0.0363,0.034,0.0023,0.4369,75.7133,5.337,102.789,41.2,-0.0103,0.0062,-0.0404,-0.0339,-0.0202,-0.0527,0.0162,8.8662,0.0249,4,9,0,1,6,0.1667,0.0006,0.3031
Kellen Clemens,2013,9,-2.31635,0.0426669,0.291514,-12.8871,-0.0438,142,241,0.5892,-3.794,1673,6.9419,8,7,21,15,70,4.6667,0,0.0332,0.029,0.0041,0.4252,79.0716,5.2672,76.0289,,-0.029,-0.0165,-0.0073,-0.0228,-0.0106,-0.0218,0.0044,8.8091,-0.1079,4,6,0,0,2,0.0,-0.0024,-0.6974
Justin Fields,2021,10,-2.32379,0.523544,-0.588564,-48.1286,-0.1228,159,268,0.5933,-1.9522,1870,6.9776,7,10,36,63,426,6.7619,2,0.0261,0.0373,-0.0112,0.426,73.7562,4.2632,54.6451,31.4,0.0066,-0.0921,0.032,-0.0127,0.0727,-0.183,-0.0119,9.8694,0.4888,3,9,0,0,2,0.0,0.0,-0.0096
Spencer Rattler,2025,8,-2.33437,-0.473801,0.738784,-16.9409,-0.0523,174,254,0.685,2.3568,1586,6.2441,8,5,18,30,168,5.6,0,0.0315,0.0197,0.0118,0.4815,87.4836,5.2096,139.146,,-0.0011,0.0127,0.0276,0.0158,-0.0491,-0.133,0.0064,7.9921,-1.122,2,7,0,0,4,0.0,-0.0028,-0.9016
Jimmy Garoppolo,2020,6,-2.33841,-0.756011,-0.879713,32.6485,0.2028,94,140,0.6714,0.245,1096,7.8286,7,5,11,6,28,4.6667,0,0.05,0.0357,0.0143,0.5031,92.4405,6.1854,93.3351,54.0,-0.0157,-0.0139,0.0056,-0.0043,-0.12,0.2358,0.0066,6.2786,-2.55,3,3,0,0,1,0.0,0.0034,0.5463
C.J. Stroud,2024,16,-2.34037,-0.590682,-2.92727,1.1019,0.0017,336,531,0.6328,-1.6823,3727,7.0188,20,12,52,38,243,6.3947,0,0.0377,0.0226,0.0151,0.4251,87.1979,5.4528,105.483,46.4,-0.0305,-0.0406,-0.0065,0.0013,0.0308,-0.0271,-0.0028,8.3315,-0.919,10,7,0,1,5,0.2,0.0012,0.7564
Dennis Dixon,2009,1,-2.3413,0.418125,0.418125,-1.8448,-0.0559,12,26,0.4615,-15.4545,145,5.5769,1,1,0,3,27,9.0,1,0.0385,0.0385,0.0,0.3939,60.5769,4.6154,147.153,,0.1174,0.0934,-0.067,-0.0463,-0.1474,-0.0347,-0.0058,10.0769,0.1154,0,1,0,0,1,0.0,-0.0076,-0.2518
Drew Stanton,2016,1,-2.34628,-0.257856,-0.257856,-12.7681,-0.2455,19,47,0.4043,-15.8571,192,4.0851,2,3,1,0,0,,0,0.0426,0.0638,-0.0213,0.3269,40.3812,1.8542,41.928,,-0.0163,0.0668,-0.188,-0.0277,-0.024,-0.1201,-0.0121,11.6383,3.0,4,1,0,0,1,0.0,-0.0146,-0.7607
Ryan Mallett,2014,2,-2.35236,-0.476589,-0.0120291,-2.1694,-0.0271,41,73,0.5616,-6.8686,400,5.4795,2,2,1,2,4,2.0,0,0.0274,0.0274,0.0,0.4375,69.4349,4.6622,84.1053,50.1,-0.0137,0.0801,-0.079,-0.0254,0.0311,-0.0824,0.0051,8.5068,0.3425,1,1,0,0,1,0.0,-0.002,-0.1596
Michael Vick,2015,3,-2.39225,-0.223532,-0.525013,-27.6327,-0.3004,40,65,0.6154,-0.0581,371,5.7077,2,1,10,14,105,7.5,0,0.0308,0.0154,0.0154,0.337,80.9936,4.1733,55.8225,,-0.0008,-0.0829,-0.0391,0.0883,-0.1734,-0.1539,-0.0055,9.7077,0.7385,3,1,0,1,1,1.0,-0.0109,-1.0048
Jacoby Brissett,2024,5,-2.40923,-0.222377,-1.94388,-32.4121,-0.1613,95,160,0.5938,-2.9146,823,5.1438,2,1,18,12,64,5.3333,0,0.0125,0.0062,0.0062,0.4129,74.5573,3.927,28.5455,,-0.0141,-0.0462,-0.0497,0.0386,-0.1399,-0.0148,-0.0123,6.8312,-2.1375,2,5,0,1,2,0.5,-0.0042,-0.8372
Christian Ponder,2014,1,-2.41252,-0.746262,-0.746262,-19.2122,-0.3431,22,44,0.5,-9.6253,222,5.0455,0,2,6,4,16,4.0,1,0.0,0.0455,-0.0455,0.3393,45.8333,1.96,-89.9118,,0.0237,-0.028,-0.058,-0.1495,-0.0383,-0.0883,-0.0616,8.4091,-0.2273,1,1,0,0,0,,-0.0041,-0.2301
Brandon Weeden,2014,1,-2.42483,-0.340534,-0.340534,3.2964,0.0659,24,41,0.5854,-4.6782,303,7.3902,3,2,1,5,-1,-0.2,0,0.0732,0.0488,0.0244,0.44,85.7215,6.2857,1.0694,,-0.0769,0.0704,-0.0121,-0.0826,-0.008,0.0662,0.0519,8.561,-0.6585,2,2,0,0,2,0.0,-0.0013,-0.0671
Brian Hoyer,2015,9,-2.44298,-0.0442926,0.642972,8.6189,0.0206,224,369,0.607,-1.714,2606,7.0623,19,7,25,6,53,8.8333,0,0.0515,0.019,0.0325,0.4678,91.3561,6.3096,105.128,52.8,-0.0097,-0.0139,-0.0482,0.0268,0.1143,-0.0877,-0.028,9.4688,0.4878,5,6,0,1,3,0.3333,0.0006,0.2548
Matt Cassel,2014,3,-2.44367,-0.248784,-1.07516,-7.6987,-0.0906,41,71,0.5775,-9.3731,425,5.9859,3,4,6,3,22,7.3333,0,0.0423,0.0563,-0.0141,0.4,65.757,3.4545,10.6055,,-0.0183,0.0032,-0.0008,-0.1034,-0.1581,0.0905,0.0392,6.1127,-2.9859,1,2,0,0,0,,-0.0014,-0.119
Matt Hasselbeck,2009,14,-2.44635,-0.345967,-0.0517001,-56.7003,-0.1016,293,488,0.6004,-2.3949,3029,6.207,17,17,32,20,121,6.05,0,0.0348,0.0348,0.0,0.4229,75.0768,4.6058,73.4358,34.0,-0.0141,-0.0176,-0.0033,-0.0203,-0.0896,0.0013,0.0083,6.8668,-2.0512,5,9,0,0,2,0.0,-0.0019,-1.0697
Matt Hasselbeck,2015,8,-2.47167,-0.402958,-0.940202,4.1318,0.0139,156,256,0.6094,-2.263,1690,6.6016,9,5,16,7,25,3.5714,0,0.0352,0.0195,0.0156,0.4664,83.9518,5.6765,85.5319,,-0.0212,-0.0261,-0.0426,0.0345,-0.0638,0.0507,0.0155,7.4219,-1.1328,5,3,0,2,3,0.6667,0.0009,0.2764
Josh McCown,2018,3,-2.47796,-0.645668,-1.612,-31.6814,-0.2535,60,109,0.5505,-9.5385,539,4.945,1,4,7,5,32,6.4,0,0.0092,0.0367,-0.0275,0.368,56.3265,2.9655,-4.0253,,-0.0033,0.0368,-0.1331,-0.0136,-0.1783,-0.0012,-0.0382,7.3853,-1.6881,1,3,0,0,2,0.0,-0.0042,-0.5276
Charlie Whitehurst,2011,2,-2.48315,-0.304258,-1.22098,-22.4838,-0.3212,27,56,0.4821,-10.1179,298,5.3214,1,1,8,3,14,4.6667,0,0.0179,0.0179,0.0,0.3143,62.9464,3.5469,-80.2532,,-0.0046,-0.1422,-0.0967,0.0682,-0.1281,-0.0356,-0.029,10.0179,1.1607,1,2,0,1,2,0.5,-0.0079,-0.5547
Kirk Cousins,2013,3,-2.49078,-1.13477,-0.652549,-41.6372,-0.2523,81,154,0.526,-11.2957,854,5.5455,4,7,5,4,14,3.5,0,0.026,0.0455,-0.0195,0.3576,58.7392,3.6918,43.1311,,-0.019,0.0274,-0.0644,-0.0875,-0.0376,-0.1127,-0.0183,8.0714,-0.8506,0,5,0,0,2,0.0,-0.0043,-0.716
Christian Ponder,2011,10,-2.49395,-0.641349,-2.19522,-47.8173,-0.1336,157,290,0.5414,-6.9174,1841,6.3483,13,13,30,24,222,9.25,0,0.0448,0.0448,0.0,0.3883,69.9138,4.225,34.4496,32.4,0.0372,-0.0275,-0.0124,-0.083,-0.0741,0.0051,-0.0257,9.1759,-0.2034,2,9,0,0,3,0.0,-0.0029,-1.0436
Kevin Kolb,2012,5,-2.50603,-0.276766,-0.413271,-19.0962,-0.0816,109,183,0.5956,-4.6563,1169,6.388,8,3,27,12,103,8.5833,1,0.0437,0.0164,0.0273,0.4231,86.077,4.9286,65.5048,,0.0129,-0.0967,0.0031,0.034,-0.0698,0.0137,-0.0448,7.9016,-1.4645,4,2,0,2,3,0.6667,-0.0017,-0.3863
Taysom Hill,2021,5,-2.51783,-0.0260596,0.815998,6.3304,0.0301,78,132,0.5909,-7.096,978,7.4091,4,5,9,67,377,5.6269,5,0.0303,0.0379,-0.0076,0.4762,76.5152,5.4539,120.007,,0.0605,0.0349,0.0014,-0.0287,-0.0276,-0.0514,-0.0245,7.5076,-1.7652,6,5,0,0,0,,0.0029,0.6148
C.J. Beathard,2020,2,-2.51787,0.279794,0.478337,13.5912,0.1087,66,103,0.6408,-0.908,787,7.6408,6,0,9,5,29,5.8,0,0.0583,0.0,0.0583,0.488,106.735,7.4643,160.161,,-0.0348,-0.0782,-0.0204,0.0824,0.0524,-0.0057,0.0047,8.2621,-0.534,1,5,0,0,2,0.0,-0.0017,-0.217
Tyrod Taylor,2021,6,-2.52706,-0.846918,-1.27588,-8.0168,-0.0426,91,149,0.6107,-3.626,966,6.4832,5,5,13,16,152,9.5,3,0.0336,0.0336,0.0,0.4309,77.1952,4.4568,71.1477,,0.0559,0.0004,-0.0416,-0.0531,-0.0515,0.0047,-0.0231,7.4295,-0.8322,2,4,0,0,2,0.0,-0.002,-0.3769
Trevor Lawrence,2021,17,-2.53132,0.625748,-0.97746,-43.7728,-0.0597,359,599,0.5993,-4.8001,3641,6.0785,12,17,32,66,343,5.197,2,0.02,0.0284,-0.0083,0.4516,72.2072,4.561,81.0766,39.1,-0.0081,0.0122,-0.032,-0.0111,-0.0087,-0.0733,-0.0043,7.9098,-0.9282,3,14,0,1,6,0.1667,-0.0014,-1.0054
Robert Griffin III,2020,1,-2.53589,-0.0205981,-0.0205981,-20.727,-0.7402,8,14,0.5714,-8.5745,42,3.0,0,2,3,8,73,9.125,0,0.0,0.1429,-0.1429,0.3214,22.619,-4.0,104.761,,-0.0101,-0.0552,0.0273,-0.1978,-0.3358,-0.2159,-0.0614,8.7857,-1.4286,2,1,0,0,0,,-0.0144,-0.4046
Riley Leonard,2025,1,-2.54162,0.803449,0.803449,-4.8247,-0.0611,39,67,0.5821,-3.8709,415,6.194,2,3,2,5,28,5.6,2,0.0299,0.0448,-0.0149,0.3671,67.6928,4.3913,325.782,72.2,0.0359,-0.0021,-0.0576,-0.0283,0.0247,-0.1327,0.0304,8.0149,-0.2239,1,4,0,0,2,0.0,-0.0009,-0.0712
Teddy Bridgewater,2018,1,-2.54452,-0.388974,-0.388974,-10.5194,-0.3506,14,23,0.6087,-7.4275,118,5.1304,1,1,2,4,12,3.0,0,0.0435,0.0435,0.0,0.3333,70.5616,3.4,17.3668,,-0.0569,0.0438,-0.1107,-0.0765,-0.0326,-0.1299,-0.0653,6.1304,-2.2174,1,1,0,0,0,,-0.0017,-0.0502
Tyson Bagent,2023,4,-2.54486,0.11112,0.922619,-19.6736,-0.1137,94,143,0.6573,-2.4326,859,6.007,3,6,5,20,116,5.8,2,0.021,0.042,-0.021,0.4855,71.4015,4.1486,143.945,,0.0452,0.0061,-0.0162,-0.0571,-0.1711,0.0782,-0.0259,5.6923,-2.7483,2,3,0,0,2,0.0,-0.0015,-0.2671
Andy Dalton,2021,6,-2.55326,-0.296763,-1.35847,-21.164,-0.077,149,235,0.634,-4.1952,1515,6.4468,8,9,18,13,82,6.3077,0,0.034,0.0383,-0.0043,0.4364,77.172,4.4545,56.1339,,-0.0182,-0.0383,0.0136,-0.102,-0.0536,0.0484,0.0077,6.9872,-1.8766,4,4,0,1,3,0.3333,0.0013,0.3471
Troy Smith,2010,6,-2.56095,-0.107635,-0.0389067,2.3969,0.0126,73,145,0.5034,-8.3736,1176,8.1103,5,4,18,19,122,6.4211,1,0.0345,0.0276,0.0069,0.3895,77.8305,6.0368,59.5864,,0.0191,-0.0519,-0.0578,0.0319,-0.0075,0.0164,0.0165,10.069,0.7655,3,3,0,2,3,0.6667,0.0055,1.0543
Sam Howell,2023,17,-2.56939,-0.319017,-0.226737,-77.1883,-0.1021,388,612,0.634,-0.4272,3946,6.4477,21,21,65,44,267,6.0682,5,0.0343,0.0343,0.0,0.4286,78.9216,4.39,104.925,42.4,0.0059,-0.0293,0.0107,-0.0517,-0.0195,-0.0474,0.0021,7.4967,-1.1912,4,13,0,2,7,0.2857,-0.0008,-0.6293
Derek Anderson,2014,2,-2.57546,0.32992,1.10289,29.5054,0.2758,65,96,0.6771,8.0045,701,7.3021,5,0,4,5,25,5.0,0,0.0521,0.0,0.0521,0.5327,106.293,7.84,193.874,71.4,0.0241,0.0408,0.0013,0.0949,0.214,-0.1405,-0.0158,9.375,0.1979,2,3,0,0,0,,0.0056,0.6006
Brandon Weeden,2013,5,-2.58135,0.447268,-0.955767,-38.4586,-0.1217,141,266,0.5301,-4.0503,1731,6.5075,9,9,27,9,46,5.1111,0,0.0338,0.0338,0.0,0.3829,70.5514,4.5256,24.6693,34.4,-0.0088,-0.0256,-0.0296,-0.016,0.0253,-0.1088,-0.0179,9.3233,-0.1466,2,6,0,0,4,0.0,-0.0027,-0.8612
Robert Griffin III,2016,5,-2.58523,0.465973,-0.618873,-0.933,-0.0045,87,147,0.5918,-2.6712,886,6.0272,2,3,22,28,190,6.7857,2,0.0136,0.0204,-0.0068,0.399,72.5482,3.8639,62.2058,,0.049,-0.0528,0.0471,0.0231,-0.1323,-0.034,0.0195,8.6735,-0.2177,1,4,0,0,1,0.0,0.0068,1.4232
Matt Cassel,2017,1,-2.58716,-0.460248,-0.460248,-39.1594,-0.7678,25,42,0.5952,-1.4201,162,3.8571,1,2,8,0,0,,0,0.0238,0.0476,-0.0238,0.2941,55.8532,1.24,-22.8068,,-0.0232,-0.2812,-0.0123,-0.1646,-0.0612,-0.2186,-0.043,7.9048,-1.119,0,2,0,0,1,0.0,-0.0092,-0.4672
Dwayne Haskins,2019,7,-2.58869,0.230952,-0.711189,-43.5237,-0.1707,119,202,0.5891,-4.6543,1365,6.7574,7,7,29,15,103,6.8667,0,0.0347,0.0347,0.0,0.4078,76.4439,4.2684,58.3364,,0.004,-0.1144,-0.0136,-0.0343,0.0202,-0.0805,-0.0171,8.6683,-0.8465,2,7,0,1,4,0.25,-0.0027,-0.6988
Nick Foles,2016,1,-2.59355,-0.0867813,-0.0867813,-5.39,-0.0869,36,55,0.6545,5.4792,410,7.4545,3,0,4,0,0,,0,0.0545,0.0,0.0545,0.371,105.871,7.3898,74.2379,,-0.0163,-0.0402,-0.1142,0.0831,-0.1776,0.1058,-0.0035,7.8364,-1.0727,2,0,0,0,0,,-0.0022,-0.1383
Bailey Zappe,2023,6,-2.59748,-1.12606,-0.93644,-86.7806,-0.3364,127,211,0.6019,-4.4277,1272,6.0284,6,9,25,16,84,5.25,1,0.0284,0.0427,-0.0142,0.3295,69.066,3.3729,66.7349,,-0.0074,-0.0728,-0.0532,-0.0653,-0.0676,-0.0544,-0.0427,7.981,-1.0142,2,8,0,0,5,0.0,-0.0083,-2.1466
Brodie Croyle,2010,1,-2.60727,-0.660658,-0.660658,-21.0797,-0.8432,8,19,0.4211,-16.541,38,2.0,0,1,4,0,0,,0,0.0,0.0526,-0.0526,0.08,27.7412,-1.5652,-99.7764,,-0.0152,-0.0707,-0.0736,-0.0345,-0.3116,-0.2807,-0.1029,11.2105,0.3684,1,1,0,0,0,,-0.0064,-0.1602
Dennis Dixon,2010,2,-2.61001,-0.182986,-0.170863,-8.0528,-0.1964,22,32,0.6875,2.7021,254,7.9375,0,1,5,4,32,8.0,0,0.0,0.0312,-0.0312,0.3902,79.4271,4.5405,31.8682,,-0.0333,-0.1479,0.0887,0.0109,-0.0215,-0.1227,-0.0167,6.6875,-2.0,2,0,0,0,0,,-0.0069,-0.2822
Brock Osweiler,2017,4,-2.61345,-0.253356,-0.664613,-19.7435,-0.0977,96,170,0.5647,-6.1923,1088,6.4,5,5,10,11,70,6.3636,1,0.0294,0.0294,0.0,0.3861,73.3578,4.9944,46.0275,50.6,-0.0004,0.0242,-0.0211,-0.0657,-0.0108,-0.0435,-0.0167,7.8,-1.2765,1,5,0,0,1,0.0,-0.0017,-0.3349
Deshaun Watson,2024,7,-2.61437,-0.0992145,-2.40555,-62.959,-0.2127,137,216,0.6343,-2.2257,1148,5.3148,5,3,33,28,149,5.3214,1,0.0231,0.0139,0.0093,0.348,79.0123,3.7028,36.2981,,-0.0194,-0.0956,0.0155,0.0284,-0.1748,-0.007,-0.0368,7.2639,-2.8102,1,6,0,0,3,0.0,-0.0039,-1.1484
Brett Hundley,2017,9,-2.62952,-0.535455,1.3195,-49.9079,-0.1254,192,316,0.6076,-3.0333,1836,5.8101,9,12,29,33,273,8.2727,2,0.0285,0.038,-0.0095,0.4296,70.596,3.7072,108.444,45.6,0.0162,-0.0366,0.0016,-0.0284,-0.1093,-0.008,0.0026,7.5728,-0.8861,4,7,0,2,4,0.5,-0.0001,-0.0244
A.J. Feeley,2011,3,-2.63964,-0.465536,-0.679829,-30.2564,-0.2678,53,97,0.5464,-8.8933,548,5.6495,1,2,10,1,6,6.0,0,0.0103,0.0206,-0.0103,0.3717,66.0009,3.7944,7.5782,,-0.0037,-0.1196,-0.069,0.0482,-0.2131,0.0707,-0.028,6.3608,-3.1546,1,3,0,0,0,,-0.0028,-0.3132
DeShone Kizer,2017,15,-2.64358,0.475677,-0.417547,-92.1354,-0.1472,255,475,0.5368,-6.3284,2894,6.0926,11,22,38,71,421,5.9296,5,0.0232,0.0463,-0.0232,0.3866,60.6272,3.6998,64.8216,32.4,0.0186,-0.0091,-0.0128,-0.0543,-0.0476,-0.0803,0.002,8.9937,-0.2463,0,15,0,0,3,0.0,-0.0034,-2.1179
Malik Willis,2024,2,-2.64922,0.70558,1.2024,20.9288,0.2522,40,54,0.7407,6.8988,550,10.1852,3,0,8,16,142,8.875,1,0.0556,0.0,0.0556,0.3855,124.769,9.2419,254.189,77.3,0.0621,-0.0628,0.0719,0.0764,0.0244,0.0639,-0.0607,7.963,-1.7778,4,2,0,0,2,0.0,0.0082,0.6806
Kellen Clemens,2011,3,-2.65779,0.296815,0.428994,-9.086,-0.0834,48,91,0.5275,-9.8102,546,6.0,2,1,9,5,37,7.4,1,0.022,0.011,0.011,0.4495,73.7866,4.73,79.4109,,0.0007,-0.0548,-0.0891,0.0643,0.0196,-0.0953,0.0243,9.7473,0.6703,0,3,0,0,2,0.0,-0.0041,-0.4511
Alex Smith,2020,6,-2.65992,-0.455076,-1.48005,-30.8535,-0.1068,168,252,0.6667,-0.8452,1582,6.2778,6,8,22,3,9,3.0,0,0.0238,0.0317,-0.0079,0.4291,78.5053,4.3905,74.6837,,-0.0308,-0.0272,0.0178,-0.0399,-0.2083,0.0781,-0.0052,5.1032,-3.9087,5,3,0,1,3,0.3333,-0.0044,-1.2766
Brian Hoyer,2020,1,-2.6791,-0.267749,-0.267749,-7.5453,-0.2795,15,24,0.625,-1.3374,130,5.4167,0,1,2,1,8,8.0,0,0.0,0.0417,-0.0417,0.4074,59.375,2.5769,45.5716,,0.0355,-0.1762,-0.0484,-0.1226,0.006,-0.0526,-0.0298,8.1667,0.1667,0,1,0,0,0,,-0.0083,-0.2254
Sam Darnold,2018,13,-2.6838,-0.247635,-0.423632,-16.815,-0.0346,239,413,0.5787,-4.6344,2865,6.937,17,15,30,27,148,5.4815,1,0.0412,0.0363,0.0048,0.4321,77.7996,5.2506,84.5919,45.9,-0.003,0.0075,-0.0268,-0.0505,0.0383,-0.0597,-0.0179,9.2785,0.0363,4,9,0,1,5,0.2,-0.0006,-0.3113
Trent Edwards,2010,3,-2.68408,-0.290912,-1.12795,-35.3083,-0.2655,55,101,0.5446,-6.8217,521,5.1584,2,5,11,14,58,4.1429,0,0.0198,0.0495,-0.0297,0.3759,54.9299,2.1518,-27.0927,,0.0456,-0.0734,0.0272,-0.0402,-0.1312,-0.1581,0.0186,5.8317,-3.4455,0,4,0,0,1,0.0,-0.0056,-0.7507
Case Keenum,2015,5,-2.68722,0.226675,0.479258,17.9267,0.1262,76,125,0.608,-4.4615,828,6.624,4,1,4,4,11,2.75,0,0.032,0.008,0.024,0.5,87.6833,6.4729,92.769,,-0.0206,0.0405,-0.0428,0.0815,-0.0895,0.0545,0.0356,8.072,-1.12,3,2,0,0,0,,0.0023,0.3275
Johnny Manziel,2014,2,-2.70134,-0.381251,-1.30412,-18.0971,-0.3548,18,35,0.5143,-11.4438,175,5.0,0,2,3,9,29,3.2222,1,0.0,0.0571,-0.0571,0.2941,41.9643,1.5526,-71.1705,,-0.0585,-0.0164,0.0988,-0.0678,-0.1184,-0.2271,-0.0225,7.0,-1.9429,1,3,0,0,0,,-0.0041,-0.21
Ryan Mallett,2015,6,-2.7031,0.0260541,0.0951999,-10.0133,-0.0381,136,242,0.562,-7.211,1336,5.5207,5,6,6,4,16,4.0,1,0.0207,0.0248,-0.0041,0.4259,68.4745,4.5726,82.3916,55.4,-0.0082,0.0659,-0.0755,-0.0116,0.0014,-0.0926,0.0156,8.5579,-0.2479,2,5,0,0,2,0.0,-0.0009,-0.2237
Daniel Jones,2020,14,-2.70799,0.11455,-1.92361,-9.5211,-0.0166,280,446,0.6278,-2.2433,2943,6.5987,11,10,45,49,438,8.9388,1,0.0247,0.0224,0.0022,0.4538,80.7735,4.943,97.6567,54.0,0.0063,-0.0464,0.0099,0.0001,0.0181,-0.0932,-0.0201,7.6166,-1.565,5,9,0,0,5,0.0,-0.0016,-0.9169
Colt McCoy,2020,2,-2.71565,-0.0477454,-0.681926,-12.5649,-0.1611,40,66,0.6061,-1.4422,375,5.6818,1,1,5,5,16,3.2,0,0.0152,0.0152,0.0,0.3333,75.0,4.5915,28.7815,,-0.0474,0.0036,-0.0687,0.0094,-0.0009,-0.1186,-0.0472,8.9394,0.4394,2,2,0,0,0,,-0.0027,-0.2106
Case Keenum,2016,9,-2.72542,-0.317021,-0.358332,-29.758,-0.0789,196,322,0.6087,-3.7006,2201,6.8354,9,11,23,13,58,4.4615,1,0.028,0.0342,-0.0062,0.4058,76.3716,5.0609,83.9088,37.5,-0.0148,-0.0176,-0.0106,-0.0565,-0.0862,0.0224,0.0084,7.6646,-1.0,4,6,0,1,4,0.25,-0.0014,-0.5234
Tyrod Taylor,2020,1,-2.72667,-0.287772,-0.287772,-5.4921,-0.1373,16,30,0.5333,-2.4686,208,6.9333,0,0,2,5,8,1.6,0,0.0,0.0,0.0,0.375,75.4167,6.4688,39.8771,,-0.1656,0.0575,-0.122,0.0824,0.0383,-0.1123,-0.0241,11.1667,2.9333,1,0,0,1,1,1.0,-0.001,-0.0384
Marc Bulger,2009,8,-2.73122,-0.268807,-0.327688,-38.0442,-0.1354,140,246,0.5691,-5.695,1469,5.9715,5,6,14,6,26,4.3333,0,0.0203,0.0244,-0.0041,0.4199,71.0027,4.6692,33.6893,,-0.0276,0.0134,-0.0843,0.0153,-0.0771,-0.0282,0.0197,7.7398,-0.9024,1,8,0,0,4,0.0,-0.0025,-0.7021
Bailey Zappe,2022,2,-2.74203,0.822197,1.0508,12.6608,0.1151,65,92,0.7065,5.753,781,8.4891,5,3,6,2,10,5.0,0,0.0543,0.0326,0.0217,0.4818,100.86,7.2041,185.444,,-0.0373,-0.0255,0.0229,-0.0299,-0.0021,0.11,0.0328,6.7826,-2.2391,2,2,0,0,0,,0.0037,0.4024
Matt Moore,2010,5,-2.75681,-0.251778,-1.13571,-34.3107,-0.2092,79,142,0.5563,-3.3891,857,6.0352,5,10,13,5,25,5.0,0,0.0352,0.0704,-0.0352,0.4085,55.9859,2.6903,-1.6255,,-0.0117,-0.0639,-0.0182,-0.1659,-0.0083,-0.0069,0.0197,8.7746,0.5986,1,5,0,1,2,0.5,-0.0036,-0.5964
Brian Brohm,2010,1,-2.77046,-1.02127,-1.02127,-25.719,-0.9892,10,23,0.4348,-9.1598,106,4.6087,0,3,3,0,0,,0,0.0,0.1304,-0.1304,0.2308,17.9348,-1.3077,-184.994,,-0.0152,-0.1388,-0.0513,-0.5128,0.0458,-0.3462,-0.0167,9.913,1.3913,0,1,0,0,0,,-0.013,-0.3369
Tanner McKee,2024,1,-2.77116,0.510233,0.510233,14.8933,0.3103,30,45,0.6667,-0.043,323,7.1778,4,0,2,1,2,2.0,0,0.0889,0.0,0.0889,0.5417,117.176,8.2128,235.515,65.5,-0.031,0.0184,-0.0174,0.0764,0.1147,0.0917,-0.0195,7.1556,-2.2444,2,0,0,0,0,,0.0048,0.2294
Jarrett Stidham,2022,2,-2.77277,-0.246783,0.94751,3.2892,0.0302,53,83,0.6386,1.5499,656,7.9036,4,3,7,13,84,6.4615,0,0.0482,0.0361,0.012,0.5138,89.2319,6.1556,186.418,59.7,0.0238,-0.0151,-0.0175,-0.0659,0.0636,-0.0068,0.0038,9.1928,0.1205,0,3,0,0,1,0.0,-0.0006,-0.0706
Mike Glennon,2020,5,-2.78349,-0.134472,-0.389662,-24.8304,-0.1273,111,177,0.6271,-3.6848,1072,6.0565,7,5,9,6,17,2.8333,0,0.0395,0.0282,0.0113,0.441,80.9911,5.0215,94.4661,,-0.0471,-0.0001,-0.0595,-0.0151,-0.0276,-0.0681,-0.0185,8.0452,-0.4576,0,5,0,0,3,0.0,-0.002,-0.3887
Geno Smith,2025,15,-2.78539,-0.366948,-2.96561,-56.1728,-0.0992,302,446,0.6771,0.7071,3025,6.7825,19,17,55,34,115,3.3824,0,0.0426,0.0381,0.0045,0.4399,85.0897,4.4611,72.7681,34.2,-0.0286,-0.0761,0.0385,-0.077,-0.0919,0.0608,0.0065,6.1951,-2.7242,2,13,0,0,4,0.0,-0.0023,-1.2778
Landry Jones,2017,1,-2.79898,0.1382,0.1382,-2.2748,-0.0711,23,28,0.8214,15.2826,239,8.5357,1,1,3,0,0,,0,0.0357,0.0357,0.0,0.4375,99.256,6.4194,106.548,47.5,-0.0232,-0.1039,0.1511,-0.0269,-0.15,0.021,0.0244,7.7857,-1.0714,2,0,0,0,0,,-0.0024,-0.0773
Bailey Zappe,2024,1,-2.80459,-0.199743,-0.199743,-12.7855,-0.3456,16,31,0.5161,-13.5541,170,5.4839,1,2,1,1,3,3.0,0,0.0323,0.0645,-0.0323,0.3514,51.8145,2.9688,48.0919,,-0.0433,0.0613,-0.1527,-0.2449,-0.0606,-0.0804,0.0982,7.0968,-1.3871,0,1,0,0,0,,-0.0061,-0.2243
Jimmy Clausen,2015,3,-2.82507,0.448251,0.301736,-39.3657,-0.2696,72,125,0.576,-4.2811,739,5.912,2,4,7,9,38,4.2222,0,0.016,0.032,-0.016,0.3151,66.7167,4.25,92.7059,,-0.0354,0.0245,-0.046,-0.0613,-0.1937,0.0028,-0.0275,8.76,-1.328,0,4,0,0,0,,-0.0019,-0.2834
C.J. Beathard,2017,5,-2.82665,-0.169006,0.342493,-44.3678,-0.1625,123,223,0.5516,-7.129,1430,6.4126,4,6,19,23,139,6.0435,3,0.0179,0.0269,-0.009,0.4066,69.5348,4.5413,81.9688,,0.0101,-0.0325,-0.0311,-0.0054,-0.0939,-0.0229,-0.0231,7.287,-2.2466,1,5,0,0,2,0.0,-0.0037,-1.0236
Chad Henne,2020,1,-2.8538,0.601132,0.601132,14.3981,0.32,28,38,0.7368,4.4444,248,6.5263,2,0,2,2,1,0.5,1,0.0526,0.0,0.0526,0.5556,108.224,7.1,236.702,49.7,-0.0134,0.0377,0.0169,0.0824,-0.2725,0.3943,-0.0342,4.1579,-3.6842,2,1,0,0,0,,0.0041,0.1846
Todd Collins,2010,1,-2.85559,-1.32341,-1.32341,-24.3926,-0.8131,10,27,0.3704,-18.2115,68,2.5185,0,5,2,0,0,,0,0.0,0.1852,-0.1852,0.3,5.8642,-5.931,-255.104,1.5,-0.0152,-0.0469,-0.0651,-0.4539,-0.2714,-0.0251,0.0185,6.8889,-1.5185,1,1,0,0,1,0.0,-0.0144,-0.4309
Kyle Boller,2009,4,-2.8595,-0.630075,-1.45991,-71.4034,-0.3337,98,175,0.56,-8.4403,899,5.1371,3,6,17,12,76,6.3333,0,0.0171,0.0343,-0.0171,0.3925,61.5833,2.9792,-29.5987,,0.0096,-0.0624,-0.0542,-0.0288,-0.2068,-0.0178,-0.0069,6.2571,-2.1829,0,7,0,0,2,0.0,-0.0067,-1.4371
Daunte Culpepper,2009,5,-2.86639,0.54355,-0.921264,-23.9301,-0.124,89,156,0.5705,-4.1549,945,6.0577,3,6,14,15,92,6.1333,0,0.0192,0.0385,-0.0192,0.399,65.2511,3.6941,2.1545,,-0.0219,-0.0069,-0.0166,0.0205,-0.0242,-0.1116,0.003,8.3782,-0.859,0,8,0,0,2,0.0,0.0001,0.0287
Jacoby Brissett,2016,2,-2.8697,0.120365,0.590647,-9.2668,-0.1144,34,55,0.6182,-2.7814,400,7.2727,0,0,6,13,86,6.6154,1,0.0,0.0,0.0,0.358,83.9015,5.8033,151.803,,-0.0252,-0.0053,-0.0385,0.0831,-0.21,0.0214,-0.0158,7.4727,-2.0909,2,1,0,0,0,,0.0008,0.0658
Nick Foles,2015,11,-2.87347,-0.474755,-3.03738,-90.8235,-0.2409,190,335,0.5672,-6.9111,2052,6.1254,7,10,14,8,28,3.5,1,0.0209,0.0299,-0.009,0.3607,69.3968,4.7106,59.6818,28.9,-0.0128,0.0189,-0.1159,-0.028,-0.1699,-0.0015,0.0014,8.0836,-1.2836,4,7,0,1,4,0.25,-0.0045,-1.7105
Blaine Gabbert,2017,5,-2.87366,-0.860878,-1.87567,-42.8806,-0.1949,95,170,0.5588,-7.3974,1086,6.3882,6,6,23,16,85,5.3125,0,0.0353,0.0353,0.0,0.4045,72.3284,4.0777,23.6841,,-0.0077,-0.0937,-0.0236,-0.0424,0.0321,-0.1099,0.0139,9.2471,0.5,2,3,0,2,4,0.5,-0.0042,-0.9339
Joe Flacco,2020,4,-2.87621,-0.080694,-0.296641,3.8391,0.024,74,134,0.5522,-2.3137,864,6.4478,6,3,7,5,22,4.4,0,0.0448,0.0224,0.0224,0.4188,80.5659,5.5319,80.7634,,-0.0152,0.0194,-0.1136,0.011,0.0319,-0.0573,0.0391,10.6343,1.903,0,5,0,0,1,0.0,-0.0004,-0.0655
Kyle Boller,2011,1,-2.87835,-0.666049,-0.666049,-12.7105,-0.3178,15,28,0.5357,-5.0922,161,5.75,0,3,3,6,39,6.5,0,0.0,0.1071,-0.1071,0.325,31.1012,0.2258,-106.438,,0.0268,0.006,0.0757,-0.2172,-0.154,-0.0676,-0.0343,11.3929,1.9643,1,1,0,0,0,,-0.0094,-0.3759
Tyrod Taylor,2018,3,-2.87924,-0.833809,-1.1249,-13.1035,-0.1101,42,84,0.5,-12.1381,473,5.631,2,2,13,16,125,7.8125,1,0.0238,0.0238,0.0,0.3697,65.2282,3.5258,24.9424,,0.0498,-0.0357,-0.0603,0.0246,-0.0934,-0.1076,0.0351,10.0714,1.1905,1,2,1,0,2,0.0,-0.0055,-0.651
Luke McCown,2011,2,-2.88843,-1.17585,-1.14004,-22.9216,-0.3421,30,56,0.5357,-12.0732,296,5.2857,0,4,4,5,24,4.8,0,0.0,0.0714,-0.0714,0.403,38.9881,1.3,-70.385,,0.0258,0.026,-0.0636,-0.199,-0.176,-0.0212,0.0189,6.4643,-1.875,1,3,0,0,1,0.0,-0.0041,-0.2769
Mason Rudolph,2021,1,-2.92496,0.318237,0.318237,-8.8563,-0.1384,35,57,0.614,-6.1357,277,4.8596,1,1,0,3,54,18.0,0,0.0175,0.0175,0.0,0.4375,72.0395,4.4211,150.227,,0.0455,0.1012,-0.0327,0.0256,-0.0651,-0.2803,0.0018,6.3158,-2.0526,0,1,1,0,1,0.0,0.0092,0.5913
Kellen Clemens,2009,1,-2.93578,-0.0759506,-0.0759506,-6.7855,-0.2056,13,25,0.52,-5.8004,125,5.0,0,0,4,4,8,2.0,0,0.0,0.0,0.0,0.2727,66.25,3.5862,21.1237,,0.0035,-0.1207,-0.0768,0.1098,0.0295,-0.1692,-0.0151,8.68,-0.16,3,0,0,0,0,,-0.0067,-0.221
Brock Purdy,2022,5,-2.9382,0.26395,2.90409,40.3661,0.196,114,170,0.6706,-0.7158,1374,8.0824,13,4,11,11,25,2.2727,1,0.0765,0.0235,0.0529,0.4951,107.328,7.5691,184.467,67.5,-0.029,0.0052,0.0464,0.017,0.0136,0.1007,-0.0022,6.5706,-2.2941,7,1,0,1,1,1.0,0.007,1.4422
Mark Sanchez,2009,15,-2.95757,-0.0242853,-2.9368,-51.146,-0.1201,196,361,0.5429,-5.5309,2444,6.7701,12,20,26,26,119,4.5769,3,0.0332,0.0554,-0.0222,0.4343,63.533,4.1059,26.5959,32.8,0.0275,-0.0153,-0.0715,-0.0941,0.0578,-0.0719,0.0138,9.4377,0.9751,8,7,0,0,4,0.0,-0.002,-0.8344
Jeff Driskel,2023,1,-2.9648,-0.189762,-0.189762,-10.4821,-0.2995,13,26,0.5,-10.9625,166,6.3846,2,2,3,6,34,5.6667,0,0.0769,0.0769,0.0,0.3714,63.9423,3.1034,31.1176,,-0.0117,-0.0509,-0.0704,-0.1337,0.1007,-0.1378,-0.0227,8.9231,0.0769,0,1,0,0,0,,-0.0069,-0.2411
Mike Glennon,2013,13,-2.97531,0.151972,-0.807112,-12.4653,-0.0248,247,416,0.5938,-0.1332,2608,6.2692,19,9,40,13,70,5.3846,0,0.0457,0.0216,0.024,0.4235,83.8942,4.9759,69.8905,55.2,-0.0123,-0.0359,-0.0307,0.0355,0.0215,-0.0795,0.0169,8.7115,-0.488,4,9,0,2,5,0.4,-0.0009,-0.4369
Todd Bouman,2010,1,-2.98071,0.158074,0.158074,4.7169,0.1179,18,34,0.5294,-4.604,222,6.5294,2,2,1,2,8,4.0,0,0.0588,0.0588,0.0,0.425,68.5049,4.7429,75.1022,66.1,0.0443,0.0288,0.0169,-0.1642,-0.0089,-0.0153,0.1704,7.3529,-0.8235,0,1,0,0,1,0.0,0.0066,0.2628
T.J. Yates,2011,5,-2.98363,-0.146886,-0.145741,2.8256,0.0176,82,131,0.626,-1.7048,949,7.2443,3,3,15,8,65,8.125,0,0.0229,0.0229,0.0,0.4596,82.5223,5.4795,41.004,44.1,0.0011,-0.0804,0.03,0.0381,-0.1041,0.0731,0.0129,8.5191,-0.4962,3,3,0,1,2,0.5,0.0044,0.7017
Brandon Allen,2024,1,-2.99057,-0.0621326,-0.0621326,-18.4629,-0.5595,17,30,0.5667,-4.9621,199,6.6333,1,2,2,1,6,6.0,0,0.0333,0.0667,-0.0333,0.3333,60.2778,3.9688,78.8297,,-0.0655,-0.1085,-0.0836,-0.1557,-0.1756,-0.028,-0.0195,8.0333,-1.2333,1,1,0,0,0,,-0.0032,-0.1058
Mike White,2022,4,-3.00118,-0.754466,0.702832,-4.4019,-0.023,103,175,0.5886,-6.1846,1192,6.8114,3,4,9,4,10,2.5,1,0.0171,0.0229,-0.0057,0.4293,75.7024,5.413,121.712,,-0.0181,0.0399,-0.0976,-0.0121,0.0556,-0.0203,-0.0147,7.4457,-1.7771,1,3,0,0,2,0.0,-0.0009,-0.1683
Trevor Siemian,2016,14,-3.02321,0.320597,3.32089,3.4552,0.0061,289,486,0.5947,-0.5171,3401,6.9979,18,10,31,16,71,4.4375,0,0.037,0.0206,0.0165,0.4534,84.5679,6.0426,114.28,49.7,-0.0094,0.0018,-0.0246,0.0063,0.0191,-0.0617,-0.0013,8.4074,-0.5658,8,6,0,3,6,0.5,0.0021,1.2096
Chad Henne,2014,3,-3.0264,-0.607295,-1.40752,-36.688,-0.3597,42,78,0.5385,-7.6509,492,6.3077,3,1,16,4,25,6.25,0,0.0385,0.0128,0.0256,0.3039,80.7158,4.2766,-23.9992,,0.0009,-0.1993,-0.0581,0.0455,-0.0678,-0.1316,-0.0063,8.9615,-0.1282,0,3,0,0,1,0.0,-0.0048,-0.4932
Nick Mullens,2020,8,-3.04174,-0.208143,0.856731,8.2414,0.0226,211,326,0.6472,-2.6039,2437,7.4755,12,12,19,4,13,3.25,0,0.0368,0.0368,0.0,0.478,84.1002,5.7913,119.022,36.3,-0.0346,-0.038,0.0076,-0.1015,-0.0425,0.1314,-0.0085,6.2975,-2.8374,3,7,0,1,4,0.25,-0.0022,-0.7986
J.J. McCarthy,2025,10,-3.04806,0.121495,-1.66835,-25.4907,-0.0822,140,243,0.5761,-5.7239,1632,6.716,11,12,27,25,191,7.64,4,0.0453,0.0494,-0.0041,0.4419,72.5909,4.3074,51.1334,,0.0277,-0.056,-0.0509,-0.093,0.0202,-0.0075,0.0089,8.8148,0.2263,6,4,0,1,4,0.25,0.0008,0.2632
Tanner McKee,2025,1,-3.04995,-0.263592,-0.263592,-1.5762,-0.0315,24,43,0.5581,1.3594,274,6.3721,1,1,3,3,12,4.0,0,0.0233,0.0233,0.0,0.46,73.2074,5.1087,22.3029,,-0.0129,0.0682,-0.1209,0.0081,0.1103,-0.1303,-0.0224,9.5581,1.6977,1,1,0,0,1,0.0,-0.0064,-0.3211
Ryan Tannehill,2018,11,-3.05081,-0.712716,-2.53926,-54.7768,-0.1547,176,273,0.6447,-0.9351,1979,7.2491,17,9,35,21,154,7.3333,0,0.0623,0.033,0.0293,0.4181,93.0327,5.3084,86.3075,33.2,-0.0067,-0.1065,-0.0072,-0.0216,-0.1106,0.0531,-0.0328,8.1648,-1.2234,5,6,0,3,5,0.6,-0.0015,-0.541
Josh Freeman,2015,1,-3.05232,-0.191133,-0.191133,-3.3021,-0.0971,15,28,0.5357,-11.2712,149,5.3214,1,1,1,5,28,5.6,0,0.0357,0.0357,0.0,0.4412,65.9226,4.0345,30.146,51.8,0.0436,0.0136,-0.0437,-0.0519,-0.1204,0.0136,-0.0188,7.1786,-1.1071,1,0,0,0,0,,-0.003,-0.1013
Sam Bradford,2011,10,-3.05415,-0.502826,-2.2469,-93.7579,-0.2201,190,356,0.5337,-8.007,2147,6.0309,6,6,36,9,33,3.6667,0,0.0169,0.0169,0.0,0.3803,70.2832,4.4617,12.7326,31.4,-0.0371,-0.0827,-0.0731,0.0508,-0.0258,-0.0946,-0.0044,9.1713,0.1152,1,9,0,1,3,0.3333,-0.0052,-2.2027
Chad Henne,2012,6,-3.05585,-0.407848,-1.53097,-39.9293,-0.1082,166,305,0.5443,-4.9404,2084,6.8328,11,11,28,14,59,4.2143,1,0.0361,0.0361,0.0,0.4173,72.903,4.9249,10.0738,29.0,-0.018,-0.0236,-0.0393,-0.0412,0.0362,-0.0826,-0.0058,9.1869,0.2393,1,9,0,0,2,0.0,-0.0013,-0.471
Kenny Pickett,2025,2,-3.05873,-0.711453,-1.28539,-26.7118,-0.4605,28,44,0.6364,-6.5324,188,4.2727,1,2,8,4,22,5.5,0,0.0227,0.0455,-0.0227,0.3103,61.553,1.2308,-69.6997,,0.0044,-0.0666,-0.0256,-0.0862,-0.1369,-0.1931,-0.0251,5.9545,-3.3864,1,5,0,0,1,0.0,-0.0091,-0.5283
Matt Cassel,2012,8,-3.064,-0.192166,-1.03342,-23.7425,-0.0726,161,270,0.5963,-1.9136,1796,6.6519,6,12,19,22,147,6.6818,1,0.0222,0.0444,-0.0222,0.4526,68.3796,4.4118,42.607,25.5,0.0169,-0.0127,0.0154,-0.0636,-0.0631,-0.0417,0.0101,8.5111,-0.8037,1,8,0,1,3,0.3333,-0.0027,-0.8841
Colt McCoy,2018,2,-3.06903,-0.409577,-0.536711,1.0627,0.0148,34,52,0.6538,-0.4114,372,7.1538,3,3,6,9,64,7.1111,0,0.0577,0.0577,0.0,0.4722,81.5705,4.5,36.5129,,0.0324,-0.0016,0.0679,-0.1142,0.0299,-0.0909,0.0138,9.2115,0.5,0,3,0,0,1,0.0,-0.0004,-0.03
Sean Mannion,2017,1,-3.10419,-0.2071,-0.2071,-13.464,-0.2992,22,37,0.5946,-6.5965,185,5.0,0,0,3,3,7,2.3333,0,0.0,0.0,0.0,0.3111,72.4662,4.125,21.2255,,0.0805,-0.0328,0.0172,0.0907,-0.229,-0.238,-0.0242,6.9189,-1.5405,2,1,0,0,0,,-0.0061,-0.2725
Paxton Lynch,2016,2,-3.11511,-0.391639,-0.833655,-5.2099,-0.0487,49,82,0.5976,-1.1931,497,6.061,2,1,9,8,29,3.625,0,0.0244,0.0122,0.0122,0.4299,80.1829,4.9451,-8.166,,-0.0267,0.0046,-0.0191,0.0591,0.0002,-0.1283,-0.0143,11.0732,2.1829,2,1,0,0,0,,-0.0017,-0.1774
Joe Webb,2010,2,-3.11701,-0.102056,0.520141,-15.9367,-0.1339,54,89,0.6067,-4.2151,477,5.3596,0,3,8,18,120,6.6667,2,0.0,0.0337,-0.0337,0.437,60.9316,3.0309,95.9195,,0.0633,-0.0073,0.0371,-0.0366,-0.1368,-0.1033,0.0042,8.6404,-0.4944,1,3,0,0,1,0.0,0.0002,0.0283
Josh Freeman,2013,4,-3.12553,-0.802641,-1.97523,-30.1657,-0.1785,63,147,0.4286,-13.7351,761,5.1769,2,4,8,4,20,5.0,0,0.0136,0.0272,-0.0136,0.355,52.5652,3.6129,-31.5883,,-0.0132,0.0103,-0.1681,0.0003,0.0028,-0.0873,0.0168,10.7415,1.7755,0,4,0,0,1,0.0,-0.0029,-0.4885
Josh Johnson,2011,1,-3.12995,0.50046,0.50046,-2.6428,-0.0529,19,36,0.5278,-3.422,246,6.8333,1,2,3,10,67,6.7,0,0.0278,0.0556,-0.0278,0.46,60.6481,3.8974,149.737,,0.043,-0.0335,0.0359,-0.0618,0.1876,-0.2553,-0.0155,10.0833,2.1944,1,8,0,0,0,,0.0012,0.0613
Matt Flynn,2013,5,-3.13238,-0.0777951,-0.67163,-23.83,-0.0957,124,200,0.62,0.1516,1392,6.96,8,5,24,14,70,5.0,0,0.04,0.025,0.015,0.4217,85.6667,5.3214,20.1362,,-0.0343,-0.0782,0.0393,-0.0411,-0.0212,-0.0236,0.0035,7.12,-1.9,2,4,1,2,5,0.4,-0.0041,-1.0148
Derek Anderson,2016,2,-3.13384,-0.548822,-0.516117,-6.127,-0.1056,36,53,0.6792,4.4389,453,8.5472,2,5,0,1,4,4.0,0,0.0377,0.0943,-0.0566,0.5862,67.5708,5.0566,29.0537,,-0.0841,0.0926,0.0806,-0.359,0.0881,0.0142,-0.0139,8.6415,1.1132,0,4,0,0,1,0.0,-0.0021,-0.1202
John Beck,2011,3,-3.14979,0.439832,-0.224405,-29.4932,-0.1798,80,132,0.6061,-2.0425,858,6.5,2,4,16,9,44,4.8889,2,0.0152,0.0303,-0.0152,0.4207,72.096,4.2838,21.5856,,0.0129,-0.0493,-0.0096,0.0059,-0.0592,-0.1057,-0.0217,8.3106,-0.7424,0,4,0,0,0,,-0.006,-0.9782
Jake Delhomme,2009,11,-3.16045,-1.25818,-2.33805,-58.4638,-0.1606,178,316,0.5633,-4.6311,2015,6.3766,8,18,23,10,65,6.5,0,0.0253,0.057,-0.0316,0.4286,60.298,3.4749,11.8562,37.3,-0.008,-0.0288,0.0015,-0.0984,0.0063,-0.041,-0.024,9.2563,0.3133,4,7,0,1,6,0.1667,-0.0047,-1.7062
Brock Osweiler,2018,5,-3.21434,-0.649033,-0.435659,-5.2931,-0.0254,113,177,0.6384,0.2503,1247,7.0452,6,4,17,5,23,4.6,0,0.0339,0.0226,0.0113,0.4183,86.5231,5.4485,91.9846,,-0.0175,-0.0339,-0.0294,-0.0019,-0.0479,0.0368,-0.0092,8.0452,-0.0113,3,4,0,1,1,1.0,0.0017,0.3448
Taylor Heinicke,2021,15,-3.22638,-0.492415,1.60025,-11.7022,-0.0191,321,491,0.6538,0.2986,3419,6.9633,20,15,38,48,322,6.7083,1,0.0407,0.0305,0.0102,0.4649,86.4265,5.4178,115.629,45.8,-0.0106,-0.008,-0.0128,-0.0111,-0.0414,-0.0087,0.0081,7.6965,-1.3523,7,9,0,3,7,0.4286,0.0016,0.9601
Will Levis,2023,9,-3.22696,-0.448145,-0.716103,0.7601,0.0024,149,253,0.5889,-0.3826,1808,7.1462,8,4,28,13,67,5.1538,1,0.0316,0.0158,0.0158,0.4277,84.8897,5.7046,66.5964,,-0.0001,-0.0277,-0.0213,0.0309,0.0214,-0.0277,0.0,10.6245,1.498,3,6,0,1,3,0.3333,-0.0003,-0.0875
Kyle Allen,2020,4,-3.23959,-0.282486,0.251888,12.7419,0.1202,60,87,0.6897,8.0166,610,7.0115,4,1,7,5,28,5.6,1,0.046,0.0115,0.0345,0.5,99.3056,6.3936,106.206,68.2,-0.0161,-0.069,0.0494,0.0371,-0.1449,0.1133,0.0417,6.0115,-2.6437,1,3,0,0,1,0.0,0.0004,0.0462
Tommy DeVito,2024,2,-3.24684,-0.201138,-0.308687,-3.7391,-0.0584,31,44,0.7045,4.7245,257,5.8409,0,0,6,7,33,4.7143,0,0.0,0.0,0.0,0.4219,85.1326,4.52,51.0007,,-0.0783,-0.0252,-0.0128,0.0764,-0.0557,-0.1298,0.09,5.9773,-2.75,0,2,0,0,0,,-0.002,-0.1303
Charlie Whitehurst,2014,5,-3.2624,-0.520858,0.137873,-4.8301,-0.0214,105,182,0.5769,-3.5625,1326,7.2857,7,2,18,14,93,6.6429,0,0.0385,0.011,0.0275,0.3982,88.7592,6.365,65.1268,,-0.0073,-0.0178,-0.0249,0.0734,-0.0566,-0.0334,-0.0119,9.511,0.3846,1,6,0,0,4,0.0,-0.0046,-1.0351
Blaine Gabbert,2012,10,-3.27579,-0.079563,0.254853,-34.9996,-0.1039,162,278,0.5827,-5.2153,1662,5.9784,9,6,22,15,58,3.8667,0,0.0324,0.0216,0.0108,0.4303,77.3531,4.7133,54.1754,36.3,-0.0121,-0.0011,-0.0095,-0.0016,-0.0574,-0.0808,-0.0074,7.8921,-1.3345,1,9,0,1,3,0.3333,-0.0006,-0.1981
Jeff Driskel,2019,3,-3.28243,0.208396,1.69046,-0.9545,-0.0065,62,103,0.6019,-2.7766,685,6.6505,4,4,11,21,152,7.2381,1,0.0388,0.0388,0.0,0.4315,76.7193,4.7281,187.75,,0.0472,0.0082,0.0074,0.0053,-0.013,-0.0868,-0.0399,8.2621,-1.5437,0,3,0,0,3,0.0,-0.0027,-0.3917
Tommy DeVito,2023,6,-3.29514,-0.272196,0.030838,-46.3777,-0.1833,114,178,0.6404,-2.9027,1101,6.1854,8,3,37,32,198,6.1875,1,0.0449,0.0169,0.0281,0.3439,89.1854,4.3256,74.9872,,-0.0182,-0.0905,-0.0057,0.0349,-0.1114,-0.0012,-0.0182,6.4551,-3.691,4,5,0,1,1,1.0,-0.0037,-0.9241
Matt Barkley,2018,1,-3.29604,0.451049,0.451049,13.9808,0.5178,15,25,0.6,4.7302,232,9.28,2,0,1,1,0,0.0,0,0.08,0.0,0.08,0.5185,117.417,10.1538,187.584,85.8,-0.0398,0.004,-0.0892,0.0871,0.2793,0.2204,-0.0215,12.4,3.16,1,0,0,0,0,,0.0069,0.1861
Josh Johnson,2025,2,-3.30463,0.587433,0.637725,24.2395,0.3414,34,52,0.6538,2.0273,372,7.1538,1,2,2,9,56,6.2222,1,0.0192,0.0385,-0.0192,0.5634,76.7628,5.3333,163.37,55.9,0.027,0.0589,0.0092,-0.0396,0.0069,0.0119,0.1987,6.0192,-2.6731,1,2,0,1,1,1.0,0.0128,0.9088
Jaren Hall,2023,2,-3.33875,-0.662607,-0.782496,-14.6421,-0.5423,13,20,0.65,0.4562,168,8.4,0,1,4,3,16,5.3333,0,0.0,0.05,-0.05,0.3704,70.4167,3.9583,-25.848,,-0.0981,-0.3029,-0.0303,-0.1038,-0.0226,0.0113,-0.0227,7.8,-0.65,2,1,0,0,0,,-0.0103,-0.2789
Sean Mannion,2021,1,-3.34891,0.313975,0.313975,-8.8147,-0.2099,22,36,0.6111,-5.3879,189,5.25,1,0,2,2,14,7.0,0,0.0278,0.0,0.0278,0.3571,84.1435,5.1053,138.669,,0.0338,0.0338,-0.072,0.0861,-0.2325,-0.0931,-0.0316,6.4722,-2.1944,0,1,0,0,0,,-0.0063,-0.2665
Matt Barkley,2016,6,-3.35123,-0.425507,0.236078,4.5083,0.0187,129,216,0.5972,-0.8718,1611,7.4583,8,14,6,1,5,5.0,0,0.037,0.0648,-0.0278,0.5145,68.2677,4.9459,90.6649,,-0.0201,0.0044,-0.0061,-0.1648,0.1535,-0.0314,0.0072,10.5278,1.3148,1,6,0,0,3,0.0,-0.0004,-0.0859
Josh McCown,2014,11,-3.35596,-0.361992,-4.17326,-35.35,-0.0875,184,323,0.5697,-2.2652,2206,6.8297,11,14,36,22,127,5.7727,3,0.0341,0.0433,-0.0093,0.4183,71.3042,4.3482,28.6948,34.6,0.0042,-0.0515,0.0034,-0.0343,0.1195,-0.1683,-0.0176,10.1176,0.5851,1,10,0,0,7,0.0,-0.0043,-1.7401
Tim Boyle,2023,2,-3.35968,-0.294679,-0.836123,-30.418,-0.3306,48,77,0.6234,-5.608,360,4.6753,1,4,9,3,5,1.6667,0,0.013,0.0519,-0.039,0.3043,56.1959,1.5814,-36.1085,,0.0196,-0.0508,0.0404,-0.1,-0.1634,-0.0968,-0.0067,6.1948,-2.7143,0,3,0,0,0,,-0.0053,-0.486
Brock Osweiler,2016,14,-3.36137,-0.672133,-1.413,-17.4384,-0.0301,301,507,0.5937,-3.698,2960,5.8383,15,16,27,19,142,7.4737,2,0.0296,0.0316,-0.002,0.469,72.5962,4.3708,75.7154,49.3,0.0099,0.0093,-0.0193,-0.0341,-0.0283,-0.0548,0.0113,8.641,0.0178,8,7,0,2,6,0.3333,0.0011,0.6296
Matt Flynn,2010,1,-3.3762,0.442323,0.442323,-1.6421,-0.0191,40,66,0.6061,0.4779,433,6.5606,3,2,7,7,28,4.0,0,0.0455,0.0303,0.0152,0.4884,82.4495,5.0,129.171,,-0.0183,-0.018,-0.0216,-0.0343,-0.1046,0.1032,0.0285,8.8636,0.3939,3,2,0,0,2,0.0,-0.006,-0.5173
Zach Wilson,2023,11,-3.37922,-0.6338,-1.03775,-95.7735,-0.2078,221,365,0.6055,-3.1274,2271,6.2219,8,7,46,28,216,7.7143,0,0.0219,0.0192,0.0027,0.3861,77.7797,4.3212,57.6382,30.6,-0.0336,-0.0894,-0.0046,0.0165,-0.0899,-0.0429,0.0091,7.3205,-2.1096,5,7,0,3,6,0.5,-0.0036,-1.6727
Brian Hoyer,2023,1,-3.37953,-0.583788,-0.583788,1.1207,0.0238,23,42,0.5476,-11.1679,231,5.5,0,2,1,0,0,,0,0.0,0.0476,-0.0476,0.4894,50.7937,3.093,-87.311,69.0,-0.0253,0.0816,-0.1077,-0.1772,0.1301,-0.0926,0.1879,8.1905,-0.5,1,1,0,0,0,,0.0035,0.164
Paxton Lynch,2017,2,-3.39156,0.0368808,-0.803435,-19.5053,-0.3251,30,45,0.6667,3.8359,295,6.5556,2,3,9,5,30,6.0,0,0.0444,0.0667,-0.0222,0.4167,71.9907,2.7593,-30.2086,,-0.0027,-0.2175,0.067,-0.1523,0.0904,-0.1045,-0.0418,8.4222,-0.3111,0,2,0,0,1,0.0,0.0008,0.0451
Sam Darnold,2021,11,-3.39924,0.476757,-1.50818,-63.1886,-0.1259,243,406,0.5985,-4.8874,2527,6.2241,9,13,35,39,233,5.9744,5,0.0222,0.032,-0.0099,0.4303,71.9417,4.3492,72.1114,38.8,-0.0021,-0.0195,-0.0234,-0.0475,-0.0972,0.0001,-0.0054,7.2395,-1.9901,4,8,0,0,3,0.0,-0.001,-0.498
Brian St. Pierre,2010,1,-3.4026,-0.418371,-0.418371,-17.7492,-0.5547,13,28,0.4643,-18.9394,173,6.1786,1,2,3,0,0,,0,0.0357,0.0714,-0.0357,0.2188,48.6607,2.5806,-65.1453,,-0.0152,-0.014,-0.0306,-0.3266,-0.2186,-0.004,0.0084,6.8929,-5.25,0,1,0,0,1,0.0,-0.0071,-0.2267
Joe Milton III,2024,1,-3.40394,0.909391,0.909391,14.6461,0.3854,22,29,0.7586,17.1249,241,8.3103,1,0,0,6,19,3.1667,1,0.0345,0.0,0.0345,0.5263,111.422,9.0,334.9,69.6,0.0686,0.1048,0.0709,0.0764,0.1126,-0.0763,-0.0484,9.6552,0.2759,1,0,0,0,0,,0.0085,0.3229
Luke McCown,2015,1,-3.40796,0.84353,0.84353,14.0115,0.3114,32,39,0.8205,15.9717,335,8.5897,0,1,1,0,0,,0,0.0,0.0256,-0.0256,0.5556,91.7735,7.25,254.054,92.4,-0.0191,0.0836,0.1735,0.0276,0.057,-0.0898,0.0117,7.3077,-1.9487,1,1,0,0,1,0.0,0.0002,0.0091
Baker Mayfield,2021,14,-3.42899,-1.10315,-4.29415,12.3033,0.0239,253,416,0.6082,-2.7187,3010,7.2356,17,13,43,29,142,4.8966,1,0.0409,0.0312,0.0096,0.4447,83.5136,5.4379,64.5067,40.9,-0.008,-0.0555,-0.0086,-0.0033,0.0555,-0.0376,0.0158,8.7957,-0.2812,6,8,0,0,6,0.0,-0.0012,-0.636
PJ Walker,2023,2,-3.44925,-0.182324,-0.516618,-27.3669,-0.1983,54,110,0.4909,-12.9702,674,6.1273,1,5,11,8,34,4.25,0,0.0091,0.0455,-0.0364,0.3696,52.6136,3.1322,3.0838,,-0.0235,-0.0461,-0.0441,-0.0663,-0.0557,-0.0195,0.0299,8.2,-1.0818,3,2,0,2,3,0.6667,-0.0049,-0.6757
John Skelton,2011,7,-3.4551,0.466916,0.0837054,-45.4426,-0.139,151,274,0.5511,-5.864,1913,6.9818,11,14,23,20,135,6.75,0,0.0401,0.0511,-0.0109,0.4251,69.191,4.5152,30.5553,37.3,0.0094,-0.0059,-0.0245,-0.0982,0.0028,-0.0604,-0.009,9.6058,1.1241,6,2,0,4,5,0.8,-0.0004,-0.1382
Trevor Siemian,2019,1,-3.45614,-0.470202,-0.470202,-3.6906,-0.3355,3,6,0.5,-6.6514,3,0.5,0,0,2,0,0,,0,0.0,0.0,0.0,0.2727,56.25,-1.75,-38.7078,,-0.0206,-0.1998,-0.0592,0.0834,-0.4281,0.0757,0.1482,6.8333,-3.3333,0,1,0,0,0,,-0.0106,-0.1163
Landry Jones,2016,2,-3.46417,0.306514,0.835662,3.6449,0.0388,53,85,0.6235,0.1733,558,6.5647,4,2,4,0,0,,0,0.0471,0.0235,0.0235,0.4149,87.2794,5.7753,162.179,,-0.0163,0.0047,0.0025,0.0357,-0.0115,-0.0115,-0.0407,8.9765,-0.1412,2,2,0,1,2,0.5,0.0069,0.6467
Josh Johnson,2009,4,-3.4794,-0.523004,-0.64743,-21.14,-0.1266,63,125,0.504,-9.076,685,5.48,4,8,11,19,149,7.8421,0,0.032,0.064,-0.032,0.4012,50.9167,2.5441,-0.4163,,0.0315,0.0198,-0.0118,-0.0893,-0.0162,-0.0883,-0.0058,8.129,-1.3548,0,5,0,0,2,0.0,-0.0053,-0.878
Dorian Thompson-Robinson,2023,3,-3.48442,0.179186,-0.549048,-29.3167,-0.2172,60,110,0.5455,-11.6548,440,4.0,1,4,6,12,66,5.5,0,0.0091,0.0364,-0.0273,0.3926,52.0833,1.8966,13.6105,,-0.0133,0.0228,-0.0474,-0.0389,-0.0967,-0.1014,0.0308,6.0182,-3.1727,4,3,0,0,0,,-0.0026,-0.3553
John Skelton,2010,4,-3.48564,-0.463677,-0.646507,-36.5668,-0.2522,60,125,0.48,-12.7421,662,5.296,2,2,9,7,49,7.0,0,0.016,0.016,0.0,0.3448,62.8167,4.0821,-2.1816,,-0.0016,-0.009,-0.1218,0.0277,-0.0383,-0.1484,-0.0068,9.024,0.04,2,3,0,1,1,1.0,-0.0045,-0.6475
Sam Howell,2022,1,-3.48604,0.433744,0.433744,0.3851,0.0133,11,19,0.5789,-4.9002,169,8.8947,1,1,3,4,36,9.0,1,0.0526,0.0526,0.0,0.4483,83.0044,6.0455,156.498,,0.159,-0.0325,-0.0529,-0.1236,-0.0701,0.0273,0.0619,8.4211,0.0,1,0,0,0,0,,0.0009,0.0252
Eli Manning,2013,16,-3.52405,-0.216142,-3.74728,-43.9117,-0.0701,317,551,0.5753,-2.848,3818,6.9292,18,27,39,7,44,6.2857,0,0.0327,0.049,-0.0163,0.4393,69.3701,4.5458,34.1459,38.6,-0.0151,0.0032,-0.0213,-0.071,0.0508,-0.0841,0.0075,9.5118,0.0926,7,9,0,2,7,0.2857,-0.0016,-1.0078
Matt Cassel,2016,1,-3.54331,-0.343886,-0.343886,-12.2194,-0.2071,30,49,0.6122,0.9018,284,5.7959,2,2,5,2,5,2.5,0,0.0408,0.0408,0.0,0.3729,73.852,3.9074,-7.3547,66.6,-0.056,0.0055,-0.0276,-0.1404,0.1427,-0.1936,-0.0135,7.7143,-2.2449,2,1,0,0,0,,-0.0011,-0.0638
Mark Sanchez,2018,1,-3.57381,-1.36493,-1.36493,-30.0975,-0.6999,19,35,0.5429,-14.4314,138,3.9429,0,3,7,1,8,8.0,0,0.0,0.0857,-0.0857,0.3023,28.0357,-0.9286,-227.956,,0.0109,-0.1073,0.018,-0.2791,-0.2637,-0.1348,-0.0215,6.2857,-5.1143,0,2,0,0,0,,-0.0135,-0.5813
Brian Hoyer,2014,13,-3.57922,-0.660921,0.596212,-1.5351,-0.003,242,437,0.5538,-6.2852,3326,7.611,12,13,24,18,43,2.3889,0,0.0275,0.0297,-0.0023,0.4277,76.7019,6.1193,80.8804,38.7,-0.0288,0.0145,-0.0837,0.0004,0.079,-0.036,-0.0056,10.3776,1.032,7,7,0,4,8,0.5,0.0,-0.0022
Sam Darnold,2020,12,-3.57985,-0.0286682,-2.03299,-62.4794,-0.1398,217,361,0.6011,-1.9278,2208,6.1163,9,11,35,30,224,7.4667,2,0.0249,0.0305,-0.0055,0.4228,73.2745,4.1894,57.9231,32.9,0.0053,-0.0399,-0.0409,-0.0327,-0.102,-0.03,-0.0083,7.7424,-1.0693,2,10,0,0,4,0.0,-0.0026,-1.1585
Clayton Tune,2023,1,-3.58391,-0.906661,-0.906661,-35.3782,-0.9562,12,21,0.5714,-15.1478,62,2.9524,0,2,7,7,30,4.2857,1,0.0,0.0952,-0.0952,0.1892,22.619,-2.4643,-177.785,,0.0103,-0.2694,0.0632,-0.1578,-0.3261,-0.2281,-0.0753,2.5238,-8.0952,1,3,0,0,1,0.0,-0.0122,-0.4529
Joshua Dobbs,2022,2,-3.59777,-0.0138361,0.158779,-8.5982,-0.1036,40,68,0.5882,-1.5973,411,6.0441,2,2,6,8,44,5.5,0,0.0294,0.0294,0.0,0.4217,73.8358,4.527,74.1483,52.8,-0.0101,-0.1076,-0.0689,0.0021,-0.032,0.1037,-0.0351,7.9118,-0.6324,0,2,0,0,1,0.0,-0.0072,-0.5994
AJ McCarron,2015,3,-3.60836,0.147026,0.810223,11.0286,0.075,79,119,0.6639,6.9049,854,7.1765,6,2,12,8,37,4.625,0,0.0504,0.0168,0.0336,0.4694,97.1113,6.2672,113.034,54.8,-0.0218,-0.002,-0.0206,0.0026,0.0614,-0.0059,-0.0055,8.1681,-0.5546,4,2,0,0,1,0.0,0.0022,0.3181
Quinn Ewers,2025,3,-3.6164,-0.200663,-0.0834344,-8.0784,-0.0824,55,83,0.6627,0.9923,622,7.494,3,3,8,4,21,5.25,0,0.0361,0.0361,0.0,0.4082,85.5171,5.3626,72.3931,,-0.05,-0.0241,0.0454,-0.0617,-0.1926,0.1609,-0.0288,8.3494,-1.0723,1,3,0,0,0,,0.0005,0.0462
Cody Kessler,2016,8,-3.61945,-0.738517,-0.122828,28.4951,0.1218,128,194,0.6598,4.7008,1380,7.1134,6,2,21,7,19,2.7143,0,0.0309,0.0103,0.0206,0.4402,92.7191,5.907,77.3237,,-0.0172,-0.0534,0.0168,0.0654,-0.0381,0.06,0.0124,7.3866,-1.6804,1,8,0,0,3,0.0,0.0016,0.3628
C.J. Beathard,2018,5,-3.62231,-0.205115,0.127178,-21.5828,-0.1023,102,169,0.6036,-7.1108,1252,7.4083,8,7,18,17,69,4.0588,1,0.0473,0.0414,0.0059,0.4645,81.7678,5.0321,95.5164,,-0.0156,-0.1156,-0.0051,-0.0717,-0.0856,0.1105,0.0033,6.5976,-2.5148,0,6,0,0,3,0.0,-0.0039,-0.8307
Blaine Gabbert,2023,1,-3.63003,-0.00997742,-0.00997742,-12.2079,-0.2978,18,35,0.5143,-15.3808,185,5.2857,0,3,1,4,47,11.75,0,0.0,0.0857,-0.0857,0.3659,31.25,1.1389,60.4408,,0.0623,0.0589,-0.0877,-0.2403,-0.1425,0.039,-0.0144,5.6571,-2.6571,2,0,0,1,1,1.0,0.0028,0.1166
Jimmy Clausen,2014,1,-3.63369,0.258644,0.258644,-8.6051,-0.1565,26,48,0.5417,-4.1928,223,4.6458,2,1,3,3,9,3.0,0,0.0417,0.0208,0.0208,0.3818,71.7882,3.8824,105.663,47.2,0.0015,-0.0052,-0.1213,0.0862,-0.1819,0.011,-0.0037,7.6667,-1.5208,0,4,0,0,1,0.0,-0.002,-0.1084
Dillon Gabriel,2025,6,-3.65456,-0.0897668,-0.133725,-27.6626,-0.1203,110,184,0.5978,-7.5071,937,5.0924,7,2,19,13,87,6.6923,0,0.038,0.0109,0.0272,0.3522,81.2726,4.2365,72.5129,,-0.0197,-0.0241,-0.0377,0.0455,-0.1558,-0.0341,0.0374,5.8587,-4.0054,1,9,0,0,2,0.0,-0.0031,-0.7183
Matt McGloin,2013,6,-3.65569,-0.057554,1.72272,14.2913,0.0613,118,211,0.5592,-4.6898,1547,7.3318,8,8,6,4,31,7.75,0,0.0379,0.0379,0.0,0.4292,76.0762,5.9631,100.75,,-0.01,0.0725,-0.0745,-0.0775,0.0927,-0.0169,0.0152,8.7048,-0.1,1,6,0,0,2,0.0,0.001,0.2427
Blaine Gabbert,2018,3,-3.66443,-0.101396,-0.690592,-21.3737,-0.1843,61,101,0.604,-8.0403,626,6.198,4,4,5,2,2,1.0,0,0.0396,0.0396,0.0,0.4052,74.9381,4.6132,31.3565,,-0.0088,0.0451,-0.0928,-0.1166,-0.0217,-0.0445,-0.0224,7.0297,-2.1089,3,3,0,2,4,0.5,0.0001,0.014
Kyle Allen,2019,12,-3.68116,0.0515417,1.27242,-14.5079,-0.0251,303,488,0.6209,-0.9704,3322,6.8074,17,16,46,24,111,4.625,2,0.0348,0.0328,0.002,0.4758,80.14,4.7659,78.4902,38.3,-0.009,-0.0574,-0.0135,-0.037,-0.0363,0.0733,-0.0103,8.1742,-0.5102,5,8,0,0,3,0.0,0.0007,0.3992
Derek Anderson,2018,2,-3.68515,-0.221428,-0.91141,-44.289,-0.5752,42,70,0.6,-4.828,465,6.6429,0,4,5,0,0,,0,0.0,0.0571,-0.0571,0.3766,55.9524,3.36,-23.3955,,-0.0261,-0.1038,-0.0806,-0.1878,-0.0606,-0.1633,-0.0304,8.8286,-0.6286,0,2,0,0,1,0.0,-0.0065,-0.5004
Case Keenum,2014,2,-3.68659,0.519201,0.512718,-9.677,-0.1029,45,77,0.5844,-8.4467,435,5.6494,2,2,3,8,37,4.625,0,0.026,0.026,0.0,0.4574,72.1591,4.625,97.3364,,0.0348,0.0182,-0.0218,-0.0281,-0.1866,0.0092,0.0143,6.4156,-2.3766,2,0,0,1,1,1.0,-0.0008,-0.0782
Carson Wentz,2020,12,-3.68664,-0.621819,-3.48195,-40.7853,-0.0724,251,436,0.5757,-3.4938,2620,6.0092,16,15,50,48,277,5.7708,5,0.0367,0.0344,0.0023,0.4263,72.9931,3.9897,62.3902,41.9,-0.0004,-0.0541,-0.0233,-0.0325,0.0336,-0.1294,0.0249,8.8761,-0.2569,3,8,1,2,10,0.2,-0.0021,-1.1954
Curtis Painter,2011,8,-3.70649,-0.116336,0.0200964,-42.2784,-0.151,132,243,0.5432,-7.9609,1541,6.3416,6,9,16,13,109,8.3846,0,0.0247,0.037,-0.0123,0.4107,66.5724,4.4479,41.9447,,0.0085,-0.0108,-0.0765,-0.0345,-0.0552,-0.0438,0.0147,8.3704,-0.2757,0,9,0,0,6,0.0,-0.0047,-1.3281
Trevor Siemian,2017,10,-3.71519,-0.525349,-1.97836,-36.6031,-0.0851,206,349,0.5903,-1.5084,2285,6.5473,12,14,33,24,133,5.5417,1,0.0344,0.0401,-0.0057,0.414,73.2987,4.3848,45.2804,31.4,-0.0127,-0.0147,0.0054,-0.0607,0.0083,-0.0614,0.0143,8.7221,-0.2923,5,6,0,0,1,0.0,-0.0018,-0.7527
Nick Mullens,2018,8,-3.72673,0.176025,3.01323,41.0251,0.1302,176,270,0.6519,1.9368,2277,8.4333,13,10,17,5,-2,-0.4,0,0.0481,0.037,0.0111,0.4857,92.1605,6.8293,135.244,51.7,-0.037,0.0249,0.0162,-0.0784,0.0314,0.0752,0.0204,7.037,-1.7741,3,5,0,0,2,0.0,0.0019,0.5988
AJ McCarron,2019,1,-3.72709,0.143256,0.143256,-7.649,-0.1627,21,37,0.5676,-6.203,225,6.0811,0,1,5,5,39,7.8,1,0.0,0.027,-0.027,0.4255,63.4572,3.2619,92.5466,,-0.0079,-0.1095,-0.0511,0.0386,-0.2311,0.155,-0.0219,8.4595,0.8108,0,2,0,0,0,,0.0005,0.0251
Sean Mannion,2019,1,-3.73261,-0.305893,-0.305893,-2.7285,-0.124,12,21,0.5714,-13.5624,126,6.0,0,2,0,0,0,,0,0.0,0.0952,-0.0952,0.5,35.119,1.7143,-8.65,,-0.0206,0.107,-0.0554,-0.1578,-0.1357,0.0347,0.0387,6.2857,-2.2857,0,1,0,0,1,0.0,-0.014,-0.309
Derek Anderson,2009,7,-3.74313,-0.225536,-2.48527,-71.4782,-0.347,81,181,0.4475,-14.1394,888,4.9061,3,10,11,6,10,1.6667,2,0.0166,0.0552,-0.0387,0.3252,42.3227,2.2031,-37.7188,,0.0191,0.008,-0.1439,-0.0745,-0.0337,-0.1632,0.0077,8.4088,-0.0442,3,5,0,0,0,,-0.0073,-1.4963
Mason Rudolph,2019,8,-3.75082,-0.834272,-0.766979,-10.7073,-0.0322,176,283,0.6219,-1.2345,1765,6.2367,13,9,15,13,49,3.7692,0,0.0459,0.0318,0.0141,0.4144,81.9567,5.0201,69.1874,36.2,-0.0271,0.0446,-0.03,-0.0359,-0.1259,0.0386,0.0383,8.0777,-1.1449,5,5,0,1,4,0.25,-0.0005,-0.1508
Zach Mettenberger,2014,6,-3.77307,-0.711634,0.453494,-35.0787,-0.167,107,179,0.5978,-2.2541,1412,7.8883,8,7,18,1,8,8.0,0,0.0447,0.0391,0.0056,0.4048,83.3682,5.6802,67.5835,,-0.0086,-0.0917,-0.0291,-0.0601,-0.0057,0.0158,-0.0445,8.5866,-0.8994,0,7,0,0,1,0.0,-0.0031,-0.6545
Chris Oladokun,2025,2,-3.77394,-0.483159,-0.369702,-34.0961,-0.4802,35,54,0.6481,-3.9013,235,4.3519,1,0,8,5,18,3.6,0,0.0185,0.0,0.0185,0.2676,80.4012,2.6129,29.8979,,-0.1091,-0.1521,-0.0049,0.0787,-0.2728,-0.0863,-0.0022,5.1296,-3.9074,0,3,0,0,1,0.0,-0.0125,-0.89
Matt Cassel,2015,8,-3.79701,-0.49382,-1.56272,-35.1045,-0.1421,119,202,0.5891,-4.5557,1276,6.3168,5,7,14,14,79,5.6429,0,0.0248,0.0347,-0.0099,0.4332,71.3078,4.5139,34.7844,,-0.0054,0.0195,-0.0006,-0.068,-0.0502,-0.1021,-0.0023,8.0644,-1.1634,1,7,0,1,6,0.1667,-0.0041,-1.0099
Zach Wilson,2022,9,-3.80958,-0.820885,-1.24255,-26.966,-0.0914,132,242,0.5455,-5.5554,1688,6.9752,6,7,23,20,110,5.5,1,0.0248,0.0289,-0.0041,0.3932,72.8134,4.9736,44.5549,,-0.0142,-0.0274,-0.0787,-0.0157,0.0489,-0.0445,-0.0042,9.0455,-0.4215,5,4,0,1,2,0.5,-0.0017,-0.5117
Baker Mayfield,2022,11,-3.82198,-0.626809,-1.60033,-48.6696,-0.1181,201,334,0.6018,-7.0153,2163,6.476,10,8,36,21,94,4.4762,1,0.0299,0.024,0.006,0.3714,79.2166,4.827,34.6283,26.3,-0.0288,-0.0493,-0.0116,0.0098,-0.0415,-0.0399,-0.001,6.8144,-2.3443,3,9,0,1,5,0.2,-0.0031,-1.2629
Tyler Huntley,2022,4,-3.83236,0.264353,0.155894,-7.2884,-0.0453,75,110,0.6818,3.1809,658,5.9818,2,3,7,37,141,3.8108,1,0.0182,0.0273,-0.0091,0.4286,78.5227,4.5214,54.6297,75.0,-0.0216,0.0528,0.0498,0.0199,-0.0353,-0.1558,0.0006,7.5455,-1.6455,3,2,0,1,2,0.5,0.0015,0.2488
Blake Bortles,2014,13,-3.85207,-0.17582,-2.79945,-81.1519,-0.1326,280,474,0.5907,-6.7722,2908,6.135,11,17,55,51,421,8.2549,0,0.0232,0.0359,-0.0127,0.4232,69.6642,3.8147,33.5588,28.0,0.0261,-0.027,0.0057,-0.0456,-0.1327,-0.0157,-0.0005,7.0169,-2.5485,3,11,0,1,5,0.2,-0.0043,-2.606
Shedeur Sanders,2025,7,-3.88456,-0.580757,-0.0903067,-59.9259,-0.227,120,212,0.566,-4.9996,1400,6.6038,7,10,23,19,171,9.0,1,0.033,0.0472,-0.0142,0.3712,68.1211,3.9404,76.2204,,0.01,-0.0532,-0.0133,-0.1188,-0.1373,0.0413,-0.024,7.1934,-2.7689,3,5,0,1,4,0.25,-0.0051,-1.3587
Zach Wilson,2021,13,-3.8895,-0.726105,-2.31751,-70.0125,-0.148,213,382,0.5576,-9.6394,2334,6.1099,9,11,44,25,189,7.56,4,0.0236,0.0288,-0.0052,0.3848,69.8626,3.8709,19.766,33.4,-0.0119,-0.0672,-0.0505,-0.0099,-0.0164,-0.0744,0.0166,7.5524,-1.6257,3,10,0,1,4,0.25,-0.0018,-0.8504
Derek Anderson,2010,9,-3.89048,-0.441349,-1.01888,-52.6471,-0.1431,169,327,0.5168,-8.1657,2065,6.315,7,10,25,4,25,6.25,0,0.0214,0.0306,-0.0092,0.4022,65.8575,4.4858,5.2713,32.7,-0.0098,-0.0109,-0.0842,-0.0155,0.039,-0.1076,0.0,9.9202,0.5552,3,9,0,1,2,0.5,-0.0036,-1.3329
Rusty Smith,2010,1,-3.91903,-0.699022,-0.699022,-20.7055,-0.4706,20,40,0.5,-9.8647,200,5.0,0,4,1,0,0,,0,0.0,0.1,-0.1,0.2727,25.0,0.4878,-141.202,,-0.0152,0.0794,-0.0532,-0.2248,-0.1436,-0.1246,-0.0345,10.025,-0.475,0,2,0,0,0,,-0.0161,-0.7088
Blaine Gabbert,2011,14,-3.92114,-0.215858,-3.65868,-91.993,-0.1833,210,412,0.5097,-10.9005,2214,5.3738,12,11,40,26,112,4.3077,0,0.0291,0.0267,0.0024,0.3566,65.534,3.6858,-9.8527,22.2,-0.0088,-0.0427,-0.0631,0.0196,-0.1487,0.0035,0.0101,7.8058,-1.1602,4,11,0,0,5,0.0,-0.0041,-2.0415
Mike White,2021,3,-3.93165,-0.430114,0.705464,-0.7948,-0.0054,88,132,0.6667,-2.0921,953,7.2197,5,8,4,2,3,1.5,0,0.0379,0.0606,-0.0227,0.5102,75.0947,4.9632,113.314,,-0.0303,0.0673,0.0282,-0.1613,-0.0575,0.062,0.0205,5.9167,-3.1439,1,3,0,1,1,1.0,0.0022,0.3221
Landry Jones,2015,2,-3.93408,-0.182908,-0.404197,2.6086,0.0435,32,55,0.5818,-2.6336,513,9.3273,3,4,2,0,0,,0,0.0545,0.0727,-0.0182,0.45,77.3106,6.5965,7.921,50.7,-0.0191,-0.0029,-0.0323,-0.1987,0.1408,0.0625,0.0263,9.4727,1.1818,3,2,0,0,1,0.0,0.0006,0.0354
Tim Boyle,2024,1,-3.97621,-0.153358,-0.153358,-6.0208,-0.102,27,49,0.551,-8.4788,276,5.6327,1,1,2,2,10,5.0,0,0.0204,0.0204,0.0,0.4068,69.7704,4.7059,30.1279,,-0.0245,0.0655,-0.2472,0.0047,-0.029,-0.058,0.1095,6.3878,-2.2653,0,3,0,0,1,0.0,-0.0017,-0.0976
Mike Glennon,2021,4,-3.99933,-1.1685,-2.70555,-74.7365,-0.3934,90,164,0.5488,-7.878,790,4.8171,4,10,9,6,33,5.5,1,0.0244,0.061,-0.0366,0.3789,50.6098,2.0347,-67.946,,-0.0331,-0.0321,-0.088,-0.1748,-0.0639,-0.0813,0.0143,7.378,-1.3293,0,6,0,0,0,,-0.0056,-1.0713
Brian Hoyer,2013,3,-4.02143,0.0336993,1.0138,-1.9073,-0.018,57,96,0.5938,-2.525,615,6.4062,5,3,6,3,17,5.6667,0,0.0521,0.0312,0.0208,0.4151,82.5955,5.2157,102.522,51.1,-0.0133,0.0154,-0.0584,-0.02,-0.0337,0.0623,-0.0301,8.0625,-0.75,3,0,0,1,1,1.0,0.0022,0.2377
Dwayne Haskins,2020,6,-4.02482,-0.858069,-0.664073,-33.4195,-0.1198,148,241,0.6141,-5.4902,1439,5.971,5,7,20,12,64,5.3333,1,0.0207,0.029,-0.0083,0.3978,72.9512,4.1494,58.5231,,-0.0059,-0.0789,-0.0216,-0.009,-0.1969,0.0995,-0.0157,6.7583,-2.1792,2,5,0,1,3,0.3333,-0.0049,-1.3663
Case Keenum,2013,8,-4.04531,-0.781519,1.3331,-34.2368,-0.1189,137,250,0.548,-5.7019,1760,7.04,9,6,19,13,73,5.6154,1,0.036,0.024,0.012,0.4097,79.0833,5.461,81.3706,48.6,0.0041,-0.0542,-0.0667,0.0227,0.0495,-0.1025,-0.0317,8.988,-0.012,0,8,0,0,5,0.0,-0.0049,-1.4102
Tom Savage,2017,7,-4.05734,-0.361226,0.0285614,-33.7109,-0.1263,125,222,0.5631,-4.18,1412,6.3604,5,6,21,2,4,2.0,0,0.0225,0.027,-0.0045,0.4195,71.753,4.4568,37.7213,42.3,-0.0267,-0.1147,-0.0573,-0.0055,0.0598,-0.0525,0.0343,8.8559,-0.1937,2,6,0,1,4,0.25,-0.0033,-0.8926
Thaddeus Lewis,2013,5,-4.06705,0.184011,0.875215,-5.6407,-0.0285,93,157,0.5924,-1.3922,1092,6.9554,4,3,18,17,57,3.3529,1,0.0255,0.0191,0.0064,0.399,80.9581,5.3543,66.646,,-0.0631,-0.0395,-0.0324,0.0496,0.0439,-0.0414,-0.0054,8.8981,0.1465,2,3,0,1,2,0.5,-0.0001,-0.0266
Mason Rudolph,2020,1,-4.08498,0.437895,0.437895,7.8027,0.166,25,43,0.5814,-1.3006,324,7.5349,2,1,1,1,1,1.0,0,0.0465,0.0233,0.0233,0.3617,87.7422,7.0682,169.194,72.7,-0.0538,0.0657,-0.0397,-0.0324,0.3201,-0.1481,-0.046,10.0465,0.3953,2,1,0,0,1,0.0,0.0033,0.1537
Brett Rypien,2023,1,-4.09633,-0.175199,-0.175199,-16.8965,-0.3673,18,38,0.4737,-18.9585,172,4.5263,0,1,2,3,19,6.3333,0,0.0,0.0263,-0.0263,0.2826,49.4518,2.725,6.1515,,0.0037,-0.0557,-0.2117,0.0138,-0.1031,-0.051,0.0097,8.2895,-0.4211,0,2,0,0,1,0.0,-0.0041,-0.1886
Jake Haener,2024,1,-4.09868,-0.709911,-0.709911,-15.6311,-0.2949,18,39,0.4615,-17.3184,226,5.7949,1,1,6,5,28,5.6,0,0.0256,0.0256,0.0,0.3019,62.5534,3.2444,-123.96,,-0.0648,-0.0799,-0.126,0.0082,0.0723,-0.1787,-0.003,8.8462,0.7436,2,4,0,0,0,,-0.0065,-0.3466
Spencer Rattler,2024,6,-4.12248,0.289065,-0.637972,-70.1732,-0.2471,130,227,0.5727,-9.0621,1317,5.8018,4,5,22,16,147,9.1875,0,0.0176,0.022,-0.0044,0.3908,70.6773,4.1606,37.752,,0.0165,-0.0659,-0.0584,-0.0048,-0.1143,-0.0738,-0.0234,8.0793,-1.5683,0,7,0,0,3,0.0,-0.0018,-0.5181
Cooper Rush,2022,5,-4.13617,-0.3495,1.02521,-5.177,-0.0284,94,161,0.5839,-6.8499,1051,6.528,5,3,7,4,11,2.75,0,0.0311,0.0186,0.0124,0.4176,80.5254,5.756,92.4769,60.8,-0.0392,0.031,-0.1098,0.0254,0.0282,-0.0518,0.0434,7.7453,-0.8944,5,3,0,0,0,,0.0032,0.5809
Austin Davis,2014,8,-4.16888,-0.594839,1.36353,-28.0987,-0.0836,180,282,0.6383,-0.9997,2001,7.0957,12,9,29,7,43,6.1429,0,0.0426,0.0319,0.0106,0.4762,85.727,5.328,86.0222,44.8,-0.0119,-0.0845,0.0052,-0.0526,-0.0247,0.0373,-0.0097,8.6321,-0.3964,3,6,0,1,5,0.2,-0.0006,-0.1955
Taysom Hill,2020,4,-4.17561,0.520312,2.73609,20.2649,0.0897,88,121,0.7273,6.8119,928,7.6694,4,2,14,84,455,5.4167,8,0.0331,0.0165,0.0165,0.5044,98.7775,6.1556,197.944,7.7,0.0443,-0.0351,0.1199,0.0404,-0.0158,-0.146,-0.0265,6.9669,-2.0,12,4,0,1,2,0.5,0.003,0.6713
Jimmy Clausen,2010,10,-4.17579,0.0258603,-3.27729,-98.2104,-0.2736,157,298,0.5268,-8.8565,1558,5.2282,3,9,33,14,59,4.2143,0,0.0101,0.0302,-0.0201,0.3287,58.5431,2.9909,-33.1067,13.8,-0.0331,-0.0512,-0.0576,0.0013,-0.1011,-0.0645,-0.0134,6.6242,-2.6946,1,12,0,0,4,0.0,-0.0053,-1.9104
Bryce Young,2023,16,-4.20609,-0.0617078,-3.14373,-124.059,-0.1883,315,526,0.5989,-1.4098,2877,5.4696,11,10,62,34,256,7.5294,0,0.0209,0.019,0.0019,0.3869,73.8276,3.6905,31.9159,33.4,0.0121,-0.0836,-0.0395,-0.0004,-0.0247,-0.0831,0.0038,7.6217,-1.3232,2,14,0,2,10,0.2,-0.004,-2.6335
Tyler Huntley,2021,4,-4.21589,-0.13938,1.85403,-5.6586,-0.0219,122,185,0.6595,-1.0532,1081,5.8432,3,4,18,43,297,6.907,2,0.0162,0.0216,-0.0054,0.4419,77.7815,4.2069,141.105,,0.0566,-0.0358,0.0441,0.021,-0.0272,-0.13,-0.0163,7.6054,-1.2865,2,5,0,1,5,0.2,-0.0036,-0.9359
Ryan Finley,2019,3,-4.2378,0.0378629,-0.746133,-52.2819,-0.4627,41,87,0.4713,-15.9558,474,5.4483,2,2,11,9,77,8.5556,0,0.023,0.023,0.0,0.354,62.1408,3.3776,-2.6404,,-0.0005,-0.1561,-0.1568,-0.0365,0.0064,-0.2041,0.0199,8.2874,-1.023,0,3,0,0,2,0.0,-0.0101,-1.1453
Josh Johnson,2021,1,-4.32961,0.846858,0.846858,26.7138,0.2726,57,85,0.6706,0.6479,638,7.5059,5,2,3,7,29,4.1429,0,0.0588,0.0235,0.0353,0.5204,99.0441,7.1023,234.051,,-0.0346,0.0589,0.0338,-0.0113,0.0606,0.1194,-0.02,7.2941,-1.7294,1,2,0,0,0,,0.0027,0.2606
Skylar Thompson,2024,1,-4.33351,-0.372509,-0.372509,-17.975,-0.4384,21,33,0.6364,2.2261,187,5.6667,0,0,6,1,4,4.0,0,0.0,0.0,0.0,0.2927,78.7247,3.6667,-35.983,,-0.0955,-0.1858,-0.1139,0.0764,-0.1369,-0.0401,-0.0196,6.9697,-2.3939,0,2,0,0,0,,-0.0049,-0.2013
Clayton Tune,2025,1,-4.3348,-0.273175,-0.273175,-17.4001,-0.696,7,15,0.4667,-21.8887,42,2.8,0,1,5,4,24,6.0,0,0.0,0.0667,-0.0667,0.24,25.6944,-2.35,-11.3338,,0.0565,-0.286,0.0041,-0.1062,-0.2184,-0.2048,-0.0096,3.8667,-7.6667,0,2,0,0,0,,-0.0093,-0.2315
Malik Willis,2022,3,-4.35571,-0.265724,-1.48786,-46.3742,-0.4592,31,61,0.5082,-10.5533,276,4.5246,0,3,10,25,125,5.0,1,0.0,0.0492,-0.0492,0.3366,42.7937,1.2958,-65.3085,,-0.09,-0.0189,0.0461,-0.043,-0.174,-0.1892,-0.0343,8.1639,-1.3279,2,5,0,0,1,0.0,-0.0157,-1.5843
Ryan Finley,2020,1,-4.35726,0.652597,0.652597,-20.756,-0.407,17,32,0.5312,-6.0345,164,5.125,1,2,9,10,68,6.8,1,0.0312,0.0625,-0.0312,0.3333,52.0833,0.7561,210.695,,0.0387,-0.1572,-0.0992,-0.054,-0.0372,-0.1768,-0.0298,10.4688,0.9062,1,3,0,0,0,,-0.0061,-0.3118
Jeff Driskel,2020,1,-4.41874,-0.36426,-0.36426,-7.4161,-0.0852,35,64,0.5469,-5.9165,432,6.75,3,2,11,6,28,4.6667,0,0.0469,0.0312,0.0156,0.3908,78.3854,4.0533,-19.6346,,0.0128,-0.1005,-0.02,-0.0245,0.0374,-0.1115,0.0123,9.9688,-0.7969,1,2,0,0,1,0.0,-0.0035,-0.3079
Chase Daniel,2013,1,-4.45603,0.922383,0.922383,9.0445,0.1809,25,38,0.6579,-1.212,248,6.5263,1,1,2,7,59,8.4286,0,0.0263,0.0263,0.0,0.48,81.9079,5.3,230.596,70.0,0.0539,0.0377,0.049,0.0386,-0.2916,0.1955,0.038,5.0789,-3.9737,2,1,0,0,0,,0.0054,0.2692
Will Levis,2024,11,-4.49709,-0.652345,-1.64753,-53.2836,-0.1335,190,301,0.6312,-0.4323,2091,6.9468,13,12,41,38,185,4.8684,0,0.0432,0.0399,0.0033,0.386,81.4161,4.614,41.2303,25.2,-0.0281,-0.0598,0.0006,-0.0566,-0.003,-0.0677,0.0041,8.7076,-1.01,2,10,0,1,5,0.2,-0.0065,-2.5771
T.J. Yates,2015,2,-4.51589,-0.390499,-0.00648651,-1.2776,-0.0185,28,57,0.4912,-10.8486,370,6.4912,3,1,5,1,7,7.0,0,0.0526,0.0175,0.0351,0.4058,80.2997,5.6774,40.713,,-0.013,-0.0587,-0.0863,0.0256,0.157,-0.1364,0.0264,11.2807,2.6491,3,1,0,1,1,1.0,-0.0004,-0.0266
Brandon Allen,2021,1,-4.51887,-0.157434,-0.157434,-3.7249,-0.0887,17,33,0.5152,-17.4315,149,4.5152,2,0,4,2,2,1.0,0,0.0606,0.0,0.0606,0.3095,84.0278,4.2162,3.3535,,-0.0283,-0.0796,-0.0642,0.0861,-0.1681,-0.0354,0.135,5.2727,-5.5152,2,2,0,0,1,0.0,-0.0034,-0.1431
Brady Cook,2025,4,-4.54513,0.0768369,-0.886604,-68.0228,-0.3638,88,153,0.5752,-10.0291,739,4.8301,2,7,19,11,49,4.4545,0,0.0131,0.0458,-0.0327,0.3262,55.433,1.9709,-0.4252,,-0.0365,-0.0679,-0.055,-0.0566,-0.1525,-0.0544,-0.0092,5.6667,-3.5882,0,5,0,0,0,,-0.0029,-0.549
John Skelton,2012,6,-4.55313,-0.885626,-1.37202,-65.9721,-0.2932,109,200,0.545,-9.578,1132,5.66,2,9,15,3,5,1.6667,0,0.01,0.045,-0.035,0.3822,55.6667,3.1116,-10.8175,,-0.0223,-0.0466,-0.0789,-0.076,-0.1177,-0.0083,-0.0095,7.655,-1.335,1,6,0,1,2,0.5,-0.0065,-1.4519
Mark Sanchez,2012,15,-4.56454,-0.115081,-3.11405,-71.6237,-0.1349,246,451,0.5455,-6.1546,2883,6.3925,13,18,34,13,33,2.5385,0,0.0288,0.0399,-0.0111,0.4407,67.1517,4.3794,19.3952,28.2,-0.0341,-0.0379,-0.0324,-0.0412,0.0408,-0.1085,0.0125,9.0111,0.6519,6,9,0,1,5,0.2,-0.0041,-2.1807
Bryce Petty,2017,3,-4.58579,-0.0398599,-0.145562,-24.7481,-0.1861,55,112,0.4911,-14.3534,544,4.8571,1,3,8,6,56,9.3333,0,0.0089,0.0268,-0.0179,0.3759,55.0595,3.1167,21.0299,,0.0154,0.0315,-0.1275,0.0388,-0.1203,-0.0732,0.013,8.0268,-0.5982,0,4,0,0,2,0.0,-0.0027,-0.3538
Tom Savage,2016,2,-4.61289,-0.313374,-0.354517,-1.0218,-0.011,46,73,0.6301,-0.4657,461,6.3151,0,0,5,3,16,5.3333,0,0.0,0.0,0.0,0.4624,80.9075,5.4487,7.3143,57.2,0.0092,-0.0308,-0.0606,0.0831,-0.0007,-0.15,0.0628,8.1233,-0.1644,2,1,0,2,2,1.0,0.004,0.3692
Matt McGloin,2016,1,-4.63508,-0.0137018,-0.0137018,-5.5224,-0.3248,8,15,0.5333,-7.7998,50,3.3333,0,0,0,0,0,,0,0.0,0.0,0.0,0.3529,60.4167,3.3333,39.6426,,-0.0163,0.0926,-0.2196,0.0831,-0.0097,-0.3487,0.0178,8.0,-2.8,2,1,0,0,0,,-0.0018,-0.0309
David Blough,2022,2,-4.65852,-0.0462469,0.275066,-7.749,-0.1076,38,58,0.6552,0.6324,402,6.931,2,2,5,4,5,1.25,0,0.0345,0.0345,0.0,0.3611,82.6868,5.2063,61.117,,-0.1012,-0.0595,0.0464,-0.0237,-0.1183,0.0935,0.0108,8.2931,-1.4138,0,2,0,0,1,0.0,-0.0017,-0.1241
Blaine Gabbert,2013,3,-4.66462,-0.212412,-2.09704,-65.6086,-0.5911,42,86,0.4884,-14.525,481,5.593,1,7,12,9,32,3.5556,0,0.0116,0.0814,-0.0698,0.3153,36.0465,1.2143,-129.973,,-0.0379,-0.0427,-0.0343,-0.2641,-0.1892,-0.0831,0.0005,6.7558,-2.4884,0,3,0,0,0,,-0.0101,-1.116
Garrett Gilbert,2021,1,-4.67026,0.0897626,0.0897626,-0.4115,-0.0121,20,31,0.6452,0.7596,194,6.2581,0,0,2,0,0,,0,0.0,0.0,0.0,0.3824,81.922,5.2727,55.1881,,-0.0258,-0.0036,-0.0428,0.0861,-0.0842,-0.0544,0.0469,6.3548,-2.0645,0,1,0,0,0,,0.0027,0.0903
Tyler Palko,2011,4,-4.70592,-0.0412436,-0.0906265,-26.4351,-0.1762,80,132,0.6061,-2.5643,796,6.0303,2,7,11,4,15,3.75,0,0.0152,0.053,-0.0379,0.3867,60.6692,3.0629,-10.2908,,-0.017,-0.0106,-0.0108,-0.0963,-0.0394,-0.0317,-0.0173,7.3106,-1.4318,1,5,0,0,1,0.0,-0.003,-0.4564
Kevin Hogan,2017,1,-4.72553,-0.504453,-0.504453,-6.2007,-0.0626,46,75,0.6133,0.4424,517,6.8933,4,5,6,10,71,7.1,0,0.0533,0.0667,-0.0133,0.4646,71.9167,4.1605,-86.2123,40.5,0.0116,0.0204,0.0565,-0.1363,-0.0233,-0.0548,0.0269,9.1733,0.2267,0,4,0,0,1,0.0,-0.0013,-0.1265
Dorian Thompson-Robinson,2024,2,-4.72698,-0.140306,-0.622254,-59.8421,-0.3861,61,118,0.5169,-11.6683,440,3.7288,0,6,8,20,124,6.2,0,0.0,0.0508,-0.0508,0.329,39.5127,0.9762,-28.6411,,0.0032,0.0139,-0.0973,-0.0805,-0.1597,-0.1573,0.0148,6.0169,-3.3983,0,6,0,0,0,,-0.006,-0.9273
Trace McSorley,2022,1,-4.73619,0.0395905,0.0395905,-39.0074,-0.3824,45,82,0.5488,-10.6189,412,5.0244,0,5,3,13,62,4.7692,0,0.0,0.061,-0.061,0.2941,43.3435,1.8824,36.5603,,-0.0422,0.0214,-0.0047,-0.0847,-0.105,-0.1779,-0.0336,7.8537,-1.6341,0,5,0,0,1,0.0,-0.0076,-0.7779
Scott Tolzien,2013,2,-4.74785,0.0524084,0.630564,-5.0409,-0.0504,55,88,0.625,0.1768,717,8.1477,1,5,3,5,55,11.0,1,0.0114,0.0568,-0.0455,0.48,68.2292,5.3407,86.0474,,0.01,0.0507,-0.0208,-0.1819,-0.0063,0.0084,0.0313,7.4205,-1.0341,0,2,1,0,1,0.0,-0.0029,-0.2897
Zach Mettenberger,2015,4,-4.7507,-0.243421,-0.531689,-60.8546,-0.3272,101,165,0.6121,-2.4435,935,5.6667,4,7,13,3,14,4.6667,1,0.0242,0.0424,-0.0182,0.414,67.1086,3.382,5.5674,,-0.0061,-0.0568,-0.0299,-0.0896,-0.1017,-0.0862,-0.0236,7.7455,-1.2303,0,6,0,0,1,0.0,-0.0081,-1.5057
Will Grier,2019,2,-4.76185,-0.559078,-1.34272,-29.5602,-0.4548,28,52,0.5385,-9.7802,228,4.3846,0,4,6,6,22,3.6667,0,0.0,0.0769,-0.0769,0.3231,33.1731,0.069,-109.623,,-0.0773,-0.0996,-0.0114,-0.1269,-0.2939,0.0757,0.0136,9.4423,0.2692,0,2,0,0,0,,-0.0055,-0.3552
Chase Daniel,2014,1,-4.76388,-0.153855,-0.153855,-7.7838,-0.2162,16,28,0.5714,-7.2186,157,5.6071,0,0,4,2,16,8.0,0,0.0,0.0,0.0,0.3056,73.0655,4.375,-15.4042,,0.0249,-0.0632,-0.0617,0.0949,-0.1336,-0.0964,-0.0381,7.1429,-1.75,2,0,0,0,0,,-0.0025,-0.0909
Keith Null,2009,4,-4.79048,-0.523147,-1.30559,-51.1889,-0.3736,72,118,0.6102,-3.76,558,4.7288,3,9,13,3,6,2.0,0,0.0254,0.0763,-0.0508,0.365,49.3291,1.0,-68.6059,,-0.03,-0.0462,0.0112,-0.1764,-0.0439,-0.1132,-0.0087,6.8136,-2.3729,0,4,0,0,1,0.0,-0.0069,-0.9489
Chase Daniel,2019,1,-4.80581,0.0770596,0.0770596,5.8961,0.0719,45,64,0.7031,2.1416,435,6.7969,3,2,7,6,6,1.0,0,0.0469,0.0312,0.0156,0.4878,91.6016,5.0282,50.6843,59.6,-0.0331,0.0218,0.0336,0.0123,0.0212,-0.0542,0.0049,6.7188,-2.0781,1,2,0,0,1,0.0,0.0028,0.231
PJ Walker,2022,5,-4.80766,-0.0919501,0.351153,-19.0098,-0.1546,63,106,0.5943,-7.6131,731,6.8962,3,3,7,5,40,8.0,0,0.0283,0.0283,0.0,0.3659,77.9874,5.3982,45.5051,,-0.02,0.0211,-0.0849,-0.0465,-0.1023,0.0561,-0.0223,7.8962,-1.1792,2,4,0,0,2,0.0,0.0017,0.2064
Thaddeus Lewis,2012,1,-4.85086,0.436149,0.436149,-7.7325,-0.209,22,32,0.6875,6.8347,204,6.375,1,1,3,1,3,3.0,0,0.0312,0.0312,0.0,0.5135,83.3333,4.7143,109.037,63.5,-0.0235,-0.0234,0.0463,-0.0035,-0.2007,-0.1164,0.0462,8.625,0.0,0,1,0,0,1,0.0,-0.0043,-0.1596
Brady Quinn,2012,8,-4.8683,-0.423634,-2.5226,-73.5158,-0.3038,112,197,0.5685,-4.2067,1141,5.7919,2,8,21,15,69,4.6,0,0.0102,0.0406,-0.0305,0.3595,60.0571,3.2018,-28.979,,-0.026,-0.0316,-0.062,-0.0547,-0.1085,-0.0854,-0.0015,8.2234,-0.7005,1,9,0,0,3,0.0,-0.0045,-1.0822
Cody Kessler,2018,4,-4.90689,-0.470059,-0.891577,-30.2711,-0.1691,85,131,0.6489,2.6719,709,5.4122,2,2,22,18,124,6.8889,0,0.0153,0.0153,0.0,0.4413,77.4332,3.3333,11.4742,,0.0363,-0.1678,0.0146,0.0464,-0.1098,-0.0357,-0.0306,6.7176,-2.687,2,3,0,0,0,,-0.0042,-0.7522
Brian Hoyer,2012,1,-4.94383,0.34318,0.34318,-16.2988,-0.2716,30,53,0.566,-5.6499,330,6.2264,1,2,4,1,6,6.0,0,0.0189,0.0377,-0.0189,0.3667,65.7626,4.0351,85.7951,,0.01,-0.0367,-0.0923,-0.0722,0.144,-0.2202,-0.0703,9.0377,0.9623,0,2,0,0,0,,-0.0028,-0.1674
JaMarcus Russell,2009,9,-4.94717,-0.350839,-3.67439,-115.491,-0.3762,121,246,0.4919,-12.0079,1290,5.2439,3,11,32,13,53,4.0769,0,0.0122,0.0447,-0.0325,0.329,50.3557,2.3309,-69.9824,,0.0116,-0.0995,-0.0632,-0.0452,-0.088,-0.1171,-0.0082,9.3496,-0.1057,3,9,0,2,6,0.3333,-0.007,-2.141
Bryce Petty,2016,4,-4.96721,-0.690969,-1.28922,-36.9437,-0.2353,75,133,0.5639,-6.5406,809,6.0827,3,7,13,4,19,4.75,0,0.0226,0.0526,-0.0301,0.3631,60.0094,3.2534,-19.8604,,-0.0114,-0.0518,-0.0408,-0.1023,-0.052,-0.0197,-0.0333,8.7895,-0.3985,1,5,0,1,3,0.3333,-0.0069,-1.0824
Ian Book,2021,1,-4.99013,-1.04221,-1.04221,-28.4889,-0.8903,12,20,0.6,-7.2783,135,6.75,0,2,8,3,6,2.0,0,0.0,0.1,-0.1,0.25,40.625,-0.3214,-207.503,,0.0061,-0.4217,-0.0499,-0.2018,-0.1685,-0.105,-0.015,3.8,-4.35,0,1,0,0,0,,-0.0148,-0.4723
Max Brosmer,2025,2,-5.01519,-0.652021,-1.56174,-51.4732,-0.5535,47,71,0.662,-3.5284,328,4.6197,0,4,14,2,16,8.0,0,0.0,0.0563,-0.0563,0.3118,53.0223,0.5647,-159.04,,-0.0113,-0.2053,0.0354,-0.1238,-0.3253,-0.026,0.0342,4.3944,-4.662,4,2,0,0,0,,-0.0107,-0.9958
John Wolford,2022,2,-5.03558,-0.414249,-0.384862,-17.0102,-0.2209,38,62,0.6129,-5.7184,390,6.2903,1,3,7,6,33,5.5,0,0.0161,0.0484,-0.0323,0.4416,64.5833,3.2754,-17.9513,,-0.0002,-0.0793,0.0227,-0.0943,-0.0431,-0.057,-0.014,8.129,-0.9194,0,2,0,0,2,0.0,-0.004,-0.3069
Kellen Moore,2015,2,-5.09675,0.923508,0.881595,-3.1681,-0.028,61,104,0.5865,-3.1812,779,7.4904,4,6,5,0,0,,0,0.0385,0.0577,-0.0192,0.469,70.9535,5.1927,109.676,,-0.0191,0.0381,-0.0403,-0.1436,0.0566,0.056,-0.0425,8.5865,-0.5769,0,3,0,0,2,0.0,-0.0052,-0.5858
Jeff Tuel,2013,1,-5.10439,0.274019,0.274019,-30.6278,-0.4504,26,59,0.4407,-16.1517,309,5.2373,1,3,2,3,17,5.6667,0,0.0169,0.0508,-0.0339,0.3529,45.0918,3.0,68.5048,,-0.0207,0.0663,-0.1173,-0.2584,-0.0272,-0.1865,0.0337,10.2203,1.6102,0,2,0,0,2,0.0,-0.0143,-0.9742
Ryan Lindley,2012,4,-5.13145,-0.0342096,-1.02333,-85.531,-0.4386,89,171,0.5205,-12.2209,752,4.3977,0,7,12,3,7,2.3333,0,0.0,0.0409,-0.0409,0.3333,46.7227,1.8907,-48.5101,,-0.0223,-0.0389,-0.05,-0.1041,-0.1555,-0.1281,-0.0057,8.2222,-1.6901,1,5,0,0,2,0.0,-0.0118,-2.3065
Nathan Peterman,2017,2,-5.14452,0.177141,-0.760206,-26.9244,-0.4986,23,47,0.4894,-10.9737,231,4.9149,2,5,1,5,23,4.6,0,0.0426,0.1064,-0.0638,0.4074,37.9433,0.8542,-70.9225,2.8,-0.0061,0.0924,-0.1628,-0.3414,-0.0297,-0.0918,0.0045,8.8723,-0.3191,1,3,0,0,0,,-0.0068,-0.3671
Sam Ehlinger,2022,3,-5.16219,0.475209,0.0997125,-31.297,-0.2301,64,101,0.6337,-3.4685,573,5.6733,3,3,14,15,88,5.8667,0,0.0297,0.0297,0.0,0.375,76.052,3.5739,22.8406,,0.0165,-0.0797,0.007,-0.0601,-0.0239,-0.1361,0.002,7.1485,-1.1881,0,4,0,0,2,0.0,-0.0077,-1.0413
Brandon Allen,2020,5,-5.20322,-0.80659,0.867276,-11.3031,-0.0657,90,142,0.6338,-3.6499,925,6.5141,5,4,7,11,29,2.6364,0,0.0352,0.0282,0.007,0.4826,82.0423,5.3289,73.3648,,-0.0131,0.016,-0.0625,-0.0278,-0.1164,0.0544,-0.0248,6.6197,-2.0915,1,4,0,1,2,0.5,-0.0004,-0.0654
Austin Davis,2015,2,-5.21359,-0.720546,-0.598768,-36.3409,-0.2979,56,94,0.5957,-1.0644,547,5.8191,1,3,11,7,33,4.7143,0,0.0106,0.0319,-0.0213,0.4098,66.2234,3.2,-39.2355,,-0.035,-0.0854,-0.0116,-0.0005,-0.1408,-0.0928,0.0012,8.2553,-0.9787,0,3,0,0,2,0.0,-0.0046,-0.5636
Jared Goff,2016,7,-5.22799,-0.611925,-3.39996,-89.566,-0.3526,112,204,0.549,-10.9447,1089,5.3382,5,7,26,5,19,3.8,1,0.0245,0.0343,-0.0098,0.3307,63.9502,2.8348,-35.9251,,-0.0153,-0.135,-0.022,-0.045,-0.1768,-0.0369,0.0025,6.9069,-2.652,0,7,0,0,2,0.0,-0.0077,-1.9645
David Blough,2019,5,-5.23095,-0.164422,-0.215788,-41.6667,-0.1984,94,174,0.5402,-13.5942,984,5.6552,4,6,14,6,32,5.3333,0,0.023,0.0345,-0.0115,0.3762,63.9607,3.6702,21.9922,,-0.0109,-0.0014,-0.0933,-0.0458,0.0142,-0.1261,0.0,8.5287,-0.1609,0,5,0,0,3,0.0,-0.0032,-0.6663
Josh Rosen,2019,3,-5.25256,-0.741482,-1.17106,-43.1243,-0.3148,58,109,0.5321,-12.6972,567,5.2018,1,5,16,3,13,4.3333,0,0.0092,0.0459,-0.0367,0.3577,52.0451,2.152,-51.7616,,-0.0283,-0.0675,-0.0583,-0.0472,-0.1621,-0.0486,0.032,8.2477,-0.9908,0,5,0,0,0,,-0.0011,-0.1529
Ryan Lindley,2014,2,-5.27367,0.42912,0.103183,-12.7363,-0.1225,45,93,0.4839,-12.0466,562,6.043,2,4,6,0,0,,0,0.0215,0.043,-0.0215,0.3846,56.8324,3.798,12.7126,4.8,-0.0157,0.0291,-0.0929,-0.0569,0.0764,-0.1342,0.0146,12.4839,2.6667,1,2,0,0,1,0.0,-0.0019,-0.1941
Brandon Allen,2019,3,-5.29844,-0.562019,-0.0474951,-17.0827,-0.1597,39,84,0.4643,-14.3109,515,6.131,3,2,9,7,42,6.0,0,0.0357,0.0238,0.0119,0.3551,68.3036,4.5806,25.9725,,0.0263,-0.0281,-0.1309,0.0008,-0.0231,-0.0789,0.0101,7.6905,-1.3095,1,2,0,0,1,0.0,-0.003,-0.32
T.J. Yates,2017,3,-5.3106,-0.0497418,-0.955942,-24.7782,-0.2031,47,97,0.4845,-10.3715,523,5.3918,4,3,13,5,51,10.2,0,0.0412,0.0309,0.0103,0.377,65.7861,3.5727,-53.8137,,0.0237,-0.0678,-0.0962,0.0271,0.0666,-0.1795,-0.0133,10.2165,1.4639,0,4,0,0,2,0.0,-0.003,-0.3712
Max Hall,2010,3,-5.35141,-0.0816009,-0.789282,-55.2246,-0.5875,39,78,0.5,-12.7636,370,4.7436,1,6,14,1,-5,-5.0,0,0.0128,0.0769,-0.0641,0.3617,35.7372,0.2174,-72.7252,,-0.0272,-0.1378,-0.0459,-0.2573,-0.1199,-0.0359,-0.0095,8.3846,-0.2692,1,5,0,0,0,,-0.0071,-0.6679
Skylar Thompson,2022,2,-5.35946,0.347357,0.428417,-29.3933,-0.2296,60,105,0.5714,-5.2477,534,5.0857,1,3,6,6,21,3.5,0,0.0095,0.0286,-0.019,0.3438,62.1627,3.4144,55.9256,23.3,-0.0363,-0.0113,-0.0465,0.0009,-0.0488,-0.1446,0.0127,7.4571,-2.3905,3,4,0,0,2,0.0,-0.0054,-0.6867
PJ Walker,2021,1,-5.38645,0.42624,0.42624,-13.8297,-0.1751,36,65,0.5538,-9.2049,362,5.5692,1,3,7,4,14,3.5,0,0.0154,0.0462,-0.0308,0.3797,57.3397,2.7778,112.991,,0.0035,-0.0315,-0.0542,-0.032,0.0141,-0.1122,-0.0285,9.1385,-1.4154,2,3,0,0,0,,-0.0007,-0.0514
Cooper Rush,2021,1,-5.38902,0.680903,0.680903,6.2589,0.1079,30,47,0.6383,-3.466,422,8.9787,3,1,3,2,4,2.0,0,0.0638,0.0213,0.0426,0.4483,105.098,8.36,170.226,,-0.0364,-0.0542,0.033,-0.0001,0.1106,0.0312,-0.0417,9.0213,-0.4255,4,0,0,1,1,1.0,0.0059,0.344
Devlin Hodges,2019,6,-5.38911,-0.207633,-0.373943,-19.8858,-0.0989,100,160,0.625,2.1311,1063,6.6438,5,8,15,13,78,6.0,0,0.0312,0.05,-0.0188,0.4179,71.4323,4.0057,21.8565,,-0.0392,-0.0179,0.0291,-0.0728,-0.199,0.1002,0.0354,7.3438,-1.7688,4,4,0,0,2,0.0,-0.0025,-0.5077
Greg McElroy,2012,1,-5.40456,-0.8793,-0.8793,-18.6109,-0.3511,19,31,0.6129,1.4113,214,6.9032,1,1,11,8,30,3.75,0,0.0323,0.0323,0.0,0.3774,79.2339,2.8095,-200.781,,-0.0737,-0.2622,0.1063,0.0089,-0.0797,-0.152,0.0353,7.1613,-1.8065,1,1,0,1,1,1.0,-0.0044,-0.233
John Wolford,2020,1,-5.47385,0.313365,0.313365,5.7069,0.1189,22,38,0.5789,-5.8449,231,6.0789,0,1,2,6,56,9.3333,0,0.0,0.0263,-0.0263,0.4167,64.693,4.45,106.453,68.5,0.1201,0.0584,-0.0064,-0.0446,-0.0176,-0.1109,0.0113,9.4211,0.3947,1,0,0,0,0,,0.0035,0.1677
Tim Boyle,2021,3,-5.48141,0.419465,0.588511,-2.119,-0.0214,61,94,0.6489,-3.4937,526,5.5957,3,6,0,1,14,14.0,0,0.0319,0.0638,-0.0319,0.4242,63.5195,3.3617,48.8207,,-0.0068,0.1012,0.0252,-0.1614,-0.0157,-0.0168,-0.0128,6.3085,-2.4574,0,3,0,0,2,0.0,-0.0044,-0.4339
Chase Daniel,2018,2,-5.48318,-0.0445349,0.488246,-12.811,-0.1349,53,76,0.6974,4.1834,515,6.7763,3,2,9,4,9,2.25,0,0.0395,0.0263,0.0132,0.4632,90.625,5.2353,86.9038,,-0.027,-0.0076,0.0543,-0.0399,0.0672,-0.2556,-0.0038,8.5263,-0.5526,1,1,0,1,2,0.5,-0.0024,-0.226
Kyle Allen,2018,1,-5.55389,1.18606,1.18606,23.9608,0.599,20,31,0.6452,1.2972,266,8.5806,2,0,0,5,19,3.8,1,0.0645,0.0,0.0645,0.55,113.105,9.871,296.516,95.2,0.015,0.1078,-0.0119,0.0871,0.0312,0.0832,0.209,7.8387,-1.6129,1,1,0,0,0,,0.0107,0.4275
Jeff Driskel,2018,5,-5.5732,-0.378057,0.386879,6.1366,0.0266,105,176,0.5966,-4.5228,1003,5.6989,6,2,16,21,134,6.381,2,0.0341,0.0114,0.0227,0.4156,82.1733,4.7448,48.7395,,0.0115,-0.0119,-0.0169,0.0582,-0.1034,-0.0175,0.0292,7.8295,-1.7784,1,7,0,0,2,0.0,-0.0041,-0.9552
Garrett Gilbert,2020,1,-5.6018,0.656977,0.656977,-7.7309,-0.1798,21,37,0.5676,-6.4258,243,6.5676,1,1,2,3,28,9.3333,0,0.027,0.027,0.0,0.4186,74.4932,5.0,180.567,56.8,0.0095,-0.0304,-0.0442,-0.0044,0.1463,-0.3288,-0.0366,9.4054,0.2703,0,1,0,0,1,0.0,-0.0105,-0.4506
Jake Fromm,2021,2,-5.60491,-0.378665,-1.04034,-29.3555,-0.3914,27,60,0.45,-18.5453,210,3.5,1,3,6,8,65,8.125,0,0.0167,0.05,-0.0333,0.3333,38.8889,0.9394,-100.68,,0.0356,-0.0841,-0.0663,-0.1287,-0.1427,-0.0648,-0.0059,7.2333,-1.1333,0,3,0,0,0,,-0.0088,-0.6599
Nathan Peterman,2022,1,-5.72043,0.237991,0.237991,-5.2718,-0.1953,14,24,0.5833,-5.5389,139,5.7917,1,1,1,2,7,3.5,0,0.0417,0.0417,0.0,0.3333,71.3542,4.32,56.5945,,-0.0403,0.0087,-0.1024,0.0683,-0.1065,-0.0492,-0.0181,11.0417,2.0417,0,3,0,0,1,0.0,-0.0062,-0.1677
Scott Tolzien,2016,1,-5.74782,-0.0342816,-0.0342816,-8.6897,-0.1931,23,37,0.6216,2.5345,216,5.8378,1,2,3,3,6,2.0,0,0.027,0.0541,-0.027,0.4,64.6959,3.125,7.1937,,-0.0853,-0.0403,-0.092,-0.1067,0.1072,-0.0927,0.0409,9.7297,1.0,1,1,0,0,0,,-0.0036,-0.1633
Brett Rypien,2022,2,-5.7799,-0.234474,-0.160596,-23.6044,-0.2337,53,88,0.6023,-3.6553,483,5.4886,2,4,8,3,9,3.0,0,0.0227,0.0455,-0.0227,0.4059,63.7784,3.0833,-13.5766,,-0.01,-0.0449,-0.0175,-0.1282,-0.0959,0.0025,0.0159,8.3409,-0.4432,1,3,0,0,2,0.0,-0.0073,-0.7379
Connor Shaw,2014,1,-5.83643,-0.304019,-0.304019,1.5351,0.0394,14,28,0.5,-13.6652,177,6.3214,0,1,4,4,11,2.75,0,0.0,0.0357,-0.0357,0.4103,55.2083,3.2812,-76.0046,,-0.029,-0.0326,-0.0039,0.0301,-0.0521,-0.0088,0.0787,8.9286,0.3571,0,1,0,0,1,0.0,0.0013,0.0498
Josh Johnson,2018,3,-5.8465,-0.899669,-0.591887,-9.0612,-0.0686,52,91,0.5714,-4.8734,590,6.4835,3,4,9,22,122,5.5455,1,0.033,0.044,-0.011,0.4394,69.391,4.03,-6.18,,-0.0048,-0.0232,0.0001,-0.0436,-0.0318,-0.024,-0.0187,9.3222,-0.0111,1,3,0,1,2,0.5,-0.0001,-0.015
Scott Tolzien,2017,1,-5.87694,-0.656109,-0.656109,-27.7581,-1.1566,9,18,0.5,-10.396,128,7.1111,0,2,4,1,3,3.0,0,0.0,0.1111,-0.1111,0.2917,33.7963,0.4091,-149.12,,-0.0382,-0.146,-0.2214,-0.5029,-0.0722,-0.1998,-0.0124,9.1667,0.7222,0,1,0,0,0,,-0.0105,-0.2528
Caleb Hanie,2011,4,-5.9622,-0.397099,-1.34691,-62.5629,-0.4634,51,99,0.5152,-7.2106,613,6.1919,3,9,19,13,98,7.5385,0,0.0303,0.0909,-0.0606,0.3704,43.0345,1.1441,-95.063,,0.0271,-0.1029,-0.0169,-0.2051,-0.0089,-0.1714,-0.0322,9.3434,0.0707,0,4,0,0,2,0.0,-0.0132,-1.7759
Bryce Perkins,2022,1,-6.08667,-0.244385,-0.244385,-16.2682,-0.2905,19,33,0.5758,-11.7787,161,4.8788,1,2,6,17,93,5.4706,0,0.0303,0.0606,-0.0303,0.3214,55.2399,1.0513,-61.0964,,0.0124,-0.0412,0.0437,-0.1122,0.0303,-0.2497,-0.0181,5.9394,-2.303,0,4,0,0,0,,-0.0054,-0.3008
Josh Rosen,2018,13,-6.09878,-0.35522,-3.71165,-138.131,-0.289,217,392,0.5536,-8.2452,2278,5.8112,11,14,45,14,145,10.3571,0,0.0281,0.0357,-0.0077,0.3808,66.9005,3.5423,-1.8087,24.1,-0.012,-0.0729,-0.0828,-0.0728,-0.0526,-0.0735,0.0,8.3214,-1.0,3,11,0,1,6,0.1667,-0.005,-2.4066
Jake Luton,2020,3,-6.10756,-0.770872,-0.302206,-31.2261,-0.256,60,110,0.5455,-10.4601,624,5.6727,2,6,7,1,13,13.0,1,0.0182,0.0545,-0.0364,0.3852,54.5076,2.9231,12.2086,,-0.0087,0.0075,-0.1327,-0.0936,-0.0984,-0.0224,-0.0163,7.9636,-0.8182,0,3,0,0,2,0.0,-0.0067,-0.8145
Anthony Brown,2022,1,-6.20525,-0.362963,-0.362963,-18.8755,-0.3495,22,47,0.4681,-19.2729,302,6.4255,0,2,5,0,0,,0,0.0,0.0426,-0.0426,0.2778,50.133,3.8077,-90.7408,,-0.0316,-0.1128,-0.0812,-0.0657,0.0339,-0.1548,0.0182,8.5319,-0.4468,1,1,0,0,0,,-0.0071,-0.3857
Taylor Heinicke,2018,1,-6.40346,0.336494,0.336494,-20.2633,-0.298,35,56,0.625,0.3712,320,5.7143,1,3,2,3,33,11.0,0,0.0179,0.0536,-0.0357,0.3824,61.6071,3.2414,84.1234,,0.0164,0.0498,-0.0138,-0.1015,-0.2436,-0.0402,-0.0427,9.0714,-0.4821,1,4,0,0,1,0.0,-0.0046,-0.3149
PJ Walker,2020,1,-6.65447,0.257228,0.257228,-22.9311,-0.3699,32,56,0.5714,-5.0944,368,6.5714,1,5,4,1,2,2.0,0,0.0179,0.0893,-0.0714,0.371,45.8333,2.2,64.3072,,-0.0272,0.0251,0.0068,-0.248,-0.0962,-0.101,-0.038,10.4107,1.1071,1,3,0,0,1,0.0,-0.0011,-0.0697
Ben DiNucci,2020,1,-6.65702,-0.0899158,-0.0899158,-24.3498,-0.4427,23,42,0.5476,-9.8951,219,5.2143,0,0,7,5,22,4.4,0,0.0,0.0,0.0,0.4,69.4444,2.9796,-13.8641,,0.0086,-0.3421,-0.0373,0.0824,-0.1971,-0.0557,-0.0102,8.3095,-1.4286,0,2,0,0,1,0.0,-0.0095,-0.5206
Brett Rypien,2020,1,-6.68872,0.222976,0.222976,6.7915,0.1386,27,40,0.675,8.223,295,7.375,2,4,1,0,0,,0,0.05,0.1,-0.05,0.5306,66.1458,3.7805,55.744,,-0.0276,0.0802,0.0863,-0.3199,0.1358,-0.0681,0.1433,8.65,0.225,1,1,0,1,1,1.0,0.0023,0.1131
Nathan Peterman,2018,2,-6.85609,0.124105,-0.788734,-48.1472,-0.45,44,81,0.5432,-13.8894,296,3.6543,1,7,7,10,50,5.0,1,0.0123,0.0864,-0.0741,0.3271,30.6842,-0.375,-93.1872,,-0.0052,0.045,-0.0096,-0.1582,-0.2759,-0.1286,0.0051,6.0864,-4.2222,0,4,0,0,1,0.0,0.0024,0.2524
Luke Falk,2019,2,-7.00548,-1.29966,-1.79081,-61.8056,-0.6506,47,73,0.6438,-4.0071,416,5.6986,0,3,16,0,0,,0,0.0,0.0411,-0.0411,0.2737,62.3573,2.0787,-206.867,,-0.0206,-0.2018,0.0432,-0.0859,-0.3262,-0.0876,-0.0367,5.5342,-4.0137,0,3,0,0,0,,-0.0057,-0.54
Kendall Hinton,2020,1,-7.45448,-0.542778,-0.542778,-13.3392,-1.1116,1,9,0.1111,-36.1725,13,1.4444,0,2,1,2,7,3.5,0,0.0,0.2222,-0.2222,0.0833,0.0,-7.8,-135.695,,-0.145,0.0003,-0.2982,-0.4398,-0.1983,-0.1095,-0.0298,14.8889,5.3333,0,1,0,0,0,,-0.0218,-0.2618
